file_path,start_time,end_time,label,augmented,aug_type
C:\Users\muldi\Documents\Playground\University\senior-project-1\dataset\us\clear\คอมโครตดี.wav,2.445045,2.550429,กู,,
C:\Users\muldi\Documents\Playground\University\senior-project-1\dataset\us\clear\อั้มด่าแหลก.wav,0.123006,0.258299,ควย,True,medium
C:\Users\muldi\Documents\Playground\University\senior-project-1\dataset\us\clear\ด้วยสัตย์สาบานแห่งพระแม่กิ้งก่า กูขอสาบานว่า.wav,0.0,3.7706,none,,
C:\Users\muldi\Documents\Playground\University\senior-project-1\dataset\us\clear\กายพูดกูรัวๆ.wav,5.679943,11.247006,none,,
C:\Users\muldi\Documents\Playground\University\senior-project-1\dataset\us\clear\นิสัยควยๆแบบนี้.wav,1.801096,2.028478,ควย,,
C:\Users\muldi\Documents\Playground\University\senior-project-1\dataset\us\clear\ฉันไปเรียนภาษาใต้มา.wav,4.515939,4.733057,หี,True,medium
C:\Users\muldi\Documents\Playground\University\senior-project-1\dataset\us\clear\หีหอมพ่อง.wav,4.262649,4.386466,หี,,
C:\Users\muldi\Documents\Playground\University\senior-project-1\dataset\us\clear\ก็เอาสิ มาดูกันว่ากูน่ะจะอยู่รอดเป็นคนสุดท้ายหรือเปล่า.wav,2.245867,2.467927,กู,,
C:\Users\muldi\Documents\Playground\University\senior-project-1\dataset\us\clear\กายพูดกูรัวๆ.wav,30.989787,32.604957,none,,
C:\Users\muldi\Documents\Playground\University\senior-project-1\dataset\us\clear\กูว่ามันไม่ใช่เรื่องง่าย แต่กูก็จะลองดู.wav,1.720837,1.804326,กู,,
C:\Users\muldi\Documents\Playground\University\senior-project-1\dataset\us\clear\Janพูดถึงอาท.wav,0.0,14.227402,none,True,light_none
C:\Users\muldi\Documents\Playground\University\senior-project-1\dataset\us\clear\ทายคำเย็ดแม่.wav,63.043642,64.120833,none,,
C:\Users\muldi\Documents\Playground\University\senior-project-1\dataset\us\clear\อั้มด่าแหลก.wav,0.764354,1.340255,none,True,light_none
C:\Users\muldi\Documents\Playground\University\senior-project-1\dataset\us\clear\อย่าทำเหมือนกูไม่มีตัวตนนะ เย็ดแม่.wav,1.460124,1.542007,เย็ด,True,medium
C:\Users\muldi\Documents\Playground\University\senior-project-1\dataset\us\clear\อารมณ์แบบว่างี้ป้ะ.wav,15.813147,16.028569,เหี้ย,,
C:\Users\muldi\Documents\Playground\University\senior-project-1\dataset\us\clear\เป็นสวะแล้วยังทำนิสัยหีๆอีก.wav,6.813849,7.155175,ควย,True,medium
C:\Users\muldi\Documents\Playground\University\senior-project-1\dataset\us\clear\อารมณ์แบบว่างี้ป้ะ.wav,13.617272,14.950446,none,,
C:\Users\muldi\Documents\Playground\University\senior-project-1\dataset\us\clear\ไอ้เหี้ยทำไมนิสัยมึงสวะได้ขนาดนี้.wav,1.570156,1.723893,มึง,,
C:\Users\muldi\Documents\Playground\University\senior-project-1\dataset\us\noise\รถติดบนทางด่วน.wav,5.813721,5.991365,แตด,,
C:\Users\muldi\Documents\Playground\University\senior-project-1\dataset\us\clear\บิวพูดเหี้ย.wav,11.335021,12.359295,none,True,light_none
C:\Users\muldi\Documents\Playground\University\senior-project-1\dataset\us\clear\เย็ดแม่ รู้ไหมว่าสิ่งนี้มันทำให้กูเสียใจแค่ไหนอ่ะ.wav,0.209473,0.312409,เย็ด,,
C:\Users\muldi\Documents\Playground\University\senior-project-1\dataset\single\หี\หี (แทน).wav,0.0,1.7066666666666668,หี,,
C:\Users\muldi\Documents\Playground\University\senior-project-1\dataset\us\clear\เลสเบี้ยน.wav,9.964553,10.042488,เย็ด,True,medium
C:\Users\muldi\Documents\Playground\University\senior-project-1\dataset\us\noise\รถติดบนทางด่วน.wav,0.604732,0.781553,ควย,,
C:\Users\muldi\Documents\Playground\University\senior-project-1\dataset\us\clear\แม่งใช้เส้นสายหัวควยของมัน เพื่อให้ได้สิ่งที่ต้องการ.wav,2.166786,4.38,none,,
C:\Users\muldi\Documents\Playground\University\senior-project-1\dataset\single\สวะ\สวะ (แทน).wav,0.0,1.7066666666666668,สวะ,,
C:\Users\muldi\Documents\Playground\University\senior-project-1\dataset\us\clear\โต้งไล่หมา.wav,30.744895,30.90404,มึง,True,light
C:\Users\muldi\Documents\Playground\University\senior-project-1\dataset\us\clear\เช้านี้สดใส.wav,9.983622,10.129857,มึง,True,light
C:\Users\muldi\Documents\Playground\University\senior-project-1\dataset\us\clear\บิวพูดเหี้ย.wav,4.187769,4.389015,เหี้ย,,
C:\Users\muldi\Documents\Playground\University\senior-project-1\dataset\us\clear\บัวด่านัท.wav,17.18165,17.28708,กู,,
C:\Users\muldi\Documents\Playground\University\senior-project-1\dataset\us\clear\หีหอมพ่อง.wav,0.0,0.255756,none,,
C:\Users\muldi\Documents\Playground\University\senior-project-1\dataset\us\clear\โต้งไล่หมา.wav,1.255802,1.369019,กู,,
C:\Users\muldi\Documents\Playground\University\senior-project-1\dataset\us\clear\บารมีมารดา.wav,10.254282,10.533604,แตด,,
C:\Users\muldi\Documents\Playground\University\senior-project-1\dataset\single\เหี้ย\เหี้ย (โบท).wav,0.0,2.17,เหี้ย,True,light
C:\Users\muldi\Documents\Playground\University\senior-project-1\dataset\us\clear\ไอ้คนวิปริต ไอ้คนเย็ดแม่.wav,2.209886,2.321831,เย็ด,True,medium
C:\Users\muldi\Documents\Playground\University\senior-project-1\dataset\single\แตด\แตด (แทน).wav,0.0,2.112,แตด,True,heavy
C:\Users\muldi\Documents\Playground\University\senior-project-1\dataset\us\clear\ป้าๆก๋วยเตี๋ยวถุงนึง.wav,16.949802,19.562667,none,True,light_none
C:\Users\muldi\Documents\Playground\University\senior-project-1\dataset\us\clear\บารมีมารดา.wav,0.0,1.074638,none,True,light_none
C:\Users\muldi\Documents\Playground\University\senior-project-1\dataset\us\clear\กายพูดกูรัวๆ.wav,23.569601,23.642706,เย็ด,True,medium
C:\Users\muldi\Documents\Playground\University\senior-project-1\dataset\us\clear\อารมณ์แบบว่างี้ป้ะ.wav,14.950446,15.102867,แตด,True,heavy
C:\Users\muldi\Documents\Playground\University\senior-project-1\dataset\us\clear\โอ๊ยเย็ดเป็ดหีแม่มึงร่วง.wav,1.830495,2.057193,none,True,light_none
C:\Users\muldi\Documents\Playground\University\senior-project-1\dataset\us\clear\โต้งไล่หมา.wav,38.752515,41.54307,none,,
C:\Users\muldi\Documents\Playground\University\senior-project-1\dataset\us\clear\ก็เอาสิ มาดูกันว่ากูน่ะจะอยู่รอดเป็นคนสุดท้ายหรือเปล่า.wav,0.0,2.245867,none,,
C:\Users\muldi\Documents\Playground\University\senior-project-1\dataset\us\clear\กาลครั้งมีไอ้สวะตัวหนึ่ง.wav,14.852609,15.106637,ควย,,
C:\Users\muldi\Documents\Playground\University\senior-project-1\dataset\us\clear\กูว่าฝนจะตกแล้ว รีบกลับเถอะ.wav,0.226401,0.401115,กู,,
C:\Users\muldi\Documents\Playground\University\senior-project-1\dataset\us\noise\เจ็บคอมาสองวันเพราะฝุ่น.wav,8.701151,8.997805,ควย,True,medium
C:\Users\muldi\Documents\Playground\University\senior-project-1\dataset\us\noise\ค่ายเหี้ย2.wav,3.759546,3.89725,แตด,True,heavy
C:\Users\muldi\Documents\Playground\University\senior-project-1\dataset\single\เย็ด\เย็ด (โบท).wav,0.0,1.94,เย็ด,True,medium
C:\Users\muldi\Documents\Playground\University\senior-project-1\dataset\us\clear\กู(หลายคำ).wav,10.478486,11.275893,none,True,light_none
C:\Users\muldi\Documents\Playground\University\senior-project-1\dataset\single\หี\หี (แทน).wav,0.0,1.7066666666666668,หี,True,medium
C:\Users\muldi\Documents\Playground\University\senior-project-1\dataset\us\clear\ทุกครั้งมันก็เป็นแบบนี้เสมออ่ะ เย็ดแม่.wav,1.659816,2.634765,none,True,light_none
C:\Users\muldi\Documents\Playground\University\senior-project-1\dataset\us\clear\จะว่าไปแล้วมึงติดเงินกูอยู่50อะดิฟ.wav,2.278462,2.478462,กู,,
C:\Users\muldi\Documents\Playground\University\senior-project-1\dataset\us\noise\รถติดบนทางด่วน.wav,0.781553,3.106011,none,,
C:\Users\muldi\Documents\Playground\University\senior-project-1\dataset\us\noise\ค่ายเหี้ย.wav,2.130414,4.306995,none,,
C:\Users\muldi\Documents\Playground\University\senior-project-1\dataset\us\clear\อาทโดนFBI.wav,62.340587,76.481434,none,True,light_none
C:\Users\muldi\Documents\Playground\University\senior-project-1\dataset\us\clear\คอมโครตดี.wav,22.850665,23.046409,แตด,True,heavy
C:\Users\muldi\Documents\Playground\University\senior-project-1\dataset\us\clear\คอมโครตดี.wav,15.010479,17.42653,none,,
C:\Users\muldi\Documents\Playground\University\senior-project-1\dataset\us\clear\กายพูดกูรัวๆ.wav,19.027974,19.110184,กู,,
C:\Users\muldi\Documents\Playground\University\senior-project-1\dataset\us\clear\Janพูดถึงอาท.wav,91.770179,91.844683,เย็ด,True,medium
C:\Users\muldi\Documents\Playground\University\senior-project-1\dataset\single\เย็ด\เย็ด (เบลล์).wav,0.0,1.87,เย็ด,True,medium
C:\Users\muldi\Documents\Playground\University\senior-project-1\dataset\us\noise\ค่ายเหี้ย.wav,4.452213,4.562026,none,,
C:\Users\muldi\Documents\Playground\University\senior-project-1\dataset\us\clear\บัวด่านัท.wav,9.783054,9.848393,มึง,,
C:\Users\muldi\Documents\Playground\University\senior-project-1\dataset\us\clear\อย่าทำเหมือนกูไม่มีตัวตนนะ เย็ดแม่.wav,0.0,0.545171,none,,
C:\Users\muldi\Documents\Playground\University\senior-project-1\dataset\us\clear\นี่มันจะเกินไปแล้วนะไอเย็ดแม่.wav,1.52459,1.627274,เย็ด,,
C:\Users\muldi\Documents\Playground\University\senior-project-1\dataset\us\clear\บิวพูดเหี้ย.wav,12.359295,12.915845,เหี้ย,,
C:\Users\muldi\Documents\Playground\University\senior-project-1\dataset\us\clear\ทายคำเย็ดแม่.wav,54.498565,54.570637,เย็ด,True,medium
C:\Users\muldi\Documents\Playground\University\senior-project-1\dataset\us\clear\บิวพูดเหี้ย.wav,2.497561,2.922379,เหี้ย,True,light
C:\Users\muldi\Documents\Playground\University\senior-project-1\dataset\us\clear\โต้งไล่หมา.wav,32.816985,32.891751,กู,True,light
C:\Users\muldi\Documents\Playground\University\senior-project-1\dataset\us\clear\โต้งไล่หมา.wav,41.720454,46.102083,none,,
C:\Users\muldi\Documents\Playground\University\senior-project-1\dataset\us\clear\บารมีมารดา.wav,14.844376,15.221604,สวะ,True,medium
C:\Users\muldi\Documents\Playground\University\senior-project-1\dataset\us\clear\ก็มาดิสะไอ้สัสเป็นเหี้ยไรวะ.wav,6.680347,7.049388,เหี้ย,True,light
C:\Users\muldi\Documents\Playground\University\senior-project-1\dataset\us\clear\พิ้งค์ด่าหนัง.wav,16.557209,16.728178,none,,
C:\Users\muldi\Documents\Playground\University\senior-project-1\dataset\us\clear\อั้มด่าแหลก.wav,1.340255,1.498397,เย็ด,True,medium
C:\Users\muldi\Documents\Playground\University\senior-project-1\dataset\us\clear\พิ้งค์ด่าหนัง.wav,9.015207,9.258381,หี,True,medium
C:\Users\muldi\Documents\Playground\University\senior-project-1\dataset\us\clear\อั้มด่าแหลก.wav,4.976207,5.214738,เหี้ย,,
C:\Users\muldi\Documents\Playground\University\senior-project-1\dataset\us\clear\ฉันไปเรียนภาษาใต้มา.wav,7.377011,8.088608,แตด,True,heavy
C:\Users\muldi\Documents\Playground\University\senior-project-1\dataset\us\clear\ก็มาดิสะไอ้สัสเป็นเหี้ยไรวะ.wav,3.370285,3.872425,none,,
C:\Users\muldi\Documents\Playground\University\senior-project-1\dataset\us\clear\พิ้งค์ด่าหนัง.wav,19.111678,21.343275,none,,
C:\Users\muldi\Documents\Playground\University\senior-project-1\dataset\us\clear\อารมณ์แบบว่างี้ป้ะ.wav,9.2997,9.721397,เหี้ย,,
C:\Users\muldi\Documents\Playground\University\senior-project-1\dataset\us\clear\เย็ดแม่ มึงไม่แคร์อะไรเลยใช่ไหมอ่ะ.wav,0.509074,0.770502,none,,
C:\Users\muldi\Documents\Playground\University\senior-project-1\dataset\us\clear\คนดีห้ามเพื่อน.wav,6.960765,7.332966,กู,,
C:\Users\muldi\Documents\Playground\University\senior-project-1\dataset\us\clear\Janพูดถึงอาท.wav,36.302074,42.449109,none,,
C:\Users\muldi\Documents\Playground\University\senior-project-1\dataset\us\clear\กูว่ามันไม่ใช่เรื่องง่าย แต่กูก็จะลองดู.wav,0.038405,0.161167,กู,,
C:\Users\muldi\Documents\Playground\University\senior-project-1\dataset\us\clear\เย็ดแม่ นี่ไม่ใช่ครั้งแรกที่มึงทำแบบนี้นะ.wav,0.067542,1.224519,none,,
C:\Users\muldi\Documents\Playground\University\senior-project-1\dataset\us\clear\อย่าฟังความข้างเดียวสิ กูน่ะบอกอยู่เสมอแล้วว่ากูเป็นคนดี.wav,2.758516,4.17339,none,True,light_none
C:\Users\muldi\Documents\Playground\University\senior-project-1\dataset\us\clear\บิวพูดเหี้ย.wav,12.359295,12.915845,เหี้ย,True,light
C:\Users\muldi\Documents\Playground\University\senior-project-1\dataset\us\clear\คนดีห้ามเพื่อน.wav,16.413835,18.213146,none,,
C:\Users\muldi\Documents\Playground\University\senior-project-1\dataset\us\clear\อาทโดนFBI.wav,3.79124,9.383114,none,,
C:\Users\muldi\Documents\Playground\University\senior-project-1\dataset\us\clear\กายพูดกูรัวๆ.wav,32.695167,34.033246,none,,
C:\Users\muldi\Documents\Playground\University\senior-project-1\dataset\us\clear\ป้าๆก๋วยเตี๋ยวถุงนึง.wav,13.629217,13.996858,สวะ,True,medium
C:\Users\muldi\Documents\Playground\University\senior-project-1\dataset\us\clear\อารมณ์แบบว่างี้ป้ะ.wav,16.192167,16.585132,สวะ,True,medium
C:\Users\muldi\Documents\Playground\University\senior-project-1\dataset\us\clear\ทำไมมึงถึงทำอย่างนี้เนี่ย ดูดีๆ.wav,0.532094,0.746469,มึง,,
C:\Users\muldi\Documents\Playground\University\senior-project-1\dataset\us\clear\ไอ้เหี้ย ใครกินของกูหมดเนี่ย.wav,1.563305,2.958776,none,,
C:\Users\muldi\Documents\Playground\University\senior-project-1\dataset\us\clear\เช้านี้สดใส.wav,9.983622,10.129857,มึง,,
C:\Users\muldi\Documents\Playground\University\senior-project-1\dataset\us\clear\ดูถูกหีไม่มีวันเจริญ.wav,4.168719,4.368482,แตด,True,heavy
C:\Users\muldi\Documents\Playground\University\senior-project-1\dataset\us\clear\เป็นสวะแล้วยังทำนิสัยหีๆอีก.wav,4.838322,6.009877,none,True,light_none
C:\Users\muldi\Documents\Playground\University\senior-project-1\dataset\us\clear\อั้มด่าแหลก.wav,1.340255,1.498397,เย็ด,,
C:\Users\muldi\Documents\Playground\University\senior-project-1\dataset\us\clear\ก่อนจะถามกูเนี่ย เฝ้าถามตัวเองเถอะว่าดีพอยัง.wav,0.0,1.060501,none,,
C:\Users\muldi\Documents\Playground\University\senior-project-1\dataset\us\clear\หีหอมพ่อง.wav,4.386466,4.652156,none,,
C:\Users\muldi\Documents\Playground\University\senior-project-1\dataset\us\clear\เย็ดแม่ กูไม่โอเคกับสิ่งที่มึงทำเลยนะ.wav,1.366505,2.192847,none,True,light_none
C:\Users\muldi\Documents\Playground\University\senior-project-1\dataset\us\clear\มึงไม่มีสิทธิ์มาทำแบบนี้กับกู เย็ดแม่.wav,0.194688,0.325109,มึง,,
C:\Users\muldi\Documents\Playground\University\senior-project-1\dataset\us\clear\ป้าๆก๋วยเตี๋ยวถุงนึง.wav,13.629217,13.996858,สวะ,True,medium
C:\Users\muldi\Documents\Playground\University\senior-project-1\dataset\us\clear\นิสัยควยๆแบบนี้.wav,1.53145,1.665415,ควย,True,medium
C:\Users\muldi\Documents\Playground\University\senior-project-1\dataset\us\clear\Janพูดถึงอาท.wav,94.137844,94.275841,ควย,True,medium
C:\Users\muldi\Documents\Playground\University\senior-project-1\dataset\us\clear\กายพูดกูรัวๆ.wav,2.923856,3.017027,none,,
C:\Users\muldi\Documents\Playground\University\senior-project-1\dataset\us\noise\เย็ดแม่มความคิดโครตเจ๋ง.wav,0.0,0.244814,none,,
C:\Users\muldi\Documents\Playground\University\senior-project-1\dataset\us\noise\ค่ายเหี้ย2.wav,3.89725,6.037333,none,,
C:\Users\muldi\Documents\Playground\University\senior-project-1\dataset\us\clear\เป็นสวะแล้วยังทำนิสัยหีๆอีก.wav,6.167412,6.813849,none,,
C:\Users\muldi\Documents\Playground\University\senior-project-1\dataset\us\clear\กาลครั้งมีไอ้สวะตัวหนึ่ง.wav,3.43895,7.251913,none,,
C:\Users\muldi\Documents\Playground\University\senior-project-1\dataset\us\clear\อารมณ์แบบว่างี้ป้ะ.wav,8.813459,8.977584,none,True,light_none
C:\Users\muldi\Documents\Playground\University\senior-project-1\dataset\us\clear\เลสเบี้ยน.wav,6.214393,6.331295,หี,,
C:\Users\muldi\Documents\Playground\University\senior-project-1\dataset\us\clear\ความดื้อรั้นหน้าหีของมึงทำให้ทุกอย่างแย่ลงนะ.wav,1.833679,1.940261,มึง,True,light
C:\Users\muldi\Documents\Playground\University\senior-project-1\dataset\us\clear\นิสัยควยๆแบบนี้.wav,1.665415,1.801096,none,,
C:\Users\muldi\Documents\Playground\University\senior-project-1\dataset\us\clear\อาทโดนFBI.wav,33.347307,42.91112,none,True,light_none
C:\Users\muldi\Documents\Playground\University\senior-project-1\dataset\us\clear\การกระทำที่ไร้ศีลธรรมของเขาเป็นเหมือนสวะที่ปนเปื้อนในสังคม.wav,0.0,2.961863,none,,
C:\Users\muldi\Documents\Playground\University\senior-project-1\dataset\us\clear\เข้ามาเลยไอ้พวกเด็กเปรต กูคนนี้จะลงทัณฑ์เอง.wav,0.0,2.807768,none,,
C:\Users\muldi\Documents\Playground\University\senior-project-1\dataset\us\noise\รถติดบนทางด่วน.wav,5.991365,6.933333,none,,
C:\Users\muldi\Documents\Playground\University\senior-project-1\dataset\us\clear\เลสเบี้ยน.wav,10.270727,10.48412,หี,True,medium
C:\Users\muldi\Documents\Playground\University\senior-project-1\dataset\us\clear\นิสัยควยๆแบบนี้.wav,6.169297,6.779837,none,,
C:\Users\muldi\Documents\Playground\University\senior-project-1\dataset\us\clear\พูดควยๆแบบนี้ใครจะอยากอยู่ใกล้.wav,0.491809,0.572943,ควย,True,medium
C:\Users\muldi\Documents\Playground\University\senior-project-1\dataset\us\clear\ไอ้เหี้ยทำไมนิสัยมึงสวะได้ขนาดนี้.wav,1.723893,1.804454,none,,
C:\Users\muldi\Documents\Playground\University\senior-project-1\dataset\us\noise\ค่ายเหี้ย.wav,4.562026,4.718995,แตด,True,heavy
C:\Users\muldi\Documents\Playground\University\senior-project-1\dataset\us\clear\ก็มาดิสะไอ้สัสเป็นเหี้ยไรวะ.wav,9.8383,9.92523,กู,,
C:\Users\muldi\Documents\Playground\University\senior-project-1\dataset\us\clear\เอ๊ย เป็นเหี้ยไรวะกูถามจริง.wav,14.553978,14.718726,แตด,,
C:\Users\muldi\Documents\Playground\University\senior-project-1\dataset\us\clear\ป้าๆก๋วยเตี๋ยวถุงนึง.wav,8.748338,8.96372,มึง,,
C:\Users\muldi\Documents\Playground\University\senior-project-1\dataset\us\clear\ไอ้เหี้ยทำไมนิสัยมึงสวะได้ขนาดนี้.wav,1.804454,1.962002,สวะ,True,medium
C:\Users\muldi\Documents\Playground\University\senior-project-1\dataset\us\clear\Janพูดถึงอาท.wav,45.249701,57.804852,none,,
C:\Users\muldi\Documents\Playground\University\senior-project-1\dataset\us\clear\พูดจาไม่มีสาระเหมือนสวะลอยน้ำไปวัน ๆ.wav,0.0,2.439818,none,True,light_none
C:\Users\muldi\Documents\Playground\University\senior-project-1\dataset\us\clear\กล้าดียังไงมาแตะคนรัก.wav,4.775945,4.994257,หี,True,medium
C:\Users\muldi\Documents\Playground\University\senior-project-1\dataset\us\clear\บัวด่านัท.wav,16.856385,17.18165,none,True,light_none
C:\Users\muldi\Documents\Playground\University\senior-project-1\dataset\us\clear\คนดีห้ามเพื่อน.wav,1.007224,1.138831,กู,,
C:\Users\muldi\Documents\Playground\University\senior-project-1\dataset\us\clear\เป็นสวะแล้วยังทำนิสัยหีๆอีก.wav,3.371404,3.988175,none,,
C:\Users\muldi\Documents\Playground\University\senior-project-1\dataset\us\noise\ค่ายเหี้ย.wav,8.788587,10.517333,none,True,light_none
C:\Users\muldi\Documents\Playground\University\senior-project-1\dataset\single\สวะ\สวะ (เปอร์).wav,0.0,2.3466666666666667,สวะ,True,medium
C:\Users\muldi\Documents\Playground\University\senior-project-1\dataset\us\clear\บัวด่านัท.wav,19.702982,19.869535,มึง,,
C:\Users\muldi\Documents\Playground\University\senior-project-1\dataset\us\clear\อาทโดนFBI.wav,56.367164,56.666297,กู,,
C:\Users\muldi\Documents\Playground\University\senior-project-1\dataset\us\clear\กล้าดียังไงมาแตะคนรัก.wav,8.280897,8.639766,แตด,True,heavy
C:\Users\muldi\Documents\Playground\University\senior-project-1\dataset\us\clear\บารมีมารดา.wav,10.254282,10.533604,แตด,True,heavy
C:\Users\muldi\Documents\Playground\University\senior-project-1\dataset\us\clear\ป้าๆก๋วยเตี๋ยวถุงนึง.wav,16.789766,16.949802,มึง,,
C:\Users\muldi\Documents\Playground\University\senior-project-1\dataset\us\noise\ไอดิฟ มึง มำโปรเจคเสร็จยังวะ.wav,0.0,1.413607,none,,
C:\Users\muldi\Documents\Playground\University\senior-project-1\dataset\us\clear\บัวด่านัท.wav,26.288745,26.682842,ควย,True,medium
C:\Users\muldi\Documents\Playground\University\senior-project-1\dataset\us\clear\อารมณ์แบบว่างี้ป้ะ.wav,15.386369,15.592645,แตด,True,heavy
C:\Users\muldi\Documents\Playground\University\senior-project-1\dataset\us\clear\Janพูดถึงอาท.wav,59.798039,59.91085,เย็ด,,
C:\Users\muldi\Documents\Playground\University\senior-project-1\dataset\us\clear\ควย มึงทำแบบนี้คนจะมองว่าเป็นคนไร้ความรับผิดชอบนะ.wav,0.022561,0.499415,ควย,True,medium
C:\Users\muldi\Documents\Playground\University\senior-project-1\dataset\us\clear\เดินตกท่อ.wav,2.402815,3.506541,none,,
C:\Users\muldi\Documents\Playground\University\senior-project-1\dataset\single\มึง\มึง (โบท).wav,0.0,2.17,มึง,True,light
C:\Users\muldi\Documents\Playground\University\senior-project-1\dataset\us\clear\โอ๊ยเย็ดเป็ดหีแม่มึงร่วง.wav,1.648577,1.830495,หี,,
C:\Users\muldi\Documents\Playground\University\senior-project-1\dataset\us\clear\มึงก็ไม่เคยฟังใครเลย คงจะฟังแต่หีตัวเองสินะ.wav,0.0,0.942239,none,,
C:\Users\muldi\Documents\Playground\University\senior-project-1\dataset\us\clear\มึงนี่มันอะควรไปคุยกับรากมะม่วง.wav,0.640314,0.979612,มึง,,
C:\Users\muldi\Documents\Playground\University\senior-project-1\dataset\us\clear\อย่าฟังความข้างเดียวสิ กูน่ะบอกอยู่เสมอแล้วว่ากูเป็นคนดี.wav,2.758516,4.17339,none,,
C:\Users\muldi\Documents\Playground\University\senior-project-1\dataset\us\clear\พิ้งค์ด่าหนัง.wav,21.591013,23.104,none,True,light_none
C:\Users\muldi\Documents\Playground\University\senior-project-1\dataset\us\clear\อาทโดนFBI.wav,57.291764,57.57473,มึง,True,light
C:\Users\muldi\Documents\Playground\University\senior-project-1\dataset\us\clear\บิวพูดควย.wav,3.03642,3.758445,none,,
C:\Users\muldi\Documents\Playground\University\senior-project-1\dataset\us\clear\อารมณ์แบบว่างี้ป้ะ.wav,8.341481,8.633113,เหี้ย,True,light
C:\Users\muldi\Documents\Playground\University\senior-project-1\dataset\us\clear\พิ้งค์ด่าหนัง.wav,6.041885,7.224934,none,,
C:\Users\muldi\Documents\Playground\University\senior-project-1\dataset\us\clear\กล้าดียังไงมาแตะคนรัก.wav,4.775945,4.994257,หี,True,medium
C:\Users\muldi\Documents\Playground\University\senior-project-1\dataset\us\clear\ทำไมมึงถึงทำอย่างนี้เนี่ย ดูดีๆ.wav,0.746469,3.01,none,True,light_none
C:\Users\muldi\Documents\Playground\University\senior-project-1\dataset\us\clear\ไอ้เหี้ยทำไมนิสัยมึงสวะได้ขนาดนี้.wav,4.981679,5.093013,มึง,,
C:\Users\muldi\Documents\Playground\University\senior-project-1\dataset\us\clear\กาลครั้งมีไอ้สวะตัวหนึ่ง.wav,12.168269,12.375667,ควย,,
C:\Users\muldi\Documents\Playground\University\senior-project-1\dataset\us\clear\ก็แล้วจะทำไม มึงจะมาหาเรื่องหรอ.wav,0.0,1.815171,none,,
C:\Users\muldi\Documents\Playground\University\senior-project-1\dataset\us\clear\คอมโครตดี.wav,0.0,1.518206,none,,
C:\Users\muldi\Documents\Playground\University\senior-project-1\dataset\us\clear\อีกระเทย มึงอะอีกระเทย กูอะตุ๊แท้ มึงอะตุ๊ดเทียม.wav,2.014317,2.270874,มึง,,
C:\Users\muldi\Documents\Playground\University\senior-project-1\dataset\us\clear\ไอ้เหี้ยทำไมนิสัยมึงสวะได้ขนาดนี้.wav,4.794722,4.981679,none,,
C:\Users\muldi\Documents\Playground\University\senior-project-1\dataset\us\noise\รถติดบนทางด่วน.wav,0.604732,0.781553,ควย,True,medium
C:\Users\muldi\Documents\Playground\University\senior-project-1\dataset\us\clear\โต้งไล่หมา.wav,30.744895,30.90404,มึง,,
C:\Users\muldi\Documents\Playground\University\senior-project-1\dataset\us\clear\มึงก็ไม่เคยฟังใครเลย คงจะฟังแต่หีตัวเองสินะ.wav,0.942239,1.106817,มึง,,
C:\Users\muldi\Documents\Playground\University\senior-project-1\dataset\us\clear\เช้านี้สดใส.wav,2.896904,3.236148,เหี้ย,True,light
C:\Users\muldi\Documents\Playground\University\senior-project-1\dataset\us\clear\อาทโดนFBI.wav,62.340587,76.481434,none,,
C:\Users\muldi\Documents\Playground\University\senior-project-1\dataset\us\clear\คือมึงไม่ฉลาดหรอวะ.wav,4.350715,5.382951,none,,
C:\Users\muldi\Documents\Playground\University\senior-project-1\dataset\us\clear\เอ๊ย เป็นเหี้ยไรวะกูถามจริง.wav,12.591915,12.740226,มึง,,
C:\Users\muldi\Documents\Playground\University\senior-project-1\dataset\us\clear\ไอ้อาร์ตพูดเหี้ย.wav,12.472898,12.61359,เหี้ย,,
C:\Users\muldi\Documents\Playground\University\senior-project-1\dataset\us\clear\อาทโดนFBI.wav,9.383114,9.716483,สวะ,True,medium
C:\Users\muldi\Documents\Playground\University\senior-project-1\dataset\us\clear\ไอ้เย็ดแม่เอ๊ย โทรมาทำไม กูง่วง.wav,3.053517,3.18784,กู,,
C:\Users\muldi\Documents\Playground\University\senior-project-1\dataset\us\clear\อาทโดนFBI.wav,62.059763,62.340587,สวะ,,
C:\Users\muldi\Documents\Playground\University\senior-project-1\dataset\us\clear\อารมณ์แบบว่างี้ป้ะ.wav,14.950446,15.102867,แตด,,
C:\Users\muldi\Documents\Playground\University\senior-project-1\dataset\us\clear\เดินตกท่อ.wav,2.160697,2.402815,กู,,
C:\Users\muldi\Documents\Playground\University\senior-project-1\dataset\us\clear\กาลครั้งมีไอ้สวะตัวหนึ่ง.wav,3.218479,3.43895,สวะ,True,medium
C:\Users\muldi\Documents\Playground\University\senior-project-1\dataset\us\clear\อารมณ์แบบว่างี้ป้ะ.wav,8.341481,8.633113,เหี้ย,,
C:\Users\muldi\Documents\Playground\University\senior-project-1\dataset\us\clear\Janพูดถึงอาท.wav,42.447539,42.969811,ควย,True,medium
C:\Users\muldi\Documents\Playground\University\senior-project-1\dataset\us\clear\เลสเบี้ยน.wav,6.214393,6.331295,หี,True,medium
C:\Users\muldi\Documents\Playground\University\senior-project-1\dataset\us\clear\อาทโดนFBI.wav,62.059763,62.340587,สวะ,True,medium
C:\Users\muldi\Documents\Playground\University\senior-project-1\dataset\us\clear\คือมึงไม่ฉลาดหรอวะ.wav,3.788227,3.939433,ควย,,
C:\Users\muldi\Documents\Playground\University\senior-project-1\dataset\us\clear\ก็มาดิสะไอ้สัสเป็นเหี้ยไรวะ.wav,5.410723,5.667882,ควย,,
C:\Users\muldi\Documents\Playground\University\senior-project-1\dataset\us\clear\ถ้ามึงจะทำอย่างนี้นะ ไปเหอะ อย่ากลับมาเลย.wav,0.0,0.893702,none,,
C:\Users\muldi\Documents\Playground\University\senior-project-1\dataset\us\clear\ป้าๆก๋วยเตี๋ยวถุงนึง.wav,16.227687,16.422853,แตด,True,heavy
C:\Users\muldi\Documents\Playground\University\senior-project-1\dataset\us\clear\ชีสเหม็น.wav,7.102098,7.393144,แตด,,
C:\Users\muldi\Documents\Playground\University\senior-project-1\dataset\us\clear\กล้าดียังไงมาแตะคนรัก.wav,2.699132,3.046038,สวะ,True,medium
C:\Users\muldi\Documents\Playground\University\senior-project-1\dataset\us\clear\โต้งไล่หมา.wav,30.90404,32.816985,none,,
C:\Users\muldi\Documents\Playground\University\senior-project-1\dataset\us\clear\กูว่าฝนจะตกแล้ว รีบกลับเถอะ.wav,0.0,0.226401,none,,
C:\Users\muldi\Documents\Playground\University\senior-project-1\dataset\us\clear\ไอ้อาร์ตพูดเหี้ย.wav,2.502414,3.746379,none,,
C:\Users\muldi\Documents\Playground\University\senior-project-1\dataset\us\clear\เป็นสวะแล้วยังทำนิสัยหีๆอีก.wav,6.009877,6.167412,แตด,True,heavy
C:\Users\muldi\Documents\Playground\University\senior-project-1\dataset\us\clear\ก็มาดิสะไอ้สัสเป็นเหี้ยไรวะ.wav,3.872425,4.112927,หี,True,medium
C:\Users\muldi\Documents\Playground\University\senior-project-1\dataset\us\clear\โอเค ฟังดีๆนะมึง พ่อของมึงเสียแล้ว.wav,0.0,2.47458,none,,
C:\Users\muldi\Documents\Playground\University\senior-project-1\dataset\us\clear\กู(หลายคำ).wav,0.0,0.529478,none,,
C:\Users\muldi\Documents\Playground\University\senior-project-1\dataset\us\clear\เย็ดแม่ กูไม่โอเคกับสิ่งที่มึงทำเลยนะ.wav,0.673335,1.307442,none,,
C:\Users\muldi\Documents\Playground\University\senior-project-1\dataset\us\clear\นิสัยควยๆแบบนี้.wav,4.527586,4.898545,สวะ,,
C:\Users\muldi\Documents\Playground\University\senior-project-1\dataset\us\clear\อั้มด่าแหลก.wav,3.849444,4.976207,none,,
C:\Users\muldi\Documents\Playground\University\senior-project-1\dataset\us\clear\หยุดทำแบบนี้ซะทีดิ๊ เย็ดแม่.wav,1.182845,1.28045,เย็ด,,
C:\Users\muldi\Documents\Playground\University\senior-project-1\dataset\us\clear\บิวพูดควย.wav,12.376303,12.455351,กู,,
C:\Users\muldi\Documents\Playground\University\senior-project-1\dataset\us\clear\กล้าดียังไงมาแตะคนรัก.wav,4.994257,7.246159,none,True,light_none
C:\Users\muldi\Documents\Playground\University\senior-project-1\dataset\us\clear\นิสัยควยๆแบบนี้.wav,2.028478,4.527586,none,True,light_none
C:\Users\muldi\Documents\Playground\University\senior-project-1\dataset\us\clear\พิ้งค์ด่าหนัง.wav,21.343275,21.591013,มึง,,
C:\Users\muldi\Documents\Playground\University\senior-project-1\dataset\us\clear\เป็นสวะแล้วยังทำนิสัยหีๆอีก.wav,6.167412,6.813849,none,True,light_none
C:\Users\muldi\Documents\Playground\University\senior-project-1\dataset\us\clear\เย็ดแม่ นี่คือสิ่งที่มึงเรียกว่าความยุติธรรมอ่อ.wav,0.342479,0.466839,เย็ด,True,medium
C:\Users\muldi\Documents\Playground\University\senior-project-1\dataset\us\clear\พูดควยๆแบบนี้ใครจะอยากอยู่ใกล้.wav,0.827948,2.823712,none,,
C:\Users\muldi\Documents\Playground\University\senior-project-1\dataset\us\clear\นิสัยควยๆแบบนี้.wav,6.779837,7.065872,หี,True,medium
C:\Users\muldi\Documents\Playground\University\senior-project-1\dataset\us\clear\หมากัด.wav,13.635129,13.899931,ควย,True,medium
C:\Users\muldi\Documents\Playground\University\senior-project-1\dataset\us\clear\ทายคำเย็ดแม่.wav,64.192486,74.86,none,,
C:\Users\muldi\Documents\Playground\University\senior-project-1\dataset\us\clear\หมากัด.wav,12.569298,13.043736,none,,
C:\Users\muldi\Documents\Playground\University\senior-project-1\dataset\us\noise\ฮื่อ มึง ก็มันรักเขาไปแล้วอ่ะ.wav,0.0,1.930391,none,,
C:\Users\muldi\Documents\Playground\University\senior-project-1\dataset\us\clear\อาทโดนFBI.wav,33.007445,33.347307,สวะ,True,medium
C:\Users\muldi\Documents\Playground\University\senior-project-1\dataset\us\clear\อย่าทำเหมือนกูไม่มีตัวตนนะ เย็ดแม่.wav,1.542007,2.256344,none,,
C:\Users\muldi\Documents\Playground\University\senior-project-1\dataset\us\clear\เย็ดแม่ กูไม่โอเคกับสิ่งที่มึงทำเลยนะ.wav,2.192847,2.320188,มึง,,
C:\Users\muldi\Documents\Playground\University\senior-project-1\dataset\us\clear\ก็แล้วจะทำไม มึงจะมาหาเรื่องหรอ.wav,2.061868,3.414806,none,True,light_none
C:\Users\muldi\Documents\Playground\University\senior-project-1\dataset\us\clear\บิวพูดเหี้ย.wav,4.187769,4.389015,เหี้ย,True,light
C:\Users\muldi\Documents\Playground\University\senior-project-1\dataset\us\clear\บิวพูดเหี้ย.wav,6.752158,7.137996,เหี้ย,,
C:\Users\muldi\Documents\Playground\University\senior-project-1\dataset\us\clear\บิวพูดเหี้ย.wav,8.974194,10.239964,none,,
C:\Users\muldi\Documents\Playground\University\senior-project-1\dataset\us\clear\เย็ดแม่ มึงไม่แคร์อะไรเลยใช่ไหมอ่ะ.wav,0.915208,2.972289,none,,
C:\Users\muldi\Documents\Playground\University\senior-project-1\dataset\us\clear\เป็นสวะแล้วยังทำนิสัยหีๆอีก.wav,6.009877,6.167412,แตด,True,heavy
C:\Users\muldi\Documents\Playground\University\senior-project-1\dataset\us\clear\ก็มาดิสะไอ้สัสเป็นเหี้ยไรวะ.wav,2.909606,3.140448,เหี้ย,,
C:\Users\muldi\Documents\Playground\University\senior-project-1\dataset\us\clear\ควย มึงทำแบบนี้คนจะมองว่าเป็นคนไร้ความรับผิดชอบนะ.wav,0.022561,0.499415,ควย,,
C:\Users\muldi\Documents\Playground\University\senior-project-1\dataset\us\clear\เย็ดแม่ มึงไม่แคร์อะไรเลยใช่ไหมอ่ะ.wav,0.422101,0.509074,เย็ด,True,medium
C:\Users\muldi\Documents\Playground\University\senior-project-1\dataset\us\clear\เดินตกท่อ.wav,9.955889,10.228335,กู,,
C:\Users\muldi\Documents\Playground\University\senior-project-1\dataset\us\clear\บิวพูดเหี้ย.wav,17.203084,18.256504,none,,
C:\Users\muldi\Documents\Playground\University\senior-project-1\dataset\us\clear\ถ้าแกไม่ไป กูก็ไม่ไปเหมือนกัน.wav,0.0,1.431357,none,True,light_none
C:\Users\muldi\Documents\Playground\University\senior-project-1\dataset\us\clear\คนดีห้ามเพื่อน.wav,1.138831,3.242874,none,True,light_none
C:\Users\muldi\Documents\Playground\University\senior-project-1\dataset\us\clear\กายพูดกูรัวๆ.wav,13.153661,17.592945,none,,
C:\Users\muldi\Documents\Playground\University\senior-project-1\dataset\us\clear\มึงก็ไม่เคยฟังใครเลย คงจะฟังแต่หีตัวเองสินะ.wav,3.778441,5.37,none,,
C:\Users\muldi\Documents\Playground\University\senior-project-1\dataset\us\clear\เย็ดแม่ กูไม่โอเคกับสิ่งที่มึงทำเลยนะ.wav,1.307442,1.366505,กู,,
C:\Users\muldi\Documents\Playground\University\senior-project-1\dataset\us\clear\โต้งไล่หมา.wav,1.255802,1.369019,กู,True,light
C:\Users\muldi\Documents\Playground\University\senior-project-1\dataset\us\clear\คอมโครตดี.wav,11.399811,11.903393,หี,True,medium
C:\Users\muldi\Documents\Playground\University\senior-project-1\dataset\us\clear\เป็นสวะแล้วยังทำนิสัยหีๆอีก.wav,2.837444,3.002222,หี,,
C:\Users\muldi\Documents\Playground\University\senior-project-1\dataset\single\หี\หี (แทน).wav,0.0,1.7066666666666668,หี,True,medium
C:\Users\muldi\Documents\Playground\University\senior-project-1\dataset\us\clear\คือมึงไม่ฉลาดหรอวะ.wav,3.939433,4.213621,none,,
C:\Users\muldi\Documents\Playground\University\senior-project-1\dataset\us\clear\ไอ้เด็กนี่มันอยากมีปัญหากับกูแล้วสินะ.wav,2.512986,3.456626,none,,
C:\Users\muldi\Documents\Playground\University\senior-project-1\dataset\us\clear\เธอทำตัวเหมือนสวะที่ไม่มีเป้าหมายในชีวิต.wav,1.998751,2.260444,สวะ,True,medium
C:\Users\muldi\Documents\Playground\University\senior-project-1\dataset\us\clear\แปปนึง มึงใครเนี่ย มึงใคร มึงคือใคร.wav,0.0,2.146813,none,True,light_none
C:\Users\muldi\Documents\Playground\University\senior-project-1\dataset\us\noise\มึง หิวข้าวป่าววะไอดิฟ.wav,0.790738,1.313312,มึง,True,light
C:\Users\muldi\Documents\Playground\University\senior-project-1\dataset\us\clear\ก็มาดิสะไอ้สัสเป็นเหี้ยไรวะ.wav,2.222779,2.438565,เหี้ย,,
C:\Users\muldi\Documents\Playground\University\senior-project-1\dataset\us\clear\Janพูดถึงอาท.wav,90.544994,91.770179,none,True,light_none
C:\Users\muldi\Documents\Playground\University\senior-project-1\dataset\us\clear\ถ้ามึงจะทำอย่างนี้นะ ไปเหอะ อย่ากลับมาเลย.wav,1.213614,5.676356,none,,
C:\Users\muldi\Documents\Playground\University\senior-project-1\dataset\us\clear\อารมณ์แบบว่างี้ป้ะ.wav,16.192167,16.585132,สวะ,True,medium
C:\Users\muldi\Documents\Playground\University\senior-project-1\dataset\us\clear\โอ๊ยเย็ดเป็ดหีแม่มึงร่วง.wav,0.0,1.15297,none,True,light_none
C:\Users\muldi\Documents\Playground\University\senior-project-1\dataset\us\clear\อารมณ์แบบว่างี้ป้ะ.wav,13.279914,13.617272,เหี้ย,True,light
C:\Users\muldi\Documents\Playground\University\senior-project-1\dataset\us\clear\พิ้งค์ด่าหนัง.wav,14.686948,14.84211,หี,True,medium
C:\Users\muldi\Documents\Playground\University\senior-project-1\dataset\us\clear\พอเหอะเย็ดแม่ เหนื่อยที่จะต้องพูดซ้ำๆอ่ะ.wav,0.683724,3.457373,none,True,light_none
C:\Users\muldi\Documents\Playground\University\senior-project-1\dataset\us\clear\ทายคำเย็ดแม่.wav,0.0,35.692788,none,,
C:\Users\muldi\Documents\Playground\University\senior-project-1\dataset\us\clear\อย่าฟังความข้างเดียวสิ กูน่ะบอกอยู่เสมอแล้วว่ากูเป็นคนดี.wav,2.583806,2.758516,กู,True,light
C:\Users\muldi\Documents\Playground\University\senior-project-1\dataset\us\clear\บิวพูดเหี้ย.wav,14.281544,15.043503,none,,
C:\Users\muldi\Documents\Playground\University\senior-project-1\dataset\us\clear\โอ๊ยเย็ดเป็ดหีแม่มึงร่วง.wav,2.057193,2.146753,มึง,,
C:\Users\muldi\Documents\Playground\University\senior-project-1\dataset\us\clear\กูเป็นคนคิดไอเดียโปรเจคนี่หว่า เออกูแม่งสุดยอดวะ.wav,2.249246,2.561429,กู,,
C:\Users\muldi\Documents\Playground\University\senior-project-1\dataset\us\clear\กูว่ามันไม่ใช่เรื่องง่าย แต่กูก็จะลองดู.wav,1.804326,3.11,none,,
C:\Users\muldi\Documents\Playground\University\senior-project-1\dataset\us\clear\เย็ดแม่ นี่ไม่ใช่ครั้งแรกที่มึงทำแบบนี้นะ.wav,0.0,0.067542,เย็ด,,
C:\Users\muldi\Documents\Playground\University\senior-project-1\dataset\us\clear\เลสเบี้ยน.wav,9.964553,10.042488,เย็ด,,
C:\Users\muldi\Documents\Playground\University\senior-project-1\dataset\us\clear\อย่าทำเหมือนกูไม่มีตัวตนนะ เย็ดแม่.wav,1.460124,1.542007,เย็ด,,
C:\Users\muldi\Documents\Playground\University\senior-project-1\dataset\us\clear\ป้าๆก๋วยเตี๋ยวถุงนึง.wav,16.227687,16.422853,แตด,True,heavy
C:\Users\muldi\Documents\Playground\University\senior-project-1\dataset\us\clear\ป้าๆก๋วยเตี๋ยวถุงนึง.wav,16.227687,16.422853,แตด,True,heavy
C:\Users\muldi\Documents\Playground\University\senior-project-1\dataset\us\clear\โต้งไล่หมา.wav,29.031033,29.163475,กู,,
C:\Users\muldi\Documents\Playground\University\senior-project-1\dataset\us\clear\กู(หลายคำ).wav,4.354999,5.29026,กู,,
C:\Users\muldi\Documents\Playground\University\senior-project-1\dataset\us\clear\กูว่านะพรุ่งนี้ตื่นสายวะ.wav,1.942576,3.8,none,,
C:\Users\muldi\Documents\Playground\University\senior-project-1\dataset\us\clear\ดูถูกหีไม่มีวันเจริญ.wav,2.375798,2.519377,หี,,
C:\Users\muldi\Documents\Playground\University\senior-project-1\dataset\us\clear\ป้าๆก๋วยเตี๋ยวถุงนึง.wav,13.996858,15.779628,none,,
C:\Users\muldi\Documents\Playground\University\senior-project-1\dataset\us\clear\Janพูดถึงอาท.wav,16.215763,16.686095,เหี้ย,,
C:\Users\muldi\Documents\Playground\University\senior-project-1\dataset\us\clear\อาทโดนFBI.wav,9.383114,9.716483,สวะ,True,medium
C:\Users\muldi\Documents\Playground\University\senior-project-1\dataset\us\clear\อาทโดนFBI.wav,23.638608,23.808862,เย็ด,,
C:\Users\muldi\Documents\Playground\University\senior-project-1\dataset\us\clear\มึงไม่เคยฟังใครเลยใช่ไหม เย็ดแม่.wav,0.468843,1.776392,none,,
C:\Users\muldi\Documents\Playground\University\senior-project-1\dataset\us\clear\คอมโครตดี.wav,27.791607,28.196133,สวะ,,
C:\Users\muldi\Documents\Playground\University\senior-project-1\dataset\us\clear\พิ้งค์ด่าหนัง.wav,5.542865,5.814375,none,True,light_none
C:\Users\muldi\Documents\Playground\University\senior-project-1\dataset\us\clear\ความดื้อรั้นหน้าหีของมึงทำให้ทุกอย่างแย่ลงนะ.wav,1.940261,3.77,none,,
C:\Users\muldi\Documents\Playground\University\senior-project-1\dataset\us\clear\ก็มาดิสะไอ้สัสเป็นเหี้ยไรวะ.wav,12.803295,13.056,ควย,True,medium
C:\Users\muldi\Documents\Playground\University\senior-project-1\dataset\us\clear\กู(หลายคำ).wav,8.288546,8.916591,กู,,
C:\Users\muldi\Documents\Playground\University\senior-project-1\dataset\us\clear\มึงนี่มันอะควรไปคุยกับรากมะม่วง.wav,0.979612,3.96,none,True,light_none
C:\Users\muldi\Documents\Playground\University\senior-project-1\dataset\us\clear\ดูถูกหีไม่มีวันเจริญ.wav,4.925846,5.242343,สวะ,True,medium
C:\Users\muldi\Documents\Playground\University\senior-project-1\dataset\us\clear\เป็นสวะแล้วยังทำนิสัยหีๆอีก.wav,3.097075,3.371404,หี,True,medium
C:\Users\muldi\Documents\Playground\University\senior-project-1\dataset\us\clear\เอ๊ย เป็นเหี้ยไรวะกูถามจริง.wav,10.14729,11.036401,none,True,light_none
C:\Users\muldi\Documents\Playground\University\senior-project-1\dataset\us\clear\คือมึงไม่ฉลาดหรอวะ.wav,1.953588,2.201566,มึง,,
C:\Users\muldi\Documents\Playground\University\senior-project-1\dataset\us\clear\กายพูดกูรัวๆ.wav,5.201742,5.295125,none,,
C:\Users\muldi\Documents\Playground\University\senior-project-1\dataset\us\clear\มึงก็ไม่เคยฟังใครเลย คงจะฟังแต่หีตัวเองสินะ.wav,3.584718,3.778441,หี,,
C:\Users\muldi\Documents\Playground\University\senior-project-1\dataset\us\clear\มึงไม่มีสิทธิ์มาทำแบบนี้กับกู เย็ดแม่.wav,1.756098,1.904453,เย็ด,True,medium
C:\Users\muldi\Documents\Playground\University\senior-project-1\dataset\us\clear\เอ๊ย เป็นเหี้ยไรวะกูถามจริง.wav,11.036401,11.337383,สวะ,True,medium
C:\Users\muldi\Documents\Playground\University\senior-project-1\dataset\us\clear\กายพูดกูรัวๆ.wav,27.96734,30.812735,none,,
C:\Users\muldi\Documents\Playground\University\senior-project-1\dataset\us\clear\กาลครั้งมีไอ้สวะตัวหนึ่ง.wav,15.575452,18.169214,none,,
C:\Users\muldi\Documents\Playground\University\senior-project-1\dataset\us\clear\โต้งไล่หมา.wav,32.816985,32.891751,กู,,
C:\Users\muldi\Documents\Playground\University\senior-project-1\dataset\us\clear\กาลครั้งมีไอ้สวะตัวหนึ่ง.wav,12.375667,14.377961,none,,
C:\Users\muldi\Documents\Playground\University\senior-project-1\dataset\us\clear\คอมโครตดี.wav,11.399811,11.903393,หี,,
C:\Users\muldi\Documents\Playground\University\senior-project-1\dataset\single\หี\หี (เบลล์).wav,0.0,1.76,หี,,
C:\Users\muldi\Documents\Playground\University\senior-project-1\dataset\us\clear\บารมีมารดา.wav,14.046724,14.844376,none,,
C:\Users\muldi\Documents\Playground\University\senior-project-1\dataset\us\clear\เย็ดแม่ มึงไม่แคร์อะไรเลยใช่ไหมอ่ะ.wav,0.0,0.422101,none,,
C:\Users\muldi\Documents\Playground\University\senior-project-1\dataset\us\noise\รถติดบนทางด่วน.wav,5.813721,5.991365,แตด,True,heavy
C:\Users\muldi\Documents\Playground\University\senior-project-1\dataset\us\clear\เข้ามาเลยไอ้พวกเด็กเปรต กูคนนี้จะลงทัณฑ์เอง.wav,3.149977,5.47123,none,True,light_none
C:\Users\muldi\Documents\Playground\University\senior-project-1\dataset\us\clear\บารมีมารดา.wav,13.885466,14.046724,มึง,,
C:\Users\muldi\Documents\Playground\University\senior-project-1\dataset\us\clear\นิสัยควยๆแบบนี้.wav,6.055232,6.169297,มึง,,
C:\Users\muldi\Documents\Playground\University\senior-project-1\dataset\us\clear\ป้าๆก๋วยเตี๋ยวถุงนึง.wav,11.608491,11.817709,ควย,True,medium
C:\Users\muldi\Documents\Playground\University\senior-project-1\dataset\us\clear\พิ้งค์ด่าหนัง.wav,18.941521,19.111678,แตด,True,heavy
C:\Users\muldi\Documents\Playground\University\senior-project-1\dataset\us\clear\เดินตกท่อ.wav,0.0,2.160697,none,,
C:\Users\muldi\Documents\Playground\University\senior-project-1\dataset\us\clear\อาทโดนFBI.wav,23.638608,23.808862,เย็ด,True,medium
C:\Users\muldi\Documents\Playground\University\senior-project-1\dataset\us\clear\กายพูดกูรัวๆ.wav,27.879386,27.96734,เย็ด,True,medium
C:\Users\muldi\Documents\Playground\University\senior-project-1\dataset\us\clear\มึงก็ไม่เคยฟังใครเลย คงจะฟังแต่หีตัวเองสินะ.wav,3.584718,3.778441,หี,True,medium
C:\Users\muldi\Documents\Playground\University\senior-project-1\dataset\us\clear\ทุกครั้งมันก็เป็นแบบนี้เสมออ่ะ เย็ดแม่.wav,1.59731,1.659816,เย็ด,True,medium
C:\Users\muldi\Documents\Playground\University\senior-project-1\dataset\us\clear\อาทโดนFBI.wav,62.059763,62.340587,สวะ,True,medium
C:\Users\muldi\Documents\Playground\University\senior-project-1\dataset\us\clear\มึงก็ไม่เคยฟังใครเลย คงจะฟังแต่หีตัวเองสินะ.wav,1.106817,3.584718,none,,
C:\Users\muldi\Documents\Playground\University\senior-project-1\dataset\us\clear\คือมึงไม่ฉลาดหรอวะ.wav,3.582586,3.788227,none,,
C:\Users\muldi\Documents\Playground\University\senior-project-1\dataset\us\clear\หมากัด.wav,12.183128,12.569298,ควย,,
C:\Users\muldi\Documents\Playground\University\senior-project-1\dataset\us\clear\ขึ้นมาสิไอ้เย็ดแม่ เราจะไปเที่ยวทะเลกัน.wav,1.30519,4.02,none,,
C:\Users\muldi\Documents\Playground\University\senior-project-1\dataset\us\clear\บิวพูดควย.wav,9.256621,10.209146,none,,
C:\Users\muldi\Documents\Playground\University\senior-project-1\dataset\us\clear\อารมณ์แบบว่างี้ป้ะ.wav,9.721397,11.684577,none,,
C:\Users\muldi\Documents\Playground\University\senior-project-1\dataset\single\สวะ\สวะ (เปอร์).wav,0.0,2.3466666666666667,สวะ,,
C:\Users\muldi\Documents\Playground\University\senior-project-1\dataset\us\clear\หมากัด.wav,13.043736,13.279852,หี,True,medium
C:\Users\muldi\Documents\Playground\University\senior-project-1\dataset\us\clear\มึง กูหิวข้าววะ อยากกินตีนอะ.wav,0.530361,0.91843,มึง,,
C:\Users\muldi\Documents\Playground\University\senior-project-1\dataset\us\clear\เลสเบี้ยน.wav,8.927275,9.964553,none,,
C:\Users\muldi\Documents\Playground\University\senior-project-1\dataset\us\clear\เอ๊ย เป็นเหี้ยไรวะกูถามจริง.wav,4.175647,4.381112,none,,
C:\Users\muldi\Documents\Playground\University\senior-project-1\dataset\us\clear\เออใช่ กูเห็นไอกายมันลงสตอรี่ ชวนสาวมาดูแมวที่.wav,2.281602,5.84,none,True,light_none
C:\Users\muldi\Documents\Playground\University\senior-project-1\dataset\us\clear\บิวพูดควย.wav,10.209146,10.442137,ควย,True,medium
C:\Users\muldi\Documents\Playground\University\senior-project-1\dataset\us\clear\ก็มาดิสะไอ้สัสเป็นเหี้ยไรวะ.wav,6.019095,6.680347,none,,
C:\Users\muldi\Documents\Playground\University\senior-project-1\dataset\us\clear\โอเค ฟังดีๆนะมึง พ่อของมึงเสียแล้ว.wav,4.571185,4.879841,มึง,,
C:\Users\muldi\Documents\Playground\University\senior-project-1\dataset\us\clear\กล้าดียังไงมาแตะคนรัก.wav,7.246159,7.643905,สวะ,,
C:\Users\muldi\Documents\Playground\University\senior-project-1\dataset\us\clear\ทายคำเย็ดแม่.wav,35.782934,49.36401,none,,
C:\Users\muldi\Documents\Playground\University\senior-project-1\dataset\us\clear\เย็ดแม่ นี่ไม่ใช่ครั้งแรกที่มึงทำแบบนี้นะ.wav,0.0,0.067542,เย็ด,True,medium
C:\Users\muldi\Documents\Playground\University\senior-project-1\dataset\us\clear\Janพูดถึงอาท.wav,57.958596,59.798039,none,,
C:\Users\muldi\Documents\Playground\University\senior-project-1\dataset\us\clear\ไอ้อาร์ตพูดเหี้ย.wav,17.395318,17.909386,none,True,light_none
C:\Users\muldi\Documents\Playground\University\senior-project-1\dataset\us\clear\เอ๊ย เป็นเหี้ยไรวะกูถามจริง.wav,4.893427,4.958884,กู,,
C:\Users\muldi\Documents\Playground\University\senior-project-1\dataset\us\clear\จะว่าไปแล้วมึงติดเงินกูอยู่50อะดิฟ.wav,1.738254,2.278462,none,True,light_none
C:\Users\muldi\Documents\Playground\University\senior-project-1\dataset\us\clear\คอมโครตดี.wav,0.0,1.518206,none,True,light_none
C:\Users\muldi\Documents\Playground\University\senior-project-1\dataset\us\clear\เป็นสวะแล้วยังทำนิสัยหีๆอีก.wav,1.827762,2.837444,none,,
C:\Users\muldi\Documents\Playground\University\senior-project-1\dataset\us\clear\เย็ดแม่ ทำไมถึงไม่คิดก่อนพูดบ้าง.wav,0.337671,2.501898,none,True,light_none
C:\Users\muldi\Documents\Playground\University\senior-project-1\dataset\us\clear\คอมโครตดี.wav,25.361911,27.791607,none,True,light_none
C:\Users\muldi\Documents\Playground\University\senior-project-1\dataset\single\สวะ\สวะ (โบท).wav,0.0,1.91,สวะ,,
C:\Users\muldi\Documents\Playground\University\senior-project-1\dataset\us\clear\บัวด่านัท.wav,2.498378,2.832515,เหี้ย,,
C:\Users\muldi\Documents\Playground\University\senior-project-1\dataset\us\clear\ก็มาดิสะไอ้สัสเป็นเหี้ยไรวะ.wav,5.667882,5.959434,none,,
C:\Users\muldi\Documents\Playground\University\senior-project-1\dataset\us\clear\มึงนี่มันอะควรไปคุยกับรากมะม่วง.wav,0.0,0.640314,none,,
C:\Users\muldi\Documents\Playground\University\senior-project-1\dataset\us\clear\โอ๊ยเย็ดเป็ดหีแม่มึงร่วง.wav,1.15297,1.307121,เย็ด,,
C:\Users\muldi\Documents\Playground\University\senior-project-1\dataset\us\clear\พิ้งค์ด่าหนัง.wav,18.941521,19.111678,แตด,True,heavy
C:\Users\muldi\Documents\Playground\University\senior-project-1\dataset\us\clear\อาทโดนFBI.wav,51.989673,56.367164,none,,
C:\Users\muldi\Documents\Playground\University\senior-project-1\dataset\us\clear\คอมโครตดี.wav,1.566463,2.445045,none,,
C:\Users\muldi\Documents\Playground\University\senior-project-1\dataset\us\clear\หีหอมพ่อง.wav,1.201148,1.40235,หี,,
C:\Users\muldi\Documents\Playground\University\senior-project-1\dataset\us\clear\อาทโดนFBI.wav,23.638608,23.808862,เย็ด,True,medium
C:\Users\muldi\Documents\Playground\University\senior-project-1\dataset\us\clear\ชอบทำตัวหัวควยใส่คนอื่น ทั้งที่ตัวเองก็ไม่ได้ดีไปกว่าใครเลย.wav,2.337409,2.500583,ควย,True,medium
C:\Users\muldi\Documents\Playground\University\senior-project-1\dataset\us\clear\เอ๊ย เป็นเหี้ยไรวะกูถามจริง.wav,8.092423,8.200282,none,True,light_none
C:\Users\muldi\Documents\Playground\University\senior-project-1\dataset\us\clear\เย็ดแม่ ทำไมถึงไม่คิดก่อนพูดบ้าง.wav,0.193294,0.337671,เย็ด,True,medium
C:\Users\muldi\Documents\Playground\University\senior-project-1\dataset\us\noise\รถติดบนทางด่วน.wav,5.813721,5.991365,แตด,True,heavy
C:\Users\muldi\Documents\Playground\University\senior-project-1\dataset\us\clear\คนดีห้ามเพื่อน.wav,10.156042,10.234288,เย็ด,,
C:\Users\muldi\Documents\Playground\University\senior-project-1\dataset\us\clear\ป้าๆก๋วยเตี๋ยวถุงนึง.wav,16.949802,19.562667,none,,
C:\Users\muldi\Documents\Playground\University\senior-project-1\dataset\us\clear\อาทโดนFBI.wav,77.044548,77.232379,เหี้ย,True,light
C:\Users\muldi\Documents\Playground\University\senior-project-1\dataset\us\noise\มึงงงงงทำไรอยู่วะ(อยากลองลากเสียง).wav,1.406656,3.334305,มึง,,
C:\Users\muldi\Documents\Playground\University\senior-project-1\dataset\us\clear\หีหอมพ่อง.wav,2.530504,2.681406,หี,True,medium
C:\Users\muldi\Documents\Playground\University\senior-project-1\dataset\us\clear\บัวด่านัท.wav,24.438127,24.518168,เย็ด,True,medium
C:\Users\muldi\Documents\Playground\University\senior-project-1\dataset\us\clear\กาลครั้งมีไอ้สวะตัวหนึ่ง.wav,10.477431,12.168269,none,,
C:\Users\muldi\Documents\Playground\University\senior-project-1\dataset\us\clear\คนดีห้ามเพื่อน.wav,16.339806,16.413835,กู,,
C:\Users\muldi\Documents\Playground\University\senior-project-1\dataset\us\clear\กูว่านะพรุ่งนี้ตื่นสายวะ.wav,1.279636,1.942576,กู,,
C:\Users\muldi\Documents\Playground\University\senior-project-1\dataset\us\clear\บารมีมารดา.wav,8.281751,9.272336,none,True,light_none
C:\Users\muldi\Documents\Playground\University\senior-project-1\dataset\us\clear\อารมณ์แบบว่างี้ป้ะ.wav,14.950446,15.102867,แตด,True,heavy
C:\Users\muldi\Documents\Playground\University\senior-project-1\dataset\us\clear\ไอ้เด็กนี่มันอยากมีปัญหากับกูแล้วสินะ.wav,2.512986,3.456626,none,True,light_none
C:\Users\muldi\Documents\Playground\University\senior-project-1\dataset\us\clear\ก่อนจะถามกูเนี่ย เฝ้าถามตัวเองเถอะว่าดีพอยัง.wav,1.063933,1.235535,กู,,
C:\Users\muldi\Documents\Playground\University\senior-project-1\dataset\us\clear\เข้ามาเลยไอ้พวกเด็กเปรต กูคนนี้จะลงทัณฑ์เอง.wav,3.149977,5.47123,none,,
C:\Users\muldi\Documents\Playground\University\senior-project-1\dataset\us\clear\Janพูดถึงอาท.wav,16.686095,18.233617,none,True,light_none
C:\Users\muldi\Documents\Playground\University\senior-project-1\dataset\us\noise\ค่ายเหี้ย.wav,8.679464,8.788587,ควย,,
C:\Users\muldi\Documents\Playground\University\senior-project-1\dataset\us\clear\ก็มาดิสะไอ้สัสเป็นเหี้ยไรวะ.wav,5.410723,5.667882,ควย,True,medium
C:\Users\muldi\Documents\Playground\University\senior-project-1\dataset\single\เย็ด\เย็ด (เบลล์).wav,0.0,1.87,เย็ด,,
C:\Users\muldi\Documents\Playground\University\senior-project-1\dataset\us\clear\เช้านี้สดใส.wav,3.47985,3.71695,มึง,True,light
C:\Users\muldi\Documents\Playground\University\senior-project-1\dataset\us\clear\อั้มด่าแหลก.wav,0.764354,1.340255,none,,
C:\Users\muldi\Documents\Playground\University\senior-project-1\dataset\us\clear\เห้ย กูตื่นเต้นมากเลยที่จะได้ไปเที่ยวอาทิตย์หน้า.wav,0.226705,0.382857,กู,,
C:\Users\muldi\Documents\Playground\University\senior-project-1\dataset\us\clear\ป้าๆก๋วยเตี๋ยวถุงนึง.wav,10.292289,10.602994,เหี้ย,True,light
C:\Users\muldi\Documents\Playground\University\senior-project-1\dataset\us\clear\อารมณ์แบบว่างี้ป้ะ.wav,8.633113,8.813459,มึง,,
C:\Users\muldi\Documents\Playground\University\senior-project-1\dataset\us\clear\มึง กูหิวข้าววะ อยากกินตีนอะ.wav,1.112465,1.303265,กู,,
C:\Users\muldi\Documents\Playground\University\senior-project-1\dataset\us\clear\Janพูดถึงอาท.wav,88.409314,90.545251,none,,
C:\Users\muldi\Documents\Playground\University\senior-project-1\dataset\us\clear\อาทโดนFBI.wav,2.713499,3.43084,none,,
C:\Users\muldi\Documents\Playground\University\senior-project-1\dataset\us\noise\โอ๊ย เย็ดแม่ เจ็บชิบหาย.wav,0.0,0.817853,none,,
C:\Users\muldi\Documents\Playground\University\senior-project-1\dataset\us\clear\หีหอมพ่อง.wav,2.530504,2.681406,หี,,
C:\Users\muldi\Documents\Playground\University\senior-project-1\dataset\us\clear\ก็มาดิสะไอ้สัสเป็นเหี้ยไรวะ.wav,2.438565,2.909606,none,,
C:\Users\muldi\Documents\Playground\University\senior-project-1\dataset\us\clear\ไอ้คนวิปริต ไอ้คนเย็ดแม่.wav,2.321337,3.42,none,,
C:\Users\muldi\Documents\Playground\University\senior-project-1\dataset\us\clear\เลสเบี้ยน.wav,8.804806,8.927275,แตด,True,heavy
C:\Users\muldi\Documents\Playground\University\senior-project-1\dataset\us\clear\กาลครั้งมีไอ้สวะตัวหนึ่ง.wav,14.515066,14.852609,none,,
C:\Users\muldi\Documents\Playground\University\senior-project-1\dataset\us\noise\ค่ายเหี้ย.wav,0.0,0.691737,none,,
C:\Users\muldi\Documents\Playground\University\senior-project-1\dataset\single\เย็ด\เย็ด (แทน).wav,0.0,1.8133333333333328,เย็ด,True,medium
C:\Users\muldi\Documents\Playground\University\senior-project-1\dataset\us\clear\คือมึงไม่ฉลาดหรอวะ.wav,3.788227,3.939433,ควย,True,medium
C:\Users\muldi\Documents\Playground\University\senior-project-1\dataset\us\clear\กายพูดกูรัวๆ.wav,24.422876,27.879386,none,,
C:\Users\muldi\Documents\Playground\University\senior-project-1\dataset\us\clear\อารมณ์แบบว่างี้ป้ะ.wav,15.386369,15.592645,แตด,,
C:\Users\muldi\Documents\Playground\University\senior-project-1\dataset\us\clear\เช้านี้สดใส.wav,9.200121,9.401954,มึง,True,light
C:\Users\muldi\Documents\Playground\University\senior-project-1\dataset\single\เหี้ย\เหี้ย (เบลล์).wav,0.0,1.86,เหี้ย,True,light
C:\Users\muldi\Documents\Playground\University\senior-project-1\dataset\us\clear\กู(หลายคำ).wav,9.789268,10.478486,กู,,
C:\Users\muldi\Documents\Playground\University\senior-project-1\dataset\single\กู\กู (แทน).wav,0.0,1.6853333333333331,กู,,
C:\Users\muldi\Documents\Playground\University\senior-project-1\dataset\us\clear\เย็ดแม่ ทนไม่ไหวแล้วจริงๆนะ.wav,0.133903,0.250072,เย็ด,,
C:\Users\muldi\Documents\Playground\University\senior-project-1\dataset\us\clear\เย็ดแม่ นี่คือเหตุผลที่กูไม่อยากคุยกับมึง.wav,0.309398,0.402008,เย็ด,,
C:\Users\muldi\Documents\Playground\University\senior-project-1\dataset\us\clear\พฤติกรรมเห็นแก่ตัวหัวควยของมึงมันสร้างปัญหารู้ไหม.wav,2.076266,2.31461,none,,
C:\Users\muldi\Documents\Playground\University\senior-project-1\dataset\us\clear\บารมีมารดา.wav,1.074638,1.414432,มึง,,
C:\Users\muldi\Documents\Playground\University\senior-project-1\dataset\us\clear\ไอ้อาร์ตพูดเหี้ย.wav,3.950202,4.480503,none,True,light_none
C:\Users\muldi\Documents\Playground\University\senior-project-1\dataset\single\แตด\แตด (แทน).wav,0.0,2.112,แตด,,
C:\Users\muldi\Documents\Playground\University\senior-project-1\dataset\us\clear\ก็มาดิสะไอ้สัสเป็นเหี้ยไรวะ.wav,4.112927,5.410723,none,True,light_none
C:\Users\muldi\Documents\Playground\University\senior-project-1\dataset\us\clear\เลสเบี้ยน.wav,0.0,0.919096,none,,
C:\Users\muldi\Documents\Playground\University\senior-project-1\dataset\us\clear\พิ้งค์ด่าหนัง.wav,18.941521,19.111678,แตด,True,heavy
C:\Users\muldi\Documents\Playground\University\senior-project-1\dataset\us\clear\เออใช่ กูเห็นไอกายมันลงสตอรี่ ชวนสาวมาดูแมวที่.wav,2.189978,2.281602,กู,,
C:\Users\muldi\Documents\Playground\University\senior-project-1\dataset\us\clear\อาทโดนFBI.wav,9.716483,23.638608,none,True,light_none
C:\Users\muldi\Documents\Playground\University\senior-project-1\dataset\us\clear\อารมณ์แบบว่างี้ป้ะ.wav,17.12295,17.448114,หี,True,medium
C:\Users\muldi\Documents\Playground\University\senior-project-1\dataset\us\clear\อั้มด่าแหลก.wav,4.976207,5.214738,เหี้ย,True,light
C:\Users\muldi\Documents\Playground\University\senior-project-1\dataset\single\มึง\มึง (โบท).wav,0.0,2.17,มึง,,
C:\Users\muldi\Documents\Playground\University\senior-project-1\dataset\single\กู\กู (โบท).wav,0.0,2.53,กู,,
C:\Users\muldi\Documents\Playground\University\senior-project-1\dataset\us\clear\ความดื้อรั้นหน้าหีของมึงทำให้ทุกอย่างแย่ลงนะ.wav,1.593864,1.833679,none,,
C:\Users\muldi\Documents\Playground\University\senior-project-1\dataset\us\clear\กาลครั้งมีไอ้สวะตัวหนึ่ง.wav,14.377961,14.515066,หี,True,medium
C:\Users\muldi\Documents\Playground\University\senior-project-1\dataset\us\clear\ป้าๆก๋วยเตี๋ยวถุงนึง.wav,16.422853,16.789766,none,,
C:\Users\muldi\Documents\Playground\University\senior-project-1\dataset\single\หี\หี (เปอร์).wav,0.0,2.944,หี,,
C:\Users\muldi\Documents\Playground\University\senior-project-1\dataset\single\สวะ\สวะ (เบลล์).wav,0.0,1.96,สวะ,True,medium
C:\Users\muldi\Documents\Playground\University\senior-project-1\dataset\us\clear\คนดีห้ามเพื่อน.wav,1.138831,3.242874,none,,
C:\Users\muldi\Documents\Playground\University\senior-project-1\dataset\us\clear\อีกระเทย มึงอะอีกระเทย กูอะตุ๊แท้ มึงอะตุ๊ดเทียม.wav,5.254505,5.524374,มึง,,
C:\Users\muldi\Documents\Playground\University\senior-project-1\dataset\us\clear\พูดควยๆแบบนี้ใครจะอยากอยู่ใกล้.wav,0.706462,0.828483,ควย,True,medium
C:\Users\muldi\Documents\Playground\University\senior-project-1\dataset\us\clear\โหเย็ดแม่ ไม่คิดจะแก้ไขอะไรหน่อยอ่อ.wav,0.807316,3.36936,none,,
C:\Users\muldi\Documents\Playground\University\senior-project-1\dataset\us\clear\ช่วยกูด้วย.wav,0.0,1.05134,none,,
C:\Users\muldi\Documents\Playground\University\senior-project-1\dataset\us\clear\กาลครั้งมีไอ้สวะตัวหนึ่ง.wav,12.168269,12.375667,ควย,True,medium
C:\Users\muldi\Documents\Playground\University\senior-project-1\dataset\us\clear\โต้งไล่หมา.wav,46.102083,46.282612,มึง,,
C:\Users\muldi\Documents\Playground\University\senior-project-1\dataset\us\clear\บารมีมารดา.wav,7.012152,7.337837,หี,,
C:\Users\muldi\Documents\Playground\University\senior-project-1\dataset\single\ควย\ควย (โบท).wav,0.0,1.75,ควย,True,medium
C:\Users\muldi\Documents\Playground\University\senior-project-1\dataset\us\clear\ดูถูกหีไม่มีวันเจริญ.wav,4.168719,4.368482,แตด,True,heavy
C:\Users\muldi\Documents\Playground\University\senior-project-1\dataset\us\clear\เป็นสวะแล้วยังทำนิสัยหีๆอีก.wav,4.267936,4.631896,none,True,light_none
C:\Users\muldi\Documents\Playground\University\senior-project-1\dataset\us\clear\ก็เอาสิ มาดูกันว่ากูน่ะจะอยู่รอดเป็นคนสุดท้ายหรือเปล่า.wav,2.245867,2.467927,กู,True,light
C:\Users\muldi\Documents\Playground\University\senior-project-1\dataset\us\clear\อย่าฟังความข้างเดียวสิ กูน่ะบอกอยู่เสมอแล้วว่ากูเป็นคนดี.wav,0.0,2.583806,none,,
C:\Users\muldi\Documents\Playground\University\senior-project-1\dataset\us\noise\รถติดบนทางด่วน.wav,3.106011,3.304746,สวะ,,
C:\Users\muldi\Documents\Playground\University\senior-project-1\dataset\us\clear\มึงไม่มีสิทธิ์มาทำแบบนี้กับกู เย็ดแม่.wav,0.325109,1.534819,none,True,light_none
C:\Users\muldi\Documents\Playground\University\senior-project-1\dataset\single\หี\หี (เบลล์).wav,0.0,1.76,หี,True,medium
C:\Users\muldi\Documents\Playground\University\senior-project-1\dataset\us\clear\เป็นสวะแล้วยังทำนิสัยหีๆอีก.wav,1.827762,2.837444,none,True,light_none
C:\Users\muldi\Documents\Playground\University\senior-project-1\dataset\us\clear\อั้มด่าแหลก.wav,0.123006,0.258299,ควย,,
C:\Users\muldi\Documents\Playground\University\senior-project-1\dataset\us\clear\ก็มาดิสะไอ้สัสเป็นเหี้ยไรวะ.wav,4.112927,5.410723,none,,
C:\Users\muldi\Documents\Playground\University\senior-project-1\dataset\us\clear\มึง กูหิวข้าววะ อยากกินตีนอะ.wav,0.0,0.530361,none,,
C:\Users\muldi\Documents\Playground\University\senior-project-1\dataset\us\clear\นี่มึงหายหัวไปทั้งวันแบบนี้แล้วพวกเราจะทำงานยังไง.wav,0.693325,4.246782,none,,
C:\Users\muldi\Documents\Playground\University\senior-project-1\dataset\us\clear\เป็นสวะแล้วยังทำนิสัยหีๆอีก.wav,4.838322,6.009877,none,,
C:\Users\muldi\Documents\Playground\University\senior-project-1\dataset\us\clear\ทายคำเย็ดแม่.wav,54.570637,62.959681,none,True,light_none
C:\Users\muldi\Documents\Playground\University\senior-project-1\dataset\us\clear\บิวพูดควย.wav,12.170126,12.358374,ควย,True,medium
C:\Users\muldi\Documents\Playground\University\senior-project-1\dataset\us\clear\บิวพูดเหี้ย.wav,10.239964,10.367651,เหี้ย,True,light
C:\Users\muldi\Documents\Playground\University\senior-project-1\dataset\us\noise\รถติดบนทางด่วน.wav,5.347308,5.504605,หี,,
C:\Users\muldi\Documents\Playground\University\senior-project-1\dataset\us\clear\เธอทำตัวเหมือนสวะที่ไม่มีเป้าหมายในชีวิต.wav,1.998751,2.260444,สวะ,,
C:\Users\muldi\Documents\Playground\University\senior-project-1\dataset\us\clear\นิสัยควยๆแบบนี้.wav,0.0,1.531654,none,,
C:\Users\muldi\Documents\Playground\University\senior-project-1\dataset\us\clear\เย็ดแม่มึงคิดยังไงถึงทำอย่างนี้.wav,0.0,0.272779,none,,
C:\Users\muldi\Documents\Playground\University\senior-project-1\dataset\us\clear\กูเป็นคนคิดไอเดียโปรเจคนี่หว่า เออกูแม่งสุดยอดวะ.wav,5.097268,5.329871,กู,,
C:\Users\muldi\Documents\Playground\University\senior-project-1\dataset\us\clear\อารมณ์แบบว่างี้ป้ะ.wav,14.950446,15.102867,แตด,True,heavy
C:\Users\muldi\Documents\Playground\University\senior-project-1\dataset\us\noise\โอ๊ย เย็ดแม่ เจ็บชิบหาย.wav,0.0,0.817853,none,True,light_none
C:\Users\muldi\Documents\Playground\University\senior-project-1\dataset\us\clear\ก็เอาสิ มาดูกันว่ากูน่ะจะอยู่รอดเป็นคนสุดท้ายหรือเปล่า.wav,2.467927,4.665156,none,True,light_none
C:\Users\muldi\Documents\Playground\University\senior-project-1\dataset\us\clear\ก็มาดิสะไอ้สัสเป็นเหี้ยไรวะ.wav,7.049388,9.367063,none,,
C:\Users\muldi\Documents\Playground\University\senior-project-1\dataset\us\clear\คนดีห้ามเพื่อน.wav,10.234288,13.261441,none,,
C:\Users\muldi\Documents\Playground\University\senior-project-1\dataset\us\clear\ช่วยกูด้วย.wav,1.05134,1.173977,กู,,
C:\Users\muldi\Documents\Playground\University\senior-project-1\dataset\us\clear\กาลครั้งมีไอ้สวะตัวหนึ่ง.wav,3.218479,3.43895,สวะ,True,medium
C:\Users\muldi\Documents\Playground\University\senior-project-1\dataset\us\clear\เธอทำตัวเหมือนสวะที่ไม่มีเป้าหมายในชีวิต.wav,1.998751,2.260444,สวะ,True,medium
C:\Users\muldi\Documents\Playground\University\senior-project-1\dataset\us\clear\บัวด่านัท.wav,18.130919,18.482848,สวะ,,
C:\Users\muldi\Documents\Playground\University\senior-project-1\dataset\us\clear\บัวด่านัท.wav,13.007235,13.101613,กู,,
C:\Users\muldi\Documents\Playground\University\senior-project-1\dataset\us\clear\ไอ้เหี้ย ใครกินของกูหมดเนี่ย.wav,1.563305,2.958776,none,True,light_none
C:\Users\muldi\Documents\Playground\University\senior-project-1\dataset\us\clear\ทุกครั้งมันก็เป็นแบบนี้เสมออ่ะ เย็ดแม่.wav,1.59731,1.659816,เย็ด,,
C:\Users\muldi\Documents\Playground\University\senior-project-1\dataset\us\clear\หีหอมพ่อง.wav,6.540361,8.08,none,,
C:\Users\muldi\Documents\Playground\University\senior-project-1\dataset\us\clear\เอ๊ย เป็นเหี้ยไรวะกูถามจริง.wav,7.919439,7.973497,none,,
C:\Users\muldi\Documents\Playground\University\senior-project-1\dataset\us\clear\เย็ดแม่ มึงไม่แคร์อะไรเลยใช่ไหมอ่ะ.wav,0.0,0.422101,none,True,light_none
C:\Users\muldi\Documents\Playground\University\senior-project-1\dataset\us\clear\บิวพูดควย.wav,5.419267,5.83977,ควย,True,medium
C:\Users\muldi\Documents\Playground\University\senior-project-1\dataset\us\clear\อารมณ์แบบว่างี้ป้ะ.wav,13.279914,13.617272,เหี้ย,,
C:\Users\muldi\Documents\Playground\University\senior-project-1\dataset\us\clear\กายพูดกูรัวๆ.wav,19.878926,20.239883,none,,
C:\Users\muldi\Documents\Playground\University\senior-project-1\dataset\us\clear\เย็ดแม่ กูไม่โอเคกับสิ่งที่มึงทำเลยนะ.wav,2.320188,3.788561,none,True,light_none
C:\Users\muldi\Documents\Playground\University\senior-project-1\dataset\us\clear\ก็มาดิสะไอ้สัสเป็นเหี้ยไรวะ.wav,10.864061,12.803295,none,,
C:\Users\muldi\Documents\Playground\University\senior-project-1\dataset\us\clear\อารมณ์แบบว่างี้ป้ะ.wav,9.2997,9.721397,เหี้ย,True,light
C:\Users\muldi\Documents\Playground\University\senior-project-1\dataset\us\clear\ไอ้เหี้ยทำไมนิสัยมึงสวะได้ขนาดนี้.wav,1.083694,1.570156,none,,
C:\Users\muldi\Documents\Playground\University\senior-project-1\dataset\us\clear\เย็ดแม่ มึงไม่แคร์อะไรเลยใช่ไหมอ่ะ.wav,0.509074,0.770502,none,True,light_none
C:\Users\muldi\Documents\Playground\University\senior-project-1\dataset\us\clear\ไอ้คนวิปริต ไอ้คนเย็ดแม่.wav,2.209886,2.321831,เย็ด,,
C:\Users\muldi\Documents\Playground\University\senior-project-1\dataset\us\clear\กูตั้งใจจะเรียนให้จบปีนี้.wav,0.168345,0.299953,กู,,
C:\Users\muldi\Documents\Playground\University\senior-project-1\dataset\single\เหี้ย\เหี้ย (เปอร์).wav,0.0,2.7306666666666666,เหี้ย,True,light
C:\Users\muldi\Documents\Playground\University\senior-project-1\dataset\us\clear\ขึ้นมาสิไอ้เย็ดแม่ เราจะไปเที่ยวทะเลกัน.wav,1.176853,1.30519,เย็ด,True,medium
C:\Users\muldi\Documents\Playground\University\senior-project-1\dataset\us\clear\ทายคำเย็ดแม่.wav,54.498565,54.570637,เย็ด,,
C:\Users\muldi\Documents\Playground\University\senior-project-1\dataset\us\clear\บารมีมารดา.wav,8.281751,9.272336,none,,
C:\Users\muldi\Documents\Playground\University\senior-project-1\dataset\us\clear\ไอ้เหี้ยทำไมนิสัยมึงสวะได้ขนาดนี้.wav,0.0,0.81187,none,True,light_none
C:\Users\muldi\Documents\Playground\University\senior-project-1\dataset\us\clear\นี่มันจะเกินไปแล้วนะไอเย็ดแม่.wav,1.52459,1.627274,เย็ด,True,medium
C:\Users\muldi\Documents\Playground\University\senior-project-1\dataset\us\clear\เย็ดแม่ ทนไม่ไหวแล้วจริงๆนะ.wav,0.250072,2.218144,none,,
C:\Users\muldi\Documents\Playground\University\senior-project-1\dataset\us\clear\Janพูดถึงอาท.wav,42.969811,45.044591,none,True,light_none
C:\Users\muldi\Documents\Playground\University\senior-project-1\dataset\us\clear\Janพูดถึงอาท.wav,16.215763,16.686095,เหี้ย,True,light
C:\Users\muldi\Documents\Playground\University\senior-project-1\dataset\us\clear\คนดีห้ามเพื่อน.wav,13.261441,13.425949,กู,,
C:\Users\muldi\Documents\Playground\University\senior-project-1\dataset\us\noise\เย็ดแม่มความคิดโครตเจ๋ง.wav,0.244814,0.47921,เย็ด,,
C:\Users\muldi\Documents\Playground\University\senior-project-1\dataset\us\clear\บารมีมารดา.wav,10.533604,11.305338,none,,
C:\Users\muldi\Documents\Playground\University\senior-project-1\dataset\us\clear\หมากัด.wav,13.899931,16.44,none,True,light_none
C:\Users\muldi\Documents\Playground\University\senior-project-1\dataset\us\clear\Janพูดถึงอาท.wav,94.137844,94.275841,ควย,,
C:\Users\muldi\Documents\Playground\University\senior-project-1\dataset\us\clear\ความดื้อรั้นหน้าหีของมึงทำให้ทุกอย่างแย่ลงนะ.wav,1.429544,1.593864,หี,True,medium
C:\Users\muldi\Documents\Playground\University\senior-project-1\dataset\us\clear\ไอ้เหี้ย ใครกินของกูหมดเนี่ย.wav,0.304691,0.715392,เหี้ย,True,light
C:\Users\muldi\Documents\Playground\University\senior-project-1\dataset\us\clear\ก็มาดิสะไอ้สัสเป็นเหี้ยไรวะ.wav,9.367063,9.750196,สวะ,True,medium
C:\Users\muldi\Documents\Playground\University\senior-project-1\dataset\us\clear\อั้มด่าแหลก.wav,5.214738,6.632087,none,,
C:\Users\muldi\Documents\Playground\University\senior-project-1\dataset\us\clear\อย่าทำเหมือนกูไม่มีตัวตนนะ เย็ดแม่.wav,0.545171,0.65918,กู,,
C:\Users\muldi\Documents\Playground\University\senior-project-1\dataset\us\clear\โต้งไล่หมา.wav,14.812304,14.96499,กู,True,light
C:\Users\muldi\Documents\Playground\University\senior-project-1\dataset\us\clear\ป้าๆก๋วยเตี๋ยวถุงนึง.wav,15.959181,16.227687,none,True,light_none
C:\Users\muldi\Documents\Playground\University\senior-project-1\dataset\us\clear\เย็ดแม่ ทำไมถึงไม่ใส่ใจในสิ่งที่กูบอกบ้างอ่ะ.wav,1.645526,1.747162,กู,,
C:\Users\muldi\Documents\Playground\University\senior-project-1\dataset\us\clear\บิวพูดเหี้ย.wav,11.335021,12.359295,none,,
C:\Users\muldi\Documents\Playground\University\senior-project-1\dataset\us\clear\กายพูดกูรัวๆ.wav,12.739082,13.153661,กู,,
C:\Users\muldi\Documents\Playground\University\senior-project-1\dataset\us\clear\คนดีห้ามเพื่อน.wav,3.395044,6.960765,none,,
C:\Users\muldi\Documents\Playground\University\senior-project-1\dataset\us\clear\กล้าดียังไงมาแตะคนรัก.wav,2.699132,3.046038,สวะ,True,medium
C:\Users\muldi\Documents\Playground\University\senior-project-1\dataset\us\clear\ทายคำเย็ดแม่.wav,35.692788,35.782934,เย็ด,True,medium
C:\Users\muldi\Documents\Playground\University\senior-project-1\dataset\us\clear\ดูถูกหีไม่มีวันเจริญ.wav,4.368482,4.925846,none,True,light_none
C:\Users\muldi\Documents\Playground\University\senior-project-1\dataset\us\clear\พฤติกรรมเห็นแก่ตัวหัวควยของมึงมันสร้างปัญหารู้ไหม.wav,2.463156,4.23,none,True,light_none
C:\Users\muldi\Documents\Playground\University\senior-project-1\dataset\us\clear\เลสเบี้ยน.wav,8.804806,8.927275,แตด,True,heavy
C:\Users\muldi\Documents\Playground\University\senior-project-1\dataset\us\clear\อาทโดนFBI.wav,23.808862,33.007445,none,,
C:\Users\muldi\Documents\Playground\University\senior-project-1\dataset\us\clear\พิ้งค์ด่าหนัง.wav,5.391381,5.542865,มึง,,
C:\Users\muldi\Documents\Playground\University\senior-project-1\dataset\us\clear\จะว่าไปแล้วมึงติดเงินกูอยู่50อะดิฟ.wav,2.478462,3.92,none,,
C:\Users\muldi\Documents\Playground\University\senior-project-1\dataset\us\clear\เอ๊ย เป็นเหี้ยไรวะกูถามจริง.wav,16.657708,16.756708,none,,
C:\Users\muldi\Documents\Playground\University\senior-project-1\dataset\us\clear\ไอ้อาร์ตพูดเหี้ย.wav,6.197668,6.509716,เหี้ย,,
C:\Users\muldi\Documents\Playground\University\senior-project-1\dataset\us\clear\กาลครั้งมีไอ้สวะตัวหนึ่ง.wav,7.251913,7.503518,สวะ,True,medium
C:\Users\muldi\Documents\Playground\University\senior-project-1\dataset\us\clear\กาลครั้งมีไอ้สวะตัวหนึ่ง.wav,15.358915,15.575452,สวะ,True,medium
C:\Users\muldi\Documents\Playground\University\senior-project-1\dataset\us\clear\ป้าๆก๋วยเตี๋ยวถุงนึง.wav,10.602994,11.608491,none,,
C:\Users\muldi\Documents\Playground\University\senior-project-1\dataset\us\clear\เย็ดแม่มึงคิดยังไงถึงทำอย่างนี้.wav,0.441344,3.0,none,,
C:\Users\muldi\Documents\Playground\University\senior-project-1\dataset\us\clear\คอมโครตดี.wav,12.906096,13.068983,เหี้ย,,
C:\Users\muldi\Documents\Playground\University\senior-project-1\dataset\us\clear\เย็ดแม่ มึงไม่แคร์อะไรเลยใช่ไหมอ่ะ.wav,0.422101,0.509074,เย็ด,,
C:\Users\muldi\Documents\Playground\University\senior-project-1\dataset\us\clear\เย็ดแม่ นี่คือสิ่งที่มึงเรียกว่าความยุติธรรมอ่อ.wav,1.296168,1.528633,มึง,,
C:\Users\muldi\Documents\Playground\University\senior-project-1\dataset\us\clear\เอ๊ย เป็นเหี้ยไรวะกูถามจริง.wav,17.142422,19.157333,none,,
C:\Users\muldi\Documents\Playground\University\senior-project-1\dataset\us\clear\ทายคำเย็ดแม่.wav,35.782934,49.36401,none,True,light_none
C:\Users\muldi\Documents\Playground\University\senior-project-1\dataset\us\clear\พิ้งค์ด่าหนัง.wav,16.298451,16.388164,เหี้ย,,
C:\Users\muldi\Documents\Playground\University\senior-project-1\dataset\us\clear\นี่มันจะเกินไปแล้วนะไอเย็ดแม่.wav,1.627274,2.829213,none,True,light_none
C:\Users\muldi\Documents\Playground\University\senior-project-1\dataset\us\clear\เป็นสวะแล้วยังทำนิสัยหีๆอีก.wav,2.837444,3.002222,หี,True,medium
C:\Users\muldi\Documents\Playground\University\senior-project-1\dataset\us\clear\ขึ้นมาสิไอ้เย็ดแม่ เราจะไปเที่ยวทะเลกัน.wav,0.0,1.175032,none,,
C:\Users\muldi\Documents\Playground\University\senior-project-1\dataset\us\noise\ค่ายเหี้ย.wav,4.562026,4.718995,แตด,True,heavy
C:\Users\muldi\Documents\Playground\University\senior-project-1\dataset\us\clear\พูดจาไม่มีสาระเหมือนสวะลอยน้ำไปวัน ๆ.wav,2.439818,2.664448,สวะ,True,medium
C:\Users\muldi\Documents\Playground\University\senior-project-1\dataset\us\clear\เป็นสวะแล้วยังทำนิสัยหีๆอีก.wav,6.813849,7.155175,ควย,,
C:\Users\muldi\Documents\Playground\University\senior-project-1\dataset\us\clear\เอ๊ย เป็นเหี้ยไรวะกูถามจริง.wav,14.304754,14.454977,หี,,
C:\Users\muldi\Documents\Playground\University\senior-project-1\dataset\us\clear\หีหอมพ่อง.wav,4.652156,4.871414,ควย,,
C:\Users\muldi\Documents\Playground\University\senior-project-1\dataset\us\clear\เลสเบี้ยน.wav,8.804806,8.927275,แตด,True,heavy
C:\Users\muldi\Documents\Playground\University\senior-project-1\dataset\us\clear\คือมึงไม่ฉลาดหรอวะ.wav,0.736263,0.927792,มึง,,
C:\Users\muldi\Documents\Playground\University\senior-project-1\dataset\us\noise\ค่ายเหี้ย.wav,8.679464,8.788587,ควย,True,medium
C:\Users\muldi\Documents\Playground\University\senior-project-1\dataset\us\clear\บิวพูดควย.wav,5.83977,7.014002,none,True,light_none
C:\Users\muldi\Documents\Playground\University\senior-project-1\dataset\us\clear\อารมณ์แบบว่างี้ป้ะ.wav,15.813147,16.028569,เหี้ย,True,light
C:\Users\muldi\Documents\Playground\University\senior-project-1\dataset\us\clear\บิวพูดควย.wav,10.536497,12.170126,none,,
C:\Users\muldi\Documents\Playground\University\senior-project-1\dataset\us\clear\อีกระเทย มึงอะอีกระเทย กูอะตุ๊แท้ มึงอะตุ๊ดเทียม.wav,4.226211,5.254505,none,,
C:\Users\muldi\Documents\Playground\University\senior-project-1\dataset\us\clear\นิสัยควยๆแบบนี้.wav,1.53145,1.665415,ควย,,
C:\Users\muldi\Documents\Playground\University\senior-project-1\dataset\us\clear\ด้วยสัตย์สาบานแห่งพระแม่กิ้งก่า กูขอสาบานว่า.wav,0.0,3.7706,none,True,light_none
C:\Users\muldi\Documents\Playground\University\senior-project-1\dataset\us\clear\ดูถูกหีไม่มีวันเจริญ.wav,4.168719,4.368482,แตด,,
C:\Users\muldi\Documents\Playground\University\senior-project-1\dataset\us\noise\เข้ามาสิ ไอ้เย็ดแม่.wav,0.0,1.54287,none,,
C:\Users\muldi\Documents\Playground\University\senior-project-1\dataset\us\clear\Janพูดถึงอาท.wav,16.686095,18.233617,none,,
C:\Users\muldi\Documents\Playground\University\senior-project-1\dataset\us\clear\แปปนึง มึงใครเนี่ย มึงใคร มึงคือใคร.wav,3.887473,4.02989,มึง,,
C:\Users\muldi\Documents\Playground\University\senior-project-1\dataset\us\clear\อารมณ์แบบว่างี้ป้ะ.wav,11.684577,12.07579,ควย,True,medium
C:\Users\muldi\Documents\Playground\University\senior-project-1\dataset\us\clear\คือมึงไม่ฉลาดหรอวะ.wav,5.382951,5.576495,มึง,,
C:\Users\muldi\Documents\Playground\University\senior-project-1\dataset\us\clear\เป็นสวะแล้วยังทำนิสัยหีๆอีก.wav,3.988175,4.267936,มึง,True,light
C:\Users\muldi\Documents\Playground\University\senior-project-1\dataset\us\clear\โต้งไล่หมา.wav,38.752515,41.54307,none,True,light_none
C:\Users\muldi\Documents\Playground\University\senior-project-1\dataset\us\clear\ชีสเหม็น.wav,7.102098,7.393144,แตด,True,heavy
C:\Users\muldi\Documents\Playground\University\senior-project-1\dataset\us\noise\ค่ายเหี้ย2.wav,0.0,0.730067,none,,
C:\Users\muldi\Documents\Playground\University\senior-project-1\dataset\us\clear\เลสเบี้ยน.wav,8.329773,8.478221,ควย,,
C:\Users\muldi\Documents\Playground\University\senior-project-1\dataset\us\clear\ไอ้อาร์ตพูดเหี้ย.wav,5.275955,5.429273,เหี้ย,,
C:\Users\muldi\Documents\Playground\University\senior-project-1\dataset\us\clear\ทุกครั้งที่เขาพูด มันเหมือนเขากำลังพ่นสวะออกมา.wav,3.112623,3.321756,สวะ,,
C:\Users\muldi\Documents\Playground\University\senior-project-1\dataset\us\clear\โอ๊ยเย็ดเป็ดหีแม่มึงร่วง.wav,1.830495,2.057193,none,,
C:\Users\muldi\Documents\Playground\University\senior-project-1\dataset\us\clear\คือมึงไม่ฉลาดหรอวะ.wav,3.385009,3.467669,none,,
C:\Users\muldi\Documents\Playground\University\senior-project-1\dataset\us\clear\ไอ้เย็ดแม่เอ๊ย โทรมาทำไม กูง่วง.wav,0.502814,0.685264,เย็ด,,
C:\Users\muldi\Documents\Playground\University\senior-project-1\dataset\us\clear\หมากัด.wav,2.901837,3.188707,สวะ,True,medium
C:\Users\muldi\Documents\Playground\University\senior-project-1\dataset\us\clear\Janพูดถึงอาท.wav,80.772829,80.876913,เย็ด,,
C:\Users\muldi\Documents\Playground\University\senior-project-1\dataset\single\แตด\แตด (โบท).wav,0.0,1.73,แตด,True,heavy
C:\Users\muldi\Documents\Playground\University\senior-project-1\dataset\us\clear\ด้วยสัตย์สาบานแห่งพระแม่กิ้งก่า กูขอสาบานว่า.wav,4.035312,5.872111,none,,
C:\Users\muldi\Documents\Playground\University\senior-project-1\dataset\us\clear\ชีสเหม็น.wav,0.0,7.102098,none,,
C:\Users\muldi\Documents\Playground\University\senior-project-1\dataset\us\clear\Janพูดถึงอาท.wav,18.82476,35.876175,none,,
C:\Users\muldi\Documents\Playground\University\senior-project-1\dataset\us\clear\บัวด่านัท.wav,4.381274,6.399963,none,,
C:\Users\muldi\Documents\Playground\University\senior-project-1\dataset\us\clear\กล้าดียังไงมาแตะคนรัก.wav,3.046038,4.775945,none,,
C:\Users\muldi\Documents\Playground\University\senior-project-1\dataset\us\clear\ฉันไปเรียนภาษาใต้มา.wav,8.088608,9.35,none,,
C:\Users\muldi\Documents\Playground\University\senior-project-1\dataset\us\noise\โอ๊ย เย็ดแม่ เจ็บชิบหาย.wav,0.955353,2.92,none,,
C:\Users\muldi\Documents\Playground\University\senior-project-1\dataset\us\clear\โต้งไล่หมา.wav,29.163475,30.744895,none,,
C:\Users\muldi\Documents\Playground\University\senior-project-1\dataset\us\clear\ก็มาดิสะไอ้สัสเป็นเหี้ยไรวะ.wav,3.872425,4.112927,หี,,
C:\Users\muldi\Documents\Playground\University\senior-project-1\dataset\us\clear\เออใช่ กูเห็นไอกายมันลงสตอรี่ ชวนสาวมาดูแมวที่.wav,0.0,2.189978,none,,
C:\Users\muldi\Documents\Playground\University\senior-project-1\dataset\us\clear\จะว่าไปแล้วมึงติดเงินกูอยู่50อะดิฟ.wav,1.738254,2.278462,none,,
C:\Users\muldi\Documents\Playground\University\senior-project-1\dataset\us\clear\ควย มึงทำแบบนี้คนจะมองว่าเป็นคนไร้ความรับผิดชอบนะ.wav,0.499415,0.665955,none,,
C:\Users\muldi\Documents\Playground\University\senior-project-1\dataset\us\noise\ค่ายเหี้ย2.wav,1.216778,3.759546,none,,
C:\Users\muldi\Documents\Playground\University\senior-project-1\dataset\us\clear\คนดีห้ามเพื่อน.wav,7.332966,10.156042,none,,
C:\Users\muldi\Documents\Playground\University\senior-project-1\dataset\us\clear\มึงไม่เบื่อหรอวะไอดิฟ วันๆเห็นเอาแต่หลี่สาวอะ.wav,0.839381,1.035019,มึง,,
C:\Users\muldi\Documents\Playground\University\senior-project-1\dataset\single\สวะ\สวะ (เปอร์).wav,0.0,2.3466666666666667,สวะ,True,medium
C:\Users\muldi\Documents\Playground\University\senior-project-1\dataset\us\clear\บิวพูดเหี้ย.wav,8.642485,8.974194,เหี้ย,,
C:\Users\muldi\Documents\Playground\University\senior-project-1\dataset\us\clear\กาลครั้งมีไอ้สวะตัวหนึ่ง.wav,14.377961,14.515066,หี,,
C:\Users\muldi\Documents\Playground\University\senior-project-1\dataset\us\clear\เย็ดแม่ ทำไมถึงไม่ใส่ใจในสิ่งที่กูบอกบ้างอ่ะ.wav,0.0,0.085523,เย็ด,,
C:\Users\muldi\Documents\Playground\University\senior-project-1\dataset\us\clear\พูดจาไม่มีสาระเหมือนสวะลอยน้ำไปวัน ๆ.wav,2.439818,2.664448,สวะ,,
C:\Users\muldi\Documents\Playground\University\senior-project-1\dataset\us\clear\เช้านี้สดใส.wav,11.240432,11.4655,มึง,,
C:\Users\muldi\Documents\Playground\University\senior-project-1\dataset\us\clear\บิวพูดควย.wav,10.209146,10.442137,ควย,,
C:\Users\muldi\Documents\Playground\University\senior-project-1\dataset\us\clear\เย็ดแม่ นี่คือสิ่งที่มึงเรียกว่าความยุติธรรมอ่อ.wav,1.528633,3.426093,none,,
C:\Users\muldi\Documents\Playground\University\senior-project-1\dataset\us\noise\รถติดบนทางด่วน.wav,5.991365,6.933333,none,True,light_none
C:\Users\muldi\Documents\Playground\University\senior-project-1\dataset\us\clear\ไอ้อาร์ตพูดเหี้ย.wav,12.083289,12.472898,none,,
C:\Users\muldi\Documents\Playground\University\senior-project-1\dataset\us\clear\ดูถูกหีไม่มีวันเจริญ.wav,1.373789,2.375798,none,,
C:\Users\muldi\Documents\Playground\University\senior-project-1\dataset\us\clear\ชีสเหม็น.wav,9.421103,9.900849,เหี้ย,True,light
C:\Users\muldi\Documents\Playground\University\senior-project-1\dataset\us\clear\เราควรทิ้งความคิดเชิงลบเหมือนกำจัดสวะออกจากแม่น้ำ.wav,2.914356,3.19558,สวะ,True,medium
C:\Users\muldi\Documents\Playground\University\senior-project-1\dataset\us\clear\พอเหอะเย็ดแม่ เหนื่อยที่จะต้องพูดซ้ำๆอ่ะ.wav,0.560904,0.683724,เย็ด,,
C:\Users\muldi\Documents\Playground\University\senior-project-1\dataset\us\clear\บิวพูดควย.wav,2.412185,3.03642,ควย,,
C:\Users\muldi\Documents\Playground\University\senior-project-1\dataset\us\clear\เย็ดแม่ ทำไมถึงไม่คิดก่อนพูดบ้าง.wav,0.000845,0.193294,none,True,light_none
C:\Users\muldi\Documents\Playground\University\senior-project-1\dataset\us\clear\มึงไม่มีสิทธิ์มาทำแบบนี้กับกู เย็ดแม่.wav,1.534819,1.756098,กู,,
C:\Users\muldi\Documents\Playground\University\senior-project-1\dataset\us\clear\ฉันไปเรียนภาษาใต้มา.wav,4.515939,4.733057,หี,,
C:\Users\muldi\Documents\Playground\University\senior-project-1\dataset\us\clear\ไอ้อาร์ตพูดเหี้ย.wav,17.395318,17.909386,none,,
C:\Users\muldi\Documents\Playground\University\senior-project-1\dataset\us\clear\เราควรทิ้งความคิดเชิงลบเหมือนกำจัดสวะออกจากแม่น้ำ.wav,0.0,2.914356,none,,
C:\Users\muldi\Documents\Playground\University\senior-project-1\dataset\us\noise\เย็ดแม่มความคิดโครตเจ๋ง.wav,0.244814,0.47921,เย็ด,True,medium
C:\Users\muldi\Documents\Playground\University\senior-project-1\dataset\us\clear\ชอบทำตัวหัวควยใส่คนอื่น ทั้งที่ตัวเองก็ไม่ได้ดีไปกว่าใครเลย.wav,0.0,2.337409,none,,
C:\Users\muldi\Documents\Playground\University\senior-project-1\dataset\us\clear\คือมึงไม่ฉลาดหรอวะ.wav,0.927792,1.953588,none,,
C:\Users\muldi\Documents\Playground\University\senior-project-1\dataset\single\หี\หี (โบท).wav,0.0,2.04,หี,,
C:\Users\muldi\Documents\Playground\University\senior-project-1\dataset\single\เย็ด\เย็ด (เปอร์).wav,0.0,2.24,เย็ด,,
C:\Users\muldi\Documents\Playground\University\senior-project-1\dataset\us\noise\ฮื่อ มึง ก็มันรักเขาไปแล้วอ่ะ.wav,2.64123,4.809615,none,,
C:\Users\muldi\Documents\Playground\University\senior-project-1\dataset\us\clear\เอ๊ย เป็นเหี้ยไรวะกูถามจริง.wav,10.14729,11.036401,none,,
C:\Users\muldi\Documents\Playground\University\senior-project-1\dataset\single\แตด\แตด (โบท).wav,0.0,1.73,แตด,True,heavy
C:\Users\muldi\Documents\Playground\University\senior-project-1\dataset\us\clear\กาลครั้งมีไอ้สวะตัวหนึ่ง.wav,10.290912,10.477431,หี,,
C:\Users\muldi\Documents\Playground\University\senior-project-1\dataset\us\clear\คอมโครตดี.wav,13.068983,14.926504,none,,
C:\Users\muldi\Documents\Playground\University\senior-project-1\dataset\us\clear\ไอ้อาร์ตพูดเหี้ย.wav,2.261896,2.501794,เหี้ย,,
C:\Users\muldi\Documents\Playground\University\senior-project-1\dataset\us\clear\อารมณ์แบบว่างี้ป้ะ.wav,16.192167,16.585132,สวะ,,
C:\Users\muldi\Documents\Playground\University\senior-project-1\dataset\us\clear\นี่มันจะเกินไปแล้วนะไอเย็ดแม่.wav,0.0,1.52459,none,,
C:\Users\muldi\Documents\Playground\University\senior-project-1\dataset\us\clear\อารมณ์แบบว่างี้ป้ะ.wav,8.977584,9.2997,หี,,
C:\Users\muldi\Documents\Playground\University\senior-project-1\dataset\us\clear\จะว่าไปแล้วมึงติดเงินกูอยู่50อะดิฟ.wav,1.493846,1.738254,มึง,,
C:\Users\muldi\Documents\Playground\University\senior-project-1\dataset\us\clear\ดูถูกหีไม่มีวันเจริญ.wav,0.971687,1.373789,ควย,True,medium
C:\Users\muldi\Documents\Playground\University\senior-project-1\dataset\us\clear\กายพูดกูรัวๆ.wav,11.731366,12.737029,none,,
C:\Users\muldi\Documents\Playground\University\senior-project-1\dataset\single\ควย\ควย (แทน).wav,0.0,2.453333333333333,ควย,,
C:\Users\muldi\Documents\Playground\University\senior-project-1\dataset\us\clear\อารมณ์แบบว่างี้ป้ะ.wav,15.386369,15.592645,แตด,True,heavy
C:\Users\muldi\Documents\Playground\University\senior-project-1\dataset\us\clear\Janพูดถึงอาท.wav,14.227402,14.860768,เหี้ย,True,light
C:\Users\muldi\Documents\Playground\University\senior-project-1\dataset\us\clear\ดูถูกหีไม่มีวันเจริญ.wav,0.0,0.970043,none,,
C:\Users\muldi\Documents\Playground\University\senior-project-1\dataset\us\clear\Janพูดถึงอาท.wav,42.447539,42.969811,ควย,,
C:\Users\muldi\Documents\Playground\University\senior-project-1\dataset\us\clear\เป็นสวะแล้วยังทำนิสัยหีๆอีก.wav,6.009877,6.167412,แตด,True,heavy
C:\Users\muldi\Documents\Playground\University\senior-project-1\dataset\us\clear\ควย มึงทำแบบนี้คนจะมองว่าเป็นคนไร้ความรับผิดชอบนะ.wav,0.665955,0.784526,มึง,,
C:\Users\muldi\Documents\Playground\University\senior-project-1\dataset\single\ควย\ควย (เบลล์).wav,0.0,2.05,ควย,True,medium
C:\Users\muldi\Documents\Playground\University\senior-project-1\dataset\us\clear\คอมโครตดี.wav,11.903393,12.906096,none,,
C:\Users\muldi\Documents\Playground\University\senior-project-1\dataset\us\clear\โอ๊ยเย็ดเป็ดหีแม่มึงร่วง.wav,1.648577,1.830495,หี,True,medium
C:\Users\muldi\Documents\Playground\University\senior-project-1\dataset\us\clear\โต้งไล่หมา.wav,14.96499,29.031033,none,,
C:\Users\muldi\Documents\Playground\University\senior-project-1\dataset\us\clear\แล้วคิดจะรับผิดชอบเรื่องนี้ยังไง เย็ดแม่.wav,2.204926,2.310352,เย็ด,True,medium
C:\Users\muldi\Documents\Playground\University\senior-project-1\dataset\us\clear\คือมึงไม่ฉลาดหรอวะ.wav,4.213621,4.350715,มึง,,
C:\Users\muldi\Documents\Playground\University\senior-project-1\dataset\us\clear\บิวพูดควย.wav,1.654963,2.412185,none,,
C:\Users\muldi\Documents\Playground\University\senior-project-1\dataset\us\clear\บิวพูดเหี้ย.wav,10.979717,11.335021,กู,,
C:\Users\muldi\Documents\Playground\University\senior-project-1\dataset\us\clear\บัวด่านัท.wav,11.37507,11.502592,มึง,,
C:\Users\muldi\Documents\Playground\University\senior-project-1\dataset\us\clear\ไอ้อาร์ตพูดเหี้ย.wav,9.776299,10.023412,เหี้ย,,
C:\Users\muldi\Documents\Playground\University\senior-project-1\dataset\us\clear\กล้าดียังไงมาแตะคนรัก.wav,4.994257,7.246159,none,,
C:\Users\muldi\Documents\Playground\University\senior-project-1\dataset\us\clear\ทุกครั้งมันก็เป็นแบบนี้เสมออ่ะ เย็ดแม่.wav,1.659816,2.634765,none,,
C:\Users\muldi\Documents\Playground\University\senior-project-1\dataset\us\clear\ไอ้อาร์ตพูดเหี้ย.wav,2.261896,2.501794,เหี้ย,True,light
C:\Users\muldi\Documents\Playground\University\senior-project-1\dataset\us\clear\มึงไม่เคยฟังใครเลยใช่ไหม เย็ดแม่.wav,0.33246,0.469019,มึง,,
C:\Users\muldi\Documents\Playground\University\senior-project-1\dataset\us\clear\เห้ย กูตื่นเต้นมากเลยที่จะได้ไปเที่ยวอาทิตย์หน้า.wav,0.0,0.226705,none,,
C:\Users\muldi\Documents\Playground\University\senior-project-1\dataset\us\clear\เอ๊ย เป็นเหี้ยไรวะกูถามจริง.wav,14.553978,14.718726,แตด,True,heavy
C:\Users\muldi\Documents\Playground\University\senior-project-1\dataset\us\clear\ถามจริงนะมึง เรื่องแบบนี้พูดออกมาได้ยังไง.wav,0.0,1.118109,none,,
C:\Users\muldi\Documents\Playground\University\senior-project-1\dataset\us\clear\โต้งไล่หมา.wav,38.637913,38.752515,กู,True,light
C:\Users\muldi\Documents\Playground\University\senior-project-1\dataset\single\มึง\มึง (เบลล์).wav,0.0,1.91,มึง,,
C:\Users\muldi\Documents\Playground\University\senior-project-1\dataset\us\clear\แดนแถมควย.wav,2.000685,3.072,none,,
C:\Users\muldi\Documents\Playground\University\senior-project-1\dataset\us\clear\เป็นสวะแล้วยังทำนิสัยหีๆอีก.wav,7.155175,8.021333,none,,
C:\Users\muldi\Documents\Playground\University\senior-project-1\dataset\us\clear\เย็ดแม่ นี่คือเหตุผลที่กูไม่อยากคุยกับมึง.wav,2.112231,2.308586,มึง,,
C:\Users\muldi\Documents\Playground\University\senior-project-1\dataset\us\clear\บัวด่านัท.wav,24.438127,24.518168,เย็ด,,
C:\Users\muldi\Documents\Playground\University\senior-project-1\dataset\us\noise\เข้ามาสิ ไอ้เย็ดแม่.wav,1.708489,2.87,none,,
C:\Users\muldi\Documents\Playground\University\senior-project-1\dataset\us\clear\ก็มาดิสะไอ้สัสเป็นเหี้ยไรวะ.wav,12.803295,13.056,ควย,,
C:\Users\muldi\Documents\Playground\University\senior-project-1\dataset\us\clear\แปปนึง มึงใครเนี่ย มึงใคร มึงคือใคร.wav,5.443516,5.575385,มึง,,
C:\Users\muldi\Documents\Playground\University\senior-project-1\dataset\us\clear\เมื่อวานเว้ยกูเห็นมึงกับไอกิตอะไปทำอะไรที่หลังซอย.wav,3.646591,3.941746,มึง,,
C:\Users\muldi\Documents\Playground\University\senior-project-1\dataset\us\noise\รถติดบนทางด่วน.wav,5.504605,5.813721,none,,
C:\Users\muldi\Documents\Playground\University\senior-project-1\dataset\us\noise\ค่ายเหี้ย.wav,4.562026,4.718995,แตด,True,heavy
C:\Users\muldi\Documents\Playground\University\senior-project-1\dataset\us\clear\เป็นสวะแล้วยังทำนิสัยหีๆอีก.wav,4.267936,4.631896,none,,
C:\Users\muldi\Documents\Playground\University\senior-project-1\dataset\us\clear\พฤติกรรมเห็นแก่ตัวหัวควยของมึงมันสร้างปัญหารู้ไหม.wav,2.463156,4.23,none,,
C:\Users\muldi\Documents\Playground\University\senior-project-1\dataset\us\clear\บิวพูดเหี้ย.wav,4.87617,6.752158,none,True,light_none
C:\Users\muldi\Documents\Playground\University\senior-project-1\dataset\us\clear\โอ๊ยเย็ดเป็ดหีแม่มึงร่วง.wav,1.15297,1.307121,เย็ด,True,medium
C:\Users\muldi\Documents\Playground\University\senior-project-1\dataset\us\clear\บิวพูดเหี้ย.wav,15.043503,15.697207,เหี้ย,,
C:\Users\muldi\Documents\Playground\University\senior-project-1\dataset\us\clear\ทายคำเย็ดแม่.wav,64.120833,64.192486,เย็ด,True,medium
C:\Users\muldi\Documents\Playground\University\senior-project-1\dataset\us\clear\เอ๊ย เป็นเหี้ยไรวะกูถามจริง.wav,7.552929,7.745374,หี,True,medium
C:\Users\muldi\Documents\Playground\University\senior-project-1\dataset\us\clear\ไอ้เย็ดแม่เอ๊ย โทรมาทำไม กูง่วง.wav,0.502814,0.685264,เย็ด,True,medium
C:\Users\muldi\Documents\Playground\University\senior-project-1\dataset\us\clear\นี่มึงหายหัวไปทั้งวันแบบนี้แล้วพวกเราจะทำงานยังไง.wav,0.42807,0.693325,มึง,,
C:\Users\muldi\Documents\Playground\University\senior-project-1\dataset\us\clear\บิวพูดเหี้ย.wav,4.87617,6.752158,none,,
C:\Users\muldi\Documents\Playground\University\senior-project-1\dataset\us\clear\ฉันไปเรียนภาษาใต้มา.wav,7.377011,8.088608,แตด,True,heavy
C:\Users\muldi\Documents\Playground\University\senior-project-1\dataset\us\clear\ไอ้อาร์ตพูดเหี้ย.wav,7.476524,7.725441,เหี้ย,,
C:\Users\muldi\Documents\Playground\University\senior-project-1\dataset\single\ควย\ควย (เบลล์).wav,0.0,2.05,ควย,,
C:\Users\muldi\Documents\Playground\University\senior-project-1\dataset\us\clear\โต้งไล่หมา.wav,41.54307,41.720454,กู,True,light
C:\Users\muldi\Documents\Playground\University\senior-project-1\dataset\us\noise\เข้ามาสิ ไอ้เย็ดแม่.wav,0.0,1.54287,none,True,light_none
C:\Users\muldi\Documents\Playground\University\senior-project-1\dataset\us\clear\เอ๊ย เป็นเหี้ยไรวะกูถามจริง.wav,4.63567,4.893427,none,,
C:\Users\muldi\Documents\Playground\University\senior-project-1\dataset\us\clear\เย็ดแม่ ทำไมถึงไม่ใส่ใจในสิ่งที่กูบอกบ้างอ่ะ.wav,0.0,0.085523,เย็ด,True,medium
C:\Users\muldi\Documents\Playground\University\senior-project-1\dataset\us\clear\เราควรทิ้งความคิดเชิงลบเหมือนกำจัดสวะออกจากแม่น้ำ.wav,2.914356,3.19558,สวะ,True,medium
C:\Users\muldi\Documents\Playground\University\senior-project-1\dataset\us\clear\บิวพูดควย.wav,10.442137,10.536497,กู,,
C:\Users\muldi\Documents\Playground\University\senior-project-1\dataset\us\clear\อาทโดนFBI.wav,56.666297,57.291764,none,,
C:\Users\muldi\Documents\Playground\University\senior-project-1\dataset\us\clear\ฉันไปเรียนภาษาใต้มา.wav,7.377011,8.088608,แตด,True,heavy
C:\Users\muldi\Documents\Playground\University\senior-project-1\dataset\us\noise\ค่ายเหี้ย.wav,0.776496,1.946584,none,True,light_none
C:\Users\muldi\Documents\Playground\University\senior-project-1\dataset\us\clear\บัวด่านัท.wav,1.951287,2.498378,none,True,light_none
C:\Users\muldi\Documents\Playground\University\senior-project-1\dataset\us\clear\ไอ้อาร์ตพูดเหี้ย.wav,5.429273,6.197668,none,,
C:\Users\muldi\Documents\Playground\University\senior-project-1\dataset\us\clear\ไอ้เหี้ยทำไมนิสัยมึงสวะได้ขนาดนี้.wav,1.962002,3.330572,none,,
C:\Users\muldi\Documents\Playground\University\senior-project-1\dataset\us\clear\Janพูดถึงอาท.wav,95.803252,95.979016,หี,True,medium
C:\Users\muldi\Documents\Playground\University\senior-project-1\dataset\us\noise\ค่ายเหี้ย.wav,1.946584,2.130414,กู,,
C:\Users\muldi\Documents\Playground\University\senior-project-1\dataset\us\clear\อาทโดนFBI.wav,9.716483,23.638608,none,,
C:\Users\muldi\Documents\Playground\University\senior-project-1\dataset\us\clear\บิวพูดเหี้ย.wav,2.497561,2.922379,เหี้ย,,
C:\Users\muldi\Documents\Playground\University\senior-project-1\dataset\us\clear\ป้าๆก๋วยเตี๋ยวถุงนึง.wav,13.629217,13.996858,สวะ,,
C:\Users\muldi\Documents\Playground\University\senior-project-1\dataset\single\สวะ\สวะ (โบท).wav,0.0,1.91,สวะ,True,medium
C:\Users\muldi\Documents\Playground\University\senior-project-1\dataset\us\clear\โต้งไล่หมา.wav,1.369019,14.812304,none,,
C:\Users\muldi\Documents\Playground\University\senior-project-1\dataset\us\clear\เย็ดแม่ ทนไม่ไหวแล้วจริงๆนะ.wav,0.133903,0.250072,เย็ด,True,medium
C:\Users\muldi\Documents\Playground\University\senior-project-1\dataset\us\clear\กาลครั้งมีไอ้สวะตัวหนึ่ง.wav,7.503518,10.290912,none,,
C:\Users\muldi\Documents\Playground\University\senior-project-1\dataset\us\clear\อีกระเทย มึงอะอีกระเทย กูอะตุ๊แท้ มึงอะตุ๊ดเทียม.wav,4.050235,4.226211,กู,,
C:\Users\muldi\Documents\Playground\University\senior-project-1\dataset\us\clear\บิวพูดควย.wav,12.358374,12.376303,none,True,light_none
C:\Users\muldi\Documents\Playground\University\senior-project-1\dataset\us\clear\นี่มึงหายหัวไปทั้งวันแบบนี้แล้วพวกเราจะทำงานยังไง.wav,0.0,0.42807,none,,
C:\Users\muldi\Documents\Playground\University\senior-project-1\dataset\us\clear\หีหอมพ่อง.wav,2.743314,3.060595,สวะ,True,medium
C:\Users\muldi\Documents\Playground\University\senior-project-1\dataset\us\clear\บัวด่านัท.wav,19.869535,24.438127,none,True,light_none
C:\Users\muldi\Documents\Playground\University\senior-project-1\dataset\us\clear\อาทโดนFBI.wav,77.377521,77.549346,เหี้ย,,
C:\Users\muldi\Documents\Playground\University\senior-project-1\dataset\us\clear\อาทโดนFBI.wav,42.91112,43.14398,ควย,,
C:\Users\muldi\Documents\Playground\University\senior-project-1\dataset\us\clear\บารมีมารดา.wav,11.469476,13.885466,none,,
C:\Users\muldi\Documents\Playground\University\senior-project-1\dataset\us\clear\กาลครั้งมีไอ้สวะตัวหนึ่ง.wav,3.218479,3.43895,สวะ,,
C:\Users\muldi\Documents\Playground\University\senior-project-1\dataset\us\clear\ไอ้เหี้ยทำไมนิสัยมึงสวะได้ขนาดนี้.wav,1.804454,1.962002,สวะ,True,medium
C:\Users\muldi\Documents\Playground\University\senior-project-1\dataset\us\clear\ชอบทำตัวหัวควยใส่คนอื่น ทั้งที่ตัวเองก็ไม่ได้ดีไปกว่าใครเลย.wav,2.337409,2.500583,ควย,,
C:\Users\muldi\Documents\Playground\University\senior-project-1\dataset\single\แตด\แตด (เปอร์).wav,0.0,2.325333333333333,แตด,,
C:\Users\muldi\Documents\Playground\University\senior-project-1\dataset\us\clear\เย็ดแม่ กูควรจะคาดหวังอะไรจากมึงอีกอ่ะ.wav,0.027407,0.148967,เย็ด,,
C:\Users\muldi\Documents\Playground\University\senior-project-1\dataset\us\clear\คือมึงไม่ฉลาดหรอวะ.wav,3.467669,3.582586,แตด,True,heavy
C:\Users\muldi\Documents\Playground\University\senior-project-1\dataset\us\clear\ถ้ามึงจะทำอย่างนี้นะ ไปเหอะ อย่ากลับมาเลย.wav,1.213614,5.676356,none,True,light_none
C:\Users\muldi\Documents\Playground\University\senior-project-1\dataset\single\แตด\แตด (โบท).wav,0.0,1.73,แตด,True,heavy
C:\Users\muldi\Documents\Playground\University\senior-project-1\dataset\us\clear\ชีสเหม็น.wav,11.138455,11.245529,กู,,
C:\Users\muldi\Documents\Playground\University\senior-project-1\dataset\us\clear\ไอ้เหี้ย ใครกินของกูหมดเนี่ย.wav,0.304691,0.715392,เหี้ย,,
C:\Users\muldi\Documents\Playground\University\senior-project-1\dataset\us\clear\เอ๊ย เป็นเหี้ยไรวะกูถามจริง.wav,14.718726,16.541993,none,,
C:\Users\muldi\Documents\Playground\University\senior-project-1\dataset\us\clear\ไอ้อาร์ตพูดเหี้ย.wav,4.480503,4.617588,เหี้ย,True,light
C:\Users\muldi\Documents\Playground\University\senior-project-1\dataset\us\clear\เป็นสวะแล้วยังทำนิสัยหีๆอีก.wav,0.0,1.566109,none,,
C:\Users\muldi\Documents\Playground\University\senior-project-1\dataset\us\clear\ชีสเหม็น.wav,7.102098,7.393144,แตด,True,heavy
C:\Users\muldi\Documents\Playground\University\senior-project-1\dataset\us\clear\นิสัยควยๆแบบนี้.wav,4.527586,4.898545,สวะ,True,medium
C:\Users\muldi\Documents\Playground\University\senior-project-1\dataset\us\clear\บัวด่านัท.wav,16.856385,17.18165,none,,
C:\Users\muldi\Documents\Playground\University\senior-project-1\dataset\single\ควย\ควย (เปอร์).wav,0.0,2.112,ควย,True,medium
C:\Users\muldi\Documents\Playground\University\senior-project-1\dataset\us\clear\ทุกครั้งที่เขาพูด มันเหมือนเขากำลังพ่นสวะออกมา.wav,3.112623,3.321756,สวะ,True,medium
C:\Users\muldi\Documents\Playground\University\senior-project-1\dataset\us\clear\บารมีมารดา.wav,14.046724,14.844376,none,True,light_none
C:\Users\muldi\Documents\Playground\University\senior-project-1\dataset\us\clear\ไอ้เหี้ยทำไมนิสัยมึงสวะได้ขนาดนี้.wav,3.330572,3.530134,เหี้ย,True,light
C:\Users\muldi\Documents\Playground\University\senior-project-1\dataset\us\clear\แม่งใช้เส้นสายหัวควยของมัน เพื่อให้ได้สิ่งที่ต้องการ.wav,2.017959,2.166786,ควย,True,medium
C:\Users\muldi\Documents\Playground\University\senior-project-1\dataset\us\clear\Janพูดถึงอาท.wav,42.969811,45.044591,none,,
C:\Users\muldi\Documents\Playground\University\senior-project-1\dataset\us\noise\รถติดบนทางด่วน.wav,3.106011,3.304746,สวะ,True,medium
C:\Users\muldi\Documents\Playground\University\senior-project-1\dataset\us\clear\หีหอมพ่อง.wav,1.570019,2.530504,none,,
C:\Users\muldi\Documents\Playground\University\senior-project-1\dataset\us\clear\หีหอมพ่อง.wav,6.40945,6.540361,ควย,,
C:\Users\muldi\Documents\Playground\University\senior-project-1\dataset\single\เย็ด\เย็ด (โบท).wav,0.0,1.94,เย็ด,,
C:\Users\muldi\Documents\Playground\University\senior-project-1\dataset\single\กู\กู (เบลล์).wav,0.0,1.59,กู,,
C:\Users\muldi\Documents\Playground\University\senior-project-1\dataset\us\noise\รถติดบนทางด่วน.wav,5.813721,5.991365,แตด,True,heavy
C:\Users\muldi\Documents\Playground\University\senior-project-1\dataset\us\clear\การกระทำที่ไร้ศีลธรรมของเขาเป็นเหมือนสวะที่ปนเปื้อนในสังคม.wav,2.961863,3.198446,สวะ,True,medium
C:\Users\muldi\Documents\Playground\University\senior-project-1\dataset\us\clear\การกระทำที่ไร้ศีลธรรมของเขาเป็นเหมือนสวะที่ปนเปื้อนในสังคม.wav,3.198446,4.59,none,,
C:\Users\muldi\Documents\Playground\University\senior-project-1\dataset\us\clear\กายพูดกูรัวๆ.wav,23.569601,23.642706,เย็ด,,
C:\Users\muldi\Documents\Playground\University\senior-project-1\dataset\us\clear\พฤติกรรมเห็นแก่ตัวหัวควยของมึงมันสร้างปัญหารู้ไหม.wav,1.931482,2.076266,ควย,,
C:\Users\muldi\Documents\Playground\University\senior-project-1\dataset\us\clear\คอมโครตดี.wav,5.883786,11.399811,none,,
C:\Users\muldi\Documents\Playground\University\senior-project-1\dataset\us\clear\ดูถูกหีไม่มีวันเจริญ.wav,4.925846,5.242343,สวะ,True,medium
C:\Users\muldi\Documents\Playground\University\senior-project-1\dataset\us\clear\ชีสเหม็น.wav,7.393144,7.831683,none,,
C:\Users\muldi\Documents\Playground\University\senior-project-1\dataset\us\clear\พิ้งค์ด่าหนัง.wav,7.497945,9.015207,none,,
C:\Users\muldi\Documents\Playground\University\senior-project-1\dataset\us\clear\อาทโดนFBI.wav,33.007445,33.347307,สวะ,True,medium
C:\Users\muldi\Documents\Playground\University\senior-project-1\dataset\us\clear\ไอ้อาร์ตพูดเหี้ย.wav,0.0,2.260093,none,,
C:\Users\muldi\Documents\Playground\University\senior-project-1\dataset\us\clear\หมากัด.wav,2.901837,3.188707,สวะ,True,medium
C:\Users\muldi\Documents\Playground\University\senior-project-1\dataset\us\clear\ไอ้อาร์ตพูดเหี้ย.wav,19.628428,22.6,none,,
C:\Users\muldi\Documents\Playground\University\senior-project-1\dataset\us\clear\เย็ดแม่ นี่คือเหตุผลที่กูไม่อยากคุยกับมึง.wav,0.402008,1.425392,none,True,light_none
C:\Users\muldi\Documents\Playground\University\senior-project-1\dataset\us\clear\ความดื้อรั้นหน้าหีของมึงทำให้ทุกอย่างแย่ลงนะ.wav,1.429544,1.593864,หี,,
C:\Users\muldi\Documents\Playground\University\senior-project-1\dataset\us\clear\เป็นสวะแล้วยังทำนิสัยหีๆอีก.wav,6.009877,6.167412,แตด,,
C:\Users\muldi\Documents\Playground\University\senior-project-1\dataset\us\clear\กาลครั้งมีไอ้สวะตัวหนึ่ง.wav,10.477431,12.168269,none,True,light_none
C:\Users\muldi\Documents\Playground\University\senior-project-1\dataset\us\clear\บิวพูดควย.wav,12.170126,12.358374,ควย,,
C:\Users\muldi\Documents\Playground\University\senior-project-1\dataset\us\clear\ไอ้เหี้ยทำไมนิสัยมึงสวะได้ขนาดนี้.wav,4.794722,4.981679,none,True,light_none
C:\Users\muldi\Documents\Playground\University\senior-project-1\dataset\us\clear\พิ้งค์ด่าหนัง.wav,5.814375,6.041885,สวะ,,
C:\Users\muldi\Documents\Playground\University\senior-project-1\dataset\us\clear\กล้าดียังไงมาแตะคนรัก.wav,7.246159,7.643905,สวะ,True,medium
C:\Users\muldi\Documents\Playground\University\senior-project-1\dataset\us\clear\คือมึงไม่ฉลาดหรอวะ.wav,3.197513,3.385009,หี,True,medium
C:\Users\muldi\Documents\Playground\University\senior-project-1\dataset\us\clear\คอมโครตดี.wav,2.550429,5.232411,none,,
C:\Users\muldi\Documents\Playground\University\senior-project-1\dataset\us\clear\คอมโครตดี.wav,5.458234,5.595736,none,,
C:\Users\muldi\Documents\Playground\University\senior-project-1\dataset\us\clear\บารมีมารดา.wav,10.254282,10.533604,แตด,True,heavy
C:\Users\muldi\Documents\Playground\University\senior-project-1\dataset\us\clear\แปปนึง มึงใครเนี่ย มึงใคร มึงคือใคร.wav,0.0,2.146813,none,,
C:\Users\muldi\Documents\Playground\University\senior-project-1\dataset\us\clear\ชีสเหม็น.wav,9.900849,10.753268,none,,
C:\Users\muldi\Documents\Playground\University\senior-project-1\dataset\us\clear\เป็นสวะแล้วยังทำนิสัยหีๆอีก.wav,3.097075,3.371404,หี,True,medium
C:\Users\muldi\Documents\Playground\University\senior-project-1\dataset\us\clear\กายพูดกูรัวๆ.wav,22.471879,23.569601,none,,
C:\Users\muldi\Documents\Playground\University\senior-project-1\dataset\single\แตด\แตด (เปอร์).wav,0.0,2.325333333333333,แตด,True,heavy
C:\Users\muldi\Documents\Playground\University\senior-project-1\dataset\single\สวะ\สวะ (เบลล์).wav,0.0,1.96,สวะ,True,medium
C:\Users\muldi\Documents\Playground\University\senior-project-1\dataset\us\clear\ไอ้เหี้ยทำไมนิสัยมึงสวะได้ขนาดนี้.wav,1.804454,1.962002,สวะ,,
C:\Users\muldi\Documents\Playground\University\senior-project-1\dataset\us\clear\กายพูดกูรัวๆ.wav,11.247006,11.731366,ควย,True,medium
C:\Users\muldi\Documents\Playground\University\senior-project-1\dataset\us\noise\ค่ายเหี้ย2.wav,3.759546,3.89725,แตด,True,heavy
C:\Users\muldi\Documents\Playground\University\senior-project-1\dataset\us\clear\เอ๊ย เป็นเหี้ยไรวะกูถามจริง.wav,11.036401,11.337383,สวะ,,
C:\Users\muldi\Documents\Playground\University\senior-project-1\dataset\us\clear\อารมณ์แบบว่างี้ป้ะ.wav,8.813459,8.977584,none,,
C:\Users\muldi\Documents\Playground\University\senior-project-1\dataset\us\noise\โอ๊ย เย็ดแม่ เจ็บชิบหาย.wav,0.817853,0.955353,เย็ด,True,medium
C:\Users\muldi\Documents\Playground\University\senior-project-1\dataset\us\clear\เย็ดแม่ ทำไมถึงไม่คิดก่อนพูดบ้าง.wav,0.193294,0.337671,เย็ด,,
C:\Users\muldi\Documents\Playground\University\senior-project-1\dataset\us\clear\เย็ดแม่ นี่คือเหตุผลที่กูไม่อยากคุยกับมึง.wav,0.402008,1.425392,none,,
C:\Users\muldi\Documents\Playground\University\senior-project-1\dataset\us\clear\ไอ้เหี้ย ใครกินของกูหมดเนี่ย.wav,0.0,0.304691,none,True,light_none
C:\Users\muldi\Documents\Playground\University\senior-project-1\dataset\single\หี\หี (เปอร์).wav,0.0,2.944,หี,True,medium
C:\Users\muldi\Documents\Playground\University\senior-project-1\dataset\us\clear\เอ๊ย เป็นเหี้ยไรวะกูถามจริง.wav,4.175647,4.381112,none,True,light_none
C:\Users\muldi\Documents\Playground\University\senior-project-1\dataset\us\clear\ทายคำเย็ดแม่.wav,62.959681,63.043642,มึง,,
C:\Users\muldi\Documents\Playground\University\senior-project-1\dataset\us\clear\บิวพูดเหี้ย.wav,10.239964,10.367651,เหี้ย,,
C:\Users\muldi\Documents\Playground\University\senior-project-1\dataset\us\clear\Janพูดถึงอาท.wav,36.302074,42.449109,none,True,light_none
C:\Users\muldi\Documents\Playground\University\senior-project-1\dataset\us\clear\แดนแถมควย.wav,2.000685,3.072,none,True,light_none
C:\Users\muldi\Documents\Playground\University\senior-project-1\dataset\us\clear\กูว่านะ โปรเจคเราอะ แม่งสุดยอดวะ.wav,1.242198,1.312025,กู,,
C:\Users\muldi\Documents\Playground\University\senior-project-1\dataset\us\clear\ถ้ามึงจะทำอย่างนี้นะ ไปเหอะ อย่ากลับมาเลย.wav,0.893702,1.213614,มึง,,
C:\Users\muldi\Documents\Playground\University\senior-project-1\dataset\us\clear\ทุกครั้งมันก็เป็นแบบนี้เสมออ่ะ เย็ดแม่.wav,0.0,1.59731,none,,
C:\Users\muldi\Documents\Playground\University\senior-project-1\dataset\us\clear\ไอ้อาร์ตพูดเหี้ย.wav,16.722521,17.205925,เหี้ย,,
C:\Users\muldi\Documents\Playground\University\senior-project-1\dataset\us\clear\กู(หลายคำ).wav,10.478486,11.275893,none,,
C:\Users\muldi\Documents\Playground\University\senior-project-1\dataset\us\clear\หมากัด.wav,0.0,2.901837,none,,
C:\Users\muldi\Documents\Playground\University\senior-project-1\dataset\us\clear\โหเย็ดแม่ ไม่คิดจะแก้ไขอะไรหน่อยอ่อ.wav,0.807316,3.36936,none,True,light_none
C:\Users\muldi\Documents\Playground\University\senior-project-1\dataset\us\clear\ไอ้อาร์ตพูดเหี้ย.wav,11.922755,12.083289,หี,True,medium
C:\Users\muldi\Documents\Playground\University\senior-project-1\dataset\us\clear\ไอ้เหี้ย ใครกินของกูหมดเนี่ย.wav,0.716058,1.462416,none,,
C:\Users\muldi\Documents\Playground\University\senior-project-1\dataset\us\clear\ชอบทำตัวหัวควยใส่คนอื่น ทั้งที่ตัวเองก็ไม่ได้ดีไปกว่าใครเลย.wav,2.500583,5.6,none,,
C:\Users\muldi\Documents\Playground\University\senior-project-1\dataset\us\clear\ไอ้อาร์ตพูดเหี้ย.wav,4.480503,4.617588,เหี้ย,,
C:\Users\muldi\Documents\Playground\University\senior-project-1\dataset\us\clear\อาทโดนFBI.wav,33.347307,42.91112,none,,
C:\Users\muldi\Documents\Playground\University\senior-project-1\dataset\us\clear\เมื่อวานเว้ยกูเห็นมึงกับไอกิตอะไปทำอะไรที่หลังซอย.wav,2.11369,2.359367,กู,,
C:\Users\muldi\Documents\Playground\University\senior-project-1\dataset\us\clear\หีหอมพ่อง.wav,1.201148,1.40235,หี,True,medium
C:\Users\muldi\Documents\Playground\University\senior-project-1\dataset\us\clear\ทุกครั้งมันก็เป็นแบบนี้เสมออ่ะ เย็ดแม่.wav,1.59731,1.659816,เย็ด,True,medium
C:\Users\muldi\Documents\Playground\University\senior-project-1\dataset\us\clear\ก็มาดิสะไอ้สัสเป็นเหี้ยไรวะ.wav,9.750196,9.8383,none,,
C:\Users\muldi\Documents\Playground\University\senior-project-1\dataset\us\clear\กาลครั้งมีไอ้สวะตัวหนึ่ง.wav,15.358915,15.575452,สวะ,,
C:\Users\muldi\Documents\Playground\University\senior-project-1\dataset\us\clear\บารมีมารดา.wav,15.221604,18.04,none,,
C:\Users\muldi\Documents\Playground\University\senior-project-1\dataset\us\clear\ไอ้เหี้ยทำไมนิสัยมึงสวะได้ขนาดนี้.wav,4.683388,4.794722,มึง,,
C:\Users\muldi\Documents\Playground\University\senior-project-1\dataset\us\clear\แม่งใช้เส้นสายหัวควยของมัน เพื่อให้ได้สิ่งที่ต้องการ.wav,2.017959,2.166786,ควย,,
C:\Users\muldi\Documents\Playground\University\senior-project-1\dataset\us\clear\เช้านี้สดใส.wav,11.240432,11.4655,มึง,True,light
C:\Users\muldi\Documents\Playground\University\senior-project-1\dataset\us\clear\เมื่อวานเว้ยกูเห็นมึงกับไอกิตอะไปทำอะไรที่หลังซอย.wav,2.359367,3.646591,none,,
C:\Users\muldi\Documents\Playground\University\senior-project-1\dataset\us\clear\ถามจริงนะมึง เรื่องแบบนี้พูดออกมาได้ยังไง.wav,1.118109,1.436163,มึง,,
C:\Users\muldi\Documents\Playground\University\senior-project-1\dataset\us\noise\ค่ายเหี้ย.wav,4.452213,4.562026,none,True,light_none
C:\Users\muldi\Documents\Playground\University\senior-project-1\dataset\us\clear\คือมึงไม่ฉลาดหรอวะ.wav,3.467669,3.582586,แตด,True,heavy
C:\Users\muldi\Documents\Playground\University\senior-project-1\dataset\us\noise\รถติดบนทางด่วน.wav,0.0,0.603054,none,,
C:\Users\muldi\Documents\Playground\University\senior-project-1\dataset\us\clear\Janพูดถึงอาท.wav,45.044591,45.249701,ควย,,
C:\Users\muldi\Documents\Playground\University\senior-project-1\dataset\us\clear\หีหอมพ่อง.wav,4.871414,6.40945,none,,
C:\Users\muldi\Documents\Playground\University\senior-project-1\dataset\us\clear\Janพูดถึงอาท.wav,88.286035,88.409314,เหี้ย,,
C:\Users\muldi\Documents\Playground\University\senior-project-1\dataset\us\clear\นิสัยควยๆแบบนี้.wav,4.898545,6.055232,none,,
C:\Users\muldi\Documents\Playground\University\senior-project-1\dataset\us\clear\เย็ดแม่ นี่คือเหตุผลที่กูไม่อยากคุยกับมึง.wav,0.309398,0.402008,เย็ด,True,medium
C:\Users\muldi\Documents\Playground\University\senior-project-1\dataset\us\clear\เอ๊ย เป็นเหี้ยไรวะกูถามจริง.wav,8.092423,8.200282,none,,
C:\Users\muldi\Documents\Playground\University\senior-project-1\dataset\us\clear\กาลครั้งมีไอ้สวะตัวหนึ่ง.wav,18.169214,18.300307,เย็ด,,
C:\Users\muldi\Documents\Playground\University\senior-project-1\dataset\us\clear\บิวพูดเหี้ย.wav,16.638206,17.203084,เหี้ย,,
C:\Users\muldi\Documents\Playground\University\senior-project-1\dataset\us\clear\โอเค ฟังดีๆนะมึง พ่อของมึงเสียแล้ว.wav,4.88041,5.998861,none,,
C:\Users\muldi\Documents\Playground\University\senior-project-1\dataset\us\clear\Janพูดถึงอาท.wav,95.803252,95.979016,หี,True,medium
C:\Users\muldi\Documents\Playground\University\senior-project-1\dataset\us\clear\เป็นสวะแล้วยังทำนิสัยหีๆอีก.wav,1.566109,1.827762,สวะ,True,medium
C:\Users\muldi\Documents\Playground\University\senior-project-1\dataset\us\clear\เย็ดแม่ นี่คือสิ่งที่มึงเรียกว่าความยุติธรรมอ่อ.wav,0.0,0.342479,none,,
C:\Users\muldi\Documents\Playground\University\senior-project-1\dataset\us\clear\อั้มด่าแหลก.wav,2.372132,2.553996,เหี้ย,,
C:\Users\muldi\Documents\Playground\University\senior-project-1\dataset\us\clear\อาทโดนFBI.wav,42.91112,43.14398,ควย,True,medium
C:\Users\muldi\Documents\Playground\University\senior-project-1\dataset\us\clear\บิวพูดเหี้ย.wav,15.043503,15.697207,เหี้ย,True,light
C:\Users\muldi\Documents\Playground\University\senior-project-1\dataset\us\clear\คนดีห้ามเพื่อน.wav,14.61041,16.339806,none,,
C:\Users\muldi\Documents\Playground\University\senior-project-1\dataset\us\clear\บิวพูดเหี้ย.wav,7.137996,8.642485,none,,
C:\Users\muldi\Documents\Playground\University\senior-project-1\dataset\us\clear\กล้าดียังไงมาแตะคนรัก.wav,9.701419,10.287571,ควย,,
C:\Users\muldi\Documents\Playground\University\senior-project-1\dataset\us\clear\บิวพูดเหี้ย.wav,4.455634,4.87617,เหี้ย,,
C:\Users\muldi\Documents\Playground\University\senior-project-1\dataset\us\clear\เลสเบี้ยน.wav,8.804806,8.927275,แตด,True,heavy
C:\Users\muldi\Documents\Playground\University\senior-project-1\dataset\us\clear\บิวพูดเหี้ย.wav,8.642485,8.974194,เหี้ย,True,light
C:\Users\muldi\Documents\Playground\University\senior-project-1\dataset\us\clear\บัวด่านัท.wav,26.682652,28.582597,none,,
C:\Users\muldi\Documents\Playground\University\senior-project-1\dataset\us\noise\รถติดบนทางด่วน.wav,5.347308,5.504605,หี,True,medium
C:\Users\muldi\Documents\Playground\University\senior-project-1\dataset\us\clear\บัวด่านัท.wav,26.288745,26.682842,ควย,,
C:\Users\muldi\Documents\Playground\University\senior-project-1\dataset\us\clear\มึงก็ไม่เคยฟังใครเลย คงจะฟังแต่หีตัวเองสินะ.wav,3.584718,3.778441,หี,True,medium
C:\Users\muldi\Documents\Playground\University\senior-project-1\dataset\us\clear\ทายคำเย็ดแม่.wav,49.435061,54.498565,none,,
C:\Users\muldi\Documents\Playground\University\senior-project-1\dataset\us\clear\คอมโครตดี.wav,14.926504,15.010479,กู,,
C:\Users\muldi\Documents\Playground\University\senior-project-1\dataset\us\clear\เลสเบี้ยน.wav,10.270727,10.48412,หี,True,medium
C:\Users\muldi\Documents\Playground\University\senior-project-1\dataset\us\clear\คนดีห้ามเพื่อน.wav,13.425949,14.540494,none,,
C:\Users\muldi\Documents\Playground\University\senior-project-1\dataset\us\clear\บารมีมารดา.wav,7.012152,7.337837,หี,True,medium
C:\Users\muldi\Documents\Playground\University\senior-project-1\dataset\us\clear\เอ๊ย เป็นเหี้ยไรวะกูถามจริง.wav,14.454977,14.553978,none,,
C:\Users\muldi\Documents\Playground\University\senior-project-1\dataset\us\clear\บิวพูดเหี้ย.wav,0.989688,1.43318,เหี้ย,True,light
C:\Users\muldi\Documents\Playground\University\senior-project-1\dataset\us\clear\พิ้งค์ด่าหนัง.wav,21.591013,23.104,none,,
C:\Users\muldi\Documents\Playground\University\senior-project-1\dataset\us\clear\Janพูดถึงอาท.wav,80.772829,80.876913,เย็ด,True,medium
C:\Users\muldi\Documents\Playground\University\senior-project-1\dataset\us\clear\บัวด่านัท.wav,2.832956,4.295054,none,,
C:\Users\muldi\Documents\Playground\University\senior-project-1\dataset\us\noise\ค่ายเหี้ย.wav,4.562026,4.718995,แตด,,
C:\Users\muldi\Documents\Playground\University\senior-project-1\dataset\single\ควย\ควย (แทน).wav,0.0,2.453333333333333,ควย,True,medium
C:\Users\muldi\Documents\Playground\University\senior-project-1\dataset\us\clear\บัวด่านัท.wav,13.438793,13.561404,มึง,,
C:\Users\muldi\Documents\Playground\University\senior-project-1\dataset\us\clear\เอ๊ย เป็นเหี้ยไรวะกูถามจริง.wav,7.973497,8.092423,ควย,,
C:\Users\muldi\Documents\Playground\University\senior-project-1\dataset\us\clear\บิวพูดเหี้ย.wav,16.638206,17.203084,เหี้ย,True,light
C:\Users\muldi\Documents\Playground\University\senior-project-1\dataset\us\clear\อารมณ์แบบว่างี้ป้ะ.wav,17.12295,17.448114,หี,,
C:\Users\muldi\Documents\Playground\University\senior-project-1\dataset\us\clear\หมากัด.wav,13.635129,13.899931,ควย,,
C:\Users\muldi\Documents\Playground\University\senior-project-1\dataset\us\noise\ค่ายเหี้ย2.wav,0.730067,0.930687,เหี้ย,True,light
C:\Users\muldi\Documents\Playground\University\senior-project-1\dataset\us\clear\ทุกครั้งที่เขาพูด มันเหมือนเขากำลังพ่นสวะออกมา.wav,3.321756,4.34,none,,
C:\Users\muldi\Documents\Playground\University\senior-project-1\dataset\us\clear\เลสเบี้ยน.wav,8.478221,8.804806,none,,
C:\Users\muldi\Documents\Playground\University\senior-project-1\dataset\us\clear\Janพูดถึงอาท.wav,18.82476,35.876175,none,True,light_none
C:\Users\muldi\Documents\Playground\University\senior-project-1\dataset\us\noise\ค่ายเหี้ย.wav,4.562026,4.718995,แตด,True,heavy
C:\Users\muldi\Documents\Playground\University\senior-project-1\dataset\us\clear\ขึ้นมาสิไอ้เย็ดแม่ เราจะไปเที่ยวทะเลกัน.wav,1.176853,1.30519,เย็ด,,
C:\Users\muldi\Documents\Playground\University\senior-project-1\dataset\us\clear\กายพูดกูรัวๆ.wav,3.478082,3.591425,none,,
C:\Users\muldi\Documents\Playground\University\senior-project-1\dataset\us\noise\เจ็บคอมาสองวันเพราะฝุ่น.wav,0.0,3.345673,none,,
C:\Users\muldi\Documents\Playground\University\senior-project-1\dataset\single\แตด\แตด (เปอร์).wav,0.0,2.325333333333333,แตด,True,heavy
C:\Users\muldi\Documents\Playground\University\senior-project-1\dataset\us\clear\กล้าดียังไงมาแตะคนรัก.wav,8.280897,8.639766,แตด,,
C:\Users\muldi\Documents\Playground\University\senior-project-1\dataset\single\แตด\แตด (เบลล์).wav,0.0,1.86,แตด,True,heavy
C:\Users\muldi\Documents\Playground\University\senior-project-1\dataset\us\clear\อารมณ์แบบว่างี้ป้ะ.wav,16.585132,17.12295,none,,
C:\Users\muldi\Documents\Playground\University\senior-project-1\dataset\single\แตด\แตด (เบลล์).wav,0.0,1.86,แตด,True,heavy
C:\Users\muldi\Documents\Playground\University\senior-project-1\dataset\us\clear\เย็ดแม่มึงคิดยังไงถึงทำอย่างนี้.wav,0.272779,0.441344,เย็ด,True,medium
C:\Users\muldi\Documents\Playground\University\senior-project-1\dataset\single\แตด\แตด (แทน).wav,0.0,2.112,แตด,True,heavy
C:\Users\muldi\Documents\Playground\University\senior-project-1\dataset\us\clear\บัวด่านัท.wav,13.101613,13.438793,none,True,light_none
C:\Users\muldi\Documents\Playground\University\senior-project-1\dataset\us\clear\ไอ้อาร์ตพูดเหี้ย.wav,10.023412,11.922755,none,,
C:\Users\muldi\Documents\Playground\University\senior-project-1\dataset\us\clear\เป็นสวะแล้วยังทำนิสัยหีๆอีก.wav,6.009877,6.167412,แตด,True,heavy
C:\Users\muldi\Documents\Playground\University\senior-project-1\dataset\us\clear\Janพูดถึงอาท.wav,0.0,14.227402,none,,
C:\Users\muldi\Documents\Playground\University\senior-project-1\dataset\us\clear\หีหอมพ่อง.wav,4.652156,4.871414,ควย,True,medium
C:\Users\muldi\Documents\Playground\University\senior-project-1\dataset\us\clear\กล้าดียังไงมาแตะคนรัก.wav,7.246159,7.643905,สวะ,True,medium
C:\Users\muldi\Documents\Playground\University\senior-project-1\dataset\us\clear\เอ๊ย เป็นเหี้ยไรวะกูถามจริง.wav,11.337383,12.591915,none,,
C:\Users\muldi\Documents\Playground\University\senior-project-1\dataset\us\noise\ไอดิฟ มึง มำโปรเจคเสร็จยังวะ.wav,1.413607,1.867153,มึง,,
C:\Users\muldi\Documents\Playground\University\senior-project-1\dataset\us\clear\อารมณ์แบบว่างี้ป้ะ.wav,17.448114,18.005333,none,,
C:\Users\muldi\Documents\Playground\University\senior-project-1\dataset\us\clear\ไอ้อาร์ตพูดเหี้ย.wav,0.0,2.260093,none,True,light_none
C:\Users\muldi\Documents\Playground\University\senior-project-1\dataset\us\clear\อารมณ์แบบว่างี้ป้ะ.wav,15.592645,15.813147,none,,
C:\Users\muldi\Documents\Playground\University\senior-project-1\dataset\us\clear\การกระทำที่ไร้ศีลธรรมของเขาเป็นเหมือนสวะที่ปนเปื้อนในสังคม.wav,2.961863,3.198446,สวะ,,
C:\Users\muldi\Documents\Playground\University\senior-project-1\dataset\us\clear\แล้วคิดจะรับผิดชอบเรื่องนี้ยังไง เย็ดแม่.wav,2.310352,3.669962,none,,
C:\Users\muldi\Documents\Playground\University\senior-project-1\dataset\us\clear\พูดควยๆแบบนี้ใครจะอยากอยู่ใกล้.wav,0.572943,0.706462,none,,
C:\Users\muldi\Documents\Playground\University\senior-project-1\dataset\us\clear\เย็ดแม่ รู้ไหมว่าสิ่งนี้มันทำให้กูเสียใจแค่ไหนอ่ะ.wav,0.312409,1.658685,none,,
C:\Users\muldi\Documents\Playground\University\senior-project-1\dataset\us\clear\พิ้งค์ด่าหนัง.wav,9.731537,12.769092,none,,
C:\Users\muldi\Documents\Playground\University\senior-project-1\dataset\us\clear\เป็นสวะแล้วยังทำนิสัยหีๆอีก.wav,1.566109,1.827762,สวะ,True,medium
C:\Users\muldi\Documents\Playground\University\senior-project-1\dataset\us\clear\ดูถูกหีไม่มีวันเจริญ.wav,0.971687,1.373789,ควย,,
C:\Users\muldi\Documents\Playground\University\senior-project-1\dataset\us\clear\กูว่ามันไม่ใช่เรื่องง่าย แต่กูก็จะลองดู.wav,0.0,0.038405,none,,
C:\Users\muldi\Documents\Playground\University\senior-project-1\dataset\us\clear\ก็เอาสิ มาดูกันว่ากูน่ะจะอยู่รอดเป็นคนสุดท้ายหรือเปล่า.wav,2.467927,4.665156,none,,
C:\Users\muldi\Documents\Playground\University\senior-project-1\dataset\us\clear\บัวด่านัท.wav,13.561404,16.802768,none,,
C:\Users\muldi\Documents\Playground\University\senior-project-1\dataset\us\clear\ฉันไปเรียนภาษาใต้มา.wav,4.733057,7.377011,none,,
C:\Users\muldi\Documents\Playground\University\senior-project-1\dataset\us\clear\กูตั้งใจจะเรียนให้จบปีนี้.wav,0.0,0.168345,none,,
C:\Users\muldi\Documents\Playground\University\senior-project-1\dataset\us\clear\อั้มด่าแหลก.wav,0.0,0.123006,none,,
C:\Users\muldi\Documents\Playground\University\senior-project-1\dataset\us\noise\โอ๊ย เย็ดแม่ เจ็บชิบหาย.wav,0.817853,0.955353,เย็ด,,
C:\Users\muldi\Documents\Playground\University\senior-project-1\dataset\us\clear\บัวด่านัท.wav,16.802768,16.856385,กู,,
C:\Users\muldi\Documents\Playground\University\senior-project-1\dataset\us\clear\กูตั้งใจจะเรียนให้จบปีนี้.wav,0.299953,2.560136,none,True,light_none
C:\Users\muldi\Documents\Playground\University\senior-project-1\dataset\us\clear\บารมีมารดา.wav,14.844376,15.221604,สวะ,,
C:\Users\muldi\Documents\Playground\University\senior-project-1\dataset\us\clear\กล้าดียังไงมาแตะคนรัก.wav,4.775945,4.994257,หี,,
C:\Users\muldi\Documents\Playground\University\senior-project-1\dataset\us\clear\ทุกครั้งมันก็เป็นแบบนี้เสมออ่ะ เย็ดแม่.wav,0.0,1.59731,none,True,light_none
C:\Users\muldi\Documents\Playground\University\senior-project-1\dataset\us\clear\เป็นสวะแล้วยังทำนิสัยหีๆอีก.wav,4.631896,4.838322,เหี้ย,True,light
C:\Users\muldi\Documents\Playground\University\senior-project-1\dataset\us\clear\ก็มาดิสะไอ้สัสเป็นเหี้ยไรวะ.wav,10.69093,10.864061,เหี้ย,True,light
C:\Users\muldi\Documents\Playground\University\senior-project-1\dataset\us\clear\กล้าดียังไงมาแตะคนรัก.wav,8.280897,8.639766,แตด,True,heavy
C:\Users\muldi\Documents\Playground\University\senior-project-1\dataset\us\clear\กาลครั้งมีไอ้สวะตัวหนึ่ง.wav,14.377961,14.515066,หี,True,medium
C:\Users\muldi\Documents\Playground\University\senior-project-1\dataset\us\clear\แล้วคิดจะรับผิดชอบเรื่องนี้ยังไง เย็ดแม่.wav,2.204926,2.310352,เย็ด,,
C:\Users\muldi\Documents\Playground\University\senior-project-1\dataset\us\noise\เข้ามาสิ ไอ้เย็ดแม่.wav,1.54287,1.708489,เย็ด,,
C:\Users\muldi\Documents\Playground\University\senior-project-1\dataset\us\clear\หีหอมพ่อง.wav,1.40235,1.570019,มึง,,
C:\Users\muldi\Documents\Playground\University\senior-project-1\dataset\us\clear\ทุกครั้งที่เขาพูด มันเหมือนเขากำลังพ่นสวะออกมา.wav,0.0,3.112623,none,,
C:\Users\muldi\Documents\Playground\University\senior-project-1\dataset\us\clear\ก็มาดิสะไอ้สัสเป็นเหี้ยไรวะ.wav,0.0,2.222779,none,,
C:\Users\muldi\Documents\Playground\University\senior-project-1\dataset\us\clear\กายพูดกูรัวๆ.wav,4.930829,5.037553,none,,
C:\Users\muldi\Documents\Playground\University\senior-project-1\dataset\us\clear\Janพูดถึงอาท.wav,95.803252,95.979016,หี,,
C:\Users\muldi\Documents\Playground\University\senior-project-1\dataset\us\noise\ค่ายเหี้ย.wav,4.306995,4.452213,หี,True,medium
C:\Users\muldi\Documents\Playground\University\senior-project-1\dataset\us\clear\หมากัด.wav,3.188707,12.183128,none,,
C:\Users\muldi\Documents\Playground\University\senior-project-1\dataset\us\clear\พิ้งค์ด่าหนัง.wav,17.009817,18.097908,none,True,light_none
C:\Users\muldi\Documents\Playground\University\senior-project-1\dataset\us\clear\บิวพูดควย.wav,8.753633,9.256621,ควย,,
C:\Users\muldi\Documents\Playground\University\senior-project-1\dataset\us\clear\บัวด่านัท.wav,1.951287,2.498378,none,,
C:\Users\muldi\Documents\Playground\University\senior-project-1\dataset\single\แตด\แตด (เบลล์).wav,0.0,1.86,แตด,,
C:\Users\muldi\Documents\Playground\University\senior-project-1\dataset\us\clear\บิวพูดควย.wav,12.455351,14.44,none,,
C:\Users\muldi\Documents\Playground\University\senior-project-1\dataset\us\clear\ป้าๆก๋วยเตี๋ยวถุงนึง.wav,16.227687,16.422853,แตด,,
C:\Users\muldi\Documents\Playground\University\senior-project-1\dataset\us\clear\ป้าๆก๋วยเตี๋ยวถุงนึง.wav,10.292289,10.602994,เหี้ย,,
C:\Users\muldi\Documents\Playground\University\senior-project-1\dataset\us\clear\คอมโครตดี.wav,20.322401,22.850665,none,,
C:\Users\muldi\Documents\Playground\University\senior-project-1\dataset\us\clear\เย็ดแม่ รู้ไหมว่าสิ่งนี้มันทำให้กูเสียใจแค่ไหนอ่ะ.wav,1.658685,1.765388,กู,,
C:\Users\muldi\Documents\Playground\University\senior-project-1\dataset\us\clear\พิ้งค์ด่าหนัง.wav,16.388164,16.557209,เหี้ย,,
C:\Users\muldi\Documents\Playground\University\senior-project-1\dataset\us\clear\กูตั้งใจจะเรียนให้จบปีนี้.wav,0.299953,2.560136,none,,
C:\Users\muldi\Documents\Playground\University\senior-project-1\dataset\us\clear\คอมโครตดี.wav,27.791607,28.196133,สวะ,True,medium
C:\Users\muldi\Documents\Playground\University\senior-project-1\dataset\us\clear\เอ๊ย เป็นเหี้ยไรวะกูถามจริง.wav,4.63567,4.893427,none,True,light_none
C:\Users\muldi\Documents\Playground\University\senior-project-1\dataset\us\clear\เธอทำตัวเหมือนสวะที่ไม่มีเป้าหมายในชีวิต.wav,0.0,1.998751,none,,
C:\Users\muldi\Documents\Playground\University\senior-project-1\dataset\us\clear\Janพูดถึงอาท.wav,35.876169,36.302074,ควย,True,medium
C:\Users\muldi\Documents\Playground\University\senior-project-1\dataset\us\clear\ก็มาดิสะไอ้สัสเป็นเหี้ยไรวะ.wav,2.222779,2.438565,เหี้ย,True,light
C:\Users\muldi\Documents\Playground\University\senior-project-1\dataset\us\noise\เจ็บคอมาสองวันเพราะฝุ่น.wav,8.701151,8.997805,ควย,,
C:\Users\muldi\Documents\Playground\University\senior-project-1\dataset\us\clear\ป้าๆก๋วยเตี๋ยวถุงนึง.wav,16.227687,16.422853,แตด,True,heavy
C:\Users\muldi\Documents\Playground\University\senior-project-1\dataset\us\clear\บารมีมารดา.wav,0.0,1.074638,none,,
C:\Users\muldi\Documents\Playground\University\senior-project-1\dataset\us\clear\มึงนี่มันอะควรไปคุยกับรากมะม่วง.wav,0.979612,3.96,none,,
C:\Users\muldi\Documents\Playground\University\senior-project-1\dataset\us\clear\มึงไม่เบื่อหรอวะไอดิฟ วันๆเห็นเอาแต่หลี่สาวอะ.wav,1.035019,5.2,none,,
C:\Users\muldi\Documents\Playground\University\senior-project-1\dataset\us\clear\เป็นสวะแล้วยังทำนิสัยหีๆอีก.wav,3.097075,3.371404,หี,,
C:\Users\muldi\Documents\Playground\University\senior-project-1\dataset\us\clear\Janพูดถึงอาท.wav,14.227402,14.860768,เหี้ย,,
C:\Users\muldi\Documents\Playground\University\senior-project-1\dataset\us\clear\เอ๊ย เป็นเหี้ยไรวะกูถามจริง.wav,14.553978,14.718726,แตด,True,heavy
C:\Users\muldi\Documents\Playground\University\senior-project-1\dataset\us\clear\กาลครั้งมีไอ้สวะตัวหนึ่ง.wav,10.290912,10.477431,หี,True,medium
C:\Users\muldi\Documents\Playground\University\senior-project-1\dataset\us\clear\ไอ้คนวิปริต ไอ้คนเย็ดแม่.wav,2.321337,3.42,none,True,light_none
C:\Users\muldi\Documents\Playground\University\senior-project-1\dataset\us\clear\ชีสเหม็น.wav,7.831683,7.966568,มึง,,
C:\Users\muldi\Documents\Playground\University\senior-project-1\dataset\us\clear\พอเหอะเย็ดแม่ เหนื่อยที่จะต้องพูดซ้ำๆอ่ะ.wav,0.683724,3.457373,none,,
C:\Users\muldi\Documents\Playground\University\senior-project-1\dataset\us\clear\ชีสเหม็น.wav,11.245529,12.32,none,,
C:\Users\muldi\Documents\Playground\University\senior-project-1\dataset\us\clear\แดนแถมควย.wav,1.654639,2.000685,ควย,True,medium
C:\Users\muldi\Documents\Playground\University\senior-project-1\dataset\us\clear\กล้าดียังไงมาแตะคนรัก.wav,10.287571,11.14,none,,
C:\Users\muldi\Documents\Playground\University\senior-project-1\dataset\us\clear\ป้าๆก๋วยเตี๋ยวถุงนึง.wav,15.779628,15.959181,มึง,,
C:\Users\muldi\Documents\Playground\University\senior-project-1\dataset\us\clear\เดินตกท่อ.wav,7.432535,7.702592,กู,,
C:\Users\muldi\Documents\Playground\University\senior-project-1\dataset\us\clear\กู(หลายคำ).wav,11.275893,12.06095,กู,,
C:\Users\muldi\Documents\Playground\University\senior-project-1\dataset\us\clear\เย็ดแม่ กูไม่โอเคกับสิ่งที่มึงทำเลยนะ.wav,2.320188,3.788561,none,,
C:\Users\muldi\Documents\Playground\University\senior-project-1\dataset\us\clear\มึงไม่เคยฟังใครเลยใช่ไหม เย็ดแม่.wav,0.0,0.33246,none,True,light_none
C:\Users\muldi\Documents\Playground\University\senior-project-1\dataset\us\clear\ไอ้เด็กนี่มันอยากมีปัญหากับกูแล้วสินะ.wav,0.0,2.254984,none,,
C:\Users\muldi\Documents\Playground\University\senior-project-1\dataset\us\clear\เช้านี้สดใส.wav,9.200121,9.401954,มึง,,
C:\Users\muldi\Documents\Playground\University\senior-project-1\dataset\us\clear\คนดีห้ามเพื่อน.wav,14.540494,14.61041,กู,,
C:\Users\muldi\Documents\Playground\University\senior-project-1\dataset\us\clear\บิวพูดเหี้ย.wav,4.455634,4.87617,เหี้ย,True,light
C:\Users\muldi\Documents\Playground\University\senior-project-1\dataset\us\clear\เย็ดแม่ นี่คือสิ่งที่มึงเรียกว่าความยุติธรรมอ่อ.wav,0.342479,0.466839,เย็ด,,
C:\Users\muldi\Documents\Playground\University\senior-project-1\dataset\us\clear\อาทโดนFBI.wav,77.044548,77.232379,เหี้ย,,
C:\Users\muldi\Documents\Playground\University\senior-project-1\dataset\us\clear\ทายคำเย็ดแม่.wav,35.692788,35.782934,เย็ด,,
C:\Users\muldi\Documents\Playground\University\senior-project-1\dataset\us\clear\หมากัด.wav,2.901837,3.188707,สวะ,,
C:\Users\muldi\Documents\Playground\University\senior-project-1\dataset\us\clear\เย็ดแม่ กูไม่โอเคกับสิ่งที่มึงทำเลยนะ.wav,0.539579,0.673335,เย็ด,True,medium
C:\Users\muldi\Documents\Playground\University\senior-project-1\dataset\us\clear\หีหอมพ่อง.wav,2.681406,2.743314,none,,
C:\Users\muldi\Documents\Playground\University\senior-project-1\dataset\us\clear\ป้าๆก๋วยเตี๋ยวถุงนึง.wav,11.608491,11.817709,ควย,,
C:\Users\muldi\Documents\Playground\University\senior-project-1\dataset\us\clear\ก็แล้วจะทำไม มึงจะมาหาเรื่องหรอ.wav,1.815171,2.061868,มึง,,
C:\Users\muldi\Documents\Playground\University\senior-project-1\dataset\us\clear\บารมีมารดา.wav,7.337837,8.134891,none,,
C:\Users\muldi\Documents\Playground\University\senior-project-1\dataset\us\noise\รถติดบนทางด่วน.wav,5.347308,5.504605,หี,True,medium
C:\Users\muldi\Documents\Playground\University\senior-project-1\dataset\us\clear\กายพูดกูรัวๆ.wav,5.460339,5.55167,none,,
C:\Users\muldi\Documents\Playground\University\senior-project-1\dataset\us\clear\ป้าๆก๋วยเตี๋ยวถุงนึง.wav,0.0,5.663924,none,,
C:\Users\muldi\Documents\Playground\University\senior-project-1\dataset\us\clear\ชีสเหม็น.wav,7.966568,9.421103,none,,
C:\Users\muldi\Documents\Playground\University\senior-project-1\dataset\us\clear\กล้าดียังไงมาแตะคนรัก.wav,8.280897,8.639766,แตด,True,heavy
C:\Users\muldi\Documents\Playground\University\senior-project-1\dataset\us\clear\ไอ้เหี้ยทำไมนิสัยมึงสวะได้ขนาดนี้.wav,3.330572,3.530134,เหี้ย,,
C:\Users\muldi\Documents\Playground\University\senior-project-1\dataset\us\clear\เย็ดแม่ ทำไมถึงไม่ใส่ใจในสิ่งที่กูบอกบ้างอ่ะ.wav,1.747162,3.000666,none,,
C:\Users\muldi\Documents\Playground\University\senior-project-1\dataset\us\clear\กาลครั้งมีไอ้สวะตัวหนึ่ง.wav,15.358915,15.575452,สวะ,True,medium
C:\Users\muldi\Documents\Playground\University\senior-project-1\dataset\us\clear\พูดจาไม่มีสาระเหมือนสวะลอยน้ำไปวัน ๆ.wav,0.0,2.439818,none,,
C:\Users\muldi\Documents\Playground\University\senior-project-1\dataset\us\clear\เอ๊ย เป็นเหี้ยไรวะกูถามจริง.wav,14.304754,14.454977,หี,True,medium
C:\Users\muldi\Documents\Playground\University\senior-project-1\dataset\us\clear\หีหอมพ่อง.wav,0.347329,1.201148,none,,
C:\Users\muldi\Documents\Playground\University\senior-project-1\dataset\us\noise\เจ็บคอมาสองวันเพราะฝุ่น.wav,8.997805,9.557333,none,,
C:\Users\muldi\Documents\Playground\University\senior-project-1\dataset\us\clear\พูดควยๆแบบนี้ใครจะอยากอยู่ใกล้.wav,0.706462,0.828483,ควย,,
C:\Users\muldi\Documents\Playground\University\senior-project-1\dataset\us\clear\พอเหอะเย็ดแม่ เหนื่อยที่จะต้องพูดซ้ำๆอ่ะ.wav,0.560904,0.683724,เย็ด,True,medium
C:\Users\muldi\Documents\Playground\University\senior-project-1\dataset\us\clear\ไอ้เด็กนี่มันอยากมีปัญหากับกูแล้วสินะ.wav,2.254984,2.512986,กู,,
C:\Users\muldi\Documents\Playground\University\senior-project-1\dataset\us\clear\กล้าดียังไงมาแตะคนรัก.wav,8.280897,8.639766,แตด,True,heavy
C:\Users\muldi\Documents\Playground\University\senior-project-1\dataset\us\clear\เอ๊ย เป็นเหี้ยไรวะกูถามจริง.wav,7.973497,8.092423,ควย,True,medium
C:\Users\muldi\Documents\Playground\University\senior-project-1\dataset\us\clear\พิ้งค์ด่าหนัง.wav,7.224934,7.497945,มึง,,
C:\Users\muldi\Documents\Playground\University\senior-project-1\dataset\us\clear\คอมโครตดี.wav,22.850665,23.046409,แตด,,
C:\Users\muldi\Documents\Playground\University\senior-project-1\dataset\us\clear\อีกระเทย มึงอะอีกระเทย กูอะตุ๊แท้ มึงอะตุ๊ดเทียม.wav,2.270874,4.050235,none,,
C:\Users\muldi\Documents\Playground\University\senior-project-1\dataset\us\clear\กู(หลายคำ).wav,2.35517,3.425326,กู,,
C:\Users\muldi\Documents\Playground\University\senior-project-1\dataset\us\clear\เอ๊ย เป็นเหี้ยไรวะกูถามจริง.wav,16.541993,16.657708,ควย,,
C:\Users\muldi\Documents\Playground\University\senior-project-1\dataset\us\clear\เดินตกท่อ.wav,0.0,2.160697,none,True,light_none
C:\Users\muldi\Documents\Playground\University\senior-project-1\dataset\us\clear\เราควรทิ้งความคิดเชิงลบเหมือนกำจัดสวะออกจากแม่น้ำ.wav,2.914356,3.19558,สวะ,,
C:\Users\muldi\Documents\Playground\University\senior-project-1\dataset\us\clear\นี่มันจะเกินไปแล้วนะไอเย็ดแม่.wav,1.627274,2.829213,none,,
C:\Users\muldi\Documents\Playground\University\senior-project-1\dataset\us\clear\บัวด่านัท.wav,4.295146,4.381274,กู,,
C:\Users\muldi\Documents\Playground\University\senior-project-1\dataset\us\clear\นิสัยควยๆแบบนี้.wav,4.527586,4.898545,สวะ,True,medium
C:\Users\muldi\Documents\Playground\University\senior-project-1\dataset\us\clear\ชีสเหม็น.wav,11.087004,11.138455,none,,
C:\Users\muldi\Documents\Playground\University\senior-project-1\dataset\us\clear\เอ๊ย เป็นเหี้ยไรวะกูถามจริง.wav,6.713067,6.866729,มึง,,
C:\Users\muldi\Documents\Playground\University\senior-project-1\dataset\single\หี\หี (เปอร์).wav,0.0,2.944,หี,True,medium
C:\Users\muldi\Documents\Playground\University\senior-project-1\dataset\us\clear\อาทโดนFBI.wav,43.14398,51.989673,none,,
C:\Users\muldi\Documents\Playground\University\senior-project-1\dataset\us\clear\กายพูดกูรัวๆ.wav,3.222581,3.321516,none,,
C:\Users\muldi\Documents\Playground\University\senior-project-1\dataset\us\clear\พิ้งค์ด่าหนัง.wav,9.52096,9.731537,มึง,,
C:\Users\muldi\Documents\Playground\University\senior-project-1\dataset\us\clear\ไอ้เย็ดแม่เอ๊ย โทรมาทำไม กูง่วง.wav,3.18784,4.5,none,,
C:\Users\muldi\Documents\Playground\University\senior-project-1\dataset\us\clear\Janพูดถึงอาท.wav,94.275841,95.803252,none,,
C:\Users\muldi\Documents\Playground\University\senior-project-1\dataset\single\หี\หี (โบท).wav,0.0,2.04,หี,True,medium
C:\Users\muldi\Documents\Playground\University\senior-project-1\dataset\us\clear\คอมโครตดี.wav,20.209013,20.322401,กู,,
C:\Users\muldi\Documents\Playground\University\senior-project-1\dataset\us\noise\เข้ามาสิ ไอ้เย็ดแม่.wav,1.54287,1.708489,เย็ด,True,medium
C:\Users\muldi\Documents\Playground\University\senior-project-1\dataset\us\clear\บิวพูดควย.wav,8.753633,9.256621,ควย,True,medium
C:\Users\muldi\Documents\Playground\University\senior-project-1\dataset\us\clear\โต้งไล่หมา.wav,46.282612,54.820985,none,,
C:\Users\muldi\Documents\Playground\University\senior-project-1\dataset\us\clear\ดูถูกหีไม่มีวันเจริญ.wav,4.168719,4.368482,แตด,True,heavy
C:\Users\muldi\Documents\Playground\University\senior-project-1\dataset\us\clear\ไอ้เหี้ยทำไมนิสัยมึงสวะได้ขนาดนี้.wav,0.81187,1.083694,เหี้ย,,
C:\Users\muldi\Documents\Playground\University\senior-project-1\dataset\us\clear\เอ๊ย เป็นเหี้ยไรวะกูถามจริง.wav,7.552929,7.745374,หี,,
C:\Users\muldi\Documents\Playground\University\senior-project-1\dataset\us\clear\อาทโดนFBI.wav,77.377521,77.549346,เหี้ย,True,light
C:\Users\muldi\Documents\Playground\University\senior-project-1\dataset\us\clear\คือมึงไม่ฉลาดหรอวะ.wav,5.576495,7.51,none,,
C:\Users\muldi\Documents\Playground\University\senior-project-1\dataset\us\clear\เย็ดแม่ กูควรจะคาดหวังอะไรจากมึงอีกอ่ะ.wav,1.84496,2.062334,มึง,,
C:\Users\muldi\Documents\Playground\University\senior-project-1\dataset\us\clear\เดินตกท่อ.wav,10.228335,12.438819,none,,
C:\Users\muldi\Documents\Playground\University\senior-project-1\dataset\us\clear\เลสเบี้ยน.wav,8.329773,8.478221,ควย,True,medium
C:\Users\muldi\Documents\Playground\University\senior-project-1\dataset\us\clear\Janพูดถึงอาท.wav,59.798039,59.91085,เย็ด,True,medium
C:\Users\muldi\Documents\Playground\University\senior-project-1\dataset\us\clear\กายพูดกูรัวๆ.wav,20.554008,22.035532,none,,
C:\Users\muldi\Documents\Playground\University\senior-project-1\dataset\us\clear\คอมโครตดี.wav,1.519623,1.566463,กู,,
C:\Users\muldi\Documents\Playground\University\senior-project-1\dataset\us\clear\หยุดทำแบบนี้ซะทีดิ๊ เย็ดแม่.wav,0.0,1.182845,none,,
C:\Users\muldi\Documents\Playground\University\senior-project-1\dataset\us\clear\เย็ดแม่ กูควรจะคาดหวังอะไรจากมึงอีกอ่ะ.wav,0.0,0.027407,none,,
C:\Users\muldi\Documents\Playground\University\senior-project-1\dataset\us\clear\กายพูดกูรัวๆ.wav,0.0,0.949056,none,,
C:\Users\muldi\Documents\Playground\University\senior-project-1\dataset\us\clear\ไอ้เหี้ยทำไมนิสัยมึงสวะได้ขนาดนี้.wav,0.0,0.81187,none,,
C:\Users\muldi\Documents\Playground\University\senior-project-1\dataset\us\noise\ค่ายเหี้ย.wav,0.692135,0.776496,กู,,
C:\Users\muldi\Documents\Playground\University\senior-project-1\dataset\us\clear\ไอ้อาร์ตพูดเหี้ย.wav,6.509716,7.476524,none,,
C:\Users\muldi\Documents\Playground\University\senior-project-1\dataset\us\noise\ค่ายเหี้ย.wav,4.306995,4.452213,หี,True,medium
C:\Users\muldi\Documents\Playground\University\senior-project-1\dataset\us\clear\คือมึงไม่ฉลาดหรอวะ.wav,3.939433,4.213621,none,True,light_none
C:\Users\muldi\Documents\Playground\University\senior-project-1\dataset\us\clear\กายพูดกูรัวๆ.wav,17.593941,19.027974,none,,
C:\Users\muldi\Documents\Playground\University\senior-project-1\dataset\us\clear\ด้วยสัตย์สาบานแห่งพระแม่กิ้งก่า กูขอสาบานว่า.wav,4.035312,5.872111,none,True,light_none
C:\Users\muldi\Documents\Playground\University\senior-project-1\dataset\us\clear\พิ้งค์ด่าหนัง.wav,16.728178,17.009817,มึง,,
C:\Users\muldi\Documents\Playground\University\senior-project-1\dataset\us\clear\ก็มาดิสะไอ้สัสเป็นเหี้ยไรวะ.wav,6.680347,7.049388,เหี้ย,,
C:\Users\muldi\Documents\Playground\University\senior-project-1\dataset\us\clear\เลสเบี้ยน.wav,10.48412,12.86,none,,
C:\Users\muldi\Documents\Playground\University\senior-project-1\dataset\us\clear\กายพูดกูรัวๆ.wav,23.642706,23.976249,none,,
C:\Users\muldi\Documents\Playground\University\senior-project-1\dataset\us\clear\เอ๊ย เป็นเหี้ยไรวะกูถามจริง.wav,4.075642,4.175647,มึง,,
C:\Users\muldi\Documents\Playground\University\senior-project-1\dataset\us\clear\กูว่านะ โปรเจคเราอะ แม่งสุดยอดวะ.wav,0.0,1.242198,none,,
C:\Users\muldi\Documents\Playground\University\senior-project-1\dataset\us\noise\รถติดบนทางด่วน.wav,5.813721,5.991365,แตด,True,heavy
C:\Users\muldi\Documents\Playground\University\senior-project-1\dataset\us\clear\พูดจาไม่มีสาระเหมือนสวะลอยน้ำไปวัน ๆ.wav,2.439818,2.664448,สวะ,True,medium
C:\Users\muldi\Documents\Playground\University\senior-project-1\dataset\us\clear\โอ๊ยเย็ดเป็ดหีแม่มึงร่วง.wav,0.0,1.15297,none,,
C:\Users\muldi\Documents\Playground\University\senior-project-1\dataset\us\clear\ฮัลโหลๆ ได้ยินที่กูพูดป่าวไอดิฟ.wav,2.637363,2.799477,กู,,
C:\Users\muldi\Documents\Playground\University\senior-project-1\dataset\us\clear\อย่าฟังความข้างเดียวสิ กูน่ะบอกอยู่เสมอแล้วว่ากูเป็นคนดี.wav,4.17339,4.335323,กู,True,light
C:\Users\muldi\Documents\Playground\University\senior-project-1\dataset\us\clear\พิ้งค์ด่าหนัง.wav,5.542865,5.814375,none,,
C:\Users\muldi\Documents\Playground\University\senior-project-1\dataset\us\clear\บัวด่านัท.wav,9.847586,11.375118,none,True,light_none
C:\Users\muldi\Documents\Playground\University\senior-project-1\dataset\us\clear\ถ้าแกไม่ไป กูก็ไม่ไปเหมือนกัน.wav,1.431357,1.59603,กู,,
C:\Users\muldi\Documents\Playground\University\senior-project-1\dataset\us\clear\ป้าๆก๋วยเตี๋ยวถุงนึง.wav,15.959181,16.227687,none,,
C:\Users\muldi\Documents\Playground\University\senior-project-1\dataset\us\clear\ไอดิฟ อัดเสียงเสร็จแล้วกูไปนอนได้แล้วใช่ไหม.wav,3.113854,3.226938,กู,,
C:\Users\muldi\Documents\Playground\University\senior-project-1\dataset\us\clear\ชีสเหม็น.wav,9.421103,9.900849,เหี้ย,,
C:\Users\muldi\Documents\Playground\University\senior-project-1\dataset\us\clear\Janพูดถึงอาท.wav,91.770179,91.844683,เย็ด,,
C:\Users\muldi\Documents\Playground\University\senior-project-1\dataset\us\clear\เข้ามาเลยไอ้พวกเด็กเปรต กูคนนี้จะลงทัณฑ์เอง.wav,2.807768,3.149977,กู,,
C:\Users\muldi\Documents\Playground\University\senior-project-1\dataset\us\clear\กูว่านะ โปรเจคเราอะ แม่งสุดยอดวะ.wav,1.312025,6.28,none,,
C:\Users\muldi\Documents\Playground\University\senior-project-1\dataset\us\clear\เป็นสวะแล้วยังทำนิสัยหีๆอีก.wav,1.566109,1.827762,สวะ,,
C:\Users\muldi\Documents\Playground\University\senior-project-1\dataset\us\clear\ด้วยสัตย์สาบานแห่งพระแม่กิ้งก่า กูขอสาบานว่า.wav,3.7706,4.035312,กู,,
C:\Users\muldi\Documents\Playground\University\senior-project-1\dataset\us\clear\หมากัด.wav,13.899931,16.44,none,,
C:\Users\muldi\Documents\Playground\University\senior-project-1\dataset\us\clear\พิ้งค์ด่าหนัง.wav,9.015207,9.258381,หี,,
C:\Users\muldi\Documents\Playground\University\senior-project-1\dataset\us\clear\บิวพูดควย.wav,5.419267,5.83977,ควย,,
C:\Users\muldi\Documents\Playground\University\senior-project-1\dataset\us\clear\ดูถูกหีไม่มีวันเจริญ.wav,2.375798,2.519377,หี,True,medium
C:\Users\muldi\Documents\Playground\University\senior-project-1\dataset\us\clear\แปปนึง มึงใครเนี่ย มึงใคร มึงคือใคร.wav,2.621538,3.887473,none,,
C:\Users\muldi\Documents\Playground\University\senior-project-1\dataset\us\clear\ดูถูกหีไม่มีวันเจริญ.wav,5.242343,5.952,none,,
C:\Users\muldi\Documents\Playground\University\senior-project-1\dataset\us\clear\ทำไมมึงถึงทำอย่างนี้เนี่ย ดูดีๆ.wav,0.746469,3.01,none,,
C:\Users\muldi\Documents\Playground\University\senior-project-1\dataset\us\clear\พิ้งค์ด่าหนัง.wav,13.201982,14.686948,none,,
C:\Users\muldi\Documents\Playground\University\senior-project-1\dataset\us\clear\เลสเบี้ยน.wav,6.214393,6.331295,หี,True,medium
C:\Users\muldi\Documents\Playground\University\senior-project-1\dataset\us\clear\ขอโทษนะ แต่กูไม่ได้ตั้งใจจริงๆ.wav,0.368322,0.47552,มึง,,
C:\Users\muldi\Documents\Playground\University\senior-project-1\dataset\us\clear\เอ๊ย เป็นเหี้ยไรวะกูถามจริง.wav,10.054282,10.14729,มึง,,
C:\Users\muldi\Documents\Playground\University\senior-project-1\dataset\us\clear\กู(หลายคำ).wav,8.916591,9.789268,none,,
C:\Users\muldi\Documents\Playground\University\senior-project-1\dataset\us\clear\แปปนึง มึงใครเนี่ย มึงใคร มึงคือใคร.wav,4.02989,5.443516,none,,
C:\Users\muldi\Documents\Playground\University\senior-project-1\dataset\us\clear\บัวด่านัท.wav,6.600819,8.602118,none,,
C:\Users\muldi\Documents\Playground\University\senior-project-1\dataset\us\clear\ก็แล้วจะทำไม มึงจะมาหาเรื่องหรอ.wav,2.061868,3.414806,none,,
C:\Users\muldi\Documents\Playground\University\senior-project-1\dataset\us\clear\หีหอมพ่อง.wav,0.255756,0.347329,หี,,
C:\Users\muldi\Documents\Playground\University\senior-project-1\dataset\us\clear\ไอ้อาร์ตพูดเหี้ย.wav,11.922755,12.083289,หี,,
C:\Users\muldi\Documents\Playground\University\senior-project-1\dataset\us\clear\ขอโทษนะ แต่กูไม่ได้ตั้งใจจริงๆ.wav,0.0,0.368322,none,,
C:\Users\muldi\Documents\Playground\University\senior-project-1\dataset\us\clear\เย็ดแม่ ทำไมถึงไม่คิดก่อนพูดบ้าง.wav,0.000845,0.193294,none,,
C:\Users\muldi\Documents\Playground\University\senior-project-1\dataset\us\clear\กล้าดียังไงมาแตะคนรัก.wav,2.699132,3.046038,สวะ,,
C:\Users\muldi\Documents\Playground\University\senior-project-1\dataset\us\clear\พิ้งค์ด่าหนัง.wav,18.097908,18.270021,กู,,
C:\Users\muldi\Documents\Playground\University\senior-project-1\dataset\us\clear\ไอ้เหี้ยทำไมนิสัยมึงสวะได้ขนาดนี้.wav,1.962002,3.330572,none,True,light_none
C:\Users\muldi\Documents\Playground\University\senior-project-1\dataset\us\clear\บิวพูดเหี้ย.wav,1.43318,2.497561,none,,
C:\Users\muldi\Documents\Playground\University\senior-project-1\dataset\us\clear\ความดื้อรั้นหน้าหีของมึงทำให้ทุกอย่างแย่ลงนะ.wav,1.429544,1.593864,หี,True,medium
C:\Users\muldi\Documents\Playground\University\senior-project-1\dataset\us\clear\บัวด่านัท.wav,26.682652,28.582597,none,True,light_none
C:\Users\muldi\Documents\Playground\University\senior-project-1\dataset\us\clear\กูว่านะ โปรเจคเราอะ แม่งสุดยอดวะ.wav,0.0,1.242198,none,True,light_none
C:\Users\muldi\Documents\Playground\University\senior-project-1\dataset\us\clear\เอ๊ย เป็นเหี้ยไรวะกูถามจริง.wav,7.745374,7.919439,หี,True,medium
C:\Users\muldi\Documents\Playground\University\senior-project-1\dataset\us\clear\หีหอมพ่อง.wav,2.743314,3.060595,สวะ,True,medium
C:\Users\muldi\Documents\Playground\University\senior-project-1\dataset\us\clear\พิ้งค์ด่าหนัง.wav,14.686948,14.84211,หี,,
C:\Users\muldi\Documents\Playground\University\senior-project-1\dataset\us\clear\ฉันไปเรียนภาษาใต้มา.wav,7.377011,8.088608,แตด,,
C:\Users\muldi\Documents\Playground\University\senior-project-1\dataset\us\clear\พิ้งค์ด่าหนัง.wav,9.731537,12.769092,none,True,light_none
C:\Users\muldi\Documents\Playground\University\senior-project-1\dataset\us\clear\เป็นสวะแล้วยังทำนิสัยหีๆอีก.wav,3.988175,4.267936,มึง,,
C:\Users\muldi\Documents\Playground\University\senior-project-1\dataset\us\noise\รถติดบนทางด่วน.wav,3.106011,3.304746,สวะ,True,medium
C:\Users\muldi\Documents\Playground\University\senior-project-1\dataset\us\clear\คอมโครตดี.wav,22.850665,23.046409,แตด,True,heavy
C:\Users\muldi\Documents\Playground\University\senior-project-1\dataset\us\clear\อั้มด่าแหลก.wav,2.372132,2.553996,เหี้ย,True,light
C:\Users\muldi\Documents\Playground\University\senior-project-1\dataset\us\noise\ค่ายเหี้ย2.wav,0.730067,0.930687,เหี้ย,,
C:\Users\muldi\Documents\Playground\University\senior-project-1\dataset\us\clear\อย่าฟังความข้างเดียวสิ กูน่ะบอกอยู่เสมอแล้วว่ากูเป็นคนดี.wav,2.583806,2.758516,กู,,
C:\Users\muldi\Documents\Playground\University\senior-project-1\dataset\us\clear\ทายคำเย็ดแม่.wav,49.36401,49.435061,เย็ด,,
C:\Users\muldi\Documents\Playground\University\senior-project-1\dataset\us\clear\บัวด่านัท.wav,9.847586,11.375118,none,,
C:\Users\muldi\Documents\Playground\University\senior-project-1\dataset\single\มึง\มึง (แทน).wav,0.0,1.6,มึง,True,light
C:\Users\muldi\Documents\Playground\University\senior-project-1\dataset\us\clear\แดนแถมควย.wav,0.0,1.654639,none,,
C:\Users\muldi\Documents\Playground\University\senior-project-1\dataset\single\สวะ\สวะ (โบท).wav,0.0,1.91,สวะ,True,medium
C:\Users\muldi\Documents\Playground\University\senior-project-1\dataset\single\มึง\มึง (เปอร์).wav,0.0,1.9626666666666663,มึง,,
C:\Users\muldi\Documents\Playground\University\senior-project-1\dataset\us\clear\อารมณ์แบบว่างี้ป้ะ.wav,0.0,8.341481,none,True,light_none
C:\Users\muldi\Documents\Playground\University\senior-project-1\dataset\us\clear\มึงไม่เคยฟังใครเลยใช่ไหม เย็ดแม่.wav,0.0,0.33246,none,,
C:\Users\muldi\Documents\Playground\University\senior-project-1\dataset\us\clear\บิวพูดควย.wav,2.412185,3.03642,ควย,True,medium
C:\Users\muldi\Documents\Playground\University\senior-project-1\dataset\us\clear\ชีสเหม็น.wav,7.102098,7.393144,แตด,True,heavy
C:\Users\muldi\Documents\Playground\University\senior-project-1\dataset\single\แตด\แตด (โบท).wav,0.0,1.73,แตด,,
C:\Users\muldi\Documents\Playground\University\senior-project-1\dataset\us\clear\อั้มด่าแหลก.wav,2.553996,3.592463,none,,
C:\Users\muldi\Documents\Playground\University\senior-project-1\dataset\us\clear\บิวพูดเหี้ย.wav,6.752158,7.137996,เหี้ย,True,light
C:\Users\muldi\Documents\Playground\University\senior-project-1\dataset\us\clear\นิสัยควยๆแบบนี้.wav,7.065872,8.661333,none,,
