file_path,start_time,end_time,label,augmented
./main/Janพูดถึงอาท.wav,0.0,14.183573,none,
./main/Janพูดถึงอาท.wav,14.183573,14.861386,เหี้ย,
./main/Janพูดถึงอาท.wav,14.861386,16.214891,none,
./main/Janพูดถึงอาท.wav,16.214891,16.685348,เหี้ย,
./main/Janพูดถึงอาท.wav,16.685348,18.23889,none,
./main/Janพูดถึงอาท.wav,18.239419,18.793377,เหี้ย,
./main/Janพูดถึงอาท.wav,18.793377,35.877376,none,
./main/Janพูดถึงอาท.wav,35.876169,36.302074,ควย,
./main/Janพูดถึงอาท.wav,36.302074,42.446618,none,
./main/Janพูดถึงอาท.wav,42.446618,42.969811,ควย,
./main/Janพูดถึงอาท.wav,42.969811,45.044591,none,
./main/Janพูดถึงอาท.wav,45.044591,45.249701,ควย,
./main/Janพูดถึงอาท.wav,45.249701,57.804852,none,
./main/Janพูดถึงอาท.wav,57.804852,57.958596,เย็ด,
./main/Janพูดถึงอาท.wav,57.958596,59.798039,none,
./main/Janพูดถึงอาท.wav,59.798039,59.91085,เย็ด,
./main/Janพูดถึงอาท.wav,59.91085,80.772829,none,
./main/Janพูดถึงอาท.wav,80.772829,80.876913,เย็ด,
./main/Janพูดถึงอาท.wav,80.876913,88.286035,none,
./main/Janพูดถึงอาท.wav,88.286035,88.409314,เหี้ย,
./main/Janพูดถึงอาท.wav,88.409314,90.54525,none,
./main/Janพูดถึงอาท.wav,90.544994,91.770179,none,
./main/Janพูดถึงอาท.wav,91.770179,91.844683,เย็ด,
./main/Janพูดถึงอาท.wav,91.844683,94.137844,none,
./main/Janพูดถึงอาท.wav,94.137844,94.275841,ควย,
./main/Janพูดถึงอาท.wav,94.275841,95.803252,none,
./main/Janพูดถึงอาท.wav,95.803252,95.979016,หี,
./main/Janพูดถึงอาท.wav,95.979016,101.676663,none,
./main/กล้าดียังไงมาแตะคนรัก.wav,0.0,2.699132,none,
./main/กล้าดียังไงมาแตะคนรัก.wav,2.699132,3.046038,สวะ,
./main/กล้าดียังไงมาแตะคนรัก.wav,3.046038,4.775945,none,
./main/กล้าดียังไงมาแตะคนรัก.wav,4.775945,4.994257,หี,
./main/กล้าดียังไงมาแตะคนรัก.wav,4.994257,7.246159,none,
./main/กล้าดียังไงมาแตะคนรัก.wav,7.246159,7.643905,สวะ,
./main/กล้าดียังไงมาแตะคนรัก.wav,7.643905,8.280897,none,
./main/กล้าดียังไงมาแตะคนรัก.wav,8.280897,8.639766,แตด,
./main/กล้าดียังไงมาแตะคนรัก.wav,8.639766,9.701419,none,
./main/กล้าดียังไงมาแตะคนรัก.wav,9.701419,10.287571,ควย,
./main/กล้าดียังไงมาแตะคนรัก.wav,10.287571,11.14,none,
./main/กายพูดกูรัวๆ.wav,0.0,0.949056,none,
./main/กายพูดกูรัวๆ.wav,0.949056,1.073442,กู,
./main/กายพูดกูรัวๆ.wav,1.073442,2.284142,none,
./main/กายพูดกูรัวๆ.wav,2.284142,2.362906,เหี้ย,
./main/กายพูดกูรัวๆ.wav,2.362906,2.591512,กู,
./main/กายพูดกูรัวๆ.wav,2.591512,2.702934,none,
./main/กายพูดกูรัวๆ.wav,2.702934,2.923856,กู,
./main/กายพูดกูรัวๆ.wav,2.923856,3.017027,none,
./main/กายพูดกูรัวๆ.wav,3.017027,3.222581,กู,
./main/กายพูดกูรัวๆ.wav,3.222581,3.321516,none,
./main/กายพูดกูรัวๆ.wav,3.321516,3.478082,กู,
./main/กายพูดกูรัวๆ.wav,3.478082,3.591425,none,
./main/กายพูดกูรัวๆ.wav,3.591425,3.739346,กู,
./main/กายพูดกูรัวๆ.wav,4.770249,4.929887,กู,
./main/กายพูดกูรัวๆ.wav,4.930829,5.037553,none,
./main/กายพูดกูรัวๆ.wav,5.037279,5.20127,กู,
./main/กายพูดกูรัวๆ.wav,5.201742,5.295125,none,
./main/กายพูดกูรัวๆ.wav,5.295601,5.460339,กู,
./main/กายพูดกูรัวๆ.wav,5.460339,5.55167,none,
./main/กายพูดกูรัวๆ.wav,5.55167,5.679943,กู,
./main/กายพูดกูรัวๆ.wav,5.679943,11.247006,none,
./main/กายพูดกูรัวๆ.wav,11.247006,11.731366,ควย,
./main/กายพูดกูรัวๆ.wav,11.731366,12.737029,none,
./main/กายพูดกูรัวๆ.wav,12.739082,13.153661,กู,
./main/กายพูดกูรัวๆ.wav,13.153661,17.592945,none,
./main/กายพูดกูรัวๆ.wav,17.593941,19.027974,none,
./main/กายพูดกูรัวๆ.wav,19.027974,19.110184,กู,
./main/กายพูดกูรัวๆ.wav,19.110178,19.587647,none,
./main/กายพูดกูรัวๆ.wav,19.587653,19.878932,กู,
./main/กายพูดกูรัวๆ.wav,19.878926,20.239883,none,
./main/กายพูดกูรัวๆ.wav,20.239883,20.554008,กู,
./main/กายพูดกูรัวๆ.wav,20.554008,22.035532,none,
./main/กายพูดกูรัวๆ.wav,22.035532,22.470737,กู,
./main/กายพูดกูรัวๆ.wav,22.471879,23.569601,none,
./main/กายพูดกูรัวๆ.wav,23.569601,23.642706,เย็ด,
./main/กายพูดกูรัวๆ.wav,23.642706,23.976249,none,
./main/กายพูดกูรัวๆ.wav,23.976249,24.422876,กู,
./main/กายพูดกูรัวๆ.wav,24.422876,27.879386,none,
./main/กายพูดกูรัวๆ.wav,27.879386,27.96734,เย็ด,
./main/กายพูดกูรัวๆ.wav,27.96734,30.812735,none,
./main/กายพูดกูรัวๆ.wav,30.812735,30.989787,มึง,
./main/กายพูดกูรัวๆ.wav,30.989787,32.604957,none,
./main/กายพูดกูรัวๆ.wav,32.604957,32.703192,กู,
./main/กายพูดกูรัวๆ.wav,32.703192,34.033246,none,
./main/กายหีควยแตด.wav,0.135466,0.506421,none,
./main/กายหีควยแตด.wav,0.793104,1.043558,none,
./main/กายหีควยแตด.wav,1.043558,1.438928,หี,
./main/กายหีควยแตด.wav,1.438928,1.882342,ควย,
./main/กายหีควยแตด.wav,1.882342,2.265899,แตด,
./main/กายหีควยแตด.wav,3.144062,3.657572,หี,
./main/กายหีควยแตด.wav,3.88676,4.419172,none,
./main/กายหีควยแตด.wav,4.952371,5.472968,none,
./main/กายหีควยแตด.wav,5.710821,6.121943,none,
./main/กายหีควยแตด.wav,6.877243,7.09068,แตด,
./main/กายหีควยแตด.wav,7.153687,8.172829,none,
./main/กายหีควยแตด.wav,8.204333,8.810778,none,
./main/กายหีควยแตด.wav,10.0851,10.529301,หี,
./main/กายหีควยแตด.wav,10.88923,11.291689,ควย,
./main/กายหีควยแตด.wav,11.344457,11.695723,แตด,
./main/กายหีควยแตด.wav,12.66761,12.799138,หี,
./main/กายหีควยแตด.wav,12.822765,12.950355,ควย,
./main/กายหีควยแตด.wav,12.973195,13.265391,แตด,
./main/กายหีควยแตด.wav,13.288232,13.437086,หี,
./main/กายหีควยแตด.wav,13.437086,13.552074,ควย,
./main/กายหีควยแตด.wav,13.609569,13.992338,แตด,
./main/กายหีควยแตด.wav,14.350332,18.206697,none,
./main/กายหีควยแตด.wav,18.237327,18.597648,หี,
./main/กายหีควยแตด.wav,18.968003,19.492504,ควย,
./main/กายหีควยแตด.wav,19.794092,20.133144,แตด,
./main/กายหีควยแตด.wav,22.419557,22.732541,แตด,
./main/กายหีควยแตด.wav,24.499619,25.244209,none,
./main/กายหีควยแตด.wav,26.713896,27.186156,none,
./main/กายหีควยแตด.wav,29.331934,29.448328,เหี้ย,
./main/กายหีควยแตด.wav,31.166398,31.386378,หี,
./main/กายหีควยแตด.wav,31.399743,31.661491,ควย,
./main/กายหีควยแตด.wav,31.697134,32.085301,แตด,
./main/กายหีควยแตด.wav,35.715802,36.60129,none,
./main/กายหีควยแตด.wav,37.218347,37.87216,none,
./main/กายหีควยแตด.wav,38.48699,39.16308,none,
./main/กายหีควยแตด.wav,40.185568,40.687901,none,
./main/กายหีควยแตด.wav,41.096674,41.199145,หี,
./main/กายหีควยแตด.wav,41.199145,41.372902,ควย,
./main/กายหีควยแตด.wav,41.406873,41.602349,แตด,
./main/กายหีควยแตด.wav,41.619613,42.014463,none,
./main/กายหีควยแตด.wav,43.64287,44.239878,none,
./main/กายหีควยแตด.wav,46.141172,46.495367,none,
./main/กายหีควยแตด.wav,47.922729,48.095928,หี,
./main/กายหีควยแตด.wav,48.095928,48.286949,ควย,
./main/กายหีควยแตด.wav,48.286949,48.547583,แตด,
./main/กายหีควยแตด.wav,49.281035,49.418035,หี,
./main/กายหีควยแตด.wav,49.418035,49.558933,ควย,
./main/กายหีควยแตด.wav,49.570071,49.885283,แตด,
./main/กายหีควยแตด.wav,50.973486,51.119397,เหี้ย,
./main/กายหีควยแตด.wav,51.857861,52.514459,none,
./main/กายหีควยแตด.wav,53.569805,53.698451,หี,
./main/กายหีควยแตด.wav,53.698451,53.898382,ควย,
./main/กายหีควยแตด.wav,53.954073,54.213036,แตด,
./main/กายหีควยแตด.wav,55.934448,56.496928,หี,
./main/กายหีควยแตด.wav,57.317814,57.68983,แตด,
./main/กายหีควยแตด.wav,57.752204,57.919835,none,
./main/การกระทำที่ไร้ศีลธรรมของเขาเป็นเหมือนสวะที่ปนเปื้อนในสังคม.wav,0.0,2.961863,none,
./main/การกระทำที่ไร้ศีลธรรมของเขาเป็นเหมือนสวะที่ปนเปื้อนในสังคม.wav,2.961863,3.198446,สวะ,
./main/การกระทำที่ไร้ศีลธรรมของเขาเป็นเหมือนสวะที่ปนเปื้อนในสังคม.wav,3.198446,4.59,none,
./main/กาลครั้งมีไอ้สวะตัวหนึ่ง.wav,0.0,3.218479,none,
./main/กาลครั้งมีไอ้สวะตัวหนึ่ง.wav,3.218479,3.43895,สวะ,
./main/กาลครั้งมีไอ้สวะตัวหนึ่ง.wav,3.43895,7.251913,none,
./main/กาลครั้งมีไอ้สวะตัวหนึ่ง.wav,7.251913,7.503518,สวะ,
./main/กาลครั้งมีไอ้สวะตัวหนึ่ง.wav,7.503518,10.290912,none,
./main/กาลครั้งมีไอ้สวะตัวหนึ่ง.wav,10.290912,10.477431,หี,
./main/กาลครั้งมีไอ้สวะตัวหนึ่ง.wav,10.477431,12.168269,none,
./main/กาลครั้งมีไอ้สวะตัวหนึ่ง.wav,12.168269,12.375667,ควย,
./main/กาลครั้งมีไอ้สวะตัวหนึ่ง.wav,12.375667,14.377961,none,
./main/กาลครั้งมีไอ้สวะตัวหนึ่ง.wav,14.377961,14.515066,หี,
./main/กาลครั้งมีไอ้สวะตัวหนึ่ง.wav,14.515066,14.852609,none,
./main/กาลครั้งมีไอ้สวะตัวหนึ่ง.wav,14.852609,15.106637,ควย,
./main/กาลครั้งมีไอ้สวะตัวหนึ่ง.wav,15.106637,15.358915,none,
./main/กาลครั้งมีไอ้สวะตัวหนึ่ง.wav,15.358915,15.575452,สวะ,
./main/กาลครั้งมีไอ้สวะตัวหนึ่ง.wav,15.575452,18.169214,none,
./main/กาลครั้งมีไอ้สวะตัวหนึ่ง.wav,18.169214,18.300307,เย็ด,
./main/กาลครั้งมีไอ้สวะตัวหนึ่ง.wav,18.300307,20.74,none,
./main/กิตหีควยแตด.wav,0.161685,0.686726,none,
./main/กิตหีควยแตด.wav,0.95707,1.223937,none,
./main/กิตหีควยแตด.wav,1.428216,1.672482,none,
./main/กิตหีควยแตด.wav,2.195785,2.563488,หี,
./main/กิตหีควยแตด.wav,2.732996,3.241521,ควย,
./main/กิตหีควยแตด.wav,3.288462,3.431892,แตด,
./main/กิตหีควยแตด.wav,3.524035,3.758739,none,
./main/กิตหีควยแตด.wav,3.819588,4.006482,none,
./main/กิตหีควยแตด.wav,4.382877,4.754057,หี,
./main/กิตหีควยแตด.wav,4.871409,5.295614,ควย,
./main/กิตหีควยแตด.wav,5.37298,5.538142,แตด,
./main/กิตหีควยแตด.wav,5.621592,6.074483,none,
./main/กิตหีควยแตด.wav,6.408284,6.710792,หี,
./main/กิตหีควยแตด.wav,6.839444,7.367962,ควย,
./main/กิตหีควยแตด.wav,7.400995,7.601797,แตด,
./main/กิตหีควยแตด.wav,7.601797,8.043388,none,
./main/กิตหีควยแตด.wav,8.367627,8.777924,หี,
./main/กิตหีควยแตด.wav,8.796179,9.230816,ควย,
./main/กิตหีควยแตด.wav,9.298619,9.431618,แตด,
./main/กิตหีควยแตด.wav,9.514199,9.709785,none,
./main/กิตหีควยแตด.wav,9.97926,10.173108,none,
./main/กิตหีควยแตด.wav,10.256558,10.510386,none,
./main/กิตหีควยแตด.wav,10.756391,11.181465,หี,
./main/กิตหีควยแตด.wav,11.196243,11.570031,ควย,
./main/กิตหีควยแตด.wav,11.643919,11.787349,แตด,
./main/กิตหีควยแตด.wav,11.892531,12.08551,none,
./main/กิตหีควยแตด.wav,12.350638,12.700086,หี,
./main/กิตหีควยแตด.wav,12.868725,13.182533,ควย,
./main/กิตหีควยแตด.wav,13.24599,13.397244,แตด,
./main/กิตหีควยแตด.wav,13.495471,13.734522,none,
./main/กิตหีควยแตด.wav,14.201322,14.536861,หี,
./main/กิตหีควยแตด.wav,14.68203,15.008877,ควย,
./main/กิตหีควยแตด.wav,15.114059,15.286175,แตด,
./main/กิตหีควยแตด.wav,15.317469,15.506101,none,
./main/กิตหีควยแตด.wav,15.7947,16.058959,none,
./main/กิตหีควยแตด.wav,16.270193,16.541406,none,
./main/กิตหีควยแตด.wav,16.769156,16.924756,none,
./main/กิตหีควยแตด.wav,17.06297,17.368954,หี,
./main/กิตหีควยแตด.wav,17.5176,17.867917,ควย,
./main/กิตหีควยแตด.wav,17.958322,18.132176,แตด,
./main/กิตหีควยแตด.wav,18.188679,18.353841,none,
./main/กิตหีควยแตด.wav,18.502487,18.685469,none,
./main/กิตหีควยแตด.wav,18.685469,18.879752,none,
./main/กิตหีควยแตด.wav,18.95364,19.268317,หี,
./main/กิตหีควยแตด.wav,19.386538,19.787273,ควย,
./main/กิตหีควยแตด.wav,19.867246,20.052402,แตด,
./main/กิตหีควยแตด.wav,20.124551,20.279282,none,
./main/กิตหีควยแตด.wav,20.543541,20.801715,none,
./main/กิตหีควยแตด.wav,20.851264,21.121608,หี,
./main/กิตหีควยแตด.wav,21.284162,21.642303,ควย,
./main/กิตหีควยแตด.wav,21.697067,21.877876,แตด,
./main/กิตหีควยแตด.wav,21.941333,22.113449,none,
./main/กิตหีควยแตด.wav,22.409872,22.622844,none,
./main/กิตหีควยแตด.wav,22.909704,23.083558,none,
./main/กิตหีควยแตด.wav,23.180048,23.826787,none,
./main/กิตหีควยแตด.wav,23.920669,24.076269,none,
./main/กิตหีควยแตด.wav,24.399639,24.775165,หี,
./main/กิตหีควยแตด.wav,24.947281,25.281082,ควย,
./main/กิตหีควยแตด.wav,25.347147,25.563596,แตด,
./main/กิตหีควยแตด.wav,25.61836,25.873057,none,
./main/กิตหีควยแตด.wav,26.326818,26.697129,หี,
./main/กิตหีควยแตด.wav,26.751023,27.123073,ควย,
./main/กิตหีควยแตด.wav,27.194353,27.405586,แตด,
./main/กิตหีควยแตด.wav,27.449919,27.747211,none,
./main/กิตหีควยแตด.wav,28.102744,28.52608,หี,
./main/กิตหีควยแตด.wav,28.537381,28.966802,ควย,
./main/กิตหีควยแตด.wav,29.01635,29.21976,แตด,
./main/กิตหีควยแตด.wav,29.25627,29.426647,หี,
./main/กิตหีควยแตด.wav,29.463157,29.597894,ควย,
./main/กิตหีควยแตด.wav,29.660482,29.833467,แตด,
./main/กิตหีควยแตด.wav,29.883016,30.073387,หี,
./main/กิตหีควยแตด.wav,30.091642,30.395018,ควย,
./main/กิตหีควยแตด.wav,30.469776,30.951353,แตด,
./main/กิตหีควยแตด.wav,31.49378,31.902338,หี,
./main/กิตหีควยแตด.wav,31.961449,32.328282,ควย,
./main/กิตหีควยแตด.wav,32.380439,32.577764,แตด,
./main/กิตหีควยแตด.wav,32.657737,32.931558,none,
./main/กิตหีควยแตด.wav,33.3123,33.684349,หี,
./main/กิตหีควยแตด.wav,33.691303,34.126809,ควย,
./main/กิตหีควยแตด.wav,34.158972,34.368467,แตด,
./main/กิตหีควยแตด.wav,34.433663,34.723131,none,
./main/กิตหีควยแตด.wav,35.090834,35.508954,none,
./main/กิตหีควยแตด.wav,35.589797,35.907951,none,
./main/กิตหีควยแตด.wav,35.941852,36.873714,none,
./main/กิตหีควยแตด.wav,36.971942,38.204571,none,
./main/กู (มูเซอร์).wav,0.49457,0.90763,กู,
./main/กู (อาร์ต).wav,0.665638,1.075881,กู,
./main/กู (อาร์ต).wav,1.743869,2.199218,กู,
./main/กู (อาร์ต).wav,3.08649,3.410819,กู,
./main/กู (อาร์ต).wav,4.222714,4.637253,กู,
./main/กู (อาร์ต).wav,5.384712,5.812139,กู,
./main/กู (อาร์ต).wav,6.529527,6.944066,กู,
./main/กู (อาร์ต).wav,7.64491,8.022941,กู,
./main/กู (อาร์ต).wav,8.856908,9.176191,กู,
./main/กู (อาร์ต).wav,9.92459,10.261753,กู,
./main/กู (อาร์ต).wav,11.689586,12.086774,กู,
./main/กู (อาร์ต).wav,12.795582,13.177444,กู,
./main/กู (อาร์ต).wav,13.685743,14.015243,กู,
./main/กู (อาร์ต).wav,14.589952,14.918175,กู,
./main/กู (อาร์ต).wav,15.674237,16.073979,กู,
./main/กู (อาร์ต).wav,16.48777,16.729147,กู,
./main/กู (เปอร์).wav,0.742212,1.279611,กู,
./main/กู (แทน).wav,0.817713,1.30271,กู,
./main/กู (โบท).wav,0.877912,1.435011,กู,
./main/กู (โบท2).wav,0.729992,1.204487,กู,
./main/กูตั้งใจจะเรียนให้จบปีนี้.wav,0.0,0.168345,none,
./main/กูตั้งใจจะเรียนให้จบปีนี้.wav,0.168345,0.299953,กู,
./main/กูตั้งใจจะเรียนให้จบปีนี้.wav,0.299953,2.560136,none,
./main/กูว่านะ โปรเจคเราอะ แม่งสุดยอดวะ.wav,0.0,1.242198,none,
./main/กูว่านะ โปรเจคเราอะ แม่งสุดยอดวะ.wav,1.242198,1.360502,กู,
./main/กูว่านะ โปรเจคเราอะ แม่งสุดยอดวะ.wav,1.360502,6.28,none,
./main/กูว่านะพรุ่งนี้ตื่นสายวะ.wav,0.0,1.279592,none,
./main/กูว่านะพรุ่งนี้ตื่นสายวะ.wav,1.279636,1.942576,กู,
./main/กูว่านะพรุ่งนี้ตื่นสายวะ.wav,1.942576,3.8,none,
./main/กูว่าฝนจะตกแล้ว รีบกลับเถอะ.wav,0.0,0.226401,none,
./main/กูว่าฝนจะตกแล้ว รีบกลับเถอะ.wav,0.226401,0.401115,กู,
./main/กูว่าฝนจะตกแล้ว รีบกลับเถอะ.wav,0.401115,2.749956,none,
./main/กูว่ามันไม่ใช่เรื่องง่าย แต่กูก็จะลองดู.wav,0.0,0.038405,none,
./main/กูว่ามันไม่ใช่เรื่องง่าย แต่กูก็จะลองดู.wav,0.038405,0.161167,กู,
./main/กูว่ามันไม่ใช่เรื่องง่าย แต่กูก็จะลองดู.wav,0.161167,3.108298,none,
./main/กูเป็นคนคิดไอเดียโปรเจคนี่หว่า เออกูแม่งสุดยอดวะ.wav,0.0,2.249246,none,
./main/กูเป็นคนคิดไอเดียโปรเจคนี่หว่า เออกูแม่งสุดยอดวะ.wav,2.249246,2.561429,กู,
./main/กูเป็นคนคิดไอเดียโปรเจคนี่หว่า เออกูแม่งสุดยอดวะ.wav,2.561429,5.097268,none,
./main/กูเป็นคนคิดไอเดียโปรเจคนี่หว่า เออกูแม่งสุดยอดวะ.wav,5.097268,5.329871,กู,
./main/กูเป็นคนคิดไอเดียโปรเจคนี่หว่า เออกูแม่งสุดยอดวะ.wav,5.329785,6.518924,none,
./main/ก็มาดิสะไอ้สัสเป็นเหี้ยไรวะ.wav,0.0,2.222779,none,
./main/ก็มาดิสะไอ้สัสเป็นเหี้ยไรวะ.wav,2.222779,2.438565,เหี้ย,
./main/ก็มาดิสะไอ้สัสเป็นเหี้ยไรวะ.wav,2.438565,2.909606,none,
./main/ก็มาดิสะไอ้สัสเป็นเหี้ยไรวะ.wav,2.909606,3.140448,เหี้ย,
./main/ก็มาดิสะไอ้สัสเป็นเหี้ยไรวะ.wav,3.140448,3.370285,มึง,
./main/ก็มาดิสะไอ้สัสเป็นเหี้ยไรวะ.wav,3.370285,3.872425,none,
./main/ก็มาดิสะไอ้สัสเป็นเหี้ยไรวะ.wav,3.872425,4.112927,หี,
./main/ก็มาดิสะไอ้สัสเป็นเหี้ยไรวะ.wav,4.112927,5.410723,none,
./main/ก็มาดิสะไอ้สัสเป็นเหี้ยไรวะ.wav,5.410723,5.667882,ควย,
./main/ก็มาดิสะไอ้สัสเป็นเหี้ยไรวะ.wav,5.667882,5.959434,none,
./main/ก็มาดิสะไอ้สัสเป็นเหี้ยไรวะ.wav,5.959434,6.019095,กู,
./main/ก็มาดิสะไอ้สัสเป็นเหี้ยไรวะ.wav,6.019095,6.680347,none,
./main/ก็มาดิสะไอ้สัสเป็นเหี้ยไรวะ.wav,6.680347,7.049388,เหี้ย,
./main/ก็มาดิสะไอ้สัสเป็นเหี้ยไรวะ.wav,7.049388,9.367063,none,
./main/ก็มาดิสะไอ้สัสเป็นเหี้ยไรวะ.wav,9.367063,9.750196,สวะ,
./main/ก็มาดิสะไอ้สัสเป็นเหี้ยไรวะ.wav,9.750196,9.8383,none,
./main/ก็มาดิสะไอ้สัสเป็นเหี้ยไรวะ.wav,9.8383,9.92523,กู,
./main/ก็มาดิสะไอ้สัสเป็นเหี้ยไรวะ.wav,9.92523,10.69093,none,
./main/ก็มาดิสะไอ้สัสเป็นเหี้ยไรวะ.wav,10.69093,10.864061,เหี้ย,
./main/ก็มาดิสะไอ้สัสเป็นเหี้ยไรวะ.wav,10.864061,12.803295,none,
./main/ก็มาดิสะไอ้สัสเป็นเหี้ยไรวะ.wav,12.803295,13.056,ควย,
./main/ก็แล้วจะทำไม มึงจะมาหาเรื่องหรอ.wav,0.0,1.815171,none,
./main/ก็แล้วจะทำไม มึงจะมาหาเรื่องหรอ.wav,1.815171,2.061868,มึง,
./main/ก็แล้วจะทำไม มึงจะมาหาเรื่องหรอ.wav,2.061868,3.414806,none,
./main/ก็แล้วจะให้ทำยังไงล่ะมึงก็เสนอมาสิ.wav,0.002802,2.181592,none,
./main/ก็แล้วจะให้ทำยังไงล่ะมึงก็เสนอมาสิ.wav,2.181592,2.407332,มึง,
./main/ก็แล้วจะให้ทำยังไงล่ะมึงก็เสนอมาสิ.wav,2.409053,3.688384,none,
./main/ขอโทษนะ แต่กูไม่ได้ตั้งใจจริงๆ.wav,0.0,0.368322,none,
./main/ขอโทษนะ แต่กูไม่ได้ตั้งใจจริงๆ.wav,0.368322,0.47552,มึง,
./main/ขอโทษนะ แต่กูไม่ได้ตั้งใจจริงๆ.wav,0.47552,1.592855,none,
./main/ขอโทษนะ แต่กูไม่ได้ตั้งใจจริงๆ.wav,1.592855,1.682187,กู,
./main/ขอโทษนะ แต่กูไม่ได้ตั้งใจจริงๆ.wav,1.682187,3.62,none,
./main/ขึ้นมาสิไอ้เย็ดแม่ เราจะไปเที่ยวทะเลกัน.wav,0.288492,1.155686,none,
./main/ขึ้นมาสิไอ้เย็ดแม่ เราจะไปเที่ยวทะเลกัน.wav,1.155686,1.315387,เย็ด,
./main/ขึ้นมาสิไอ้เย็ดแม่ เราจะไปเที่ยวทะเลกัน.wav,1.315387,1.801358,none,
./main/ขึ้นมาสิไอ้เย็ดแม่ เราจะไปเที่ยวทะเลกัน.wav,2.033182,3.527159,none,
./main/คนดีห้ามเพื่อน.wav,0.0,1.006384,none,
./main/คนดีห้ามเพื่อน.wav,1.007224,1.138831,กู,
./main/คนดีห้ามเพื่อน.wav,1.138831,3.242874,none,
./main/คนดีห้ามเพื่อน.wav,3.242874,3.395044,มึง,
./main/คนดีห้ามเพื่อน.wav,3.395044,6.960765,none,
./main/คนดีห้ามเพื่อน.wav,6.960765,7.332966,กู,
./main/คนดีห้ามเพื่อน.wav,7.332966,10.146061,none,
./main/คนดีห้ามเพื่อน.wav,10.146061,10.234402,เย็ด,
./main/คนดีห้ามเพื่อน.wav,10.234402,13.261441,none,
./main/คนดีห้ามเพื่อน.wav,13.261441,13.425949,กู,
./main/คนดีห้ามเพื่อน.wav,13.425949,14.540494,none,
./main/คนดีห้ามเพื่อน.wav,14.540494,14.61041,กู,
./main/คนดีห้ามเพื่อน.wav,14.61041,16.339806,none,
./main/คนดีห้ามเพื่อน.wav,16.339806,16.413835,กู,
./main/คนดีห้ามเพื่อน.wav,16.413835,18.213146,none,
./main/ควย (มูเซอร์).wav,0.322381,0.956112,ควย,
./main/ควย (อาร์ต).wav,0.952271,1.336521,ควย,
./main/ควย (อาร์ต).wav,1.814935,2.34195,ควย,
./main/ควย (อาร์ต).wav,2.84922,3.409648,ควย,
./main/ควย (อาร์ต).wav,3.847055,4.42267,ควย,
./main/ควย (อาร์ต).wav,5.151682,5.586051,ควย,
./main/ควย (อาร์ต).wav,6.067502,6.463902,ควย,
./main/ควย (อาร์ต).wav,7.168613,7.604502,ควย,
./main/ควย (อาร์ต).wav,8.167967,8.489947,ควย,
./main/ควย (อาร์ต).wav,9.139982,9.484744,ควย,
./main/ควย (อาร์ต).wav,10.163636,10.350445,ควย,
./main/ควย (อาร์ต).wav,11.141533,11.452189,ควย,
./main/ควย (อาร์ต).wav,12.109245,12.532784,ควย,
./main/ควย (อาร์ต).wav,13.131518,13.472878,ควย,
./main/ควย (อาร์ต).wav,14.183593,14.572816,ควย,
./main/ควย (อาร์ต).wav,15.266372,15.391899,ควย,
./main/ควย (อาร์ต).wav,16.221819,16.499964,ควย,
./main/ควย (อาร์ต).wav,17.159204,17.532171,ควย,
./main/ควย (อาร์ต).wav,18.111941,18.360285,ควย,
./main/ควย (เปอร์).wav,1.037558,1.323007,ควย,
./main/ควย (แทน).wav,1.102861,1.693011,ควย,
./main/ควย (โบท).wav,0.689795,1.130888,ควย,
./main/ควย (โบท2).wav,0.57631,0.950911,ควย,
./main/ควย มึงทำแบบนี้คนจะมองว่าเป็นคนไร้ความรับผิดชอบนะ.wav,0.0,0.022561,none,
./main/ควย มึงทำแบบนี้คนจะมองว่าเป็นคนไร้ความรับผิดชอบนะ.wav,0.022561,0.499415,ควย,
./main/ควย มึงทำแบบนี้คนจะมองว่าเป็นคนไร้ความรับผิดชอบนะ.wav,0.499415,0.665955,none,
./main/ควย มึงทำแบบนี้คนจะมองว่าเป็นคนไร้ความรับผิดชอบนะ.wav,0.665955,0.784526,มึง,
./main/ควย มึงทำแบบนี้คนจะมองว่าเป็นคนไร้ความรับผิดชอบนะ.wav,0.784526,3.82,none,
./main/ความดื้อรั้นหน้าหีของมึงทำให้ทุกอย่างแย่ลงนะ.wav,0.0,1.429544,none,
./main/ความดื้อรั้นหน้าหีของมึงทำให้ทุกอย่างแย่ลงนะ.wav,1.429544,1.593864,หี,
./main/ความดื้อรั้นหน้าหีของมึงทำให้ทุกอย่างแย่ลงนะ.wav,1.593864,1.833679,none,
./main/ความดื้อรั้นหน้าหีของมึงทำให้ทุกอย่างแย่ลงนะ.wav,1.833679,1.940261,มึง,
./main/ความดื้อรั้นหน้าหีของมึงทำให้ทุกอย่างแย่ลงนะ.wav,1.940261,3.77,none,
./main/คอมโครตดี.wav,0.0,1.518206,none,
./main/คอมโครตดี.wav,1.519623,1.566463,กู,
./main/คอมโครตดี.wav,1.566463,2.445045,none,
./main/คอมโครตดี.wav,2.445045,2.550429,กู,
./main/คอมโครตดี.wav,2.550429,5.232411,none,
./main/คอมโครตดี.wav,5.232411,5.458234,เหี้ย,
./main/คอมโครตดี.wav,5.458234,5.595736,none,
./main/คอมโครตดี.wav,5.595736,5.883786,เหี้ย,
./main/คอมโครตดี.wav,5.883786,11.399811,none,
./main/คอมโครตดี.wav,11.399811,11.903393,หี,
./main/คอมโครตดี.wav,11.903393,12.906096,none,
./main/คอมโครตดี.wav,12.906096,13.068983,เหี้ย,
./main/คอมโครตดี.wav,13.068983,14.926504,none,
./main/คอมโครตดี.wav,14.926504,15.010479,กู,
./main/คอมโครตดี.wav,15.010479,17.42653,none,
./main/คอมโครตดี.wav,17.42653,17.61247,ควย,
./main/คอมโครตดี.wav,17.61247,20.209013,none,
./main/คอมโครตดี.wav,20.209013,20.322401,กู,
./main/คอมโครตดี.wav,20.322401,22.850665,none,
./main/คอมโครตดี.wav,22.850665,23.046409,แตด,
./main/คอมโครตดี.wav,23.046409,25.21252,none,
./main/คอมโครตดี.wav,25.21252,25.361911,กู,
./main/คอมโครตดี.wav,25.361911,27.791607,none,
./main/คอมโครตดี.wav,27.791607,28.196133,สวะ,
./main/คอมโครตดี.wav,28.196133,29.909333,none,
./main/คือมึงไม่ฉลาดหรอวะ.wav,0.0,0.736263,none,
./main/คือมึงไม่ฉลาดหรอวะ.wav,0.736263,0.927792,มึง,
./main/คือมึงไม่ฉลาดหรอวะ.wav,0.927792,1.953588,none,
./main/คือมึงไม่ฉลาดหรอวะ.wav,1.953588,2.201566,มึง,
./main/คือมึงไม่ฉลาดหรอวะ.wav,2.201566,3.197513,none,
./main/คือมึงไม่ฉลาดหรอวะ.wav,3.197513,3.385009,หี,
./main/คือมึงไม่ฉลาดหรอวะ.wav,3.385009,3.467669,none,
./main/คือมึงไม่ฉลาดหรอวะ.wav,3.467669,3.582586,แตด,
./main/คือมึงไม่ฉลาดหรอวะ.wav,3.582586,3.788227,none,
./main/คือมึงไม่ฉลาดหรอวะ.wav,3.788227,3.939433,ควย,
./main/คือมึงไม่ฉลาดหรอวะ.wav,3.939433,4.213621,none,
./main/คือมึงไม่ฉลาดหรอวะ.wav,4.213621,4.350715,มึง,
./main/คือมึงไม่ฉลาดหรอวะ.wav,4.350715,5.382951,none,
./main/คือมึงไม่ฉลาดหรอวะ.wav,5.382951,5.576495,มึง,
./main/คือมึงไม่ฉลาดหรอวะ.wav,5.576495,7.51,none,
./main/ค่ายเหี้ย.wav,0.0,0.691737,none,
./main/ค่ายเหี้ย.wav,0.692135,0.776496,กู,
./main/ค่ายเหี้ย.wav,0.776496,1.946584,none,
./main/ค่ายเหี้ย.wav,1.946584,2.130414,กู,
./main/ค่ายเหี้ย.wav,2.130414,4.306995,none,
./main/ค่ายเหี้ย.wav,4.306995,4.452213,หี,
./main/ค่ายเหี้ย.wav,4.452213,4.562026,none,
./main/ค่ายเหี้ย.wav,4.562026,4.718995,แตด,
./main/ค่ายเหี้ย.wav,4.718995,8.679464,none,
./main/ค่ายเหี้ย.wav,8.679464,8.788587,ควย,
./main/ค่ายเหี้ย.wav,8.788587,10.517333,none,
./main/ฉันไปเรียนภาษาใต้มา.wav,0.0,4.515939,none,
./main/ฉันไปเรียนภาษาใต้มา.wav,4.515939,4.733057,หี,
./main/ฉันไปเรียนภาษาใต้มา.wav,4.733057,7.377011,none,
./main/ฉันไปเรียนภาษาใต้มา.wav,7.377011,8.088608,แตด,
./main/ฉันไปเรียนภาษาใต้มา.wav,8.088608,9.35,none,
./main/ชอบทำตัวหัวควยใส่คนอื่น ทั้งที่ตัวเองก็ไม่ได้ดีไปกว่าใครเลย.wav,0.0,2.337409,none,
./main/ชอบทำตัวหัวควยใส่คนอื่น ทั้งที่ตัวเองก็ไม่ได้ดีไปกว่าใครเลย.wav,2.337409,2.500583,ควย,
./main/ชอบทำตัวหัวควยใส่คนอื่น ทั้งที่ตัวเองก็ไม่ได้ดีไปกว่าใครเลย.wav,2.500583,5.6,none,
./main/ชีสเหม็น.wav,0.0,7.102098,none,
./main/ชีสเหม็น.wav,7.102098,7.393144,แตด,
./main/ชีสเหม็น.wav,7.393144,7.831683,none,
./main/ชีสเหม็น.wav,7.831683,7.966568,มึง,
./main/ชีสเหม็น.wav,7.966568,9.421103,none,
./main/ชีสเหม็น.wav,9.421103,9.900849,เหี้ย,
./main/ชีสเหม็น.wav,9.900849,10.753268,none,
./main/ชีสเหม็น.wav,10.753268,11.087004,ควย,
./main/ชีสเหม็น.wav,11.087004,11.138455,none,
./main/ชีสเหม็น.wav,11.138455,11.245529,กู,
./main/ชีสเหม็น.wav,11.245529,12.32,none,
./main/ช่วยกูด้วย.wav,0.0,0.959646,none,
./main/ช่วยกูด้วย.wav,0.959646,1.179825,กู,
./main/ช่วยกูด้วย.wav,1.179825,2.480125,none,
./main/ดูถูกหีไม่มีวันเจริญ.wav,0.0,0.970043,none,
./main/ดูถูกหีไม่มีวันเจริญ.wav,0.971687,1.373789,ควย,
./main/ดูถูกหีไม่มีวันเจริญ.wav,1.373789,2.375798,none,
./main/ดูถูกหีไม่มีวันเจริญ.wav,2.375798,2.519377,หี,
./main/ดูถูกหีไม่มีวันเจริญ.wav,2.519377,4.168719,none,
./main/ดูถูกหีไม่มีวันเจริญ.wav,4.168719,4.368482,แตด,
./main/ดูถูกหีไม่มีวันเจริญ.wav,4.368482,4.925846,none,
./main/ดูถูกหีไม่มีวันเจริญ.wav,4.925846,5.242343,สวะ,
./main/ดูถูกหีไม่มีวันเจริญ.wav,5.242343,5.952,none,
./main/ด้วยสัตย์สาบานแห่งพระแม่กิ้งก่า กูขอสาบานว่า.wav,0.0,3.635968,none,
./main/ด้วยสัตย์สาบานแห่งพระแม่กิ้งก่า กูขอสาบานว่า.wav,3.635968,4.038474,กู,
./main/ด้วยสัตย์สาบานแห่งพระแม่กิ้งก่า กูขอสาบานว่า.wav,4.042946,5.872111,none,
./main/ถ้าแกไม่ไป กูก็ไม่ไปเหมือนกัน.wav,0.0,1.431357,none,
./main/ถ้าแกไม่ไป กูก็ไม่ไปเหมือนกัน.wav,1.431357,1.59603,กู,
./main/ถ้าแกไม่ไป กูก็ไม่ไปเหมือนกัน.wav,1.595768,3.669565,none,
./main/ทายคำเย็ดแม่.wav,0.0,35.692788,none,
./main/ทายคำเย็ดแม่.wav,35.692788,35.782934,เย็ด,
./main/ทายคำเย็ดแม่.wav,35.782934,49.36401,none,
./main/ทายคำเย็ดแม่.wav,49.36401,49.435061,เย็ด,
./main/ทายคำเย็ดแม่.wav,49.435061,54.494063,none,
./main/ทายคำเย็ดแม่.wav,54.494063,54.570637,เย็ด,
./main/ทายคำเย็ดแม่.wav,54.570637,62.871005,none,
./main/ทายคำเย็ดแม่.wav,62.871005,63.103271,มึง,
./main/ทายคำเย็ดแม่.wav,63.103271,64.120833,none,
./main/ทายคำเย็ดแม่.wav,64.120833,64.192486,เย็ด,
./main/ทายคำเย็ดแม่.wav,64.192486,74.86,none,
./main/ทุกครั้งที่เขาพูด มันเหมือนเขากำลังพ่นสวะออกมา.wav,0.0,3.112623,none,
./main/ทุกครั้งที่เขาพูด มันเหมือนเขากำลังพ่นสวะออกมา.wav,3.112623,3.321756,สวะ,
./main/ทุกครั้งที่เขาพูด มันเหมือนเขากำลังพ่นสวะออกมา.wav,3.321756,4.34,none,
./main/ทุกครั้งมันก็เป็นแบบนี้เสมออ่ะ เย็ดแม่.wav,0.0,1.59731,none,
./main/ทุกครั้งมันก็เป็นแบบนี้เสมออ่ะ เย็ดแม่.wav,1.59731,1.659816,เย็ด,
./main/ทุกครั้งมันก็เป็นแบบนี้เสมออ่ะ เย็ดแม่.wav,1.659816,2.634765,none,
./main/นิสัยควยๆแบบนี้.wav,0.0,1.531654,none,
./main/นิสัยควยๆแบบนี้.wav,1.53145,1.665415,ควย,
./main/นิสัยควยๆแบบนี้.wav,1.665415,1.801096,none,
./main/นิสัยควยๆแบบนี้.wav,1.801096,2.028478,ควย,
./main/นิสัยควยๆแบบนี้.wav,2.028478,4.527586,none,
./main/นิสัยควยๆแบบนี้.wav,4.527586,4.898545,สวะ,
./main/นิสัยควยๆแบบนี้.wav,4.898545,5.948297,none,
./main/นิสัยควยๆแบบนี้.wav,5.948297,6.178584,มึง,
./main/นิสัยควยๆแบบนี้.wav,6.178584,6.779837,none,
./main/นิสัยควยๆแบบนี้.wav,6.779837,7.065872,หี,
./main/นิสัยควยๆแบบนี้.wav,7.065872,8.661333,none,
./main/นี่มันจะเกินไปแล้วนะไอเย็ดแม่.wav,0.0,1.52459,none,
./main/นี่มันจะเกินไปแล้วนะไอเย็ดแม่.wav,1.52459,1.627274,เย็ด,
./main/นี่มันจะเกินไปแล้วนะไอเย็ดแม่.wav,1.627274,2.829213,none,
./main/นี่มึงหายหัวไปทั้งวันแบบนี้แล้วพวกเราจะทำงานยังไง.wav,0.0,0.42807,none,
./main/นี่มึงหายหัวไปทั้งวันแบบนี้แล้วพวกเราจะทำงานยังไง.wav,0.42807,0.693325,มึง,
./main/นี่มึงหายหัวไปทั้งวันแบบนี้แล้วพวกเราจะทำงานยังไง.wav,0.693325,4.246782,none,
./main/บัวด่านัท.wav,0.0,1.793843,none,
./main/บัวด่านัท.wav,1.793843,1.951164,มึง,
./main/บัวด่านัท.wav,1.951287,2.492549,none,
./main/บัวด่านัท.wav,2.492108,2.832515,เหี้ย,
./main/บัวด่านัท.wav,2.832956,4.295054,none,
./main/บัวด่านัท.wav,4.295146,4.381274,กู,
./main/บัวด่านัท.wav,4.381274,6.399963,none,
./main/บัวด่านัท.wav,6.399963,6.600819,กู,
./main/บัวด่านัท.wav,6.600819,8.602118,none,
./main/บัวด่านัท.wav,8.602118,9.369242,เหี้ย,
./main/บัวด่านัท.wav,9.369242,9.783054,none,
./main/บัวด่านัท.wav,9.783054,9.848393,มึง,
./main/บัวด่านัท.wav,9.847586,11.375118,none,
./main/บัวด่านัท.wav,11.37507,11.502592,มึง,
./main/บัวด่านัท.wav,11.502727,13.007235,none,
./main/บัวด่านัท.wav,13.007235,13.101613,กู,
./main/บัวด่านัท.wav,13.101613,13.438793,none,
./main/บัวด่านัท.wav,13.438793,13.561404,มึง,
./main/บัวด่านัท.wav,13.561404,16.802768,none,
./main/บัวด่านัท.wav,16.802768,16.856385,กู,
./main/บัวด่านัท.wav,16.856385,17.18165,none,
./main/บัวด่านัท.wav,17.18165,17.286918,กู,
./main/บัวด่านัท.wav,17.286918,18.130919,none,
./main/บัวด่านัท.wav,18.130919,18.482848,สวะ,
./main/บัวด่านัท.wav,18.482848,19.702982,none,
./main/บัวด่านัท.wav,19.702982,19.869535,มึง,
./main/บัวด่านัท.wav,19.869535,24.437468,none,
./main/บัวด่านัท.wav,24.437468,24.516471,เย็ด,
./main/บัวด่านัท.wav,24.516471,26.288496,none,
./main/บัวด่านัท.wav,26.288745,26.682842,ควย,
./main/บัวด่านัท.wav,26.682652,28.582597,none,
./main/บารมีมารดา.wav,0.0,1.074638,none,
./main/บารมีมารดา.wav,1.074638,1.414432,มึง,
./main/บารมีมารดา.wav,1.414432,7.012152,none,
./main/บารมีมารดา.wav,7.012152,7.337837,หี,
./main/บารมีมารดา.wav,7.337837,8.134891,none,
./main/บารมีมารดา.wav,8.134891,8.281751,มึง,
./main/บารมีมารดา.wav,8.281751,9.272336,none,
./main/บารมีมารดา.wav,9.272336,9.591972,มึง,
./main/บารมีมารดา.wav,9.591972,10.254282,none,
./main/บารมีมารดา.wav,10.254282,10.533604,แตด,
./main/บารมีมารดา.wav,10.533604,11.305338,none,
./main/บารมีมารดา.wav,11.305338,11.469476,มึง,
./main/บารมีมารดา.wav,11.469476,13.885466,none,
./main/บารมีมารดา.wav,13.885466,14.046724,มึง,
./main/บารมีมารดา.wav,14.046724,14.844376,none,
./main/บารมีมารดา.wav,14.844376,15.221604,สวะ,
./main/บารมีมารดา.wav,15.221604,18.04,none,
./main/ป้าๆก๋วยเตี๋ยวถุงนึง.wav,0.0,5.663924,none,
./main/ป้าๆก๋วยเตี๋ยวถุงนึง.wav,5.663924,6.504191,เหี้ย,
./main/ป้าๆก๋วยเตี๋ยวถุงนึง.wav,6.504191,8.748338,none,
./main/ป้าๆก๋วยเตี๋ยวถุงนึง.wav,8.748338,8.96372,มึง,
./main/ป้าๆก๋วยเตี๋ยวถุงนึง.wav,8.96372,10.292289,none,
./main/ป้าๆก๋วยเตี๋ยวถุงนึง.wav,10.292289,10.602994,เหี้ย,
./main/ป้าๆก๋วยเตี๋ยวถุงนึง.wav,10.602994,11.608491,none,
./main/ป้าๆก๋วยเตี๋ยวถุงนึง.wav,11.608491,11.817709,ควย,
./main/ป้าๆก๋วยเตี๋ยวถุงนึง.wav,11.817709,12.306592,none,
./main/ป้าๆก๋วยเตี๋ยวถุงนึง.wav,12.306592,12.443491,มึง,
./main/ป้าๆก๋วยเตี๋ยวถุงนึง.wav,12.443491,13.629217,none,
./main/ป้าๆก๋วยเตี๋ยวถุงนึง.wav,13.629217,13.996858,สวะ,
./main/ป้าๆก๋วยเตี๋ยวถุงนึง.wav,13.996858,15.779628,none,
./main/ป้าๆก๋วยเตี๋ยวถุงนึง.wav,15.779628,15.959181,มึง,
./main/ป้าๆก๋วยเตี๋ยวถุงนึง.wav,15.959181,16.227687,none,
./main/ป้าๆก๋วยเตี๋ยวถุงนึง.wav,16.227687,16.422853,แตด,
./main/ป้าๆก๋วยเตี๋ยวถุงนึง.wav,16.422853,16.789766,none,
./main/ป้าๆก๋วยเตี๋ยวถุงนึง.wav,16.789766,16.949802,มึง,
./main/ป้าๆก๋วยเตี๋ยวถุงนึง.wav,16.949802,19.562667,none,
./main/พฤติกรรมเห็นแก่ตัวหัวควยของมึงมันสร้างปัญหารู้ไหม.wav,0.0,1.931482,none,
./main/พฤติกรรมเห็นแก่ตัวหัวควยของมึงมันสร้างปัญหารู้ไหม.wav,1.931482,2.076266,ควย,
./main/พฤติกรรมเห็นแก่ตัวหัวควยของมึงมันสร้างปัญหารู้ไหม.wav,2.076266,2.31461,none,
./main/พฤติกรรมเห็นแก่ตัวหัวควยของมึงมันสร้างปัญหารู้ไหม.wav,2.31461,2.463156,มึง,
./main/พฤติกรรมเห็นแก่ตัวหัวควยของมึงมันสร้างปัญหารู้ไหม.wav,2.463156,4.23,none,
./main/พอเหอะเย็ดแม่ เหนื่อยที่จะต้องพูดซ้ำๆอ่ะ.wav,0.0,0.560904,none,
./main/พอเหอะเย็ดแม่ เหนื่อยที่จะต้องพูดซ้ำๆอ่ะ.wav,0.560904,0.683724,เย็ด,
./main/พอเหอะเย็ดแม่ เหนื่อยที่จะต้องพูดซ้ำๆอ่ะ.wav,0.683724,3.457373,none,
./main/พิ้งค์ด่าหนัง.wav,0.0,5.391381,none,
./main/พิ้งค์ด่าหนัง.wav,5.391381,5.542865,มึง,
./main/พิ้งค์ด่าหนัง.wav,5.542865,5.814375,none,
./main/พิ้งค์ด่าหนัง.wav,5.814375,6.041885,สวะ,
./main/พิ้งค์ด่าหนัง.wav,6.041885,7.224934,none,
./main/พิ้งค์ด่าหนัง.wav,7.224934,7.497945,มึง,
./main/พิ้งค์ด่าหนัง.wav,7.497945,9.015207,none,
./main/พิ้งค์ด่าหนัง.wav,9.015207,9.258381,หี,
./main/พิ้งค์ด่าหนัง.wav,9.258381,9.52096,none,
./main/พิ้งค์ด่าหนัง.wav,9.52096,9.731537,มึง,
./main/พิ้งค์ด่าหนัง.wav,9.731537,12.769092,none,
./main/พิ้งค์ด่าหนัง.wav,12.769092,13.201982,กู,
./main/พิ้งค์ด่าหนัง.wav,13.201982,14.686948,none,
./main/พิ้งค์ด่าหนัง.wav,14.686948,14.84211,หี,
./main/พิ้งค์ด่าหนัง.wav,14.84211,16.298451,none,
./main/พิ้งค์ด่าหนัง.wav,16.298451,16.557209,เหี้ย,
./main/พิ้งค์ด่าหนัง.wav,16.557209,16.728178,none,
./main/พิ้งค์ด่าหนัง.wav,16.728178,17.009817,มึง,
./main/พิ้งค์ด่าหนัง.wav,17.009817,18.097908,none,
./main/พิ้งค์ด่าหนัง.wav,18.097908,18.270021,กู,
./main/พิ้งค์ด่าหนัง.wav,18.270021,18.941521,none,
./main/พิ้งค์ด่าหนัง.wav,18.941521,19.111678,แตด,
./main/พิ้งค์ด่าหนัง.wav,19.111678,21.343275,none,
./main/พิ้งค์ด่าหนัง.wav,21.343275,21.591013,มึง,
./main/พิ้งค์ด่าหนัง.wav,21.591013,23.104,none,
./main/พูดควยๆแบบนี้ใครจะอยากอยู่ใกล้.wav,0.0,0.491809,none,
./main/พูดควยๆแบบนี้ใครจะอยากอยู่ใกล้.wav,0.491809,0.572943,ควย,
./main/พูดควยๆแบบนี้ใครจะอยากอยู่ใกล้.wav,0.706462,0.828483,ควย,
./main/พูดควยๆแบบนี้ใครจะอยากอยู่ใกล้.wav,0.827948,2.823712,none,
./main/พูดจาไม่มีสาระเหมือนสวะลอยน้ำไปวัน ๆ.wav,0.0,2.439818,none,
./main/พูดจาไม่มีสาระเหมือนสวะลอยน้ำไปวัน ๆ.wav,2.439818,2.664448,สวะ,
./main/พูดจาไม่มีสาระเหมือนสวะลอยน้ำไปวัน ๆ.wav,2.664448,4.33,none,
./main/มิ้นท์เบลล์ทะเลาะกันหน้าร้านไอ้แทน.wav,0.0,12.478549,none,
./main/มิ้นท์เบลล์ทะเลาะกันหน้าร้านไอ้แทน.wav,12.478549,12.695032,เหี้ย,
./main/มิ้นท์เบลล์ทะเลาะกันหน้าร้านไอ้แทน.wav,12.695032,13.25543,none,
./main/มิ้นท์เบลล์ทะเลาะกันหน้าร้านไอ้แทน.wav,13.25543,13.342119,เย็ด,
./main/มิ้นท์เบลล์ทะเลาะกันหน้าร้านไอ้แทน.wav,13.342119,13.667597,none,
./main/มิ้นท์เบลล์ทะเลาะกันหน้าร้านไอ้แทน.wav,13.667597,13.745165,กู,
./main/มิ้นท์เบลล์ทะเลาะกันหน้าร้านไอ้แทน.wav,13.745165,16.12327,none,
./main/มิ้นท์เบลล์ทะเลาะกันหน้าร้านไอ้แทน.wav,16.12327,16.356977,มึง,
./main/มิ้นท์เบลล์ทะเลาะกันหน้าร้านไอ้แทน.wav,16.356977,19.730787,none,
./main/มิ้นท์เบลล์ทะเลาะกันหน้าร้านไอ้แทน.wav,19.730787,19.921587,มึง,
./main/มิ้นท์เบลล์ทะเลาะกันหน้าร้านไอ้แทน.wav,19.921587,20.407169,none,
./main/มิ้นท์เบลล์ทะเลาะกันหน้าร้านไอ้แทน.wav,20.407169,20.529766,กู,
./main/มิ้นท์เบลล์ทะเลาะกันหน้าร้านไอ้แทน.wav,20.529766,22.138489,none,
./main/มิ้นท์เบลล์ทะเลาะกันหน้าร้านไอ้แทน.wav,22.138489,22.187676,กู,
./main/มิ้นท์เบลล์ทะเลาะกันหน้าร้านไอ้แทน.wav,22.187676,22.715939,none,
./main/มิ้นท์เบลล์ทะเลาะกันหน้าร้านไอ้แทน.wav,22.715939,22.845551,แตด,
./main/มิ้นท์เบลล์ทะเลาะกันหน้าร้านไอ้แทน.wav,22.845551,28.133892,none,
./main/มิ้นท์เบลล์ทะเลาะกันหน้าร้านไอ้แทน.wav,28.133892,28.420447,สวะ,
./main/มิ้นท์เบลล์ทะเลาะกันหน้าร้านไอ้แทน.wav,28.420447,32.157394,none,
./main/มิ้นท์เบลล์ทะเลาะกันหน้าร้านไอ้แทน.wav,32.157394,32.262599,กู,
./main/มิ้นท์เบลล์ทะเลาะกันหน้าร้านไอ้แทน.wav,32.262599,32.74616,none,
./main/มิ้นท์เบลล์ทะเลาะกันหน้าร้านไอ้แทน.wav,32.74616,33.07945,มึง,
./main/มิ้นท์เบลล์ทะเลาะกันหน้าร้านไอ้แทน.wav,33.07945,33.313372,none,
./main/มิ้นท์เบลล์ทะเลาะกันหน้าร้านไอ้แทน.wav,33.313372,33.381515,กู,
./main/มิ้นท์เบลล์ทะเลาะกันหน้าร้านไอ้แทน.wav,33.38171,35.322963,none,
./main/มิ้นท์เบลล์ทะเลาะกันหน้าร้านไอ้แทน.wav,35.322963,35.382412,กู,
./main/มิ้นท์เบลล์ทะเลาะกันหน้าร้านไอ้แทน.wav,35.382412,36.6074,none,
./main/มิ้นท์เบลล์ทะเลาะกันหน้าร้านไอ้แทน.wav,36.6074,36.753425,แตด,
./main/มิ้นท์เบลล์ทะเลาะกันหน้าร้านไอ้แทน.wav,36.753425,38.160944,none,
./main/มิ้นท์เบลล์ทะเลาะกันหน้าร้านไอ้แทน.wav,38.160944,38.457319,กู,
./main/มิ้นท์เบลล์ทะเลาะกันหน้าร้านไอ้แทน.wav,38.457319,39.797471,none,
./main/มิ้นท์เบลล์ทะเลาะกันหน้าร้านไอ้แทน.wav,39.797471,40.001298,กู,
./main/มิ้นท์เบลล์ทะเลาะกันหน้าร้านไอ้แทน.wav,40.001298,41.437425,none,
./main/มิ้นท์เบลล์ทะเลาะกันหน้าร้านไอ้แทน.wav,41.437425,41.604823,มึง,
./main/มิ้นท์เบลล์ทะเลาะกันหน้าร้านไอ้แทน.wav,41.604823,44.678827,none,
./main/มิ้นท์เบลล์ทะเลาะกันหน้าร้านไอ้แทน.wav,44.678827,44.847977,หี,
./main/มิ้นท์เบลล์ทะเลาะกันหน้าร้านไอ้แทน.wav,44.847977,47.202759,none,
./main/มิ้นท์เบลล์ทะเลาะกันหน้าร้านไอ้แทน.wav,47.202759,47.594355,เหี้ย,
./main/มิ้นท์เบลล์ทะเลาะกันหน้าร้านไอ้แทน.wav,47.594355,50.449492,none,
./main/มิ้นท์เบลล์ทะเลาะกันหน้าร้านไอ้แทน.wav,50.449492,50.565978,มึง,
./main/มิ้นท์เบลล์ทะเลาะกันหน้าร้านไอ้แทน.wav,50.565978,54.658292,none,
./main/มิ้นท์เบลล์ทะเลาะกันหน้าร้านไอ้แทน.wav,54.658292,54.741614,กู,
./main/มิ้นท์เบลล์ทะเลาะกันหน้าร้านไอ้แทน.wav,54.741614,56.565937,none,
./main/มิ้นท์เบลล์ทะเลาะกันหน้าร้านไอ้แทน.wav,56.565937,56.860389,มึง,
./main/มิ้นท์เบลล์ทะเลาะกันหน้าร้านไอ้แทน.wav,56.860389,59.222052,none,
./main/มิ้นท์เบลล์ทะเลาะกันหน้าร้านไอ้แทน.wav,59.222052,59.414377,มึง,
./main/มิ้นท์เบลล์ทะเลาะกันหน้าร้านไอ้แทน.wav,59.414377,60.646494,none,
./main/มิ้นท์เบลล์ทะเลาะกันหน้าร้านไอ้แทน.wav,60.646494,60.85768,มึง,
./main/มิ้นท์เบลล์ทะเลาะกันหน้าร้านไอ้แทน.wav,60.85768,61.483125,none,
./main/มิ้นท์เบลล์ทะเลาะกันหน้าร้านไอ้แทน.wav,61.483125,61.629676,แตด,
./main/มิ้นท์เบลล์ทะเลาะกันหน้าร้านไอ้แทน.wav,61.629676,62.775168,none,
./main/มิ้นท์เบลล์ทะเลาะกันหน้าร้านไอ้แทน.wav,62.775168,62.9161,กู,
./main/มิ้นท์เบลล์ทะเลาะกันหน้าร้านไอ้แทน.wav,62.9161,66.441737,none,
./main/มิ้นท์เบลล์ทะเลาะกันหน้าร้านไอ้แทน.wav,66.441737,66.547897,เย็ด,
./main/มิ้นท์เบลล์ทะเลาะกันหน้าร้านไอ้แทน.wav,66.547897,66.660537,none,
./main/มิ้นท์เบลล์ทะเลาะกันหน้าร้านไอ้แทน.wav,66.660537,66.812346,หี,
./main/มิ้นท์เบลล์ทะเลาะกันหน้าร้านไอ้แทน.wav,66.812346,69.803491,none,
./main/มิ้นท์เบลล์ทะเลาะกันหน้าร้านไอ้แทน.wav,69.803491,69.997111,แตด,
./main/มิ้นท์เบลล์ทะเลาะกันหน้าร้านไอ้แทน.wav,69.997111,71.858449,none,
./main/มิ้นท์เบลล์ทะเลาะกันหน้าร้านไอ้แทน.wav,71.858449,71.967617,มึง,
./main/มิ้นท์เบลล์ทะเลาะกันหน้าร้านไอ้แทน.wav,71.967617,73.310625,none,
./main/มิ้นท์เบลล์ทะเลาะกันหน้าร้านไอ้แทน.wav,73.310625,73.359546,กู,
./main/มิ้นท์เบลล์ทะเลาะกันหน้าร้านไอ้แทน.wav,73.359546,74.898694,none,
./main/มิ้นท์เบลล์ทะเลาะกันหน้าร้านไอ้แทน.wav,74.898694,75.193767,สวะ,
./main/มิ้นท์เบลล์ทะเลาะกันหน้าร้านไอ้แทน.wav,75.193767,77.502072,none,
./main/มิ้นท์เบลล์ทะเลาะกันหน้าร้านไอ้แทน.wav,77.502072,77.758071,ควย,
./main/มิ้นท์เบลล์ทะเลาะกันหน้าร้านไอ้แทน.wav,77.758071,79.591916,none,
./main/มิ้นท์เบลล์ทะเลาะกันหน้าร้านไอ้แทน.wav,79.591916,79.735205,มึง,
./main/มิ้นท์เบลล์ทะเลาะกันหน้าร้านไอ้แทน.wav,79.735205,80.943138,none,
./main/มิ้นท์เบลล์ทะเลาะกันหน้าร้านไอ้แทน.wav,80.943138,81.054655,กู,
./main/มิ้นท์เบลล์ทะเลาะกันหน้าร้านไอ้แทน.wav,81.054655,82.157902,none,
./main/มิ้นท์เบลล์ทะเลาะกันหน้าร้านไอ้แทน.wav,82.157902,82.299277,แตด,
./main/มิ้นท์เบลล์ทะเลาะกันหน้าร้านไอ้แทน.wav,82.299277,82.307051,none,
./main/มิ้นท์เบลล์ทะเลาะกันหน้าร้านไอ้แทน.wav,82.307051,82.760275,สวะ,
./main/มิ้นท์เบลล์ทะเลาะกันหน้าร้านไอ้แทน.wav,82.760275,86.122236,none,
./main/มิ้นท์เบลล์ทะเลาะกันหน้าร้านไอ้แทน.wav,86.122236,86.532103,ควย,
./main/มิ้นท์เบลล์ทะเลาะกันหน้าร้านไอ้แทน.wav,86.532103,96.140158,none,
./main/มิ้นท์เบลล์ทะเลาะกันหน้าร้านไอ้แทน.wav,96.140158,96.471645,เหี้ย,
./main/มิ้นท์เบลล์ทะเลาะกันหน้าร้านไอ้แทน.wav,96.471645,98.007841,none,
./main/มิ้นท์เบลล์ทะเลาะกันหน้าร้านไอ้แทน.wav,98.007841,98.262557,เหี้ย,
./main/มิ้นท์เบลล์ทะเลาะกันหน้าร้านไอ้แทน.wav,98.262557,99.502833,none,
./main/มิ้นท์เบลล์ทะเลาะกันหน้าร้านไอ้แทน.wav,99.502833,99.572368,กู,
./main/มิ้นท์เบลล์ทะเลาะกันหน้าร้านไอ้แทน.wav,99.572368,103.399981,none,
./main/มิ้นท์เบลล์ทะเลาะกันหน้าร้านไอ้แทน.wav,103.399981,103.648702,ควย,
./main/มิ้นท์เบลล์ทะเลาะกันหน้าร้านไอ้แทน.wav,103.648702,106.419705,none,
./main/มิ้นท์เบลล์ทะเลาะกันหน้าร้านไอ้แทน.wav,106.419705,106.498803,กู,
./main/มิ้นท์เบลล์ทะเลาะกันหน้าร้านไอ้แทน.wav,106.498803,108.444797,none,
./main/มิ้นท์เบลล์ทะเลาะกันหน้าร้านไอ้แทน.wav,108.444797,108.55355,แตด,
./main/มิ้นท์เบลล์ทะเลาะกันหน้าร้านไอ้แทน.wav,108.55355,109.420503,none,
./main/มิ้นท์เบลล์ทะเลาะกันหน้าร้านไอ้แทน.wav,109.420503,109.505785,กู,
./main/มิ้นท์เบลล์ทะเลาะกันหน้าร้านไอ้แทน.wav,109.505785,111.295504,none,
./main/มิ้นท์เบลล์ทะเลาะกันหน้าร้านไอ้แทน.wav,111.295504,111.65282,มึง,
./main/มิ้นท์เบลล์ทะเลาะกันหน้าร้านไอ้แทน.wav,111.65282,114.012356,none,
./main/มิ้นท์เบลล์ทะเลาะกันหน้าร้านไอ้แทน.wav,114.012356,114.189513,เหี้ย,
./main/มิ้นท์เบลล์ทะเลาะกันหน้าร้านไอ้แทน.wav,114.189513,116.620642,none,
./main/มิ้นท์เบลล์ทะเลาะกันหน้าร้านไอ้แทน.wav,116.620642,116.750157,มึง,
./main/มิ้นท์เบลล์ทะเลาะกันหน้าร้านไอ้แทน.wav,116.750157,118.489042,none,
./main/มิ้นท์เบลล์ทะเลาะกันหน้าร้านไอ้แทน.wav,118.489042,118.556984,กู,
./main/มิ้นท์เบลล์ทะเลาะกันหน้าร้านไอ้แทน.wav,118.556984,121.794009,none,
./main/มิ้นท์เบลล์ทะเลาะกันหน้าร้านไอ้แทน.wav,121.794009,121.979689,แตด,
./main/มิ้นท์เบลล์ทะเลาะกันหน้าร้านไอ้แทน.wav,121.979689,124.929571,none,
./main/มิ้นท์เบลล์ทะเลาะกันหน้าร้านไอ้แทน.wav,124.929571,125.344438,เหี้ย,
./main/มิ้นท์เบลล์ทะเลาะกันหน้าร้านไอ้แทน.wav,125.344438,128.908995,none,
./main/มิ้นท์เบลล์ทะเลาะกันหน้าร้านไอ้แทน.wav,128.908995,129.388046,ควย,
./main/มิ้นท์เบลล์ทะเลาะกันหน้าร้านไอ้แทน.wav,129.388046,131.827142,none,
./main/มิ้นท์เบลล์ทะเลาะกันหน้าร้านไอ้แทน.wav,131.827142,131.991682,แตด,
./main/มิ้นท์เบลล์ทะเลาะกันหน้าร้านไอ้แทน.wav,131.991682,133.152626,none,
./main/มิ้นท์เบลล์ทะเลาะกันหน้าร้านไอ้แทน.wav,133.152626,133.351399,มึง,
./main/มิ้นท์เบลล์ทะเลาะกันหน้าร้านไอ้แทน.wav,133.351399,134.155102,none,
./main/มิ้นท์เบลล์ทะเลาะกันหน้าร้านไอ้แทน.wav,134.155102,134.228746,กู,
./main/มิ้นท์เบลล์ทะเลาะกันหน้าร้านไอ้แทน.wav,134.228746,147.859203,none,
./main/มิ้นท์เบลล์ทะเลาะกันหน้าร้านไอ้แทน.wav,147.859203,147.920869,กู,
./main/มิ้นท์เบลล์ทะเลาะกันหน้าร้านไอ้แทน.wav,147.920869,150.358802,none,
./main/มิ้นท์เบลล์ทะเลาะกันหน้าร้านไอ้แทน.wav,150.358802,150.45517,กู,
./main/มิ้นท์เบลล์ทะเลาะกันหน้าร้านไอ้แทน.wav,150.45517,150.877541,none,
./main/มิ้นท์เบลล์ทะเลาะกันหน้าร้านไอ้แทน.wav,150.877541,151.311427,เหี้ย,
./main/มิ้นท์เบลล์ทะเลาะกันหน้าร้านไอ้แทน.wav,151.311427,152.946699,none,
./main/มิ้นท์เบลล์ทะเลาะกันหน้าร้านไอ้แทน.wav,152.946699,153.380549,ควย,
./main/มิ้นท์เบลล์ทะเลาะกันหน้าร้านไอ้แทน.wav,153.380549,159.014662,none,
./main/มิ้นท์เบลล์ทะเลาะกันหน้าร้านไอ้แทน.wav,159.014662,159.189723,แตด,
./main/มิ้นท์เบลล์ทะเลาะกันหน้าร้านไอ้แทน.wav,159.189723,160.39285,none,
./main/มิ้นท์เบลล์ทะเลาะกันหน้าร้านไอ้แทน.wav,160.39285,160.464389,กู,
./main/มิ้นท์เบลล์ทะเลาะกันหน้าร้านไอ้แทน.wav,160.464389,164.904652,none,
./main/มิ้นท์เบลล์ทะเลาะกันหน้าร้านไอ้แทน.wav,164.904652,165.048078,กู,
./main/มิ้นท์เบลล์ทะเลาะกันหน้าร้านไอ้แทน.wav,165.048078,168.725333,none,
./main/มิ้นท์แทนนินทาไอ้เบลล์ซื้อไก่.wav,0.0,4.259844,none,
./main/มิ้นท์แทนนินทาไอ้เบลล์ซื้อไก่.wav,4.259844,4.42841,หี,
./main/มิ้นท์แทนนินทาไอ้เบลล์ซื้อไก่.wav,4.42841,7.513802,none,
./main/มิ้นท์แทนนินทาไอ้เบลล์ซื้อไก่.wav,7.513802,7.832008,เหี้ย,
./main/มิ้นท์แทนนินทาไอ้เบลล์ซื้อไก่.wav,7.832008,8.980809,none,
./main/มิ้นท์แทนนินทาไอ้เบลล์ซื้อไก่.wav,8.980809,9.146389,สวะ,
./main/มิ้นท์แทนนินทาไอ้เบลล์ซื้อไก่.wav,9.146389,10.326836,none,
./main/มิ้นท์แทนนินทาไอ้เบลล์ซื้อไก่.wav,10.326836,10.578425,มึง,
./main/มิ้นท์แทนนินทาไอ้เบลล์ซื้อไก่.wav,10.578425,12.668088,none,
./main/มิ้นท์แทนนินทาไอ้เบลล์ซื้อไก่.wav,12.668088,13.191613,มึง,
./main/มิ้นท์แทนนินทาไอ้เบลล์ซื้อไก่.wav,13.191613,15.408008,none,
./main/มิ้นท์แทนนินทาไอ้เบลล์ซื้อไก่.wav,15.408008,15.5021,กู,
./main/มิ้นท์แทนนินทาไอ้เบลล์ซื้อไก่.wav,15.5021,22.428987,none,
./main/มิ้นท์แทนนินทาไอ้เบลล์ซื้อไก่.wav,22.428987,22.483008,กู,
./main/มิ้นท์แทนนินทาไอ้เบลล์ซื้อไก่.wav,22.483008,24.81972,none,
./main/มิ้นท์แทนนินทาไอ้เบลล์ซื้อไก่.wav,24.81972,24.864767,กู,
./main/มิ้นท์แทนนินทาไอ้เบลล์ซื้อไก่.wav,24.864767,25.487032,none,
./main/มิ้นท์แทนนินทาไอ้เบลล์ซื้อไก่.wav,25.487032,25.607584,หี,
./main/มิ้นท์แทนนินทาไอ้เบลล์ซื้อไก่.wav,25.607584,25.661333,none,
./main/มิ้นท์แทนนินทาไอ้เบลล์ซื้อไก่.wav,25.661333,25.810806,หี,
./main/มิ้นท์แทนนินทาไอ้เบลล์ซื้อไก่.wav,25.810806,25.900644,none,
./main/มิ้นท์แทนนินทาไอ้เบลล์ซื้อไก่.wav,25.900644,26.00891,แตด,
./main/มิ้นท์แทนนินทาไอ้เบลล์ซื้อไก่.wav,26.00891,26.12511,none,
./main/มิ้นท์แทนนินทาไอ้เบลล์ซื้อไก่.wav,26.12511,26.254876,แตด,
./main/มิ้นท์แทนนินทาไอ้เบลล์ซื้อไก่.wav,26.254876,26.418938,none,
./main/มิ้นท์แทนนินทาไอ้เบลล์ซื้อไก่.wav,26.418938,26.515687,ควย,
./main/มิ้นท์แทนนินทาไอ้เบลล์ซื้อไก่.wav,26.515687,26.668487,none,
./main/มิ้นท์แทนนินทาไอ้เบลล์ซื้อไก่.wav,26.668487,26.796205,ควย,
./main/มิ้นท์แทนนินทาไอ้เบลล์ซื้อไก่.wav,26.796205,32.28171,none,
./main/มิ้นท์แทนนินทาไอ้เบลล์ซื้อไก่.wav,32.28171,32.435115,ควย,
./main/มิ้นท์แทนนินทาไอ้เบลล์ซื้อไก่.wav,32.435115,35.118076,none,
./main/มิ้นท์แทนนินทาไอ้เบลล์ซื้อไก่.wav,35.118076,35.184115,กู,
./main/มิ้นท์แทนนินทาไอ้เบลล์ซื้อไก่.wav,35.184115,35.680857,none,
./main/มิ้นท์แทนนินทาไอ้เบลล์ซื้อไก่.wav,35.680857,35.805688,เหี้ย,
./main/มิ้นท์แทนนินทาไอ้เบลล์ซื้อไก่.wav,35.805688,35.993795,เหี้ย,
./main/มิ้นท์แทนนินทาไอ้เบลล์ซื้อไก่.wav,35.993795,36.175513,none,
./main/มิ้นท์แทนนินทาไอ้เบลล์ซื้อไก่.wav,36.175513,36.431784,กู,
./main/มิ้นท์แทนนินทาไอ้เบลล์ซื้อไก่.wav,36.431784,38.283681,none,
./main/มิ้นท์แทนนินทาไอ้เบลล์ซื้อไก่.wav,38.283681,38.560053,หี,
./main/มิ้นท์แทนนินทาไอ้เบลล์ซื้อไก่.wav,38.560053,39.992885,none,
./main/มิ้นท์แทนนินทาไอ้เบลล์ซื้อไก่.wav,39.992885,40.271818,มึง,
./main/มิ้นท์แทนนินทาไอ้เบลล์ซื้อไก่.wav,40.271818,42.094554,none,
./main/มิ้นท์แทนนินทาไอ้เบลล์ซื้อไก่.wav,42.094554,42.185589,กู,
./main/มิ้นท์แทนนินทาไอ้เบลล์ซื้อไก่.wav,42.185589,46.587421,none,
./main/มิ้นท์แทนนินทาไอ้เบลล์ซื้อไก่.wav,46.587421,46.794465,เหี้ย,
./main/มิ้นท์แทนนินทาไอ้เบลล์ซื้อไก่.wav,46.794465,47.198056,none,
./main/มิ้นท์แทนนินทาไอ้เบลล์ซื้อไก่.wav,47.198056,47.266105,เหี้ย,
./main/มิ้นท์แทนนินทาไอ้เบลล์ซื้อไก่.wav,47.266105,47.956011,none,
./main/มิ้นท์แทนนินทาไอ้เบลล์ซื้อไก่.wav,47.956011,48.282503,เหี้ย,
./main/มิ้นท์แทนนินทาไอ้เบลล์ซื้อไก่.wav,48.282503,52.311717,none,
./main/มิ้นท์แทนนินทาไอ้เบลล์ซื้อไก่.wav,52.311717,52.526904,เย็ด,
./main/มิ้นท์แทนนินทาไอ้เบลล์ซื้อไก่.wav,52.526904,54.469288,none,
./main/มิ้นท์แทนนินทาไอ้เบลล์ซื้อไก่.wav,54.469288,54.602893,เหี้ย,
./main/มิ้นท์แทนนินทาไอ้เบลล์ซื้อไก่.wav,54.602893,54.848872,none,
./main/มิ้นท์แทนนินทาไอ้เบลล์ซื้อไก่.wav,54.848872,55.056571,มึง,
./main/มิ้นท์แทนนินทาไอ้เบลล์ซื้อไก่.wav,55.056571,64.548003,none,
./main/มิ้นท์แทนนินทาไอ้เบลล์ซื้อไก่.wav,64.548003,64.794619,หี,
./main/มิ้นท์แทนนินทาไอ้เบลล์ซื้อไก่.wav,64.794619,64.858724,none,
./main/มิ้นท์แทนนินทาไอ้เบลล์ซื้อไก่.wav,64.858724,65.043006,แตด,
./main/มิ้นท์แทนนินทาไอ้เบลล์ซื้อไก่.wav,65.043006,68.805952,none,
./main/มิ้นท์แทนนินทาไอ้เบลล์ซื้อไก่.wav,68.805952,68.995353,มึง,
./main/มิ้นท์แทนนินทาไอ้เบลล์ซื้อไก่.wav,68.995353,71.271541,none,
./main/มิ้นท์แทนนินทาไอ้เบลล์ซื้อไก่.wav,71.271541,71.429816,แตด,
./main/มิ้นท์แทนนินทาไอ้เบลล์ซื้อไก่.wav,71.429816,72.94799,none,
./main/มิ้นท์แทนนินทาไอ้เบลล์ซื้อไก่.wav,72.94799,73.039205,กู,
./main/มิ้นท์แทนนินทาไอ้เบลล์ซื้อไก่.wav,73.039205,73.745343,none,
./main/มิ้นท์แทนนินทาไอ้เบลล์ซื้อไก่.wav,73.745343,74.04709,สวะ,
./main/มิ้นท์แทนนินทาไอ้เบลล์ซื้อไก่.wav,74.04709,77.103294,none,
./main/มิ้นท์แทนนินทาไอ้เบลล์ซื้อไก่.wav,77.103294,77.50017,เหี้ย,
./main/มิ้นท์แทนนินทาไอ้เบลล์ซื้อไก่.wav,77.50017,79.11178,none,
./main/มิ้นท์แทนนินทาไอ้เบลล์ซื้อไก่.wav,79.11178,79.360088,มึง,
./main/มิ้นท์แทนนินทาไอ้เบลล์ซื้อไก่.wav,79.360088,83.494543,none,
./main/มิ้นท์แทนนินทาไอ้เบลล์ซื้อไก่.wav,83.494543,83.688808,มึง,
./main/มิ้นท์แทนนินทาไอ้เบลล์ซื้อไก่.wav,83.688808,86.293333,none,
./main/มึง (มูเซอร์).wav,0.647678,1.068448,มึง,
./main/มึง (อาร์ต).wav,0.173266,0.64767,มึง,
./main/มึง (อาร์ต).wav,1.057799,1.520726,มึง,
./main/มึง (อาร์ต).wav,1.985889,2.34147,มึง,
./main/มึง (อาร์ต).wav,3.167436,3.531146,มึง,
./main/มึง (อาร์ต).wav,4.19373,4.611205,มึง,
./main/มึง (อาร์ต).wav,5.243744,5.597965,มึง,
./main/มึง (อาร์ต).wav,6.130587,6.62141,มึง,
./main/มึง (อาร์ต).wav,7.115994,7.593653,มึง,
./main/มึง (อาร์ต).wav,7.943435,8.359036,มึง,
./main/มึง (อาร์ต).wav,9.017228,9.40086,มึง,
./main/มึง (อาร์ต).wav,9.91613,10.286598,มึง,
./main/มึง (อาร์ต).wav,10.845121,11.215588,มึง,
./main/มึง (อาร์ต).wav,11.775992,12.155862,มึง,
./main/มึง (อาร์ต).wav,12.631641,13.035959,มึง,
./main/มึง (เปอร์).wav,0.772276,1.114258,มึง,
./main/มึง (แทน).wav,0.655194,1.18626,มึง,
./main/มึง (โบท).wav,0.67555,1.171503,มึง,
./main/มึง (โบท2).wav,0.371481,0.800774,มึง,
./main/มึง กูหิวข้าววะ อยากกินตีนอะ.wav,0.0,0.530361,none,
./main/มึง กูหิวข้าววะ อยากกินตีนอะ.wav,0.530361,0.91843,มึง,
./main/มึง กูหิวข้าววะ อยากกินตีนอะ.wav,0.91843,1.112465,none,
./main/มึง กูหิวข้าววะ อยากกินตีนอะ.wav,1.112465,1.303265,กู,
./main/มึง กูหิวข้าววะ อยากกินตีนอะ.wav,1.303265,4.132936,none,
./main/มึงก็ไม่เคยฟังใครเลย คงจะฟังแต่หีตัวเองสินะ.wav,0.0,0.942239,none,
./main/มึงก็ไม่เคยฟังใครเลย คงจะฟังแต่หีตัวเองสินะ.wav,0.942239,1.106817,มึง,
./main/มึงก็ไม่เคยฟังใครเลย คงจะฟังแต่หีตัวเองสินะ.wav,1.106817,3.584718,none,
./main/มึงก็ไม่เคยฟังใครเลย คงจะฟังแต่หีตัวเองสินะ.wav,3.584718,3.778441,หี,
./main/มึงก็ไม่เคยฟังใครเลย คงจะฟังแต่หีตัวเองสินะ.wav,3.778441,5.37,none,
./main/มึงไม่มีสิทธิ์มาทำแบบนี้กับกู เย็ดแม่.wav,0.0,0.194688,none,
./main/มึงไม่มีสิทธิ์มาทำแบบนี้กับกู เย็ดแม่.wav,0.194688,0.325109,มึง,
./main/มึงไม่มีสิทธิ์มาทำแบบนี้กับกู เย็ดแม่.wav,0.325109,1.534819,none,
./main/มึงไม่มีสิทธิ์มาทำแบบนี้กับกู เย็ดแม่.wav,1.534819,1.756098,กู,
./main/มึงไม่มีสิทธิ์มาทำแบบนี้กับกู เย็ดแม่.wav,1.756098,1.904453,เย็ด,
./main/มึงไม่มีสิทธิ์มาทำแบบนี้กับกู เย็ดแม่.wav,1.904453,2.960359,none,
./main/มึงไม่เคยฟังใครเลยใช่ไหม เย็ดแม่.wav,0.0,0.33246,none,
./main/มึงไม่เคยฟังใครเลยใช่ไหม เย็ดแม่.wav,0.33246,0.469019,มึง,
./main/มึงไม่เคยฟังใครเลยใช่ไหม เย็ดแม่.wav,0.468843,1.776392,none,
./main/มึงไม่เคยฟังใครเลยใช่ไหม เย็ดแม่.wav,1.776392,1.865085,เย็ด,
./main/มึงไม่เคยฟังใครเลยใช่ไหม เย็ดแม่.wav,1.865085,2.715171,none,
./main/สวะ (มูเซอร์).wav,0.470386,0.877518,สวะ,
./main/สวะ (อาร์ต).wav,0.603739,0.867777,สวะ,
./main/สวะ (อาร์ต).wav,1.141732,1.573118,สวะ,
./main/สวะ (อาร์ต).wav,1.83711,2.430886,สวะ,
./main/สวะ (อาร์ต).wav,2.727154,3.368035,สวะ,
./main/สวะ (อาร์ต).wav,3.836609,4.354768,สวะ,
./main/สวะ (อาร์ต).wav,4.843177,5.169196,สวะ,
./main/สวะ (อาร์ต).wav,5.770409,6.08899,สวะ,
./main/สวะ (อาร์ต).wav,6.961679,7.2815,สวะ,
./main/สวะ (อาร์ต).wav,8.338892,8.628962,สวะ,
./main/สวะ (อาร์ต).wav,9.426034,9.709906,สวะ,
./main/สวะ (อาร์ต).wav,10.430283,10.673087,สวะ,
./main/สวะ (อาร์ต).wav,11.468353,11.748755,สวะ,
./main/สวะ (อาร์ต).wav,12.551394,12.811991,สวะ,
./main/สวะ (อาร์ต).wav,13.620884,13.948194,สวะ,
./main/สวะ (อาร์ต).wav,14.740409,15.161534,สวะ,
./main/สวะ (อาร์ต).wav,15.80156,16.071539,สวะ,
./main/สวะ (อาร์ต).wav,16.839779,17.152495,สวะ,
./main/สวะ (อาร์ต).wav,17.928032,18.142147,สวะ,
./main/สวะ (เปอร์).wav,1.25797,1.523462,สวะ,
./main/สวะ (แทน).wav,0.834381,1.312154,สวะ,
./main/สวะ (โบท).wav,0.53877,0.942847,สวะ,
./main/สวะ (โบท2).wav,0.889339,1.391207,สวะ,
./main/หมากัด.wav,0.0,2.901837,none,
./main/หมากัด.wav,2.901837,3.188707,สวะ,
./main/หมากัด.wav,3.188707,12.183128,none,
./main/หมากัด.wav,12.183128,12.569298,ควย,
./main/หมากัด.wav,12.569298,13.043736,none,
./main/หมากัด.wav,13.043736,13.279852,หี,
./main/หมากัด.wav,13.279852,13.635129,none,
./main/หมากัด.wav,13.635129,13.899931,ควย,
./main/หมากัด.wav,13.899931,16.44,none,
./main/หยุดทำแบบนี้ซะทีดิ๊ เย็ดแม่.wav,0.0,1.182845,none,
./main/หยุดทำแบบนี้ซะทีดิ๊ เย็ดแม่.wav,1.182845,1.28045,เย็ด,
./main/หยุดทำแบบนี้ซะทีดิ๊ เย็ดแม่.wav,1.28045,2.49,none,
./main/หี (มูเซอร์).wav,0.519516,0.968861,หี,
./main/หี (อาร์ต).wav,0.107768,0.511899,หี,
./main/หี (อาร์ต).wav,1.233662,1.63921,หี,
./main/หี (อาร์ต).wav,2.365227,2.89556,หี,
./main/หี (อาร์ต).wav,3.563438,3.978913,หี,
./main/หี (อาร์ต).wav,4.714856,5.150182,หี,
./main/หี (อาร์ต).wav,5.856347,6.291674,หี,
./main/หี (อาร์ต).wav,7.227555,7.630267,หี,
./main/หี (อาร์ต).wav,8.551969,8.983041,หี,
./main/หี (อาร์ต).wav,9.689382,10.054254,หี,
./main/หี (อาร์ต).wav,10.87462,11.235915,หี,
./main/หี (อาร์ต).wav,11.988315,12.384189,หี,
./main/หี (อาร์ต).wav,13.262983,13.63024,หี,
./main/หี (อาร์ต).wav,14.464915,14.807131,หี,
./main/หี (อาร์ต).wav,15.552377,15.825434,หี,
./main/หี (เปอร์).wav,1.511119,1.926901,หี,
./main/หี (แทน).wav,0.659098,1.199526,หี,
./main/หี (โบท).wav,0.873197,1.217236,หี,
./main/หี (โบท2).wav,0.754442,1.107213,หี,
./main/หีหอมพ่อง.wav,0.0,0.255756,none,
./main/หีหอมพ่อง.wav,0.255756,0.347329,หี,
./main/หีหอมพ่อง.wav,0.347329,1.201148,none,
./main/หีหอมพ่อง.wav,1.201148,1.40235,หี,
./main/หีหอมพ่อง.wav,1.40235,1.570019,มึง,
./main/หีหอมพ่อง.wav,1.570019,2.530504,none,
./main/หีหอมพ่อง.wav,2.530504,2.681406,หี,
./main/หีหอมพ่อง.wav,2.681406,2.743314,none,
./main/หีหอมพ่อง.wav,2.743314,3.060595,สวะ,
./main/หีหอมพ่อง.wav,3.060595,4.262649,none,
./main/หีหอมพ่อง.wav,4.262649,4.386466,หี,
./main/หีหอมพ่อง.wav,4.386466,4.652156,none,
./main/หีหอมพ่อง.wav,4.652156,4.871414,ควย,
./main/หีหอมพ่อง.wav,4.871414,6.357215,none,
./main/หีหอมพ่อง.wav,6.357215,6.540361,ควย,
./main/หีหอมพ่อง.wav,6.540361,8.08,none,
./main/อย่าทำเหมือนกูไม่มีตัวตนนะ เย็ดแม่.wav,0.0,0.545171,none,
./main/อย่าทำเหมือนกูไม่มีตัวตนนะ เย็ดแม่.wav,0.545171,0.65918,กู,
./main/อย่าทำเหมือนกูไม่มีตัวตนนะ เย็ดแม่.wav,0.65918,1.460124,none,
./main/อย่าทำเหมือนกูไม่มีตัวตนนะ เย็ดแม่.wav,1.460124,1.542007,เย็ด,
./main/อย่าทำเหมือนกูไม่มีตัวตนนะ เย็ดแม่.wav,1.542007,2.256344,none,
./main/อย่าฟังความข้างเดียวสิ กูน่ะบอกอยู่เสมอแล้วว่ากูเป็นคนดี.wav,0.0,2.582584,none,
./main/อย่าฟังความข้างเดียวสิ กูน่ะบอกอยู่เสมอแล้วว่ากูเป็นคนดี.wav,2.582584,2.781634,กู,
./main/อย่าฟังความข้างเดียวสิ กูน่ะบอกอยู่เสมอแล้วว่ากูเป็นคนดี.wav,2.781634,5.351016,none,
./main/อั้มด่าแหลก.wav,0.0,0.069846,none,
./main/อั้มด่าแหลก.wav,0.069846,0.258299,ควย,
./main/อั้มด่าแหลก.wav,0.258299,0.504737,none,
./main/อั้มด่าแหลก.wav,0.504737,0.764354,เหี้ย,
./main/อั้มด่าแหลก.wav,0.764354,1.340255,none,
./main/อั้มด่าแหลก.wav,1.340255,1.493774,เย็ด,
./main/อั้มด่าแหลก.wav,1.493774,2.372132,none,
./main/อั้มด่าแหลก.wav,2.372132,2.553996,เหี้ย,
./main/อั้มด่าแหลก.wav,2.553996,3.592463,none,
./main/อั้มด่าแหลก.wav,3.592463,3.849444,เหี้ย,
./main/อั้มด่าแหลก.wav,3.849444,4.976207,none,
./main/อั้มด่าแหลก.wav,4.976207,5.214738,เหี้ย,
./main/อั้มด่าแหลก.wav,5.214738,6.632087,none,
./main/อั้มด่าแหลก.wav,6.632087,6.838331,มึง,
./main/อั้มด่าแหลก.wav,6.838331,7.190197,none,
./main/อั้มด่าแหลก.wav,7.190197,8.253703,ควย,
./main/อาทโดนFBI.wav,0.0,2.432616,none,
./main/อาทโดนFBI.wav,2.432616,2.715343,สวะ,
./main/อาทโดนFBI.wav,2.715343,3.43084,none,
./main/อาทโดนFBI.wav,3.43084,3.786339,สวะ,
./main/อาทโดนFBI.wav,3.786339,9.383114,none,
./main/อาทโดนFBI.wav,9.383114,9.716483,สวะ,
./main/อาทโดนFBI.wav,9.716483,23.625685,none,
./main/อาทโดนFBI.wav,23.625685,23.815956,เย็ด,
./main/อาทโดนFBI.wav,23.815956,33.007445,none,
./main/อาทโดนFBI.wav,33.007445,33.347307,สวะ,
./main/อาทโดนFBI.wav,33.347307,42.910201,none,
./main/อาทโดนFBI.wav,42.910201,43.175979,ควย,
./main/อาทโดนFBI.wav,43.175979,51.989673,none,
./main/อาทโดนFBI.wav,51.989673,56.367164,none,
./main/อาทโดนFBI.wav,56.367164,56.667747,กู,
./main/อาทโดนFBI.wav,56.667747,57.278694,none,
./main/อาทโดนFBI.wav,57.278694,57.580082,มึง,
./main/อาทโดนFBI.wav,57.580082,62.059763,none,
./main/อาทโดนFBI.wav,62.059763,62.340587,สวะ,
./main/อาทโดนFBI.wav,62.340587,76.481434,none,
./main/อาทโดนFBI.wav,76.481434,76.85879,สวะ,
./main/อาทโดนFBI.wav,76.85879,77.048528,none,
./main/อาทโดนFBI.wav,77.048528,77.235678,เหี้ย,
./main/อาทโดนFBI.wav,77.235678,77.375933,none,
./main/อาทโดนFBI.wav,77.375933,77.549346,เหี้ย,
./main/อาทโดนFBI.wav,77.549346,86.447891,none,
./main/อารมณ์แบบว่างี้ป้ะ.wav,0.0,8.341481,none,
./main/อารมณ์แบบว่างี้ป้ะ.wav,8.341481,8.633113,เหี้ย,
./main/อารมณ์แบบว่างี้ป้ะ.wav,8.633113,8.81805,มึง,
./main/อารมณ์แบบว่างี้ป้ะ.wav,8.81805,8.977584,none,
./main/อารมณ์แบบว่างี้ป้ะ.wav,8.977584,9.2997,หี,
./main/อารมณ์แบบว่างี้ป้ะ.wav,9.2997,9.721397,เหี้ย,
./main/อารมณ์แบบว่างี้ป้ะ.wav,9.721397,11.684577,none,
./main/อารมณ์แบบว่างี้ป้ะ.wav,11.684577,12.07579,ควย,
./main/อารมณ์แบบว่างี้ป้ะ.wav,12.07579,13.279914,none,
./main/อารมณ์แบบว่างี้ป้ะ.wav,13.279914,13.617272,เหี้ย,
./main/อารมณ์แบบว่างี้ป้ะ.wav,13.617272,14.950446,none,
./main/อารมณ์แบบว่างี้ป้ะ.wav,14.950446,15.102867,แตด,
./main/อารมณ์แบบว่างี้ป้ะ.wav,15.102867,15.386369,none,
./main/อารมณ์แบบว่างี้ป้ะ.wav,15.386369,15.592645,แตด,
./main/อารมณ์แบบว่างี้ป้ะ.wav,15.592645,15.813147,none,
./main/อารมณ์แบบว่างี้ป้ะ.wav,15.813147,16.028569,เหี้ย,
./main/อารมณ์แบบว่างี้ป้ะ.wav,16.028569,16.257557,none,
./main/อารมณ์แบบว่างี้ป้ะ.wav,16.257557,16.585132,สวะ,
./main/อารมณ์แบบว่างี้ป้ะ.wav,16.585132,17.12295,none,
./main/อารมณ์แบบว่างี้ป้ะ.wav,17.12295,17.448114,หี,
./main/อารมณ์แบบว่างี้ป้ะ.wav,17.448114,18.005333,none,
./main/ฮัลโหลๆ ได้ยินที่กูพูดป่าวไอดิฟ.wav,0.0,2.637363,none,
./main/ฮัลโหลๆ ได้ยินที่กูพูดป่าวไอดิฟ.wav,2.637363,2.799477,กู,
./main/ฮัลโหลๆ ได้ยินที่กูพูดป่าวไอดิฟ.wav,2.799477,3.84,none,
./main/ฮือฮืมเป็นวันที่ดี.wav,0.0,5.288453,none,
./main/ฮือฮืมเป็นวันที่ดี.wav,5.288453,5.853686,เหี้ย,
./main/ฮือฮืมเป็นวันที่ดี.wav,5.853686,5.958988,none,
./main/ฮือฮืมเป็นวันที่ดี.wav,5.958988,6.119998,มึง,
./main/ฮือฮืมเป็นวันที่ดี.wav,6.119998,9.235999,none,
./main/ฮือฮืมเป็นวันที่ดี.wav,9.235999,9.510688,แตด,
./main/ฮือฮืมเป็นวันที่ดี.wav,9.510688,9.979992,none,
./main/ฮือฮืมเป็นวันที่ดี.wav,9.979992,10.145245,ควย,
./main/ฮือฮืมเป็นวันที่ดี.wav,10.145245,10.644845,none,
./main/ฮือฮืมเป็นวันที่ดี.wav,10.644845,10.815381,มึง,
./main/ฮือฮืมเป็นวันที่ดี.wav,10.815381,13.514663,none,
./main/ฮือฮืมเป็นวันที่ดี.wav,13.514663,13.721709,แตด,
./main/ฮือฮืมเป็นวันที่ดี.wav,13.721709,14.091605,none,
./main/ฮือฮืมเป็นวันที่ดี.wav,14.091605,14.317386,มึง,
./main/ฮือฮืมเป็นวันที่ดี.wav,14.317386,15.939645,none,
./main/ฮือฮืมเป็นวันที่ดี.wav,15.939645,16.211063,สวะ,
./main/ฮือฮืมเป็นวันที่ดี.wav,16.211063,20.245333,none,
./main/ฮื่อ มึง ก็มันรักเขาไปแล้วอ่ะ.wav,0.0,1.930391,none,
./main/ฮื่อ มึง ก็มันรักเขาไปแล้วอ่ะ.wav,1.930524,2.64123,มึง,
./main/ฮื่อ มึง ก็มันรักเขาไปแล้วอ่ะ.wav,2.64123,4.809615,none,
./main/เข้ามาสิ ไอ้เย็ดแม่.wav,0.300363,1.227198,none,
./main/เข้ามาสิ ไอ้เย็ดแม่.wav,1.29953,1.538512,none,
./main/เข้ามาสิ ไอ้เย็ดแม่.wav,1.538512,1.780111,เย็ด,
./main/เข้ามาสิ ไอ้เย็ดแม่.wav,1.780111,2.43478,none,
./main/เข้ามาเลยไอ้พวกเด็กเปรต กูคนนี้จะลงทัณฑ์เอง.wav,0.0,2.807768,none,
./main/เข้ามาเลยไอ้พวกเด็กเปรต กูคนนี้จะลงทัณฑ์เอง.wav,2.807768,3.149977,กู,
./main/เข้ามาเลยไอ้พวกเด็กเปรต กูคนนี้จะลงทัณฑ์เอง.wav,3.149977,5.47123,none,
./main/เดินตกท่อ.wav,0.0,2.160697,none,
./main/เดินตกท่อ.wav,2.160697,2.402815,กู,
./main/เดินตกท่อ.wav,2.402815,3.506541,none,
./main/เดินตกท่อ.wav,3.504667,3.885377,กู,
./main/เดินตกท่อ.wav,3.887251,7.432535,none,
./main/เดินตกท่อ.wav,7.432535,7.702592,กู,
./main/เดินตกท่อ.wav,7.702592,9.955889,none,
./main/เดินตกท่อ.wav,9.955889,10.228335,กู,
./main/เดินตกท่อ.wav,10.228335,12.438819,none,
./main/เธอทำตัวเหมือนสวะที่ไม่มีเป้าหมายในชีวิต.wav,0.0,1.998751,none,
./main/เธอทำตัวเหมือนสวะที่ไม่มีเป้าหมายในชีวิต.wav,1.998751,2.260444,สวะ,
./main/เธอทำตัวเหมือนสวะที่ไม่มีเป้าหมายในชีวิต.wav,2.260444,4.22,none,
./main/เบลล์-กู.wav,0.474753,1.128512,กู,
./main/เบลล์-ควย.wav,0.921488,1.575247,ควย,
./main/เบลล์-มึง.wav,0.704829,1.431412,มึง,
./main/เบลล์-สวะ.wav,1.008667,1.377218,สวะ,
./main/เบลล์-หี.wav,0.750149,1.129679,หี,
./main/เบลล์-เย็ด.wav,1.081944,1.25309,เย็ด,
./main/เบลล์-เหี้ย.wav,0.72451,1.026743,เหี้ย,
./main/เบลล์-แตด.wav,0.784594,1.184867,แตด,
./main/เป็นสวะแล้วยังทำนิสัยหีๆอีก.wav,0.0,1.566109,none,
./main/เป็นสวะแล้วยังทำนิสัยหีๆอีก.wav,1.566109,1.827762,สวะ,
./main/เป็นสวะแล้วยังทำนิสัยหีๆอีก.wav,1.827762,2.837444,none,
./main/เป็นสวะแล้วยังทำนิสัยหีๆอีก.wav,2.837444,3.002222,หี,
./main/เป็นสวะแล้วยังทำนิสัยหีๆอีก.wav,3.002222,3.097075,none,
./main/เป็นสวะแล้วยังทำนิสัยหีๆอีก.wav,3.097075,3.371404,หี,
./main/เป็นสวะแล้วยังทำนิสัยหีๆอีก.wav,3.371404,3.988175,none,
./main/เป็นสวะแล้วยังทำนิสัยหีๆอีก.wav,3.988175,4.267936,มึง,
./main/เป็นสวะแล้วยังทำนิสัยหีๆอีก.wav,4.267936,4.631896,none,
./main/เป็นสวะแล้วยังทำนิสัยหีๆอีก.wav,4.631896,4.838322,เหี้ย,
./main/เป็นสวะแล้วยังทำนิสัยหีๆอีก.wav,4.838322,6.009877,none,
./main/เป็นสวะแล้วยังทำนิสัยหีๆอีก.wav,6.009877,6.167412,แตด,
./main/เป็นสวะแล้วยังทำนิสัยหีๆอีก.wav,6.167412,6.813849,none,
./main/เป็นสวะแล้วยังทำนิสัยหีๆอีก.wav,6.813849,7.155175,ควย,
./main/เป็นสวะแล้วยังทำนิสัยหีๆอีก.wav,7.155175,8.021333,none,
./main/เย็ด (มูเซอร์).wav,0.347327,0.622198,เย็ด,
./main/เย็ด (อาร์ต).wav,0.086975,0.246185,เย็ด,
./main/เย็ด (อาร์ต).wav,0.757718,1.074662,เย็ด,
./main/เย็ด (อาร์ต).wav,1.547867,1.894295,เย็ด,
./main/เย็ด (อาร์ต).wav,2.360129,2.628426,เย็ด,
./main/เย็ด (อาร์ต).wav,3.21809,3.439214,เย็ด,
./main/เย็ด (อาร์ต).wav,4.109956,4.255898,เย็ด,
./main/เย็ด (อาร์ต).wav,5.047521,5.165454,เย็ด,
./main/เย็ด (อาร์ต).wav,5.976242,6.123658,เย็ด,
./main/เย็ด (อาร์ต).wav,6.950661,7.171785,เย็ด,
./main/เย็ด (อาร์ต).wav,8.035642,8.194851,เย็ด,
./main/เย็ด (อาร์ต).wav,9.07345,9.176642,เย็ด,
./main/เย็ด (อาร์ต).wav,10.018386,10.149587,เย็ด,
./main/เย็ด (อาร์ต).wav,11.028186,11.21393,เย็ด,
./main/เย็ด (อาร์ต).wav,12.096951,12.223729,เย็ด,
./main/เย็ด (อาร์ต).wav,13.019775,13.180458,เย็ด,
./main/เย็ด (อาร์ต).wav,13.883632,14.125394,เย็ด,
./main/เย็ด (อาร์ต).wav,14.943553,15.151409,เย็ด,
./main/เย็ด (อาร์ต).wav,15.962197,16.156786,เย็ด,
./main/เย็ด (เปอร์).wav,0.852799,0.992283,เย็ด,
./main/เย็ด (แทน).wav,0.536492,0.828955,เย็ด,
./main/เย็ด (โบท).wav,0.731435,0.998986,เย็ด,
./main/เย็ด (โบท2).wav,0.885421,1.188261,เย็ด,
./main/เย็ดแม่ กูควรจะคาดหวังอะไรจากมึงอีกอ่ะ.wav,0.0,0.027407,none,
./main/เย็ดแม่ กูควรจะคาดหวังอะไรจากมึงอีกอ่ะ.wav,0.027407,0.148967,เย็ด,
./main/เย็ดแม่ กูควรจะคาดหวังอะไรจากมึงอีกอ่ะ.wav,0.148967,0.717333,none,
./main/เย็ดแม่ กูควรจะคาดหวังอะไรจากมึงอีกอ่ะ.wav,0.717333,0.793414,กู,
./main/เย็ดแม่ กูควรจะคาดหวังอะไรจากมึงอีกอ่ะ.wav,0.793414,1.84496,none,
./main/เย็ดแม่ กูควรจะคาดหวังอะไรจากมึงอีกอ่ะ.wav,1.84496,2.062334,มึง,
./main/เย็ดแม่ กูควรจะคาดหวังอะไรจากมึงอีกอ่ะ.wav,2.062334,2.960359,none,
./main/เย็ดแม่ กูไม่โอเคกับสิ่งที่มึงทำเลยนะ.wav,0.0,0.539579,none,
./main/เย็ดแม่ กูไม่โอเคกับสิ่งที่มึงทำเลยนะ.wav,0.539579,0.673335,เย็ด,
./main/เย็ดแม่ กูไม่โอเคกับสิ่งที่มึงทำเลยนะ.wav,0.673335,1.307442,none,
./main/เย็ดแม่ กูไม่โอเคกับสิ่งที่มึงทำเลยนะ.wav,1.307442,1.366505,กู,
./main/เย็ดแม่ กูไม่โอเคกับสิ่งที่มึงทำเลยนะ.wav,1.366505,2.192847,none,
./main/เย็ดแม่ กูไม่โอเคกับสิ่งที่มึงทำเลยนะ.wav,2.192847,2.320188,มึง,
./main/เย็ดแม่ กูไม่โอเคกับสิ่งที่มึงทำเลยนะ.wav,2.320188,3.788561,none,
./main/เย็ดแม่ ทนไม่ไหวแล้วจริงๆนะ.wav,0.000845,0.133903,none,
./main/เย็ดแม่ ทนไม่ไหวแล้วจริงๆนะ.wav,0.133903,0.250072,เย็ด,
./main/เย็ดแม่ ทนไม่ไหวแล้วจริงๆนะ.wav,0.250072,2.218144,none,
./main/เย็ดแม่ ทำไมถึงไม่คิดก่อนพูดบ้าง.wav,0.000845,0.193294,none,
./main/เย็ดแม่ ทำไมถึงไม่คิดก่อนพูดบ้าง.wav,0.193294,0.337671,เย็ด,
./main/เย็ดแม่ ทำไมถึงไม่คิดก่อนพูดบ้าง.wav,0.337671,2.501898,none,
./main/เย็ดแม่ ทำไมถึงไม่ใส่ใจในสิ่งที่กูบอกบ้างอ่ะ.wav,0.0,0.085523,เย็ด,
./main/เย็ดแม่ ทำไมถึงไม่ใส่ใจในสิ่งที่กูบอกบ้างอ่ะ.wav,0.085523,1.645526,none,
./main/เย็ดแม่ ทำไมถึงไม่ใส่ใจในสิ่งที่กูบอกบ้างอ่ะ.wav,1.645526,1.747162,กู,
./main/เย็ดแม่ ทำไมถึงไม่ใส่ใจในสิ่งที่กูบอกบ้างอ่ะ.wav,1.747162,3.000666,none,
./main/เย็ดแม่ นี่คือสิ่งที่มึงเรียกว่าความยุติธรรมอ่อ.wav,0.0,0.342479,none,
./main/เย็ดแม่ นี่คือสิ่งที่มึงเรียกว่าความยุติธรรมอ่อ.wav,0.342479,0.466839,เย็ด,
./main/เย็ดแม่ นี่คือสิ่งที่มึงเรียกว่าความยุติธรรมอ่อ.wav,0.466839,1.296168,none,
./main/เย็ดแม่ นี่คือสิ่งที่มึงเรียกว่าความยุติธรรมอ่อ.wav,1.296168,1.528633,มึง,
./main/เย็ดแม่ นี่คือสิ่งที่มึงเรียกว่าความยุติธรรมอ่อ.wav,1.528633,3.426093,none,
./main/เย็ดแม่ นี่คือเหตุผลที่กูไม่อยากคุยกับมึง.wav,0.0,0.309398,none,
./main/เย็ดแม่ นี่คือเหตุผลที่กูไม่อยากคุยกับมึง.wav,0.309398,0.402008,เย็ด,
./main/เย็ดแม่ นี่คือเหตุผลที่กูไม่อยากคุยกับมึง.wav,0.402008,1.425392,none,
./main/เย็ดแม่ นี่คือเหตุผลที่กูไม่อยากคุยกับมึง.wav,1.425392,1.509833,กู,
./main/เย็ดแม่ นี่คือเหตุผลที่กูไม่อยากคุยกับมึง.wav,1.509833,2.112231,none,
./main/เย็ดแม่ นี่คือเหตุผลที่กูไม่อยากคุยกับมึง.wav,2.112231,2.308586,มึง,
./main/เย็ดแม่ นี่คือเหตุผลที่กูไม่อยากคุยกับมึง.wav,2.309394,3.009161,none,
./main/เย็ดแม่ นี่ไม่ใช่ครั้งแรกที่มึงทำแบบนี้นะ.wav,0.0,0.067542,เย็ด,
./main/เย็ดแม่ นี่ไม่ใช่ครั้งแรกที่มึงทำแบบนี้นะ.wav,0.067542,1.224519,none,
./main/เย็ดแม่ นี่ไม่ใช่ครั้งแรกที่มึงทำแบบนี้นะ.wav,1.224519,1.376159,มึง,
./main/เย็ดแม่ นี่ไม่ใช่ครั้งแรกที่มึงทำแบบนี้นะ.wav,1.376159,2.718098,none,
./main/เย็ดแม่ มึงไม่แคร์อะไรเลยใช่ไหมอ่ะ.wav,0.0,0.422101,none,
./main/เย็ดแม่ มึงไม่แคร์อะไรเลยใช่ไหมอ่ะ.wav,0.422101,0.509074,เย็ด,
./main/เย็ดแม่ มึงไม่แคร์อะไรเลยใช่ไหมอ่ะ.wav,0.509074,0.96063,มึง,
./main/เย็ดแม่ มึงไม่แคร์อะไรเลยใช่ไหมอ่ะ.wav,0.96063,2.972289,none,
./main/เย็ดแม่ รู้ไหมว่าสิ่งนี้มันทำให้กูเสียใจแค่ไหนอ่ะ.wav,0.0,0.209473,none,
./main/เย็ดแม่ รู้ไหมว่าสิ่งนี้มันทำให้กูเสียใจแค่ไหนอ่ะ.wav,0.209473,0.312409,เย็ด,
./main/เย็ดแม่ รู้ไหมว่าสิ่งนี้มันทำให้กูเสียใจแค่ไหนอ่ะ.wav,0.312409,1.658685,none,
./main/เย็ดแม่ รู้ไหมว่าสิ่งนี้มันทำให้กูเสียใจแค่ไหนอ่ะ.wav,1.658685,1.765388,กู,
./main/เย็ดแม่ รู้ไหมว่าสิ่งนี้มันทำให้กูเสียใจแค่ไหนอ่ะ.wav,1.765388,3.567993,none,
./main/เย็ดแม่.wav,0.378915,0.795891,เย็ด,
./main/เย็ดแม่.wav,0.795891,1.532576,none,
./main/เย็ดแม่2.wav,0.35378,0.754156,เย็ด,
./main/เย็ดแม่2.wav,0.829227,1.584246,none,
./main/เย็ดแม่3.wav,0.208087,0.634575,เย็ด,
./main/เย็ดแม่3.wav,0.697548,1.40317,none,
./main/เย็ดแม่4.wav,0.136188,0.599949,เย็ด,
./main/เย็ดแม่4.wav,0.680461,1.208338,none,
./main/เย็ดแม่5.wav,0.294047,0.52833,เย็ด,
./main/เย็ดแม่5.wav,0.569543,1.192892,none,
./main/เย็ดแม่6.wav,0.26858,0.596173,เย็ด,
./main/เย็ดแม่6.wav,0.658761,1.332695,none,
./main/เย็ดแม่7.wav,0.487997,1.20082,เย็ด,
./main/เย็ดแม่7.wav,1.20082,2.04,none,
./main/เย็ดแม่8.wav,0.429714,0.775754,เย็ด,
./main/เย็ดแม่8.wav,0.775754,1.354378,none,
./main/เย็ดแม่9.wav,0.345323,1.307006,เย็ด,
./main/เย็ดแม่9.wav,1.354186,1.958501,none,
./main/เย็ดแม่มความคิดโครตเจ๋ง.wav,0.239615,0.545049,เย็ด,
./main/เย็ดแม่มความคิดโครตเจ๋ง.wav,0.545049,2.937698,none,
./main/เย็ดแม่มึงคิดยังไงถึงทำอย่างนี้.wav,0.269116,0.522853,เย็ด,
./main/เย็ดแม่มึงคิดยังไงถึงทำอย่างนี้.wav,0.522853,0.898334,none,
./main/เย็ดแม่มึงคิดยังไงถึงทำอย่างนี้.wav,0.898334,1.096967,มึง,
./main/เย็ดแม่มึงคิดยังไงถึงทำอย่างนี้.wav,1.096967,2.491243,none,
./main/เย็ดแม่ในร้านเกม.wav,0.0,1.075447,none,
./main/เย็ดแม่ในร้านเกม.wav,1.075447,1.250207,กู,
./main/เย็ดแม่ในร้านเกม.wav,1.250207,15.534236,none,
./main/เย็ดแม่ในร้านเกม.wav,15.534236,15.661955,เย็ด,
./main/เย็ดแม่ในร้านเกม.wav,15.661955,16.185682,none,
./main/เย็ดแม่ในร้านเกม.wav,16.184273,16.248219,กู,
./main/เย็ดแม่ในร้านเกม.wav,16.248219,20.525998,none,
./main/เย็ดแม่ในร้านเกม.wav,20.526104,20.711319,มึง,
./main/เย็ดแม่ในร้านเกม.wav,20.711319,26.590554,none,
./main/เย็ดแม่ในร้านเกม.wav,26.590554,26.687603,เย็ด,
./main/เย็ดแม่ในร้านเกม.wav,26.687603,27.656465,none,
./main/เย็ดแม่ในร้านเกม.wav,27.656465,27.740618,กู,
./main/เย็ดแม่ในร้านเกม.wav,27.740618,29.97992,none,
./main/เย็ดแม่ในร้านเกม.wav,29.97992,30.122506,กู,
./main/เย็ดแม่ในร้านเกม.wav,30.122506,32.744822,none,
./main/เย็ดแม่ในร้านเกม.wav,32.744145,32.879966,เย็ด,
./main/เย็ดแม่ในร้านเกม.wav,32.879966,33.478808,none,
./main/เย็ดแม่ในร้านเกม.wav,33.478779,33.675347,มึง,
./main/เย็ดแม่ในร้านเกม.wav,33.675975,33.789018,none,
./main/เย็ดแม่ในร้านเกม.wav,33.789018,33.855587,กู,
./main/เย็ดแม่ในร้านเกม.wav,33.855587,36.194567,none,
./main/เย็ดแม่ในร้านเกม.wav,36.194567,36.284197,กู,
./main/เย็ดแม่ในร้านเกม.wav,36.284197,45.884595,none,
./main/เย็ดแม่ในร้านเกม.wav,45.884595,46.002792,มึง,
./main/เย็ดแม่ในร้านเกม.wav,46.002792,47.38889,none,
./main/เย็ดแม่ในร้านเกม.wav,47.38889,47.460261,เย็ด,
./main/เย็ดแม่ในร้านเกม.wav,47.460261,56.746069,none,
./main/เย็ดแม่ในร้านเกม.wav,56.746069,56.861931,เย็ด,
./main/เย็ดแม่ในร้านเกม.wav,56.861931,63.657474,none,
./main/เราควรทิ้งความคิดเชิงลบเหมือนกำจัดสวะออกจากแม่น้ำ.wav,0.0,2.914356,none,
./main/เราควรทิ้งความคิดเชิงลบเหมือนกำจัดสวะออกจากแม่น้ำ.wav,2.914356,3.19558,สวะ,
./main/เราควรทิ้งความคิดเชิงลบเหมือนกำจัดสวะออกจากแม่น้ำ.wav,3.19558,4.6,none,
./main/เลสเบี้ยน.wav,0.0,0.919096,none,
./main/เลสเบี้ยน.wav,0.919096,1.158468,สวะ,
./main/เลสเบี้ยน.wav,1.158468,6.214393,none,
./main/เลสเบี้ยน.wav,6.214393,6.331295,หี,
./main/เลสเบี้ยน.wav,6.331295,8.329773,none,
./main/เลสเบี้ยน.wav,8.329773,8.478221,ควย,
./main/เลสเบี้ยน.wav,8.478221,8.804806,none,
./main/เลสเบี้ยน.wav,8.804806,8.927275,แตด,
./main/เลสเบี้ยน.wav,8.927275,9.964553,none,
./main/เลสเบี้ยน.wav,9.964553,10.042488,เย็ด,
./main/เลสเบี้ยน.wav,10.042488,10.270727,none,
./main/เลสเบี้ยน.wav,10.270727,10.48412,หี,
./main/เลสเบี้ยน.wav,10.48412,12.86,none,
./main/เหี้ย (มูเซอร์).wav,0.519516,1.216308,เหี้ย,
./main/เหี้ย (อาร์ต).wav,0.747534,1.178285,เหี้ย,
./main/เหี้ย (อาร์ต).wav,1.728421,2.23661,เหี้ย,
./main/เหี้ย (อาร์ต).wav,2.779711,3.218578,เหี้ย,
./main/เหี้ย (อาร์ต).wav,3.833202,4.192968,เหี้ย,
./main/เหี้ย (อาร์ต).wav,4.924185,5.247061,เหี้ย,
./main/เหี้ย (อาร์ต).wav,6.081721,6.385604,เหี้ย,
./main/เหี้ย (อาร์ต).wav,7.225253,7.609922,เหี้ย,
./main/เหี้ย (อาร์ต).wav,8.354319,8.743784,เหี้ย,
./main/เหี้ย (อาร์ต).wav,9.528471,9.873809,เหี้ย,
./main/เหี้ย (อาร์ต).wav,10.693989,10.961626,เหี้ย,
./main/เหี้ย (อาร์ต).wav,11.922819,12.328592,เหี้ย,
./main/เหี้ย (อาร์ต).wav,13.027903,13.317604,เหี้ย,
./main/เหี้ย (อาร์ต).wav,14.134905,14.452425,เหี้ย,
./main/เหี้ย (อาร์ต).wav,15.144062,15.428007,เหี้ย,
./main/เหี้ย (เปอร์).wav,0.943397,1.343563,เหี้ย,
./main/เหี้ย (แทน).wav,0.636274,1.233672,เหี้ย,
./main/เหี้ย (โบท).wav,0.664017,1.008056,เหี้ย,
./main/เหี้ย (โบท2).wav,0.717175,1.061215,เหี้ย,
./main/เห้ย กูตื่นเต้นมากเลยที่จะได้ไปเที่ยวอาทิตย์หน้า.wav,0.0,0.226705,none,
./main/เห้ย กูตื่นเต้นมากเลยที่จะได้ไปเที่ยวอาทิตย์หน้า.wav,0.226705,0.382857,กู,
./main/เห้ย กูตื่นเต้นมากเลยที่จะได้ไปเที่ยวอาทิตย์หน้า.wav,0.382857,3.247539,none,
./main/เออใช่ กูเห็นไอกายมันลงสตอรี่ ชวนสาวมาดูแมวที่.wav,0.0,2.195179,none,
./main/เออใช่ กูเห็นไอกายมันลงสตอรี่ ชวนสาวมาดูแมวที่.wav,2.195179,2.340268,กู,
./main/เออใช่ กูเห็นไอกายมันลงสตอรี่ ชวนสาวมาดูแมวที่.wav,2.340268,5.84,none,
./main/เอ๊ย เป็นเหี้ยไรวะกูถามจริง.wav,0.0,4.075642,none,
./main/เอ๊ย เป็นเหี้ยไรวะกูถามจริง.wav,4.075642,4.175647,มึง,
./main/เอ๊ย เป็นเหี้ยไรวะกูถามจริง.wav,4.175647,4.381112,none,
./main/เอ๊ย เป็นเหี้ยไรวะกูถามจริง.wav,4.381112,4.63567,เหี้ย,
./main/เอ๊ย เป็นเหี้ยไรวะกูถามจริง.wav,4.63567,4.893427,none,
./main/เอ๊ย เป็นเหี้ยไรวะกูถามจริง.wav,4.893427,4.958884,กู,
./main/เอ๊ย เป็นเหี้ยไรวะกูถามจริง.wav,4.958884,5.930998,none,
./main/เอ๊ย เป็นเหี้ยไรวะกูถามจริง.wav,5.930998,5.997855,กู,
./main/เอ๊ย เป็นเหี้ยไรวะกูถามจริง.wav,5.997855,6.713067,none,
./main/เอ๊ย เป็นเหี้ยไรวะกูถามจริง.wav,6.713067,6.866729,มึง,
./main/เอ๊ย เป็นเหี้ยไรวะกูถามจริง.wav,6.866729,7.552929,none,
./main/เอ๊ย เป็นเหี้ยไรวะกูถามจริง.wav,7.552929,7.745374,หี,
./main/เอ๊ย เป็นเหี้ยไรวะกูถามจริง.wav,7.745374,7.919439,หี,
./main/เอ๊ย เป็นเหี้ยไรวะกูถามจริง.wav,7.919439,7.973497,none,
./main/เอ๊ย เป็นเหี้ยไรวะกูถามจริง.wav,7.973497,8.092423,ควย,
./main/เอ๊ย เป็นเหี้ยไรวะกูถามจริง.wav,8.092423,8.200282,none,
./main/เอ๊ย เป็นเหี้ยไรวะกูถามจริง.wav,8.200282,8.321371,ควย,
./main/เอ๊ย เป็นเหี้ยไรวะกูถามจริง.wav,8.321371,10.054282,none,
./main/เอ๊ย เป็นเหี้ยไรวะกูถามจริง.wav,10.054282,10.14729,มึง,
./main/เอ๊ย เป็นเหี้ยไรวะกูถามจริง.wav,10.14729,11.036401,none,
./main/เอ๊ย เป็นเหี้ยไรวะกูถามจริง.wav,11.036401,11.337383,สวะ,
./main/เอ๊ย เป็นเหี้ยไรวะกูถามจริง.wav,11.337383,12.591915,none,
./main/เอ๊ย เป็นเหี้ยไรวะกูถามจริง.wav,12.591915,12.740226,มึง,
./main/เอ๊ย เป็นเหี้ยไรวะกูถามจริง.wav,12.740226,14.304754,none,
./main/เอ๊ย เป็นเหี้ยไรวะกูถามจริง.wav,14.304754,14.454977,หี,
./main/เอ๊ย เป็นเหี้ยไรวะกูถามจริง.wav,14.454977,14.553978,none,
./main/เอ๊ย เป็นเหี้ยไรวะกูถามจริง.wav,14.553978,14.718726,แตด,
./main/เอ๊ย เป็นเหี้ยไรวะกูถามจริง.wav,14.718726,16.541993,none,
./main/เอ๊ย เป็นเหี้ยไรวะกูถามจริง.wav,16.541993,16.657708,ควย,
./main/เอ๊ย เป็นเหี้ยไรวะกูถามจริง.wav,16.657708,16.756708,none,
./main/เอ๊ย เป็นเหี้ยไรวะกูถามจริง.wav,16.756708,17.142422,ควย,
./main/เอ๊ย เป็นเหี้ยไรวะกูถามจริง.wav,17.142422,19.157333,none,
./main/แดนแถมควย.wav,0.0,1.654639,none,
./main/แดนแถมควย.wav,1.654639,2.000685,ควย,
./main/แดนแถมควย.wav,2.000685,3.072,none,
./main/แตด (มูเซอร์).wav,0.51268,0.956112,แตด,
./main/แตด (อาร์ต).wav,0.791902,0.923452,แตด,
./main/แตด (อาร์ต).wav,1.844482,1.998266,แตด,
./main/แตด (อาร์ต).wav,3.032139,3.205378,แตด,
./main/แตด (อาร์ต).wav,4.120267,4.243883,แตด,
./main/แตด (อาร์ต).wav,5.256012,5.344819,แตด,
./main/แตด (อาร์ต).wav,5.453881,5.513865,แตด,
./main/แตด (อาร์ต).wav,7.345329,7.450496,แตด,
./main/แตด (อาร์ต).wav,8.381418,8.64862,แตด,
./main/แตด (อาร์ต).wav,9.440099,9.722881,แตด,
./main/แตด (อาร์ต).wav,10.530719,10.76754,แตด,
./main/แตด (อาร์ต).wav,11.583947,11.851149,แตด,
./main/แตด (อาร์ต).wav,12.590434,12.853741,แตด,
./main/แตด (อาร์ต).wav,13.371007,13.623407,แตด,
./main/แตด (อาร์ต).wav,14.438257,14.655602,แตด,
./main/แตด (อาร์ต).wav,15.420594,15.609116,แตด,
./main/แตด (เปอร์).wav,1.034983,1.303229,แตด,
./main/แตด (แทน).wav,0.987845,1.30271,แตด,
./main/แตด (โบท).wav,0.587175,0.86697,แตด,
./main/แตด (โบท2).wav,0.855216,1.243007,แตด,
./main/แทนเบลล์ขโมยปลาบู่.wav,0.0,2.790131,none,
./main/แทนเบลล์ขโมยปลาบู่.wav,2.787705,3.087981,เหี้ย,
./main/แทนเบลล์ขโมยปลาบู่.wav,3.087981,3.642267,none,
./main/แทนเบลล์ขโมยปลาบู่.wav,3.642267,3.804159,มึง,
./main/แทนเบลล์ขโมยปลาบู่.wav,3.804159,4.784749,none,
./main/แทนเบลล์ขโมยปลาบู่.wav,4.784749,4.968047,แตด,
./main/แทนเบลล์ขโมยปลาบู่.wav,4.968047,8.873064,none,
./main/แทนเบลล์ขโมยปลาบู่.wav,8.873064,9.171282,สวะ,
./main/แทนเบลล์ขโมยปลาบู่.wav,9.171282,13.039227,none,
./main/แทนเบลล์ขโมยปลาบู่.wav,13.039227,13.147842,กู,
./main/แทนเบลล์ขโมยปลาบู่.wav,13.147842,13.351211,none,
./main/แทนเบลล์ขโมยปลาบู่.wav,13.351211,13.497338,มึง,
./main/แทนเบลล์ขโมยปลาบู่.wav,13.497338,14.499529,none,
./main/แทนเบลล์ขโมยปลาบู่.wav,14.499529,14.710491,แตด,
./main/แทนเบลล์ขโมยปลาบู่.wav,14.710491,14.95365,none,
./main/แทนเบลล์ขโมยปลาบู่.wav,14.95365,15.124064,เหี้ย,
./main/แทนเบลล์ขโมยปลาบู่.wav,15.124064,18.239157,none,
./main/แทนเบลล์ขโมยปลาบู่.wav,18.239157,18.411491,แตด,
./main/แทนเบลล์ขโมยปลาบู่.wav,18.411491,21.970995,none,
./main/แทนเบลล์ขโมยปลาบู่.wav,21.970995,22.073244,มึง,
./main/แทนเบลล์ขโมยปลาบู่.wav,22.073244,22.615434,none,
./main/แทนเบลล์ขโมยปลาบู่.wav,22.615434,22.723715,กู,
./main/แทนเบลล์ขโมยปลาบู่.wav,22.723715,23.231712,none,
./main/แทนเบลล์ขโมยปลาบู่.wav,23.231712,23.59824,เหี้ย,
./main/แทนเบลล์ขโมยปลาบู่.wav,23.59824,25.456495,none,
./main/แทนเบลล์ขโมยปลาบู่.wav,25.456495,25.558436,กู,
./main/แทนเบลล์ขโมยปลาบู่.wav,25.558436,26.386609,none,
./main/แทนเบลล์ขโมยปลาบู่.wav,26.386609,26.517052,กู,
./main/แทนเบลล์ขโมยปลาบู่.wav,26.517052,26.911577,none,
./main/แทนเบลล์ขโมยปลาบู่.wav,26.911577,27.122632,หี,
./main/แทนเบลล์ขโมยปลาบู่.wav,27.122632,35.109056,none,
./main/แทนเบลล์ขโมยปลาบู่.wav,35.109056,35.322191,แตด,
./main/แทนเบลล์ขโมยปลาบู่.wav,35.322191,35.618746,none,
./main/แทนเบลล์ขโมยปลาบู่.wav,35.618746,35.869928,เหี้ย,
./main/แทนเบลล์ขโมยปลาบู่.wav,35.869928,39.083134,none,
./main/แทนเบลล์ขโมยปลาบู่.wav,39.083134,39.251157,แตด,
./main/แทนเบลล์ขโมยปลาบู่.wav,39.251157,42.979314,none,
./main/แทนเบลล์ขโมยปลาบู่.wav,42.979314,43.224329,ควย,
./main/แทนเบลล์ขโมยปลาบู่.wav,43.224329,44.29292,none,
./main/แทนเบลล์ขโมยปลาบู่.wav,44.29292,44.482642,ควย,
./main/แทนเบลล์ขโมยปลาบู่.wav,44.482642,44.638091,มึง,
./main/แทนเบลล์ขโมยปลาบู่.wav,44.638091,47.538457,none,
./main/แทนเบลล์ขโมยปลาบู่.wav,47.538457,47.836082,เหี้ย,
./main/แทนเบลล์ขโมยปลาบู่.wav,47.836082,48.182968,none,
./main/แทนเบลล์ขโมยปลาบู่.wav,48.182968,48.335377,เย็ด,
./main/แทนเบลล์ขโมยปลาบู่.wav,48.335377,51.104871,none,
./main/แทนเบลล์ขโมยปลาบู่.wav,51.104871,51.556327,สวะ,
./main/แทนเบลล์ขโมยปลาบู่.wav,51.556327,53.581245,none,
./main/แทนเบลล์ขโมยปลาบู่.wav,53.581245,53.716473,มึง,
./main/แทนเบลล์ขโมยปลาบู่.wav,53.716473,54.94193,none,
./main/แทนเบลล์ขโมยปลาบู่.wav,54.94193,55.009411,กู,
./main/แทนเบลล์ขโมยปลาบู่.wav,55.009411,56.501862,none,
./main/แทนเบลล์ขโมยปลาบู่.wav,56.501862,56.530375,กู,
./main/แทนเบลล์ขโมยปลาบู่.wav,56.530375,58.885619,none,
./main/แทนเบลล์ขโมยปลาบู่.wav,58.885619,59.439361,เหี้ย,
./main/แทนเบลล์ขโมยปลาบู่.wav,59.439361,59.837443,none,
./main/แทนเบลล์ขโมยปลาบู่.wav,59.837443,60.136587,ควย,
./main/แทนเบลล์ขโมยปลาบู่.wav,60.136587,61.906336,none,
./main/แทนเบลล์ขโมยปลาบู่.wav,61.906336,61.974903,เย็ด,
./main/แทนเบลล์ขโมยปลาบู่.wav,61.974903,64.466971,none,
./main/แทนเบลล์ขโมยปลาบู่.wav,64.466971,64.583227,เย็ด,
./main/แทนเบลล์ขโมยปลาบู่.wav,64.583227,64.920995,none,
./main/แทนเบลล์ขโมยปลาบู่.wav,64.920995,65.02837,แตด,
./main/แทนเบลล์ขโมยปลาบู่.wav,65.02837,67.731623,none,
./main/แทนเบลล์ขโมยปลาบู่.wav,67.731623,68.022765,เหี้ย,
./main/แทนเบลล์ขโมยปลาบู่.wav,68.022765,68.709748,none,
./main/แทนเบลล์ขโมยปลาบู่.wav,68.709748,68.860711,มึง,
./main/แทนเบลล์ขโมยปลาบู่.wav,68.860711,70.965189,none,
./main/แทนเบลล์ขโมยปลาบู่.wav,70.965189,71.195249,ควย,
./main/แทนเบลล์ขโมยปลาบู่.wav,71.195249,72.133356,none,
./main/แทนเบลล์ขโมยปลาบู่.wav,72.133356,72.257687,เย็ด,
./main/แทนเบลล์ขโมยปลาบู่.wav,72.257687,76.729748,none,
./main/แทนเบลล์ขโมยปลาบู่.wav,76.729748,77.024493,เหี้ย,
./main/แทนเบลล์ขโมยปลาบู่.wav,77.024493,81.508789,none,
./main/แทนเบลล์ขโมยปลาบู่.wav,81.508789,81.951206,กู,
./main/แทนเบลล์ขโมยปลาบู่.wav,81.951206,84.693906,none,
./main/แทนเบลล์ขโมยปลาบู่.wav,84.693906,84.813794,แตด,
./main/แทนเบลล์ขโมยปลาบู่.wav,84.813794,85.956757,none,
./main/แทนเบลล์ขโมยปลาบู่.wav,85.956757,86.218214,กู,
./main/แทนเบลล์ขโมยปลาบู่.wav,86.218214,86.751084,none,
./main/แทนเบลล์ขโมยปลาบู่.wav,86.751084,87.022088,เหี้ย,
./main/แทนเบลล์ขโมยปลาบู่.wav,87.022088,88.015025,none,
./main/แทนเบลล์ขโมยปลาบู่.wav,88.015025,88.142315,แตด,
./main/แทนเบลล์ขโมยปลาบู่.wav,88.142315,88.501571,none,
./main/แทนเบลล์ขโมยปลาบู่.wav,88.501571,88.941485,เหี้ย,
./main/แทนเบลล์ขโมยปลาบู่.wav,88.941485,91.573528,none,
./main/แทนเบลล์ขโมยปลาบู่.wav,91.573528,91.952585,เหี้ย,
./main/แทนเบลล์ขโมยปลาบู่.wav,91.952585,93.799343,none,
./main/แทนเบลล์ขโมยปลาบู่.wav,93.799343,94.096564,สวะ,
./main/แทนเบลล์ขโมยปลาบู่.wav,94.096564,96.234667,none,
./main/แม่งใช้เส้นสายหัวควยของมัน เพื่อให้ได้สิ่งที่ต้องการ.wav,0.0,2.017959,none,
./main/แม่งใช้เส้นสายหัวควยของมัน เพื่อให้ได้สิ่งที่ต้องการ.wav,2.017959,2.166786,ควย,
./main/แม่งใช้เส้นสายหัวควยของมัน เพื่อให้ได้สิ่งที่ต้องการ.wav,2.166786,4.38,none,
./main/แล้วคิดจะรับผิดชอบเรื่องนี้ยังไง เย็ดแม่.wav,0.0,2.204926,none,
./main/แล้วคิดจะรับผิดชอบเรื่องนี้ยังไง เย็ดแม่.wav,2.204926,2.310352,เย็ด,
./main/แล้วคิดจะรับผิดชอบเรื่องนี้ยังไง เย็ดแม่.wav,2.310352,3.669962,none,
./main/โต้งไล่หมา.wav,0.0,1.254935,none,
./main/โต้งไล่หมา.wav,1.255802,1.369019,กู,
./main/โต้งไล่หมา.wav,1.369019,14.812304,none,
./main/โต้งไล่หมา.wav,14.812304,14.96499,กู,
./main/โต้งไล่หมา.wav,14.96499,29.031033,none,
./main/โต้งไล่หมา.wav,29.031033,29.163475,กู,
./main/โต้งไล่หมา.wav,29.163475,30.744895,none,
./main/โต้งไล่หมา.wav,30.744895,30.90404,มึง,
./main/โต้งไล่หมา.wav,30.90404,32.816985,none,
./main/โต้งไล่หมา.wav,32.816985,32.891751,กู,
./main/โต้งไล่หมา.wav,32.891751,38.637913,none,
./main/โต้งไล่หมา.wav,38.637913,38.752515,กู,
./main/โต้งไล่หมา.wav,38.752515,41.54307,none,
./main/โต้งไล่หมา.wav,41.54307,41.720454,กู,
./main/โต้งไล่หมา.wav,41.720454,46.102083,none,
./main/โต้งไล่หมา.wav,46.102083,46.282612,มึง,
./main/โต้งไล่หมา.wav,46.282612,54.820985,none,
./main/โต้งไล่หมา.wav,54.821674,54.981098,กู,
./main/โต้งไล่หมา.wav,54.980823,57.392934,none,
./main/โต้งไล่หมา.wav,57.392934,57.556068,กู,
./main/โต้งไล่หมา.wav,57.556068,59.798893,none,
./main/โหเย็ดแม่ ไม่คิดจะแก้ไขอะไรหน่อยอ่อ.wav,0.0,0.729405,none,
./main/โหเย็ดแม่ ไม่คิดจะแก้ไขอะไรหน่อยอ่อ.wav,0.729405,0.807316,เย็ด,
./main/โหเย็ดแม่ ไม่คิดจะแก้ไขอะไรหน่อยอ่อ.wav,0.807316,3.36936,none,
./main/โอ๊ย เย็ดแม่ เจ็บชิบหาย.wav,0.190842,0.623665,none,
./main/โอ๊ย เย็ดแม่ เจ็บชิบหาย.wav,0.813658,0.989133,เย็ด,
./main/โอ๊ย เย็ดแม่ เจ็บชิบหาย.wav,0.989133,2.621888,none,
./main/โอ๊ยเด็กสมัยนี้.wav,0.0,3.789322,none,
./main/โอ๊ยเด็กสมัยนี้.wav,3.789322,4.043732,แตด,
./main/โอ๊ยเด็กสมัยนี้.wav,4.043732,4.464485,none,
./main/โอ๊ยเด็กสมัยนี้.wav,4.464485,4.851845,หี,
./main/โอ๊ยเด็กสมัยนี้.wav,4.851845,5.372549,none,
./main/โอ๊ยเด็กสมัยนี้.wav,5.372549,5.567848,ควย,
./main/โอ๊ยเด็กสมัยนี้.wav,5.567848,7.848959,none,
./main/โอ๊ยเด็กสมัยนี้.wav,7.848959,8.410302,สวะ,
./main/โอ๊ยเด็กสมัยนี้.wav,8.410302,10.282667,none,
./main/โอ๊ยเย็ดเป็ดหีแม่มึงร่วง.wav,0.0,1.15297,none,
./main/โอ๊ยเย็ดเป็ดหีแม่มึงร่วง.wav,1.15297,1.307121,เย็ด,
./main/โอ๊ยเย็ดเป็ดหีแม่มึงร่วง.wav,1.307121,1.648577,none,
./main/โอ๊ยเย็ดเป็ดหีแม่มึงร่วง.wav,1.648577,1.830495,หี,
./main/โอ๊ยเย็ดเป็ดหีแม่มึงร่วง.wav,1.830495,2.057193,none,
./main/โอ๊ยเย็ดเป็ดหีแม่มึงร่วง.wav,2.057193,2.146753,มึง,
./main/โอ๊ยเย็ดเป็ดหีแม่มึงร่วง.wav,2.146753,2.92,none,
./main/ไอดิฟ อัดเสียงเสร็จแล้วกูไปนอนได้แล้วใช่ไหม.wav,0.0,3.113854,none,
./main/ไอดิฟ อัดเสียงเสร็จแล้วกูไปนอนได้แล้วใช่ไหม.wav,3.113854,3.226938,กู,
./main/ไอดิฟ อัดเสียงเสร็จแล้วกูไปนอนได้แล้วใช่ไหม.wav,4.134077,5.707139,none,
./main/ไอ้คนวิปริต ไอ้คนเย็ดแม่.wav,0.390064,1.398095,none,
./main/ไอ้คนวิปริต ไอ้คนเย็ดแม่.wav,1.739949,2.224972,none,
./main/ไอ้คนวิปริต ไอ้คนเย็ดแม่.wav,2.224972,2.346228,เย็ด,
./main/ไอ้คนวิปริต ไอ้คนเย็ดแม่.wav,2.417813,2.907219,none,
./main/ไอ้อาร์ตพูดควย.wav,0.0,2.166578,none,
./main/ไอ้อาร์ตพูดควย.wav,2.166578,2.746012,ควย,
./main/ไอ้อาร์ตพูดควย.wav,2.746012,2.918163,none,
./main/ไอ้อาร์ตพูดควย.wav,2.918163,3.325446,เหี้ย,
./main/ไอ้อาร์ตพูดควย.wav,3.325446,4.232385,none,
./main/ไอ้อาร์ตพูดควย.wav,4.232385,4.77403,ควย,
./main/ไอ้อาร์ตพูดควย.wav,4.77403,5.328271,none,
./main/ไอ้อาร์ตพูดควย.wav,5.328271,5.953891,ควย,
./main/ไอ้อาร์ตพูดควย.wav,5.953891,7.322699,none,
./main/ไอ้อาร์ตพูดควย.wav,7.322699,7.906331,ควย,
./main/ไอ้อาร์ตพูดควย.wav,7.906331,9.944031,none,
./main/ไอ้อาร์ตพูดควย.wav,9.944031,10.438205,ควย,
./main/ไอ้อาร์ตพูดควย.wav,10.438205,12.493079,none,
./main/ไอ้อาร์ตพูดควย.wav,12.493079,13.084777,ควย,
./main/ไอ้อาร์ตพูดควย.wav,13.084777,15.424109,none,
./main/ไอ้อาร์ตพูดควย.wav,15.424109,15.788615,ควย,
./main/ไอ้อาร์ตพูดควย.wav,15.788615,17.006965,none,
./main/ไอ้อาร์ตพูดควย.wav,17.006965,17.329029,ควย,
./main/ไอ้อาร์ตพูดควย.wav,17.329029,18.6,none,
./main/ไอ้เด็กนี่มันอยากมีปัญหากับกูแล้วสินะ.wav,0.0,2.254984,none,
./main/ไอ้เด็กนี่มันอยากมีปัญหากับกูแล้วสินะ.wav,2.254984,2.512986,กู,
./main/ไอ้เด็กนี่มันอยากมีปัญหากับกูแล้วสินะ.wav,2.512986,3.456626,none,
./main/ไอ้เย็ดแม่เอ๊ย โทรมาทำไม กูง่วง.wav,0.10188,0.489214,none,
./main/ไอ้เย็ดแม่เอ๊ย โทรมาทำไม กูง่วง.wav,0.489214,0.69874,เย็ด,
./main/ไอ้เย็ดแม่เอ๊ย โทรมาทำไม กูง่วง.wav,0.69874,3.050619,none,
./main/ไอ้เย็ดแม่เอ๊ย โทรมาทำไม กูง่วง.wav,3.050619,3.338958,กู,
./main/ไอ้เย็ดแม่เอ๊ย โทรมาทำไม กูง่วง.wav,3.338958,4.04827,none,
./main/ไอ้เหี้ย ใครกินของกูหมดเนี่ย.wav,0.0,0.304691,none,
./main/ไอ้เหี้ย ใครกินของกูหมดเนี่ย.wav,0.304691,0.715392,เหี้ย,
./main/ไอ้เหี้ย ใครกินของกูหมดเนี่ย.wav,0.716058,1.462416,none,
./main/ไอ้เหี้ย ใครกินของกูหมดเนี่ย.wav,1.462416,1.563305,กู,
./main/ไอ้เหี้ย ใครกินของกูหมดเนี่ย.wav,1.563305,2.958776,none,
./main/ไอ้เหี้ยถ้าสวะสังคมอย่างพวกมึงไม่เกิดขึ้นมา.wav,0.0,2.07044,none,
./main/ไอ้เหี้ยถ้าสวะสังคมอย่างพวกมึงไม่เกิดขึ้นมา.wav,2.07044,2.964486,เหี้ย,
./main/ไอ้เหี้ยถ้าสวะสังคมอย่างพวกมึงไม่เกิดขึ้นมา.wav,2.964486,3.624243,none,
./main/ไอ้เหี้ยถ้าสวะสังคมอย่างพวกมึงไม่เกิดขึ้นมา.wav,3.624243,3.916317,สวะ,
./main/ไอ้เหี้ยถ้าสวะสังคมอย่างพวกมึงไม่เกิดขึ้นมา.wav,3.916317,5.044375,none,
./main/ไอ้เหี้ยถ้าสวะสังคมอย่างพวกมึงไม่เกิดขึ้นมา.wav,5.044375,5.314589,มึง,
./main/ไอ้เหี้ยถ้าสวะสังคมอย่างพวกมึงไม่เกิดขึ้นมา.wav,5.314589,7.675893,none,
./main/ไอ้เหี้ยถ้าสวะสังคมอย่างพวกมึงไม่เกิดขึ้นมา.wav,7.675893,8.056358,กู,
./main/ไอ้เหี้ยถ้าสวะสังคมอย่างพวกมึงไม่เกิดขึ้นมา.wav,8.056358,9.457814,none,
./main/ไอ้เหี้ยถ้าสวะสังคมอย่างพวกมึงไม่เกิดขึ้นมา.wav,9.457814,9.691281,แตด,
./main/ไอ้เหี้ยถ้าสวะสังคมอย่างพวกมึงไม่เกิดขึ้นมา.wav,9.691281,10.222587,none,
./main/ไอ้เหี้ยถ้าสวะสังคมอย่างพวกมึงไม่เกิดขึ้นมา.wav,10.222587,10.48872,ควย,
./main/ไอ้เหี้ยถ้าสวะสังคมอย่างพวกมึงไม่เกิดขึ้นมา.wav,10.48872,11.761739,none,
./main/ไอ้เหี้ยถ้าสวะสังคมอย่างพวกมึงไม่เกิดขึ้นมา.wav,11.761739,12.089362,มึง,
./main/ไอ้เหี้ยถ้าสวะสังคมอย่างพวกมึงไม่เกิดขึ้นมา.wav,12.089362,13.973333,none,
./main/ไอ้เหี้ยทำไมนิสัยมึงสวะได้ขนาดนี้.wav,0.0,0.81187,none,
./main/ไอ้เหี้ยทำไมนิสัยมึงสวะได้ขนาดนี้.wav,0.81187,1.083694,เหี้ย,
./main/ไอ้เหี้ยทำไมนิสัยมึงสวะได้ขนาดนี้.wav,1.083694,1.570156,none,
./main/ไอ้เหี้ยทำไมนิสัยมึงสวะได้ขนาดนี้.wav,1.570156,1.723893,มึง,
./main/ไอ้เหี้ยทำไมนิสัยมึงสวะได้ขนาดนี้.wav,1.723893,1.804454,none,
./main/ไอ้เหี้ยทำไมนิสัยมึงสวะได้ขนาดนี้.wav,1.804454,1.962002,สวะ,
./main/ไอ้เหี้ยทำไมนิสัยมึงสวะได้ขนาดนี้.wav,1.962002,3.330572,none,
./main/ไอ้เหี้ยทำไมนิสัยมึงสวะได้ขนาดนี้.wav,3.330572,3.530134,เหี้ย,
./main/ไอ้เหี้ยทำไมนิสัยมึงสวะได้ขนาดนี้.wav,3.530134,4.683388,none,
./main/ไอ้เหี้ยทำไมนิสัยมึงสวะได้ขนาดนี้.wav,4.683388,4.794722,มึง,
./main/ไอ้เหี้ยทำไมนิสัยมึงสวะได้ขนาดนี้.wav,4.794722,4.981679,none,
./main/ไอ้เหี้ยทำไมนิสัยมึงสวะได้ขนาดนี้.wav,4.981679,5.093013,มึง,
./main/ไอ้เหี้ยทำไมนิสัยมึงสวะได้ขนาดนี้.wav,5.093013,6.58,none,
./main\augmented\กายพูดกูรัวๆ_aug_0.wav,0.949056,1.073442,กู,True
./main\augmented\กายพูดกูรัวๆ_aug_1.wav,2.362906,2.591512,กู,True
./main\augmented\กายพูดกูรัวๆ_aug_2.wav,2.702934,2.923856,กู,True
./main\augmented\กายพูดกูรัวๆ_aug_3.wav,3.017027,3.222581,กู,True
./main\augmented\กายพูดกูรัวๆ_aug_4.wav,3.321516,3.478082,กู,True
./main\augmented\กายพูดกูรัวๆ_aug_5.wav,3.591425,3.739346,กู,True
./main\augmented\กายพูดกูรัวๆ_aug_6.wav,4.770249,4.929887,กู,True
./main\augmented\กายพูดกูรัวๆ_aug_7.wav,5.037279,5.20127,กู,True
./main\augmented\กายพูดกูรัวๆ_aug_8.wav,5.295601,5.460339,กู,True
./main\augmented\กายพูดกูรัวๆ_aug_9.wav,5.55167,5.679943,กู,True
./main\augmented\กายพูดกูรัวๆ_aug_10.wav,12.739082,13.153661,กู,True
./main\augmented\กายพูดกูรัวๆ_aug_11.wav,19.027974,19.110184,กู,True
./main\augmented\กายพูดกูรัวๆ_aug_12.wav,19.587653,19.878932,กู,True
./main\augmented\กายพูดกูรัวๆ_aug_13.wav,20.239883,20.554008,กู,True
./main\augmented\กายพูดกูรัวๆ_aug_14.wav,22.035532,22.470737,กู,True
./main\augmented\กายพูดกูรัวๆ_aug_15.wav,23.976249,24.422876,กู,True
./main\augmented\กายพูดกูรัวๆ_aug_16.wav,32.604957,32.703192,กู,True
./main\augmented\กู (มูเซอร์)_aug_17.wav,0.49457,0.90763,กู,True
./main\augmented\กู (อาร์ต)_aug_18.wav,0.665638,1.075881,กู,True
./main\augmented\กู (อาร์ต)_aug_19.wav,1.743869,2.199218,กู,True
./main\augmented\กู (อาร์ต)_aug_20.wav,3.08649,3.410819,กู,True
./main\augmented\กู (อาร์ต)_aug_21.wav,4.222714,4.637253,กู,True
./main\augmented\กู (อาร์ต)_aug_22.wav,5.384712,5.812139,กู,True
./main\augmented\กู (อาร์ต)_aug_23.wav,6.529527,6.944066,กู,True
./main\augmented\กู (อาร์ต)_aug_24.wav,7.64491,8.022941,กู,True
./main\augmented\กู (อาร์ต)_aug_25.wav,8.856908,9.176191,กู,True
./main\augmented\กู (อาร์ต)_aug_26.wav,9.92459,10.261753,กู,True
./main\augmented\กู (อาร์ต)_aug_27.wav,11.689586,12.086774,กู,True
./main\augmented\กู (อาร์ต)_aug_28.wav,12.795582,13.177444,กู,True
./main\augmented\กู (อาร์ต)_aug_29.wav,13.685743,14.015243,กู,True
./main\augmented\กู (อาร์ต)_aug_30.wav,14.589952,14.918175,กู,True
./main\augmented\กู (อาร์ต)_aug_31.wav,15.674237,16.073979,กู,True
./main\augmented\กู (อาร์ต)_aug_32.wav,16.48777,16.729147,กู,True
./main\augmented\กู (เปอร์)_aug_33.wav,0.742212,1.279611,กู,True
./main\augmented\กู (แทน)_aug_34.wav,0.817713,1.30271,กู,True
./main\augmented\กู (โบท)_aug_35.wav,0.877912,1.435011,กู,True
./main\augmented\กู (โบท2)_aug_36.wav,0.729992,1.204487,กู,True
./main\augmented\กูตั้งใจจะเรียนให้จบปีนี้_aug_37.wav,0.168345,0.299953,กู,True
./main\augmented\กูว่านะ โปรเจคเราอะ แม่งสุดยอดวะ_aug_38.wav,1.242198,1.360502,กู,True
./main\augmented\กูว่านะพรุ่งนี้ตื่นสายวะ_aug_39.wav,1.279636,1.942576,กู,True
./main\augmented\กูว่าฝนจะตกแล้ว รีบกลับเถอะ_aug_40.wav,0.226401,0.401115,กู,True
./main\augmented\กูว่ามันไม่ใช่เรื่องง่าย แต่กูก็จะลองดู_aug_41.wav,0.038405,0.161167,กู,True
./main\augmented\กูเป็นคนคิดไอเดียโปรเจคนี่หว่า เออกูแม่งสุดยอดวะ_aug_42.wav,2.249246,2.561429,กู,True
./main\augmented\กูเป็นคนคิดไอเดียโปรเจคนี่หว่า เออกูแม่งสุดยอดวะ_aug_43.wav,5.097268,5.329871,กู,True
./main\augmented\ก็มาดิสะไอ้สัสเป็นเหี้ยไรวะ_aug_44.wav,5.959434,6.019095,กู,True
./main\augmented\ก็มาดิสะไอ้สัสเป็นเหี้ยไรวะ_aug_45.wav,9.8383,9.92523,กู,True
./main\augmented\ขอโทษนะ แต่กูไม่ได้ตั้งใจจริงๆ_aug_46.wav,1.592855,1.682187,กู,True
./main\augmented\คนดีห้ามเพื่อน_aug_47.wav,1.007224,1.138831,กู,True
./main\augmented\คนดีห้ามเพื่อน_aug_48.wav,6.960765,7.332966,กู,True
./main\augmented\คนดีห้ามเพื่อน_aug_49.wav,13.261441,13.425949,กู,True
./main\augmented\คนดีห้ามเพื่อน_aug_50.wav,14.540494,14.61041,กู,True
./main\augmented\คนดีห้ามเพื่อน_aug_51.wav,16.339806,16.413835,กู,True
./main\augmented\คอมโครตดี_aug_52.wav,1.519623,1.566463,กู,True
./main\augmented\คอมโครตดี_aug_53.wav,2.445045,2.550429,กู,True
./main\augmented\คอมโครตดี_aug_54.wav,14.926504,15.010479,กู,True
./main\augmented\คอมโครตดี_aug_55.wav,20.209013,20.322401,กู,True
./main\augmented\คอมโครตดี_aug_56.wav,25.21252,25.361911,กู,True
./main\augmented\ค่ายเหี้ย_aug_57.wav,0.692135,0.776496,กู,True
./main\augmented\ค่ายเหี้ย_aug_58.wav,1.946584,2.130414,กู,True
./main\augmented\ชีสเหม็น_aug_59.wav,11.138455,11.245529,กู,True
./main\augmented\ช่วยกูด้วย_aug_60.wav,0.959646,1.179825,กู,True
./main\augmented\ด้วยสัตย์สาบานแห่งพระแม่กิ้งก่า กูขอสาบานว่า_aug_61.wav,3.635968,4.038474,กู,True
./main\augmented\ถ้าแกไม่ไป กูก็ไม่ไปเหมือนกัน_aug_62.wav,1.431357,1.59603,กู,True
./main\augmented\บัวด่านัท_aug_63.wav,4.295146,4.381274,กู,True
./main\augmented\บัวด่านัท_aug_64.wav,6.399963,6.600819,กู,True
./main\augmented\บัวด่านัท_aug_65.wav,13.007235,13.101613,กู,True
./main\augmented\บัวด่านัท_aug_66.wav,16.802768,16.856385,กู,True
./main\augmented\บัวด่านัท_aug_67.wav,17.18165,17.286918,กู,True
./main\augmented\พิ้งค์ด่าหนัง_aug_68.wav,12.769092,13.201982,กู,True
./main\augmented\พิ้งค์ด่าหนัง_aug_69.wav,18.097908,18.270021,กู,True
./main\augmented\มิ้นท์เบลล์ทะเลาะกันหน้าร้านไอ้แทน_aug_70.wav,13.667597,13.745165,กู,True
./main\augmented\มิ้นท์เบลล์ทะเลาะกันหน้าร้านไอ้แทน_aug_71.wav,20.407169,20.529766,กู,True
./main\augmented\มิ้นท์เบลล์ทะเลาะกันหน้าร้านไอ้แทน_aug_72.wav,22.138489,22.187676,กู,True
./main\augmented\มิ้นท์เบลล์ทะเลาะกันหน้าร้านไอ้แทน_aug_73.wav,32.157394,32.262599,กู,True
./main\augmented\มิ้นท์เบลล์ทะเลาะกันหน้าร้านไอ้แทน_aug_74.wav,33.313372,33.381515,กู,True
./main\augmented\มิ้นท์เบลล์ทะเลาะกันหน้าร้านไอ้แทน_aug_75.wav,35.322963,35.382412,กู,True
./main\augmented\มิ้นท์เบลล์ทะเลาะกันหน้าร้านไอ้แทน_aug_76.wav,38.160944,38.457319,กู,True
./main\augmented\มิ้นท์เบลล์ทะเลาะกันหน้าร้านไอ้แทน_aug_77.wav,39.797471,40.001298,กู,True
./main\augmented\มิ้นท์เบลล์ทะเลาะกันหน้าร้านไอ้แทน_aug_78.wav,54.658292,54.741614,กู,True
./main\augmented\มิ้นท์เบลล์ทะเลาะกันหน้าร้านไอ้แทน_aug_79.wav,62.775168,62.9161,กู,True
./main\augmented\มิ้นท์เบลล์ทะเลาะกันหน้าร้านไอ้แทน_aug_80.wav,73.310625,73.359546,กู,True
./main\augmented\มิ้นท์เบลล์ทะเลาะกันหน้าร้านไอ้แทน_aug_81.wav,80.943138,81.054655,กู,True
./main\augmented\มิ้นท์เบลล์ทะเลาะกันหน้าร้านไอ้แทน_aug_82.wav,99.502833,99.572368,กู,True
./main\augmented\มิ้นท์เบลล์ทะเลาะกันหน้าร้านไอ้แทน_aug_83.wav,106.419705,106.498803,กู,True
./main\augmented\มิ้นท์เบลล์ทะเลาะกันหน้าร้านไอ้แทน_aug_84.wav,109.420503,109.505785,กู,True
./main\augmented\มิ้นท์เบลล์ทะเลาะกันหน้าร้านไอ้แทน_aug_85.wav,118.489042,118.556984,กู,True
./main\augmented\มิ้นท์เบลล์ทะเลาะกันหน้าร้านไอ้แทน_aug_86.wav,134.155102,134.228746,กู,True
./main\augmented\มิ้นท์เบลล์ทะเลาะกันหน้าร้านไอ้แทน_aug_87.wav,147.859203,147.920869,กู,True
./main\augmented\มิ้นท์เบลล์ทะเลาะกันหน้าร้านไอ้แทน_aug_88.wav,150.358802,150.45517,กู,True
./main\augmented\มิ้นท์เบลล์ทะเลาะกันหน้าร้านไอ้แทน_aug_89.wav,160.39285,160.464389,กู,True
./main\augmented\มิ้นท์เบลล์ทะเลาะกันหน้าร้านไอ้แทน_aug_90.wav,164.904652,165.048078,กู,True
./main\augmented\มิ้นท์แทนนินทาไอ้เบลล์ซื้อไก่_aug_91.wav,15.408008,15.5021,กู,True
./main\augmented\มิ้นท์แทนนินทาไอ้เบลล์ซื้อไก่_aug_92.wav,22.428987,22.483008,กู,True
./main\augmented\มิ้นท์แทนนินทาไอ้เบลล์ซื้อไก่_aug_93.wav,24.81972,24.864767,กู,True
./main\augmented\มิ้นท์แทนนินทาไอ้เบลล์ซื้อไก่_aug_94.wav,35.118076,35.184115,กู,True
./main\augmented\มิ้นท์แทนนินทาไอ้เบลล์ซื้อไก่_aug_95.wav,36.175513,36.431784,กู,True
./main\augmented\มิ้นท์แทนนินทาไอ้เบลล์ซื้อไก่_aug_96.wav,42.094554,42.185589,กู,True
./main\augmented\มิ้นท์แทนนินทาไอ้เบลล์ซื้อไก่_aug_97.wav,72.94799,73.039205,กู,True
./main\augmented\มึง กูหิวข้าววะ อยากกินตีนอะ_aug_98.wav,1.112465,1.303265,กู,True
./main\augmented\มึงไม่มีสิทธิ์มาทำแบบนี้กับกู เย็ดแม่_aug_99.wav,1.534819,1.756098,กู,True
./main\augmented\อย่าทำเหมือนกูไม่มีตัวตนนะ เย็ดแม่_aug_100.wav,0.545171,0.65918,กู,True
./main\augmented\อย่าฟังความข้างเดียวสิ กูน่ะบอกอยู่เสมอแล้วว่ากูเป็นคนดี_aug_101.wav,2.582584,2.781634,กู,True
./main\augmented\อาทโดนFBI_aug_102.wav,56.367164,56.667747,กู,True
./main\augmented\ฮัลโหลๆ ได้ยินที่กูพูดป่าวไอดิฟ_aug_103.wav,2.637363,2.799477,กู,True
./main\augmented\เข้ามาเลยไอ้พวกเด็กเปรต กูคนนี้จะลงทัณฑ์เอง_aug_104.wav,2.807768,3.149977,กู,True
./main\augmented\เดินตกท่อ_aug_105.wav,2.160697,2.402815,กู,True
./main\augmented\เดินตกท่อ_aug_106.wav,3.504667,3.885377,กู,True
./main\augmented\เดินตกท่อ_aug_107.wav,7.432535,7.702592,กู,True
./main\augmented\เดินตกท่อ_aug_108.wav,9.955889,10.228335,กู,True
./main\augmented\เบลล์-กู_aug_109.wav,0.474753,1.128512,กู,True
./main\augmented\เย็ดแม่ กูควรจะคาดหวังอะไรจากมึงอีกอ่ะ_aug_110.wav,0.717333,0.793414,กู,True
./main\augmented\เย็ดแม่ กูไม่โอเคกับสิ่งที่มึงทำเลยนะ_aug_111.wav,1.307442,1.366505,กู,True
./main\augmented\เย็ดแม่ ทำไมถึงไม่ใส่ใจในสิ่งที่กูบอกบ้างอ่ะ_aug_112.wav,1.645526,1.747162,กู,True
./main\augmented\เย็ดแม่ นี่คือเหตุผลที่กูไม่อยากคุยกับมึง_aug_113.wav,1.425392,1.509833,กู,True
./main\augmented\เย็ดแม่ รู้ไหมว่าสิ่งนี้มันทำให้กูเสียใจแค่ไหนอ่ะ_aug_114.wav,1.658685,1.765388,กู,True
./main\augmented\เย็ดแม่ในร้านเกม_aug_115.wav,1.075447,1.250207,กู,True
./main\augmented\เย็ดแม่ในร้านเกม_aug_116.wav,16.184273,16.248219,กู,True
./main\augmented\เย็ดแม่ในร้านเกม_aug_117.wav,27.656465,27.740618,กู,True
./main\augmented\เย็ดแม่ในร้านเกม_aug_118.wav,29.97992,30.122506,กู,True
./main\augmented\เย็ดแม่ในร้านเกม_aug_119.wav,33.789018,33.855587,กู,True
./main\augmented\เย็ดแม่ในร้านเกม_aug_120.wav,36.194567,36.284197,กู,True
./main\augmented\เห้ย กูตื่นเต้นมากเลยที่จะได้ไปเที่ยวอาทิตย์หน้า_aug_121.wav,0.226705,0.382857,กู,True
./main\augmented\เออใช่ กูเห็นไอกายมันลงสตอรี่ ชวนสาวมาดูแมวที่_aug_122.wav,2.195179,2.340268,กู,True
./main\augmented\เอ๊ย เป็นเหี้ยไรวะกูถามจริง_aug_123.wav,4.893427,4.958884,กู,True
./main\augmented\เอ๊ย เป็นเหี้ยไรวะกูถามจริง_aug_124.wav,5.930998,5.997855,กู,True
./main\augmented\แทนเบลล์ขโมยปลาบู่_aug_125.wav,13.039227,13.147842,กู,True
./main\augmented\แทนเบลล์ขโมยปลาบู่_aug_126.wav,22.615434,22.723715,กู,True
./main\augmented\แทนเบลล์ขโมยปลาบู่_aug_127.wav,25.456495,25.558436,กู,True
./main\augmented\แทนเบลล์ขโมยปลาบู่_aug_128.wav,26.386609,26.517052,กู,True
./main\augmented\แทนเบลล์ขโมยปลาบู่_aug_129.wav,54.94193,55.009411,กู,True
./main\augmented\แทนเบลล์ขโมยปลาบู่_aug_130.wav,56.501862,56.530375,กู,True
./main\augmented\แทนเบลล์ขโมยปลาบู่_aug_131.wav,81.508789,81.951206,กู,True
./main\augmented\แทนเบลล์ขโมยปลาบู่_aug_132.wav,85.956757,86.218214,กู,True
./main\augmented\โต้งไล่หมา_aug_133.wav,1.255802,1.369019,กู,True
./main\augmented\โต้งไล่หมา_aug_134.wav,14.812304,14.96499,กู,True
./main\augmented\โต้งไล่หมา_aug_135.wav,29.031033,29.163475,กู,True
./main\augmented\โต้งไล่หมา_aug_136.wav,32.816985,32.891751,กู,True
./main\augmented\โต้งไล่หมา_aug_137.wav,38.637913,38.752515,กู,True
./main\augmented\โต้งไล่หมา_aug_138.wav,41.54307,41.720454,กู,True
./main\augmented\โต้งไล่หมา_aug_139.wav,54.821674,54.981098,กู,True
./main\augmented\โต้งไล่หมา_aug_140.wav,57.392934,57.556068,กู,True
./main\augmented\ไอดิฟ อัดเสียงเสร็จแล้วกูไปนอนได้แล้วใช่ไหม_aug_141.wav,3.113854,3.226938,กู,True
./main\augmented\ไอ้เด็กนี่มันอยากมีปัญหากับกูแล้วสินะ_aug_142.wav,2.254984,2.512986,กู,True
./main\augmented\ไอ้เย็ดแม่เอ๊ย โทรมาทำไม กูง่วง_aug_143.wav,3.050619,3.338958,กู,True
./main\augmented\ไอ้เหี้ย ใครกินของกูหมดเนี่ย_aug_144.wav,1.462416,1.563305,กู,True
./main\augmented\ไอ้เหี้ยถ้าสวะสังคมอย่างพวกมึงไม่เกิดขึ้นมา_aug_145.wav,7.675893,8.056358,กู,True
./main\augmented\กายพูดกูรัวๆ_aug_146.wav,0.949056,1.073442,กู,True
./main\augmented\กายพูดกูรัวๆ_aug_147.wav,2.362906,2.591512,กู,True
./main\augmented\กายพูดกูรัวๆ_aug_148.wav,2.702934,2.923856,กู,True
./main\augmented\กายพูดกูรัวๆ_aug_149.wav,3.017027,3.222581,กู,True
./main\augmented\กายพูดกูรัวๆ_aug_150.wav,3.321516,3.478082,กู,True
./main\augmented\กายพูดกูรัวๆ_aug_151.wav,3.591425,3.739346,กู,True
./main\augmented\กายพูดกูรัวๆ_aug_152.wav,4.770249,4.929887,กู,True
./main\augmented\กายพูดกูรัวๆ_aug_153.wav,5.037279,5.20127,กู,True
./main\augmented\กายพูดกูรัวๆ_aug_0.wav,30.812735,30.989787,มึง,True
./main\augmented\ก็มาดิสะไอ้สัสเป็นเหี้ยไรวะ_aug_1.wav,3.140448,3.370285,มึง,True
./main\augmented\ก็แล้วจะทำไม มึงจะมาหาเรื่องหรอ_aug_2.wav,1.815171,2.061868,มึง,True
./main\augmented\ก็แล้วจะให้ทำยังไงล่ะมึงก็เสนอมาสิ_aug_3.wav,2.181592,2.407332,มึง,True
./main\augmented\ขอโทษนะ แต่กูไม่ได้ตั้งใจจริงๆ_aug_4.wav,0.368322,0.47552,มึง,True
./main\augmented\คนดีห้ามเพื่อน_aug_5.wav,3.242874,3.395044,มึง,True
./main\augmented\ควย มึงทำแบบนี้คนจะมองว่าเป็นคนไร้ความรับผิดชอบนะ_aug_6.wav,0.665955,0.784526,มึง,True
./main\augmented\ความดื้อรั้นหน้าหีของมึงทำให้ทุกอย่างแย่ลงนะ_aug_7.wav,1.833679,1.940261,มึง,True
./main\augmented\คือมึงไม่ฉลาดหรอวะ_aug_8.wav,0.736263,0.927792,มึง,True
./main\augmented\คือมึงไม่ฉลาดหรอวะ_aug_9.wav,1.953588,2.201566,มึง,True
./main\augmented\คือมึงไม่ฉลาดหรอวะ_aug_10.wav,4.213621,4.350715,มึง,True
./main\augmented\คือมึงไม่ฉลาดหรอวะ_aug_11.wav,5.382951,5.576495,มึง,True
./main\augmented\ชีสเหม็น_aug_12.wav,7.831683,7.966568,มึง,True
./main\augmented\ทายคำเย็ดแม่_aug_13.wav,62.871005,63.103271,มึง,True
./main\augmented\นิสัยควยๆแบบนี้_aug_14.wav,5.948297,6.178584,มึง,True
./main\augmented\นี่มึงหายหัวไปทั้งวันแบบนี้แล้วพวกเราจะทำงานยังไง_aug_15.wav,0.42807,0.693325,มึง,True
./main\augmented\บัวด่านัท_aug_16.wav,1.793843,1.951164,มึง,True
./main\augmented\บัวด่านัท_aug_17.wav,9.783054,9.848393,มึง,True
./main\augmented\บัวด่านัท_aug_18.wav,11.37507,11.502592,มึง,True
./main\augmented\บัวด่านัท_aug_19.wav,13.438793,13.561404,มึง,True
./main\augmented\บัวด่านัท_aug_20.wav,19.702982,19.869535,มึง,True
./main\augmented\บารมีมารดา_aug_21.wav,1.074638,1.414432,มึง,True
./main\augmented\บารมีมารดา_aug_22.wav,8.134891,8.281751,มึง,True
./main\augmented\บารมีมารดา_aug_23.wav,9.272336,9.591972,มึง,True
./main\augmented\บารมีมารดา_aug_24.wav,11.305338,11.469476,มึง,True
./main\augmented\บารมีมารดา_aug_25.wav,13.885466,14.046724,มึง,True
./main\augmented\ป้าๆก๋วยเตี๋ยวถุงนึง_aug_26.wav,8.748338,8.96372,มึง,True
./main\augmented\ป้าๆก๋วยเตี๋ยวถุงนึง_aug_27.wav,12.306592,12.443491,มึง,True
./main\augmented\ป้าๆก๋วยเตี๋ยวถุงนึง_aug_28.wav,15.779628,15.959181,มึง,True
./main\augmented\ป้าๆก๋วยเตี๋ยวถุงนึง_aug_29.wav,16.789766,16.949802,มึง,True
./main\augmented\พฤติกรรมเห็นแก่ตัวหัวควยของมึงมันสร้างปัญหารู้ไหม_aug_30.wav,2.31461,2.463156,มึง,True
./main\augmented\พิ้งค์ด่าหนัง_aug_31.wav,5.391381,5.542865,มึง,True
./main\augmented\พิ้งค์ด่าหนัง_aug_32.wav,7.224934,7.497945,มึง,True
./main\augmented\พิ้งค์ด่าหนัง_aug_33.wav,9.52096,9.731537,มึง,True
./main\augmented\พิ้งค์ด่าหนัง_aug_34.wav,16.728178,17.009817,มึง,True
./main\augmented\พิ้งค์ด่าหนัง_aug_35.wav,21.343275,21.591013,มึง,True
./main\augmented\มิ้นท์เบลล์ทะเลาะกันหน้าร้านไอ้แทน_aug_36.wav,16.12327,16.356977,มึง,True
./main\augmented\มิ้นท์เบลล์ทะเลาะกันหน้าร้านไอ้แทน_aug_37.wav,19.730787,19.921587,มึง,True
./main\augmented\มิ้นท์เบลล์ทะเลาะกันหน้าร้านไอ้แทน_aug_38.wav,32.74616,33.07945,มึง,True
./main\augmented\มิ้นท์เบลล์ทะเลาะกันหน้าร้านไอ้แทน_aug_39.wav,41.437425,41.604823,มึง,True
./main\augmented\มิ้นท์เบลล์ทะเลาะกันหน้าร้านไอ้แทน_aug_40.wav,50.449492,50.565978,มึง,True
./main\augmented\มิ้นท์เบลล์ทะเลาะกันหน้าร้านไอ้แทน_aug_41.wav,56.565937,56.860389,มึง,True
./main\augmented\มิ้นท์เบลล์ทะเลาะกันหน้าร้านไอ้แทน_aug_42.wav,59.222052,59.414377,มึง,True
./main\augmented\มิ้นท์เบลล์ทะเลาะกันหน้าร้านไอ้แทน_aug_43.wav,60.646494,60.85768,มึง,True
./main\augmented\มิ้นท์เบลล์ทะเลาะกันหน้าร้านไอ้แทน_aug_44.wav,71.858449,71.967617,มึง,True
./main\augmented\มิ้นท์เบลล์ทะเลาะกันหน้าร้านไอ้แทน_aug_45.wav,79.591916,79.735205,มึง,True
./main\augmented\มิ้นท์เบลล์ทะเลาะกันหน้าร้านไอ้แทน_aug_46.wav,111.295504,111.65282,มึง,True
./main\augmented\มิ้นท์เบลล์ทะเลาะกันหน้าร้านไอ้แทน_aug_47.wav,116.620642,116.750157,มึง,True
./main\augmented\มิ้นท์เบลล์ทะเลาะกันหน้าร้านไอ้แทน_aug_48.wav,133.152626,133.351399,มึง,True
./main\augmented\มิ้นท์แทนนินทาไอ้เบลล์ซื้อไก่_aug_49.wav,10.326836,10.578425,มึง,True
./main\augmented\มิ้นท์แทนนินทาไอ้เบลล์ซื้อไก่_aug_50.wav,12.668088,13.191613,มึง,True
./main\augmented\มิ้นท์แทนนินทาไอ้เบลล์ซื้อไก่_aug_51.wav,39.992885,40.271818,มึง,True
./main\augmented\มิ้นท์แทนนินทาไอ้เบลล์ซื้อไก่_aug_52.wav,54.848872,55.056571,มึง,True
./main\augmented\มิ้นท์แทนนินทาไอ้เบลล์ซื้อไก่_aug_53.wav,68.805952,68.995353,มึง,True
./main\augmented\มิ้นท์แทนนินทาไอ้เบลล์ซื้อไก่_aug_54.wav,79.11178,79.360088,มึง,True
./main\augmented\มิ้นท์แทนนินทาไอ้เบลล์ซื้อไก่_aug_55.wav,83.494543,83.688808,มึง,True
./main\augmented\มึง (มูเซอร์)_aug_56.wav,0.647678,1.068448,มึง,True
./main\augmented\มึง (อาร์ต)_aug_57.wav,0.173266,0.64767,มึง,True
./main\augmented\มึง (อาร์ต)_aug_58.wav,1.057799,1.520726,มึง,True
./main\augmented\มึง (อาร์ต)_aug_59.wav,1.985889,2.34147,มึง,True
./main\augmented\มึง (อาร์ต)_aug_60.wav,3.167436,3.531146,มึง,True
./main\augmented\มึง (อาร์ต)_aug_61.wav,4.19373,4.611205,มึง,True
./main\augmented\มึง (อาร์ต)_aug_62.wav,5.243744,5.597965,มึง,True
./main\augmented\มึง (อาร์ต)_aug_63.wav,6.130587,6.62141,มึง,True
./main\augmented\มึง (อาร์ต)_aug_64.wav,7.115994,7.593653,มึง,True
./main\augmented\มึง (อาร์ต)_aug_65.wav,7.943435,8.359036,มึง,True
./main\augmented\มึง (อาร์ต)_aug_66.wav,9.017228,9.40086,มึง,True
./main\augmented\มึง (อาร์ต)_aug_67.wav,9.91613,10.286598,มึง,True
./main\augmented\มึง (อาร์ต)_aug_68.wav,10.845121,11.215588,มึง,True
./main\augmented\มึง (อาร์ต)_aug_69.wav,11.775992,12.155862,มึง,True
./main\augmented\มึง (อาร์ต)_aug_70.wav,12.631641,13.035959,มึง,True
./main\augmented\มึง (เปอร์)_aug_71.wav,0.772276,1.114258,มึง,True
./main\augmented\มึง (แทน)_aug_72.wav,0.655194,1.18626,มึง,True
./main\augmented\มึง (โบท)_aug_73.wav,0.67555,1.171503,มึง,True
./main\augmented\มึง (โบท2)_aug_74.wav,0.371481,0.800774,มึง,True
./main\augmented\มึง กูหิวข้าววะ อยากกินตีนอะ_aug_75.wav,0.530361,0.91843,มึง,True
./main\augmented\มึงก็ไม่เคยฟังใครเลย คงจะฟังแต่หีตัวเองสินะ_aug_76.wav,0.942239,1.106817,มึง,True
./main\augmented\มึงไม่มีสิทธิ์มาทำแบบนี้กับกู เย็ดแม่_aug_77.wav,0.194688,0.325109,มึง,True
./main\augmented\มึงไม่เคยฟังใครเลยใช่ไหม เย็ดแม่_aug_78.wav,0.33246,0.469019,มึง,True
./main\augmented\หีหอมพ่อง_aug_79.wav,1.40235,1.570019,มึง,True
./main\augmented\อั้มด่าแหลก_aug_80.wav,6.632087,6.838331,มึง,True
./main\augmented\อาทโดนFBI_aug_81.wav,57.278694,57.580082,มึง,True
./main\augmented\อารมณ์แบบว่างี้ป้ะ_aug_82.wav,8.633113,8.81805,มึง,True
./main\augmented\ฮือฮืมเป็นวันที่ดี_aug_83.wav,5.958988,6.119998,มึง,True
./main\augmented\ฮือฮืมเป็นวันที่ดี_aug_84.wav,10.644845,10.815381,มึง,True
./main\augmented\ฮือฮืมเป็นวันที่ดี_aug_85.wav,14.091605,14.317386,มึง,True
./main\augmented\ฮื่อ มึง ก็มันรักเขาไปแล้วอ่ะ_aug_86.wav,1.930524,2.64123,มึง,True
./main\augmented\เบลล์-มึง_aug_87.wav,0.704829,1.431412,มึง,True
./main\augmented\เป็นสวะแล้วยังทำนิสัยหีๆอีก_aug_88.wav,3.988175,4.267936,มึง,True
./main\augmented\เย็ดแม่ กูควรจะคาดหวังอะไรจากมึงอีกอ่ะ_aug_89.wav,1.84496,2.062334,มึง,True
./main\augmented\เย็ดแม่ กูไม่โอเคกับสิ่งที่มึงทำเลยนะ_aug_90.wav,2.192847,2.320188,มึง,True
./main\augmented\เย็ดแม่ นี่คือสิ่งที่มึงเรียกว่าความยุติธรรมอ่อ_aug_91.wav,1.296168,1.528633,มึง,True
./main\augmented\เย็ดแม่ นี่คือเหตุผลที่กูไม่อยากคุยกับมึง_aug_92.wav,2.112231,2.308586,มึง,True
./main\augmented\เย็ดแม่ นี่ไม่ใช่ครั้งแรกที่มึงทำแบบนี้นะ_aug_93.wav,1.224519,1.376159,มึง,True
./main\augmented\เย็ดแม่ มึงไม่แคร์อะไรเลยใช่ไหมอ่ะ_aug_94.wav,0.509074,0.96063,มึง,True
./main\augmented\เย็ดแม่มึงคิดยังไงถึงทำอย่างนี้_aug_95.wav,0.898334,1.096967,มึง,True
./main\augmented\เย็ดแม่ในร้านเกม_aug_96.wav,20.526104,20.711319,มึง,True
./main\augmented\เย็ดแม่ในร้านเกม_aug_97.wav,33.478779,33.675347,มึง,True
./main\augmented\เย็ดแม่ในร้านเกม_aug_98.wav,45.884595,46.002792,มึง,True
./main\augmented\เอ๊ย เป็นเหี้ยไรวะกูถามจริง_aug_99.wav,4.075642,4.175647,มึง,True
./main\augmented\เอ๊ย เป็นเหี้ยไรวะกูถามจริง_aug_100.wav,6.713067,6.866729,มึง,True
./main\augmented\เอ๊ย เป็นเหี้ยไรวะกูถามจริง_aug_101.wav,10.054282,10.14729,มึง,True
./main\augmented\เอ๊ย เป็นเหี้ยไรวะกูถามจริง_aug_102.wav,12.591915,12.740226,มึง,True
./main\augmented\แทนเบลล์ขโมยปลาบู่_aug_103.wav,3.642267,3.804159,มึง,True
./main\augmented\แทนเบลล์ขโมยปลาบู่_aug_104.wav,13.351211,13.497338,มึง,True
./main\augmented\แทนเบลล์ขโมยปลาบู่_aug_105.wav,21.970995,22.073244,มึง,True
./main\augmented\แทนเบลล์ขโมยปลาบู่_aug_106.wav,44.482642,44.638091,มึง,True
./main\augmented\แทนเบลล์ขโมยปลาบู่_aug_107.wav,53.581245,53.716473,มึง,True
./main\augmented\แทนเบลล์ขโมยปลาบู่_aug_108.wav,68.709748,68.860711,มึง,True
./main\augmented\โต้งไล่หมา_aug_109.wav,30.744895,30.90404,มึง,True
./main\augmented\โต้งไล่หมา_aug_110.wav,46.102083,46.282612,มึง,True
./main\augmented\โอ๊ยเย็ดเป็ดหีแม่มึงร่วง_aug_111.wav,2.057193,2.146753,มึง,True
./main\augmented\ไอ้เหี้ยถ้าสวะสังคมอย่างพวกมึงไม่เกิดขึ้นมา_aug_112.wav,5.044375,5.314589,มึง,True
./main\augmented\ไอ้เหี้ยถ้าสวะสังคมอย่างพวกมึงไม่เกิดขึ้นมา_aug_113.wav,11.761739,12.089362,มึง,True
./main\augmented\ไอ้เหี้ยทำไมนิสัยมึงสวะได้ขนาดนี้_aug_114.wav,1.570156,1.723893,มึง,True
./main\augmented\ไอ้เหี้ยทำไมนิสัยมึงสวะได้ขนาดนี้_aug_115.wav,4.683388,4.794722,มึง,True
./main\augmented\ไอ้เหี้ยทำไมนิสัยมึงสวะได้ขนาดนี้_aug_116.wav,4.981679,5.093013,มึง,True
./main\augmented\กายพูดกูรัวๆ_aug_117.wav,30.812735,30.989787,มึง,True
./main\augmented\ก็มาดิสะไอ้สัสเป็นเหี้ยไรวะ_aug_118.wav,3.140448,3.370285,มึง,True
./main\augmented\ก็แล้วจะทำไม มึงจะมาหาเรื่องหรอ_aug_119.wav,1.815171,2.061868,มึง,True
./main\augmented\ก็แล้วจะให้ทำยังไงล่ะมึงก็เสนอมาสิ_aug_120.wav,2.181592,2.407332,มึง,True
./main\augmented\ขอโทษนะ แต่กูไม่ได้ตั้งใจจริงๆ_aug_121.wav,0.368322,0.47552,มึง,True
./main\augmented\คนดีห้ามเพื่อน_aug_122.wav,3.242874,3.395044,มึง,True
./main\augmented\ควย มึงทำแบบนี้คนจะมองว่าเป็นคนไร้ความรับผิดชอบนะ_aug_123.wav,0.665955,0.784526,มึง,True
./main\augmented\ความดื้อรั้นหน้าหีของมึงทำให้ทุกอย่างแย่ลงนะ_aug_124.wav,1.833679,1.940261,มึง,True
./main\augmented\คือมึงไม่ฉลาดหรอวะ_aug_125.wav,0.736263,0.927792,มึง,True
./main\augmented\คือมึงไม่ฉลาดหรอวะ_aug_126.wav,1.953588,2.201566,มึง,True
./main\augmented\คือมึงไม่ฉลาดหรอวะ_aug_127.wav,4.213621,4.350715,มึง,True
./main\augmented\คือมึงไม่ฉลาดหรอวะ_aug_128.wav,5.382951,5.576495,มึง,True
./main\augmented\ชีสเหม็น_aug_129.wav,7.831683,7.966568,มึง,True
./main\augmented\ทายคำเย็ดแม่_aug_130.wav,62.871005,63.103271,มึง,True
./main\augmented\นิสัยควยๆแบบนี้_aug_131.wav,5.948297,6.178584,มึง,True
./main\augmented\นี่มึงหายหัวไปทั้งวันแบบนี้แล้วพวกเราจะทำงานยังไง_aug_132.wav,0.42807,0.693325,มึง,True
./main\augmented\บัวด่านัท_aug_133.wav,1.793843,1.951164,มึง,True
./main\augmented\บัวด่านัท_aug_134.wav,9.783054,9.848393,มึง,True
./main\augmented\บัวด่านัท_aug_135.wav,11.37507,11.502592,มึง,True
./main\augmented\บัวด่านัท_aug_136.wav,13.438793,13.561404,มึง,True
./main\augmented\บัวด่านัท_aug_137.wav,19.702982,19.869535,มึง,True
./main\augmented\บารมีมารดา_aug_138.wav,1.074638,1.414432,มึง,True
./main\augmented\บารมีมารดา_aug_139.wav,8.134891,8.281751,มึง,True
./main\augmented\บารมีมารดา_aug_140.wav,9.272336,9.591972,มึง,True
./main\augmented\บารมีมารดา_aug_141.wav,11.305338,11.469476,มึง,True
./main\augmented\บารมีมารดา_aug_142.wav,13.885466,14.046724,มึง,True
./main\augmented\ป้าๆก๋วยเตี๋ยวถุงนึง_aug_143.wav,8.748338,8.96372,มึง,True
./main\augmented\ป้าๆก๋วยเตี๋ยวถุงนึง_aug_144.wav,12.306592,12.443491,มึง,True
./main\augmented\ป้าๆก๋วยเตี๋ยวถุงนึง_aug_145.wav,15.779628,15.959181,มึง,True
./main\augmented\ป้าๆก๋วยเตี๋ยวถุงนึง_aug_146.wav,16.789766,16.949802,มึง,True
./main\augmented\พฤติกรรมเห็นแก่ตัวหัวควยของมึงมันสร้างปัญหารู้ไหม_aug_147.wav,2.31461,2.463156,มึง,True
./main\augmented\พิ้งค์ด่าหนัง_aug_148.wav,5.391381,5.542865,มึง,True
./main\augmented\พิ้งค์ด่าหนัง_aug_149.wav,7.224934,7.497945,มึง,True
./main\augmented\พิ้งค์ด่าหนัง_aug_150.wav,9.52096,9.731537,มึง,True
./main\augmented\พิ้งค์ด่าหนัง_aug_151.wav,16.728178,17.009817,มึง,True
./main\augmented\พิ้งค์ด่าหนัง_aug_152.wav,21.343275,21.591013,มึง,True
./main\augmented\มิ้นท์เบลล์ทะเลาะกันหน้าร้านไอ้แทน_aug_153.wav,16.12327,16.356977,มึง,True
./main\augmented\มิ้นท์เบลล์ทะเลาะกันหน้าร้านไอ้แทน_aug_154.wav,19.730787,19.921587,มึง,True
./main\augmented\มิ้นท์เบลล์ทะเลาะกันหน้าร้านไอ้แทน_aug_155.wav,32.74616,33.07945,มึง,True
./main\augmented\มิ้นท์เบลล์ทะเลาะกันหน้าร้านไอ้แทน_aug_156.wav,41.437425,41.604823,มึง,True
./main\augmented\มิ้นท์เบลล์ทะเลาะกันหน้าร้านไอ้แทน_aug_157.wav,50.449492,50.565978,มึง,True
./main\augmented\มิ้นท์เบลล์ทะเลาะกันหน้าร้านไอ้แทน_aug_158.wav,56.565937,56.860389,มึง,True
./main\augmented\มิ้นท์เบลล์ทะเลาะกันหน้าร้านไอ้แทน_aug_159.wav,59.222052,59.414377,มึง,True
./main\augmented\มิ้นท์เบลล์ทะเลาะกันหน้าร้านไอ้แทน_aug_160.wav,60.646494,60.85768,มึง,True
./main\augmented\มิ้นท์เบลล์ทะเลาะกันหน้าร้านไอ้แทน_aug_161.wav,71.858449,71.967617,มึง,True
./main\augmented\มิ้นท์เบลล์ทะเลาะกันหน้าร้านไอ้แทน_aug_162.wav,79.591916,79.735205,มึง,True
./main\augmented\มิ้นท์เบลล์ทะเลาะกันหน้าร้านไอ้แทน_aug_163.wav,111.295504,111.65282,มึง,True
./main\augmented\มิ้นท์เบลล์ทะเลาะกันหน้าร้านไอ้แทน_aug_164.wav,116.620642,116.750157,มึง,True
./main\augmented\มิ้นท์เบลล์ทะเลาะกันหน้าร้านไอ้แทน_aug_165.wav,133.152626,133.351399,มึง,True
./main\augmented\มิ้นท์แทนนินทาไอ้เบลล์ซื้อไก่_aug_166.wav,10.326836,10.578425,มึง,True
./main\augmented\มิ้นท์แทนนินทาไอ้เบลล์ซื้อไก่_aug_167.wav,12.668088,13.191613,มึง,True
./main\augmented\มิ้นท์แทนนินทาไอ้เบลล์ซื้อไก่_aug_168.wav,39.992885,40.271818,มึง,True
./main\augmented\มิ้นท์แทนนินทาไอ้เบลล์ซื้อไก่_aug_169.wav,54.848872,55.056571,มึง,True
./main\augmented\มิ้นท์แทนนินทาไอ้เบลล์ซื้อไก่_aug_170.wav,68.805952,68.995353,มึง,True
./main\augmented\มิ้นท์แทนนินทาไอ้เบลล์ซื้อไก่_aug_171.wav,79.11178,79.360088,มึง,True
./main\augmented\มิ้นท์แทนนินทาไอ้เบลล์ซื้อไก่_aug_172.wav,83.494543,83.688808,มึง,True
./main\augmented\มึง (มูเซอร์)_aug_173.wav,0.647678,1.068448,มึง,True
./main\augmented\มึง (อาร์ต)_aug_174.wav,0.173266,0.64767,มึง,True
./main\augmented\มึง (อาร์ต)_aug_175.wav,1.057799,1.520726,มึง,True
./main\augmented\มึง (อาร์ต)_aug_176.wav,1.985889,2.34147,มึง,True
./main\augmented\มึง (อาร์ต)_aug_177.wav,3.167436,3.531146,มึง,True
./main\augmented\มึง (อาร์ต)_aug_178.wav,4.19373,4.611205,มึง,True
./main\augmented\มึง (อาร์ต)_aug_179.wav,5.243744,5.597965,มึง,True
./main\augmented\มึง (อาร์ต)_aug_180.wav,6.130587,6.62141,มึง,True
./main\augmented\มึง (อาร์ต)_aug_181.wav,7.115994,7.593653,มึง,True
./main\augmented\มึง (อาร์ต)_aug_182.wav,7.943435,8.359036,มึง,True
./main\augmented\Janพูดถึงอาท_aug_0.wav,35.876169,36.302074,ควย,True
./main\augmented\Janพูดถึงอาท_aug_1.wav,42.446618,42.969811,ควย,True
./main\augmented\Janพูดถึงอาท_aug_2.wav,45.044591,45.249701,ควย,True
./main\augmented\Janพูดถึงอาท_aug_3.wav,94.137844,94.275841,ควย,True
./main\augmented\กล้าดียังไงมาแตะคนรัก_aug_4.wav,9.701419,10.287571,ควย,True
./main\augmented\กายพูดกูรัวๆ_aug_5.wav,11.247006,11.731366,ควย,True
./main\augmented\กายหีควยแตด_aug_6.wav,1.438928,1.882342,ควย,True
./main\augmented\กายหีควยแตด_aug_7.wav,10.88923,11.291689,ควย,True
./main\augmented\กายหีควยแตด_aug_8.wav,12.822765,12.950355,ควย,True
./main\augmented\กายหีควยแตด_aug_9.wav,13.437086,13.552074,ควย,True
./main\augmented\กายหีควยแตด_aug_10.wav,18.968003,19.492504,ควย,True
./main\augmented\กายหีควยแตด_aug_11.wav,31.399743,31.661491,ควย,True
./main\augmented\กายหีควยแตด_aug_12.wav,41.199145,41.372902,ควย,True
./main\augmented\กายหีควยแตด_aug_13.wav,48.095928,48.286949,ควย,True
./main\augmented\กายหีควยแตด_aug_14.wav,49.418035,49.558933,ควย,True
./main\augmented\กายหีควยแตด_aug_15.wav,53.698451,53.898382,ควย,True
./main\augmented\กาลครั้งมีไอ้สวะตัวหนึ่ง_aug_16.wav,12.168269,12.375667,ควย,True
./main\augmented\กาลครั้งมีไอ้สวะตัวหนึ่ง_aug_17.wav,14.852609,15.106637,ควย,True
./main\augmented\กิตหีควยแตด_aug_18.wav,2.732996,3.241521,ควย,True
./main\augmented\กิตหีควยแตด_aug_19.wav,4.871409,5.295614,ควย,True
./main\augmented\กิตหีควยแตด_aug_20.wav,6.839444,7.367962,ควย,True
./main\augmented\กิตหีควยแตด_aug_21.wav,8.796179,9.230816,ควย,True
./main\augmented\กิตหีควยแตด_aug_22.wav,11.196243,11.570031,ควย,True
./main\augmented\กิตหีควยแตด_aug_23.wav,12.868725,13.182533,ควย,True
./main\augmented\กิตหีควยแตด_aug_24.wav,14.68203,15.008877,ควย,True
./main\augmented\กิตหีควยแตด_aug_25.wav,17.5176,17.867917,ควย,True
./main\augmented\กิตหีควยแตด_aug_26.wav,19.386538,19.787273,ควย,True
./main\augmented\กิตหีควยแตด_aug_27.wav,21.284162,21.642303,ควย,True
./main\augmented\กิตหีควยแตด_aug_28.wav,24.947281,25.281082,ควย,True
./main\augmented\กิตหีควยแตด_aug_29.wav,26.751023,27.123073,ควย,True
./main\augmented\กิตหีควยแตด_aug_30.wav,28.537381,28.966802,ควย,True
./main\augmented\กิตหีควยแตด_aug_31.wav,29.463157,29.597894,ควย,True
./main\augmented\กิตหีควยแตด_aug_32.wav,30.091642,30.395018,ควย,True
./main\augmented\กิตหีควยแตด_aug_33.wav,31.961449,32.328282,ควย,True
./main\augmented\กิตหีควยแตด_aug_34.wav,33.691303,34.126809,ควย,True
./main\augmented\ก็มาดิสะไอ้สัสเป็นเหี้ยไรวะ_aug_35.wav,5.410723,5.667882,ควย,True
./main\augmented\ก็มาดิสะไอ้สัสเป็นเหี้ยไรวะ_aug_36.wav,12.803295,13.056,ควย,True
./main\augmented\ควย (มูเซอร์)_aug_37.wav,0.322381,0.956112,ควย,True
./main\augmented\ควย (อาร์ต)_aug_38.wav,0.952271,1.336521,ควย,True
./main\augmented\ควย (อาร์ต)_aug_39.wav,1.814935,2.34195,ควย,True
./main\augmented\ควย (อาร์ต)_aug_40.wav,2.84922,3.409648,ควย,True
./main\augmented\ควย (อาร์ต)_aug_41.wav,3.847055,4.42267,ควย,True
./main\augmented\ควย (อาร์ต)_aug_42.wav,5.151682,5.586051,ควย,True
./main\augmented\ควย (อาร์ต)_aug_43.wav,6.067502,6.463902,ควย,True
./main\augmented\ควย (อาร์ต)_aug_44.wav,7.168613,7.604502,ควย,True
./main\augmented\ควย (อาร์ต)_aug_45.wav,8.167967,8.489947,ควย,True
./main\augmented\ควย (อาร์ต)_aug_46.wav,9.139982,9.484744,ควย,True
./main\augmented\ควย (อาร์ต)_aug_47.wav,10.163636,10.350445,ควย,True
./main\augmented\ควย (อาร์ต)_aug_48.wav,11.141533,11.452189,ควย,True
./main\augmented\ควย (อาร์ต)_aug_49.wav,12.109245,12.532784,ควย,True
./main\augmented\ควย (อาร์ต)_aug_50.wav,13.131518,13.472878,ควย,True
./main\augmented\ควย (อาร์ต)_aug_51.wav,14.183593,14.572816,ควย,True
./main\augmented\ควย (อาร์ต)_aug_52.wav,15.266372,15.391899,ควย,True
./main\augmented\ควย (อาร์ต)_aug_53.wav,16.221819,16.499964,ควย,True
./main\augmented\ควย (อาร์ต)_aug_54.wav,17.159204,17.532171,ควย,True
./main\augmented\ควย (อาร์ต)_aug_55.wav,18.111941,18.360285,ควย,True
./main\augmented\ควย (เปอร์)_aug_56.wav,1.037558,1.323007,ควย,True
./main\augmented\ควย (แทน)_aug_57.wav,1.102861,1.693011,ควย,True
./main\augmented\ควย (โบท)_aug_58.wav,0.689795,1.130888,ควย,True
./main\augmented\ควย (โบท2)_aug_59.wav,0.57631,0.950911,ควย,True
./main\augmented\ควย มึงทำแบบนี้คนจะมองว่าเป็นคนไร้ความรับผิดชอบนะ_aug_60.wav,0.022561,0.499415,ควย,True
./main\augmented\คอมโครตดี_aug_61.wav,17.42653,17.61247,ควย,True
./main\augmented\คือมึงไม่ฉลาดหรอวะ_aug_62.wav,3.788227,3.939433,ควย,True
./main\augmented\ค่ายเหี้ย_aug_63.wav,8.679464,8.788587,ควย,True
./main\augmented\ชอบทำตัวหัวควยใส่คนอื่น ทั้งที่ตัวเองก็ไม่ได้ดีไปกว่าใครเลย_aug_64.wav,2.337409,2.500583,ควย,True
./main\augmented\ชีสเหม็น_aug_65.wav,10.753268,11.087004,ควย,True
./main\augmented\ดูถูกหีไม่มีวันเจริญ_aug_66.wav,0.971687,1.373789,ควย,True
./main\augmented\นิสัยควยๆแบบนี้_aug_67.wav,1.53145,1.665415,ควย,True
./main\augmented\นิสัยควยๆแบบนี้_aug_68.wav,1.801096,2.028478,ควย,True
./main\augmented\บัวด่านัท_aug_69.wav,26.288745,26.682842,ควย,True
./main\augmented\ป้าๆก๋วยเตี๋ยวถุงนึง_aug_70.wav,11.608491,11.817709,ควย,True
./main\augmented\พฤติกรรมเห็นแก่ตัวหัวควยของมึงมันสร้างปัญหารู้ไหม_aug_71.wav,1.931482,2.076266,ควย,True
./main\augmented\พูดควยๆแบบนี้ใครจะอยากอยู่ใกล้_aug_72.wav,0.491809,0.572943,ควย,True
./main\augmented\พูดควยๆแบบนี้ใครจะอยากอยู่ใกล้_aug_73.wav,0.706462,0.828483,ควย,True
./main\augmented\มิ้นท์เบลล์ทะเลาะกันหน้าร้านไอ้แทน_aug_74.wav,77.502072,77.758071,ควย,True
./main\augmented\มิ้นท์เบลล์ทะเลาะกันหน้าร้านไอ้แทน_aug_75.wav,86.122236,86.532103,ควย,True
./main\augmented\มิ้นท์เบลล์ทะเลาะกันหน้าร้านไอ้แทน_aug_76.wav,103.399981,103.648702,ควย,True
./main\augmented\มิ้นท์เบลล์ทะเลาะกันหน้าร้านไอ้แทน_aug_77.wav,128.908995,129.388046,ควย,True
./main\augmented\มิ้นท์เบลล์ทะเลาะกันหน้าร้านไอ้แทน_aug_78.wav,152.946699,153.380549,ควย,True
./main\augmented\มิ้นท์แทนนินทาไอ้เบลล์ซื้อไก่_aug_79.wav,26.418938,26.515687,ควย,True
./main\augmented\มิ้นท์แทนนินทาไอ้เบลล์ซื้อไก่_aug_80.wav,26.668487,26.796205,ควย,True
./main\augmented\มิ้นท์แทนนินทาไอ้เบลล์ซื้อไก่_aug_81.wav,32.28171,32.435115,ควย,True
./main\augmented\หมากัด_aug_82.wav,12.183128,12.569298,ควย,True
./main\augmented\หมากัด_aug_83.wav,13.635129,13.899931,ควย,True
./main\augmented\หีหอมพ่อง_aug_84.wav,4.652156,4.871414,ควย,True
./main\augmented\หีหอมพ่อง_aug_85.wav,6.357215,6.540361,ควย,True
./main\augmented\อั้มด่าแหลก_aug_86.wav,0.069846,0.258299,ควย,True
./main\augmented\อั้มด่าแหลก_aug_87.wav,7.190197,8.253703,ควย,True
./main\augmented\อาทโดนFBI_aug_88.wav,42.910201,43.175979,ควย,True
./main\augmented\อารมณ์แบบว่างี้ป้ะ_aug_89.wav,11.684577,12.07579,ควย,True
./main\augmented\ฮือฮืมเป็นวันที่ดี_aug_90.wav,9.979992,10.145245,ควย,True
./main\augmented\เบลล์-ควย_aug_91.wav,0.921488,1.575247,ควย,True
./main\augmented\เป็นสวะแล้วยังทำนิสัยหีๆอีก_aug_92.wav,6.813849,7.155175,ควย,True
./main\augmented\เลสเบี้ยน_aug_93.wav,8.329773,8.478221,ควย,True
./main\augmented\เอ๊ย เป็นเหี้ยไรวะกูถามจริง_aug_94.wav,7.973497,8.092423,ควย,True
./main\augmented\เอ๊ย เป็นเหี้ยไรวะกูถามจริง_aug_95.wav,8.200282,8.321371,ควย,True
./main\augmented\เอ๊ย เป็นเหี้ยไรวะกูถามจริง_aug_96.wav,16.541993,16.657708,ควย,True
./main\augmented\เอ๊ย เป็นเหี้ยไรวะกูถามจริง_aug_97.wav,16.756708,17.142422,ควย,True
./main\augmented\แดนแถมควย_aug_98.wav,1.654639,2.000685,ควย,True
./main\augmented\แทนเบลล์ขโมยปลาบู่_aug_99.wav,42.979314,43.224329,ควย,True
./main\augmented\แทนเบลล์ขโมยปลาบู่_aug_100.wav,44.29292,44.482642,ควย,True
./main\augmented\แทนเบลล์ขโมยปลาบู่_aug_101.wav,59.837443,60.136587,ควย,True
./main\augmented\แทนเบลล์ขโมยปลาบู่_aug_102.wav,70.965189,71.195249,ควย,True
./main\augmented\แม่งใช้เส้นสายหัวควยของมัน เพื่อให้ได้สิ่งที่ต้องการ_aug_103.wav,2.017959,2.166786,ควย,True
./main\augmented\โอ๊ยเด็กสมัยนี้_aug_104.wav,5.372549,5.567848,ควย,True
./main\augmented\ไอ้อาร์ตพูดควย_aug_105.wav,2.166578,2.746012,ควย,True
./main\augmented\ไอ้อาร์ตพูดควย_aug_106.wav,4.232385,4.77403,ควย,True
./main\augmented\ไอ้อาร์ตพูดควย_aug_107.wav,5.328271,5.953891,ควย,True
./main\augmented\ไอ้อาร์ตพูดควย_aug_108.wav,7.322699,7.906331,ควย,True
./main\augmented\ไอ้อาร์ตพูดควย_aug_109.wav,9.944031,10.438205,ควย,True
./main\augmented\ไอ้อาร์ตพูดควย_aug_110.wav,12.493079,13.084777,ควย,True
./main\augmented\ไอ้อาร์ตพูดควย_aug_111.wav,15.424109,15.788615,ควย,True
./main\augmented\ไอ้อาร์ตพูดควย_aug_112.wav,17.006965,17.329029,ควย,True
./main\augmented\ไอ้เหี้ยถ้าสวะสังคมอย่างพวกมึงไม่เกิดขึ้นมา_aug_113.wav,10.222587,10.48872,ควย,True
./main\augmented\Janพูดถึงอาท_aug_114.wav,35.876169,36.302074,ควย,True
./main\augmented\Janพูดถึงอาท_aug_115.wav,42.446618,42.969811,ควย,True
./main\augmented\Janพูดถึงอาท_aug_116.wav,45.044591,45.249701,ควย,True
./main\augmented\Janพูดถึงอาท_aug_117.wav,94.137844,94.275841,ควย,True
./main\augmented\กล้าดียังไงมาแตะคนรัก_aug_118.wav,9.701419,10.287571,ควย,True
./main\augmented\กายพูดกูรัวๆ_aug_119.wav,11.247006,11.731366,ควย,True
./main\augmented\กายหีควยแตด_aug_120.wav,1.438928,1.882342,ควย,True
./main\augmented\กายหีควยแตด_aug_121.wav,10.88923,11.291689,ควย,True
./main\augmented\กายหีควยแตด_aug_122.wav,12.822765,12.950355,ควย,True
./main\augmented\กายหีควยแตด_aug_123.wav,13.437086,13.552074,ควย,True
./main\augmented\กายหีควยแตด_aug_124.wav,18.968003,19.492504,ควย,True
./main\augmented\กายหีควยแตด_aug_125.wav,31.399743,31.661491,ควย,True
./main\augmented\กายหีควยแตด_aug_126.wav,41.199145,41.372902,ควย,True
./main\augmented\กายหีควยแตด_aug_127.wav,48.095928,48.286949,ควย,True
./main\augmented\กายหีควยแตด_aug_128.wav,49.418035,49.558933,ควย,True
./main\augmented\กายหีควยแตด_aug_129.wav,53.698451,53.898382,ควย,True
./main\augmented\กาลครั้งมีไอ้สวะตัวหนึ่ง_aug_130.wav,12.168269,12.375667,ควย,True
./main\augmented\กาลครั้งมีไอ้สวะตัวหนึ่ง_aug_131.wav,14.852609,15.106637,ควย,True
./main\augmented\กิตหีควยแตด_aug_132.wav,2.732996,3.241521,ควย,True
./main\augmented\กิตหีควยแตด_aug_133.wav,4.871409,5.295614,ควย,True
./main\augmented\กิตหีควยแตด_aug_134.wav,6.839444,7.367962,ควย,True
./main\augmented\กิตหีควยแตด_aug_135.wav,8.796179,9.230816,ควย,True
./main\augmented\กิตหีควยแตด_aug_136.wav,11.196243,11.570031,ควย,True
./main\augmented\กิตหีควยแตด_aug_137.wav,12.868725,13.182533,ควย,True
./main\augmented\กิตหีควยแตด_aug_138.wav,14.68203,15.008877,ควย,True
./main\augmented\กิตหีควยแตด_aug_139.wav,17.5176,17.867917,ควย,True
./main\augmented\กิตหีควยแตด_aug_140.wav,19.386538,19.787273,ควย,True
./main\augmented\กิตหีควยแตด_aug_141.wav,21.284162,21.642303,ควย,True
./main\augmented\กิตหีควยแตด_aug_142.wav,24.947281,25.281082,ควย,True
./main\augmented\กิตหีควยแตด_aug_143.wav,26.751023,27.123073,ควย,True
./main\augmented\กิตหีควยแตด_aug_144.wav,28.537381,28.966802,ควย,True
./main\augmented\กิตหีควยแตด_aug_145.wav,29.463157,29.597894,ควย,True
./main\augmented\กิตหีควยแตด_aug_146.wav,30.091642,30.395018,ควย,True
./main\augmented\กิตหีควยแตด_aug_147.wav,31.961449,32.328282,ควย,True
./main\augmented\กิตหีควยแตด_aug_148.wav,33.691303,34.126809,ควย,True
./main\augmented\ก็มาดิสะไอ้สัสเป็นเหี้ยไรวะ_aug_149.wav,5.410723,5.667882,ควย,True
./main\augmented\ก็มาดิสะไอ้สัสเป็นเหี้ยไรวะ_aug_150.wav,12.803295,13.056,ควย,True
./main\augmented\ควย (มูเซอร์)_aug_151.wav,0.322381,0.956112,ควย,True
./main\augmented\ควย (อาร์ต)_aug_152.wav,0.952271,1.336521,ควย,True
./main\augmented\ควย (อาร์ต)_aug_153.wav,1.814935,2.34195,ควย,True
./main\augmented\ควย (อาร์ต)_aug_154.wav,2.84922,3.409648,ควย,True
./main\augmented\ควย (อาร์ต)_aug_155.wav,3.847055,4.42267,ควย,True
./main\augmented\ควย (อาร์ต)_aug_156.wav,5.151682,5.586051,ควย,True
./main\augmented\ควย (อาร์ต)_aug_157.wav,6.067502,6.463902,ควย,True
./main\augmented\ควย (อาร์ต)_aug_158.wav,7.168613,7.604502,ควย,True
./main\augmented\ควย (อาร์ต)_aug_159.wav,8.167967,8.489947,ควย,True
./main\augmented\ควย (อาร์ต)_aug_160.wav,9.139982,9.484744,ควย,True
./main\augmented\ควย (อาร์ต)_aug_161.wav,10.163636,10.350445,ควย,True
./main\augmented\ควย (อาร์ต)_aug_162.wav,11.141533,11.452189,ควย,True
./main\augmented\ควย (อาร์ต)_aug_163.wav,12.109245,12.532784,ควย,True
./main\augmented\ควย (อาร์ต)_aug_164.wav,13.131518,13.472878,ควย,True
./main\augmented\ควย (อาร์ต)_aug_165.wav,14.183593,14.572816,ควย,True
./main\augmented\ควย (อาร์ต)_aug_166.wav,15.266372,15.391899,ควย,True
./main\augmented\ควย (อาร์ต)_aug_167.wav,16.221819,16.499964,ควย,True
./main\augmented\ควย (อาร์ต)_aug_168.wav,17.159204,17.532171,ควย,True
./main\augmented\ควย (อาร์ต)_aug_169.wav,18.111941,18.360285,ควย,True
./main\augmented\ควย (เปอร์)_aug_170.wav,1.037558,1.323007,ควย,True
./main\augmented\ควย (แทน)_aug_171.wav,1.102861,1.693011,ควย,True
./main\augmented\ควย (โบท)_aug_172.wav,0.689795,1.130888,ควย,True
./main\augmented\ควย (โบท2)_aug_173.wav,0.57631,0.950911,ควย,True
./main\augmented\ควย มึงทำแบบนี้คนจะมองว่าเป็นคนไร้ความรับผิดชอบนะ_aug_174.wav,0.022561,0.499415,ควย,True
./main\augmented\คอมโครตดี_aug_175.wav,17.42653,17.61247,ควย,True
./main\augmented\คือมึงไม่ฉลาดหรอวะ_aug_176.wav,3.788227,3.939433,ควย,True
./main\augmented\ค่ายเหี้ย_aug_177.wav,8.679464,8.788587,ควย,True
./main\augmented\ชอบทำตัวหัวควยใส่คนอื่น ทั้งที่ตัวเองก็ไม่ได้ดีไปกว่าใครเลย_aug_178.wav,2.337409,2.500583,ควย,True
./main\augmented\ชีสเหม็น_aug_179.wav,10.753268,11.087004,ควย,True
./main\augmented\ดูถูกหีไม่มีวันเจริญ_aug_180.wav,0.971687,1.373789,ควย,True
./main\augmented\นิสัยควยๆแบบนี้_aug_181.wav,1.53145,1.665415,ควย,True
./main\augmented\นิสัยควยๆแบบนี้_aug_182.wav,1.801096,2.028478,ควย,True
./main\augmented\บัวด่านัท_aug_183.wav,26.288745,26.682842,ควย,True
./main\augmented\ป้าๆก๋วยเตี๋ยวถุงนึง_aug_184.wav,11.608491,11.817709,ควย,True
./main\augmented\พฤติกรรมเห็นแก่ตัวหัวควยของมึงมันสร้างปัญหารู้ไหม_aug_185.wav,1.931482,2.076266,ควย,True
./main\augmented\กล้าดียังไงมาแตะคนรัก_aug_0.wav,8.280897,8.639766,แตด,True
./main\augmented\กายหีควยแตด_aug_1.wav,1.882342,2.265899,แตด,True
./main\augmented\กายหีควยแตด_aug_2.wav,6.877243,7.09068,แตด,True
./main\augmented\กายหีควยแตด_aug_3.wav,11.344457,11.695723,แตด,True
./main\augmented\กายหีควยแตด_aug_4.wav,12.973195,13.265391,แตด,True
./main\augmented\กายหีควยแตด_aug_5.wav,13.609569,13.992338,แตด,True
./main\augmented\กายหีควยแตด_aug_6.wav,19.794092,20.133144,แตด,True
./main\augmented\กายหีควยแตด_aug_7.wav,22.419557,22.732541,แตด,True
./main\augmented\กายหีควยแตด_aug_8.wav,31.697134,32.085301,แตด,True
./main\augmented\กายหีควยแตด_aug_9.wav,41.406873,41.602349,แตด,True
./main\augmented\กายหีควยแตด_aug_10.wav,48.286949,48.547583,แตด,True
./main\augmented\กายหีควยแตด_aug_11.wav,49.570071,49.885283,แตด,True
./main\augmented\กายหีควยแตด_aug_12.wav,53.954073,54.213036,แตด,True
./main\augmented\กายหีควยแตด_aug_13.wav,57.317814,57.68983,แตด,True
./main\augmented\กิตหีควยแตด_aug_14.wav,3.288462,3.431892,แตด,True
./main\augmented\กิตหีควยแตด_aug_15.wav,5.37298,5.538142,แตด,True
./main\augmented\กิตหีควยแตด_aug_16.wav,7.400995,7.601797,แตด,True
./main\augmented\กิตหีควยแตด_aug_17.wav,9.298619,9.431618,แตด,True
./main\augmented\กิตหีควยแตด_aug_18.wav,11.643919,11.787349,แตด,True
./main\augmented\กิตหีควยแตด_aug_19.wav,13.24599,13.397244,แตด,True
./main\augmented\กิตหีควยแตด_aug_20.wav,15.114059,15.286175,แตด,True
./main\augmented\กิตหีควยแตด_aug_21.wav,17.958322,18.132176,แตด,True
./main\augmented\กิตหีควยแตด_aug_22.wav,19.867246,20.052402,แตด,True
./main\augmented\กิตหีควยแตด_aug_23.wav,21.697067,21.877876,แตด,True
./main\augmented\กิตหีควยแตด_aug_24.wav,25.347147,25.563596,แตด,True
./main\augmented\กิตหีควยแตด_aug_25.wav,27.194353,27.405586,แตด,True
./main\augmented\กิตหีควยแตด_aug_26.wav,29.01635,29.21976,แตด,True
./main\augmented\กิตหีควยแตด_aug_27.wav,29.660482,29.833467,แตด,True
./main\augmented\กิตหีควยแตด_aug_28.wav,30.469776,30.951353,แตด,True
./main\augmented\กิตหีควยแตด_aug_29.wav,32.380439,32.577764,แตด,True
./main\augmented\กิตหีควยแตด_aug_30.wav,34.158972,34.368467,แตด,True
./main\augmented\คอมโครตดี_aug_31.wav,22.850665,23.046409,แตด,True
./main\augmented\คือมึงไม่ฉลาดหรอวะ_aug_32.wav,3.467669,3.582586,แตด,True
./main\augmented\ค่ายเหี้ย_aug_33.wav,4.562026,4.718995,แตด,True
./main\augmented\ฉันไปเรียนภาษาใต้มา_aug_34.wav,7.377011,8.088608,แตด,True
./main\augmented\ชีสเหม็น_aug_35.wav,7.102098,7.393144,แตด,True
./main\augmented\ดูถูกหีไม่มีวันเจริญ_aug_36.wav,4.168719,4.368482,แตด,True
./main\augmented\บารมีมารดา_aug_37.wav,10.254282,10.533604,แตด,True
./main\augmented\ป้าๆก๋วยเตี๋ยวถุงนึง_aug_38.wav,16.227687,16.422853,แตด,True
./main\augmented\พิ้งค์ด่าหนัง_aug_39.wav,18.941521,19.111678,แตด,True
./main\augmented\มิ้นท์เบลล์ทะเลาะกันหน้าร้านไอ้แทน_aug_40.wav,22.715939,22.845551,แตด,True
./main\augmented\มิ้นท์เบลล์ทะเลาะกันหน้าร้านไอ้แทน_aug_41.wav,36.6074,36.753425,แตด,True
./main\augmented\มิ้นท์เบลล์ทะเลาะกันหน้าร้านไอ้แทน_aug_42.wav,61.483125,61.629676,แตด,True
./main\augmented\มิ้นท์เบลล์ทะเลาะกันหน้าร้านไอ้แทน_aug_43.wav,69.803491,69.997111,แตด,True
./main\augmented\มิ้นท์เบลล์ทะเลาะกันหน้าร้านไอ้แทน_aug_44.wav,82.157902,82.299277,แตด,True
./main\augmented\มิ้นท์เบลล์ทะเลาะกันหน้าร้านไอ้แทน_aug_45.wav,108.444797,108.55355,แตด,True
./main\augmented\มิ้นท์เบลล์ทะเลาะกันหน้าร้านไอ้แทน_aug_46.wav,121.794009,121.979689,แตด,True
./main\augmented\มิ้นท์เบลล์ทะเลาะกันหน้าร้านไอ้แทน_aug_47.wav,131.827142,131.991682,แตด,True
./main\augmented\มิ้นท์เบลล์ทะเลาะกันหน้าร้านไอ้แทน_aug_48.wav,159.014662,159.189723,แตด,True
./main\augmented\มิ้นท์แทนนินทาไอ้เบลล์ซื้อไก่_aug_49.wav,25.900644,26.00891,แตด,True
./main\augmented\มิ้นท์แทนนินทาไอ้เบลล์ซื้อไก่_aug_50.wav,26.12511,26.254876,แตด,True
./main\augmented\มิ้นท์แทนนินทาไอ้เบลล์ซื้อไก่_aug_51.wav,64.858724,65.043006,แตด,True
./main\augmented\มิ้นท์แทนนินทาไอ้เบลล์ซื้อไก่_aug_52.wav,71.271541,71.429816,แตด,True
./main\augmented\อารมณ์แบบว่างี้ป้ะ_aug_53.wav,14.950446,15.102867,แตด,True
./main\augmented\อารมณ์แบบว่างี้ป้ะ_aug_54.wav,15.386369,15.592645,แตด,True
./main\augmented\ฮือฮืมเป็นวันที่ดี_aug_55.wav,9.235999,9.510688,แตด,True
./main\augmented\ฮือฮืมเป็นวันที่ดี_aug_56.wav,13.514663,13.721709,แตด,True
./main\augmented\เบลล์-แตด_aug_57.wav,0.784594,1.184867,แตด,True
./main\augmented\เป็นสวะแล้วยังทำนิสัยหีๆอีก_aug_58.wav,6.009877,6.167412,แตด,True
./main\augmented\เลสเบี้ยน_aug_59.wav,8.804806,8.927275,แตด,True
./main\augmented\เอ๊ย เป็นเหี้ยไรวะกูถามจริง_aug_60.wav,14.553978,14.718726,แตด,True
./main\augmented\แตด (มูเซอร์)_aug_61.wav,0.51268,0.956112,แตด,True
./main\augmented\แตด (อาร์ต)_aug_62.wav,0.791902,0.923452,แตด,True
./main\augmented\แตด (อาร์ต)_aug_63.wav,1.844482,1.998266,แตด,True
./main\augmented\แตด (อาร์ต)_aug_64.wav,3.032139,3.205378,แตด,True
./main\augmented\แตด (อาร์ต)_aug_65.wav,4.120267,4.243883,แตด,True
./main\augmented\แตด (อาร์ต)_aug_66.wav,5.256012,5.344819,แตด,True
./main\augmented\แตด (อาร์ต)_aug_67.wav,5.453881,5.513865,แตด,True
./main\augmented\แตด (อาร์ต)_aug_68.wav,7.345329,7.450496,แตด,True
./main\augmented\แตด (อาร์ต)_aug_69.wav,8.381418,8.64862,แตด,True
./main\augmented\แตด (อาร์ต)_aug_70.wav,9.440099,9.722881,แตด,True
./main\augmented\แตด (อาร์ต)_aug_71.wav,10.530719,10.76754,แตด,True
./main\augmented\แตด (อาร์ต)_aug_72.wav,11.583947,11.851149,แตด,True
./main\augmented\แตด (อาร์ต)_aug_73.wav,12.590434,12.853741,แตด,True
./main\augmented\แตด (อาร์ต)_aug_74.wav,13.371007,13.623407,แตด,True
./main\augmented\แตด (อาร์ต)_aug_75.wav,14.438257,14.655602,แตด,True
./main\augmented\แตด (อาร์ต)_aug_76.wav,15.420594,15.609116,แตด,True
./main\augmented\แตด (เปอร์)_aug_77.wav,1.034983,1.303229,แตด,True
./main\augmented\แตด (แทน)_aug_78.wav,0.987845,1.30271,แตด,True
./main\augmented\แตด (โบท)_aug_79.wav,0.587175,0.86697,แตด,True
./main\augmented\แตด (โบท2)_aug_80.wav,0.855216,1.243007,แตด,True
./main\augmented\แทนเบลล์ขโมยปลาบู่_aug_81.wav,4.784749,4.968047,แตด,True
./main\augmented\แทนเบลล์ขโมยปลาบู่_aug_82.wav,14.499529,14.710491,แตด,True
./main\augmented\แทนเบลล์ขโมยปลาบู่_aug_83.wav,18.239157,18.411491,แตด,True
./main\augmented\แทนเบลล์ขโมยปลาบู่_aug_84.wav,35.109056,35.322191,แตด,True
./main\augmented\แทนเบลล์ขโมยปลาบู่_aug_85.wav,39.083134,39.251157,แตด,True
./main\augmented\แทนเบลล์ขโมยปลาบู่_aug_86.wav,64.920995,65.02837,แตด,True
./main\augmented\แทนเบลล์ขโมยปลาบู่_aug_87.wav,84.693906,84.813794,แตด,True
./main\augmented\แทนเบลล์ขโมยปลาบู่_aug_88.wav,88.015025,88.142315,แตด,True
./main\augmented\โอ๊ยเด็กสมัยนี้_aug_89.wav,3.789322,4.043732,แตด,True
./main\augmented\ไอ้เหี้ยถ้าสวะสังคมอย่างพวกมึงไม่เกิดขึ้นมา_aug_90.wav,9.457814,9.691281,แตด,True
./main\augmented\กล้าดียังไงมาแตะคนรัก_aug_91.wav,8.280897,8.639766,แตด,True
./main\augmented\กายหีควยแตด_aug_92.wav,1.882342,2.265899,แตด,True
./main\augmented\กายหีควยแตด_aug_93.wav,6.877243,7.09068,แตด,True
./main\augmented\กายหีควยแตด_aug_94.wav,11.344457,11.695723,แตด,True
./main\augmented\กายหีควยแตด_aug_95.wav,12.973195,13.265391,แตด,True
./main\augmented\กายหีควยแตด_aug_96.wav,13.609569,13.992338,แตด,True
./main\augmented\กายหีควยแตด_aug_97.wav,19.794092,20.133144,แตด,True
./main\augmented\กายหีควยแตด_aug_98.wav,22.419557,22.732541,แตด,True
./main\augmented\กายหีควยแตด_aug_99.wav,31.697134,32.085301,แตด,True
./main\augmented\กายหีควยแตด_aug_100.wav,41.406873,41.602349,แตด,True
./main\augmented\กายหีควยแตด_aug_101.wav,48.286949,48.547583,แตด,True
./main\augmented\กายหีควยแตด_aug_102.wav,49.570071,49.885283,แตด,True
./main\augmented\กายหีควยแตด_aug_103.wav,53.954073,54.213036,แตด,True
./main\augmented\กายหีควยแตด_aug_104.wav,57.317814,57.68983,แตด,True
./main\augmented\กิตหีควยแตด_aug_105.wav,3.288462,3.431892,แตด,True
./main\augmented\กิตหีควยแตด_aug_106.wav,5.37298,5.538142,แตด,True
./main\augmented\กิตหีควยแตด_aug_107.wav,7.400995,7.601797,แตด,True
./main\augmented\กิตหีควยแตด_aug_108.wav,9.298619,9.431618,แตด,True
./main\augmented\กิตหีควยแตด_aug_109.wav,11.643919,11.787349,แตด,True
./main\augmented\กิตหีควยแตด_aug_110.wav,13.24599,13.397244,แตด,True
./main\augmented\กิตหีควยแตด_aug_111.wav,15.114059,15.286175,แตด,True
./main\augmented\กิตหีควยแตด_aug_112.wav,17.958322,18.132176,แตด,True
./main\augmented\กิตหีควยแตด_aug_113.wav,19.867246,20.052402,แตด,True
./main\augmented\กิตหีควยแตด_aug_114.wav,21.697067,21.877876,แตด,True
./main\augmented\กิตหีควยแตด_aug_115.wav,25.347147,25.563596,แตด,True
./main\augmented\กิตหีควยแตด_aug_116.wav,27.194353,27.405586,แตด,True
./main\augmented\กิตหีควยแตด_aug_117.wav,29.01635,29.21976,แตด,True
./main\augmented\กิตหีควยแตด_aug_118.wav,29.660482,29.833467,แตด,True
./main\augmented\กิตหีควยแตด_aug_119.wav,30.469776,30.951353,แตด,True
./main\augmented\กิตหีควยแตด_aug_120.wav,32.380439,32.577764,แตด,True
./main\augmented\กิตหีควยแตด_aug_121.wav,34.158972,34.368467,แตด,True
./main\augmented\คอมโครตดี_aug_122.wav,22.850665,23.046409,แตด,True
./main\augmented\คือมึงไม่ฉลาดหรอวะ_aug_123.wav,3.467669,3.582586,แตด,True
./main\augmented\ค่ายเหี้ย_aug_124.wav,4.562026,4.718995,แตด,True
./main\augmented\ฉันไปเรียนภาษาใต้มา_aug_125.wav,7.377011,8.088608,แตด,True
./main\augmented\ชีสเหม็น_aug_126.wav,7.102098,7.393144,แตด,True
./main\augmented\ดูถูกหีไม่มีวันเจริญ_aug_127.wav,4.168719,4.368482,แตด,True
./main\augmented\บารมีมารดา_aug_128.wav,10.254282,10.533604,แตด,True
./main\augmented\ป้าๆก๋วยเตี๋ยวถุงนึง_aug_129.wav,16.227687,16.422853,แตด,True
./main\augmented\พิ้งค์ด่าหนัง_aug_130.wav,18.941521,19.111678,แตด,True
./main\augmented\มิ้นท์เบลล์ทะเลาะกันหน้าร้านไอ้แทน_aug_131.wav,22.715939,22.845551,แตด,True
./main\augmented\มิ้นท์เบลล์ทะเลาะกันหน้าร้านไอ้แทน_aug_132.wav,36.6074,36.753425,แตด,True
./main\augmented\มิ้นท์เบลล์ทะเลาะกันหน้าร้านไอ้แทน_aug_133.wav,61.483125,61.629676,แตด,True
./main\augmented\มิ้นท์เบลล์ทะเลาะกันหน้าร้านไอ้แทน_aug_134.wav,69.803491,69.997111,แตด,True
./main\augmented\มิ้นท์เบลล์ทะเลาะกันหน้าร้านไอ้แทน_aug_135.wav,82.157902,82.299277,แตด,True
./main\augmented\มิ้นท์เบลล์ทะเลาะกันหน้าร้านไอ้แทน_aug_136.wav,108.444797,108.55355,แตด,True
./main\augmented\มิ้นท์เบลล์ทะเลาะกันหน้าร้านไอ้แทน_aug_137.wav,121.794009,121.979689,แตด,True
./main\augmented\มิ้นท์เบลล์ทะเลาะกันหน้าร้านไอ้แทน_aug_138.wav,131.827142,131.991682,แตด,True
./main\augmented\มิ้นท์เบลล์ทะเลาะกันหน้าร้านไอ้แทน_aug_139.wav,159.014662,159.189723,แตด,True
./main\augmented\มิ้นท์แทนนินทาไอ้เบลล์ซื้อไก่_aug_140.wav,25.900644,26.00891,แตด,True
./main\augmented\มิ้นท์แทนนินทาไอ้เบลล์ซื้อไก่_aug_141.wav,26.12511,26.254876,แตด,True
./main\augmented\มิ้นท์แทนนินทาไอ้เบลล์ซื้อไก่_aug_142.wav,64.858724,65.043006,แตด,True
./main\augmented\มิ้นท์แทนนินทาไอ้เบลล์ซื้อไก่_aug_143.wav,71.271541,71.429816,แตด,True
./main\augmented\อารมณ์แบบว่างี้ป้ะ_aug_144.wav,14.950446,15.102867,แตด,True
./main\augmented\อารมณ์แบบว่างี้ป้ะ_aug_145.wav,15.386369,15.592645,แตด,True
./main\augmented\ฮือฮืมเป็นวันที่ดี_aug_146.wav,9.235999,9.510688,แตด,True
./main\augmented\ฮือฮืมเป็นวันที่ดี_aug_147.wav,13.514663,13.721709,แตด,True
./main\augmented\เบลล์-แตด_aug_148.wav,0.784594,1.184867,แตด,True
./main\augmented\เป็นสวะแล้วยังทำนิสัยหีๆอีก_aug_149.wav,6.009877,6.167412,แตด,True
./main\augmented\เลสเบี้ยน_aug_150.wav,8.804806,8.927275,แตด,True
./main\augmented\เอ๊ย เป็นเหี้ยไรวะกูถามจริง_aug_151.wav,14.553978,14.718726,แตด,True
./main\augmented\แตด (มูเซอร์)_aug_152.wav,0.51268,0.956112,แตด,True
./main\augmented\แตด (อาร์ต)_aug_153.wav,0.791902,0.923452,แตด,True
./main\augmented\แตด (อาร์ต)_aug_154.wav,1.844482,1.998266,แตด,True
./main\augmented\แตด (อาร์ต)_aug_155.wav,3.032139,3.205378,แตด,True
./main\augmented\แตด (อาร์ต)_aug_156.wav,4.120267,4.243883,แตด,True
./main\augmented\แตด (อาร์ต)_aug_157.wav,5.256012,5.344819,แตด,True
./main\augmented\แตด (อาร์ต)_aug_158.wav,5.453881,5.513865,แตด,True
./main\augmented\แตด (อาร์ต)_aug_159.wav,7.345329,7.450496,แตด,True
./main\augmented\แตด (อาร์ต)_aug_160.wav,8.381418,8.64862,แตด,True
./main\augmented\แตด (อาร์ต)_aug_161.wav,9.440099,9.722881,แตด,True
./main\augmented\แตด (อาร์ต)_aug_162.wav,10.530719,10.76754,แตด,True
./main\augmented\แตด (อาร์ต)_aug_163.wav,11.583947,11.851149,แตด,True
./main\augmented\แตด (อาร์ต)_aug_164.wav,12.590434,12.853741,แตด,True
./main\augmented\แตด (อาร์ต)_aug_165.wav,13.371007,13.623407,แตด,True
./main\augmented\แตด (อาร์ต)_aug_166.wav,14.438257,14.655602,แตด,True
./main\augmented\แตด (อาร์ต)_aug_167.wav,15.420594,15.609116,แตด,True
./main\augmented\แตด (เปอร์)_aug_168.wav,1.034983,1.303229,แตด,True
./main\augmented\แตด (แทน)_aug_169.wav,0.987845,1.30271,แตด,True
./main\augmented\แตด (โบท)_aug_170.wav,0.587175,0.86697,แตด,True
./main\augmented\แตด (โบท2)_aug_171.wav,0.855216,1.243007,แตด,True
./main\augmented\แทนเบลล์ขโมยปลาบู่_aug_172.wav,4.784749,4.968047,แตด,True
./main\augmented\แทนเบลล์ขโมยปลาบู่_aug_173.wav,14.499529,14.710491,แตด,True
./main\augmented\แทนเบลล์ขโมยปลาบู่_aug_174.wav,18.239157,18.411491,แตด,True
./main\augmented\แทนเบลล์ขโมยปลาบู่_aug_175.wav,35.109056,35.322191,แตด,True
./main\augmented\แทนเบลล์ขโมยปลาบู่_aug_176.wav,39.083134,39.251157,แตด,True
./main\augmented\แทนเบลล์ขโมยปลาบู่_aug_177.wav,64.920995,65.02837,แตด,True
./main\augmented\แทนเบลล์ขโมยปลาบู่_aug_178.wav,84.693906,84.813794,แตด,True
./main\augmented\แทนเบลล์ขโมยปลาบู่_aug_179.wav,88.015025,88.142315,แตด,True
./main\augmented\โอ๊ยเด็กสมัยนี้_aug_180.wav,3.789322,4.043732,แตด,True
./main\augmented\ไอ้เหี้ยถ้าสวะสังคมอย่างพวกมึงไม่เกิดขึ้นมา_aug_181.wav,9.457814,9.691281,แตด,True
./main\augmented\กล้าดียังไงมาแตะคนรัก_aug_182.wav,8.280897,8.639766,แตด,True
./main\augmented\กายหีควยแตด_aug_183.wav,1.882342,2.265899,แตด,True
./main\augmented\กายหีควยแตด_aug_184.wav,6.877243,7.09068,แตด,True
./main\augmented\กายหีควยแตด_aug_185.wav,11.344457,11.695723,แตด,True
./main\augmented\กายหีควยแตด_aug_186.wav,12.973195,13.265391,แตด,True
./main\augmented\กายหีควยแตด_aug_187.wav,13.609569,13.992338,แตด,True
./main\augmented\กายหีควยแตด_aug_188.wav,19.794092,20.133144,แตด,True
./main\augmented\กายหีควยแตด_aug_189.wav,22.419557,22.732541,แตด,True
./main\augmented\กายหีควยแตด_aug_190.wav,31.697134,32.085301,แตด,True
./main\augmented\กายหีควยแตด_aug_191.wav,41.406873,41.602349,แตด,True
./main\augmented\กายหีควยแตด_aug_192.wav,48.286949,48.547583,แตด,True
./main\augmented\กายหีควยแตด_aug_193.wav,49.570071,49.885283,แตด,True
./main\augmented\กายหีควยแตด_aug_194.wav,53.954073,54.213036,แตด,True
./main\augmented\กายหีควยแตด_aug_195.wav,57.317814,57.68983,แตด,True
./main\augmented\กิตหีควยแตด_aug_196.wav,3.288462,3.431892,แตด,True
./main\augmented\กิตหีควยแตด_aug_197.wav,5.37298,5.538142,แตด,True
./main\augmented\กิตหีควยแตด_aug_198.wav,7.400995,7.601797,แตด,True
./main\augmented\กิตหีควยแตด_aug_199.wav,9.298619,9.431618,แตด,True
./main\augmented\กิตหีควยแตด_aug_200.wav,11.643919,11.787349,แตด,True
./main\augmented\กิตหีควยแตด_aug_201.wav,13.24599,13.397244,แตด,True
./main\augmented\กิตหีควยแตด_aug_202.wav,15.114059,15.286175,แตด,True
./main\augmented\กิตหีควยแตด_aug_203.wav,17.958322,18.132176,แตด,True
./main\augmented\กิตหีควยแตด_aug_204.wav,19.867246,20.052402,แตด,True
./main\augmented\กิตหีควยแตด_aug_205.wav,21.697067,21.877876,แตด,True
./main\augmented\กิตหีควยแตด_aug_206.wav,25.347147,25.563596,แตด,True
./main\augmented\กิตหีควยแตด_aug_207.wav,27.194353,27.405586,แตด,True
./main\augmented\กิตหีควยแตด_aug_208.wav,29.01635,29.21976,แตด,True
./main\augmented\Janพูดถึงอาท_aug_0.wav,95.803252,95.979016,หี,True
./main\augmented\กล้าดียังไงมาแตะคนรัก_aug_1.wav,4.775945,4.994257,หี,True
./main\augmented\กายหีควยแตด_aug_2.wav,1.043558,1.438928,หี,True
./main\augmented\กายหีควยแตด_aug_3.wav,3.144062,3.657572,หี,True
./main\augmented\กายหีควยแตด_aug_4.wav,10.0851,10.529301,หี,True
./main\augmented\กายหีควยแตด_aug_5.wav,12.66761,12.799138,หี,True
./main\augmented\กายหีควยแตด_aug_6.wav,13.288232,13.437086,หี,True
./main\augmented\กายหีควยแตด_aug_7.wav,18.237327,18.597648,หี,True
./main\augmented\กายหีควยแตด_aug_8.wav,31.166398,31.386378,หี,True
./main\augmented\กายหีควยแตด_aug_9.wav,41.096674,41.199145,หี,True
./main\augmented\กายหีควยแตด_aug_10.wav,47.922729,48.095928,หี,True
./main\augmented\กายหีควยแตด_aug_11.wav,49.281035,49.418035,หี,True
./main\augmented\กายหีควยแตด_aug_12.wav,53.569805,53.698451,หี,True
./main\augmented\กายหีควยแตด_aug_13.wav,55.934448,56.496928,หี,True
./main\augmented\กาลครั้งมีไอ้สวะตัวหนึ่ง_aug_14.wav,10.290912,10.477431,หี,True
./main\augmented\กาลครั้งมีไอ้สวะตัวหนึ่ง_aug_15.wav,14.377961,14.515066,หี,True
./main\augmented\กิตหีควยแตด_aug_16.wav,2.195785,2.563488,หี,True
./main\augmented\กิตหีควยแตด_aug_17.wav,4.382877,4.754057,หี,True
./main\augmented\กิตหีควยแตด_aug_18.wav,6.408284,6.710792,หี,True
./main\augmented\กิตหีควยแตด_aug_19.wav,8.367627,8.777924,หี,True
./main\augmented\กิตหีควยแตด_aug_20.wav,10.756391,11.181465,หี,True
./main\augmented\กิตหีควยแตด_aug_21.wav,12.350638,12.700086,หี,True
./main\augmented\กิตหีควยแตด_aug_22.wav,14.201322,14.536861,หี,True
./main\augmented\กิตหีควยแตด_aug_23.wav,17.06297,17.368954,หี,True
./main\augmented\กิตหีควยแตด_aug_24.wav,18.95364,19.268317,หี,True
./main\augmented\กิตหีควยแตด_aug_25.wav,20.851264,21.121608,หี,True
./main\augmented\กิตหีควยแตด_aug_26.wav,24.399639,24.775165,หี,True
./main\augmented\กิตหีควยแตด_aug_27.wav,26.326818,26.697129,หี,True
./main\augmented\กิตหีควยแตด_aug_28.wav,28.102744,28.52608,หี,True
./main\augmented\กิตหีควยแตด_aug_29.wav,29.25627,29.426647,หี,True
./main\augmented\กิตหีควยแตด_aug_30.wav,29.883016,30.073387,หี,True
./main\augmented\กิตหีควยแตด_aug_31.wav,31.49378,31.902338,หี,True
./main\augmented\กิตหีควยแตด_aug_32.wav,33.3123,33.684349,หี,True
./main\augmented\ก็มาดิสะไอ้สัสเป็นเหี้ยไรวะ_aug_33.wav,3.872425,4.112927,หี,True
./main\augmented\ความดื้อรั้นหน้าหีของมึงทำให้ทุกอย่างแย่ลงนะ_aug_34.wav,1.429544,1.593864,หี,True
./main\augmented\คอมโครตดี_aug_35.wav,11.399811,11.903393,หี,True
./main\augmented\คือมึงไม่ฉลาดหรอวะ_aug_36.wav,3.197513,3.385009,หี,True
./main\augmented\ค่ายเหี้ย_aug_37.wav,4.306995,4.452213,หี,True
./main\augmented\ฉันไปเรียนภาษาใต้มา_aug_38.wav,4.515939,4.733057,หี,True
./main\augmented\ดูถูกหีไม่มีวันเจริญ_aug_39.wav,2.375798,2.519377,หี,True
./main\augmented\นิสัยควยๆแบบนี้_aug_40.wav,6.779837,7.065872,หี,True
./main\augmented\บารมีมารดา_aug_41.wav,7.012152,7.337837,หี,True
./main\augmented\พิ้งค์ด่าหนัง_aug_42.wav,9.015207,9.258381,หี,True
./main\augmented\พิ้งค์ด่าหนัง_aug_43.wav,14.686948,14.84211,หี,True
./main\augmented\มิ้นท์เบลล์ทะเลาะกันหน้าร้านไอ้แทน_aug_44.wav,44.678827,44.847977,หี,True
./main\augmented\มิ้นท์เบลล์ทะเลาะกันหน้าร้านไอ้แทน_aug_45.wav,66.660537,66.812346,หี,True
./main\augmented\มิ้นท์แทนนินทาไอ้เบลล์ซื้อไก่_aug_46.wav,4.259844,4.42841,หี,True
./main\augmented\มิ้นท์แทนนินทาไอ้เบลล์ซื้อไก่_aug_47.wav,25.487032,25.607584,หี,True
./main\augmented\มิ้นท์แทนนินทาไอ้เบลล์ซื้อไก่_aug_48.wav,25.661333,25.810806,หี,True
./main\augmented\มิ้นท์แทนนินทาไอ้เบลล์ซื้อไก่_aug_49.wav,38.283681,38.560053,หี,True
./main\augmented\มิ้นท์แทนนินทาไอ้เบลล์ซื้อไก่_aug_50.wav,64.548003,64.794619,หี,True
./main\augmented\มึงก็ไม่เคยฟังใครเลย คงจะฟังแต่หีตัวเองสินะ_aug_51.wav,3.584718,3.778441,หี,True
./main\augmented\หมากัด_aug_52.wav,13.043736,13.279852,หี,True
./main\augmented\หี (มูเซอร์)_aug_53.wav,0.519516,0.968861,หี,True
./main\augmented\หี (อาร์ต)_aug_54.wav,0.107768,0.511899,หี,True
./main\augmented\หี (อาร์ต)_aug_55.wav,1.233662,1.63921,หี,True
./main\augmented\หี (อาร์ต)_aug_56.wav,2.365227,2.89556,หี,True
./main\augmented\หี (อาร์ต)_aug_57.wav,3.563438,3.978913,หี,True
./main\augmented\หี (อาร์ต)_aug_58.wav,4.714856,5.150182,หี,True
./main\augmented\หี (อาร์ต)_aug_59.wav,5.856347,6.291674,หี,True
./main\augmented\หี (อาร์ต)_aug_60.wav,7.227555,7.630267,หี,True
./main\augmented\หี (อาร์ต)_aug_61.wav,8.551969,8.983041,หี,True
./main\augmented\หี (อาร์ต)_aug_62.wav,9.689382,10.054254,หี,True
./main\augmented\หี (อาร์ต)_aug_63.wav,10.87462,11.235915,หี,True
./main\augmented\หี (อาร์ต)_aug_64.wav,11.988315,12.384189,หี,True
./main\augmented\หี (อาร์ต)_aug_65.wav,13.262983,13.63024,หี,True
./main\augmented\หี (อาร์ต)_aug_66.wav,14.464915,14.807131,หี,True
./main\augmented\หี (อาร์ต)_aug_67.wav,15.552377,15.825434,หี,True
./main\augmented\หี (เปอร์)_aug_68.wav,1.511119,1.926901,หี,True
./main\augmented\หี (แทน)_aug_69.wav,0.659098,1.199526,หี,True
./main\augmented\หี (โบท)_aug_70.wav,0.873197,1.217236,หี,True
./main\augmented\หี (โบท2)_aug_71.wav,0.754442,1.107213,หี,True
./main\augmented\หีหอมพ่อง_aug_72.wav,0.255756,0.347329,หี,True
./main\augmented\หีหอมพ่อง_aug_73.wav,1.201148,1.40235,หี,True
./main\augmented\หีหอมพ่อง_aug_74.wav,2.530504,2.681406,หี,True
./main\augmented\หีหอมพ่อง_aug_75.wav,4.262649,4.386466,หี,True
./main\augmented\อารมณ์แบบว่างี้ป้ะ_aug_76.wav,8.977584,9.2997,หี,True
./main\augmented\อารมณ์แบบว่างี้ป้ะ_aug_77.wav,17.12295,17.448114,หี,True
./main\augmented\เบลล์-หี_aug_78.wav,0.750149,1.129679,หี,True
./main\augmented\เป็นสวะแล้วยังทำนิสัยหีๆอีก_aug_79.wav,2.837444,3.002222,หี,True
./main\augmented\เป็นสวะแล้วยังทำนิสัยหีๆอีก_aug_80.wav,3.097075,3.371404,หี,True
./main\augmented\เลสเบี้ยน_aug_81.wav,6.214393,6.331295,หี,True
./main\augmented\เลสเบี้ยน_aug_82.wav,10.270727,10.48412,หี,True
./main\augmented\เอ๊ย เป็นเหี้ยไรวะกูถามจริง_aug_83.wav,7.552929,7.745374,หี,True
./main\augmented\เอ๊ย เป็นเหี้ยไรวะกูถามจริง_aug_84.wav,7.745374,7.919439,หี,True
./main\augmented\เอ๊ย เป็นเหี้ยไรวะกูถามจริง_aug_85.wav,14.304754,14.454977,หี,True
./main\augmented\แทนเบลล์ขโมยปลาบู่_aug_86.wav,26.911577,27.122632,หี,True
./main\augmented\โอ๊ยเด็กสมัยนี้_aug_87.wav,4.464485,4.851845,หี,True
./main\augmented\โอ๊ยเย็ดเป็ดหีแม่มึงร่วง_aug_88.wav,1.648577,1.830495,หี,True
./main\augmented\Janพูดถึงอาท_aug_89.wav,95.803252,95.979016,หี,True
./main\augmented\กล้าดียังไงมาแตะคนรัก_aug_90.wav,4.775945,4.994257,หี,True
./main\augmented\กายหีควยแตด_aug_91.wav,1.043558,1.438928,หี,True
./main\augmented\กายหีควยแตด_aug_92.wav,3.144062,3.657572,หี,True
./main\augmented\กายหีควยแตด_aug_93.wav,10.0851,10.529301,หี,True
./main\augmented\กายหีควยแตด_aug_94.wav,12.66761,12.799138,หี,True
./main\augmented\กายหีควยแตด_aug_95.wav,13.288232,13.437086,หี,True
./main\augmented\กายหีควยแตด_aug_96.wav,18.237327,18.597648,หี,True
./main\augmented\กายหีควยแตด_aug_97.wav,31.166398,31.386378,หี,True
./main\augmented\กายหีควยแตด_aug_98.wav,41.096674,41.199145,หี,True
./main\augmented\กายหีควยแตด_aug_99.wav,47.922729,48.095928,หี,True
./main\augmented\กายหีควยแตด_aug_100.wav,49.281035,49.418035,หี,True
./main\augmented\กายหีควยแตด_aug_101.wav,53.569805,53.698451,หี,True
./main\augmented\กายหีควยแตด_aug_102.wav,55.934448,56.496928,หี,True
./main\augmented\กาลครั้งมีไอ้สวะตัวหนึ่ง_aug_103.wav,10.290912,10.477431,หี,True
./main\augmented\กาลครั้งมีไอ้สวะตัวหนึ่ง_aug_104.wav,14.377961,14.515066,หี,True
./main\augmented\กิตหีควยแตด_aug_105.wav,2.195785,2.563488,หี,True
./main\augmented\กิตหีควยแตด_aug_106.wav,4.382877,4.754057,หี,True
./main\augmented\กิตหีควยแตด_aug_107.wav,6.408284,6.710792,หี,True
./main\augmented\กิตหีควยแตด_aug_108.wav,8.367627,8.777924,หี,True
./main\augmented\กิตหีควยแตด_aug_109.wav,10.756391,11.181465,หี,True
./main\augmented\กิตหีควยแตด_aug_110.wav,12.350638,12.700086,หี,True
./main\augmented\กิตหีควยแตด_aug_111.wav,14.201322,14.536861,หี,True
./main\augmented\กิตหีควยแตด_aug_112.wav,17.06297,17.368954,หี,True
./main\augmented\กิตหีควยแตด_aug_113.wav,18.95364,19.268317,หี,True
./main\augmented\กิตหีควยแตด_aug_114.wav,20.851264,21.121608,หี,True
./main\augmented\กิตหีควยแตด_aug_115.wav,24.399639,24.775165,หี,True
./main\augmented\กิตหีควยแตด_aug_116.wav,26.326818,26.697129,หี,True
./main\augmented\กิตหีควยแตด_aug_117.wav,28.102744,28.52608,หี,True
./main\augmented\กิตหีควยแตด_aug_118.wav,29.25627,29.426647,หี,True
./main\augmented\กิตหีควยแตด_aug_119.wav,29.883016,30.073387,หี,True
./main\augmented\กิตหีควยแตด_aug_120.wav,31.49378,31.902338,หี,True
./main\augmented\กิตหีควยแตด_aug_121.wav,33.3123,33.684349,หี,True
./main\augmented\ก็มาดิสะไอ้สัสเป็นเหี้ยไรวะ_aug_122.wav,3.872425,4.112927,หี,True
./main\augmented\ความดื้อรั้นหน้าหีของมึงทำให้ทุกอย่างแย่ลงนะ_aug_123.wav,1.429544,1.593864,หี,True
./main\augmented\คอมโครตดี_aug_124.wav,11.399811,11.903393,หี,True
./main\augmented\คือมึงไม่ฉลาดหรอวะ_aug_125.wav,3.197513,3.385009,หี,True
./main\augmented\ค่ายเหี้ย_aug_126.wav,4.306995,4.452213,หี,True
./main\augmented\ฉันไปเรียนภาษาใต้มา_aug_127.wav,4.515939,4.733057,หี,True
./main\augmented\ดูถูกหีไม่มีวันเจริญ_aug_128.wav,2.375798,2.519377,หี,True
./main\augmented\นิสัยควยๆแบบนี้_aug_129.wav,6.779837,7.065872,หี,True
./main\augmented\บารมีมารดา_aug_130.wav,7.012152,7.337837,หี,True
./main\augmented\พิ้งค์ด่าหนัง_aug_131.wav,9.015207,9.258381,หี,True
./main\augmented\พิ้งค์ด่าหนัง_aug_132.wav,14.686948,14.84211,หี,True
./main\augmented\มิ้นท์เบลล์ทะเลาะกันหน้าร้านไอ้แทน_aug_133.wav,44.678827,44.847977,หี,True
./main\augmented\มิ้นท์เบลล์ทะเลาะกันหน้าร้านไอ้แทน_aug_134.wav,66.660537,66.812346,หี,True
./main\augmented\มิ้นท์แทนนินทาไอ้เบลล์ซื้อไก่_aug_135.wav,4.259844,4.42841,หี,True
./main\augmented\มิ้นท์แทนนินทาไอ้เบลล์ซื้อไก่_aug_136.wav,25.487032,25.607584,หี,True
./main\augmented\มิ้นท์แทนนินทาไอ้เบลล์ซื้อไก่_aug_137.wav,25.661333,25.810806,หี,True
./main\augmented\มิ้นท์แทนนินทาไอ้เบลล์ซื้อไก่_aug_138.wav,38.283681,38.560053,หี,True
./main\augmented\มิ้นท์แทนนินทาไอ้เบลล์ซื้อไก่_aug_139.wav,64.548003,64.794619,หี,True
./main\augmented\มึงก็ไม่เคยฟังใครเลย คงจะฟังแต่หีตัวเองสินะ_aug_140.wav,3.584718,3.778441,หี,True
./main\augmented\หมากัด_aug_141.wav,13.043736,13.279852,หี,True
./main\augmented\หี (มูเซอร์)_aug_142.wav,0.519516,0.968861,หี,True
./main\augmented\หี (อาร์ต)_aug_143.wav,0.107768,0.511899,หี,True
./main\augmented\หี (อาร์ต)_aug_144.wav,1.233662,1.63921,หี,True
./main\augmented\หี (อาร์ต)_aug_145.wav,2.365227,2.89556,หี,True
./main\augmented\หี (อาร์ต)_aug_146.wav,3.563438,3.978913,หี,True
./main\augmented\หี (อาร์ต)_aug_147.wav,4.714856,5.150182,หี,True
./main\augmented\หี (อาร์ต)_aug_148.wav,5.856347,6.291674,หี,True
./main\augmented\หี (อาร์ต)_aug_149.wav,7.227555,7.630267,หี,True
./main\augmented\หี (อาร์ต)_aug_150.wav,8.551969,8.983041,หี,True
./main\augmented\หี (อาร์ต)_aug_151.wav,9.689382,10.054254,หี,True
./main\augmented\หี (อาร์ต)_aug_152.wav,10.87462,11.235915,หี,True
./main\augmented\หี (อาร์ต)_aug_153.wav,11.988315,12.384189,หี,True
./main\augmented\หี (อาร์ต)_aug_154.wav,13.262983,13.63024,หี,True
./main\augmented\หี (อาร์ต)_aug_155.wav,14.464915,14.807131,หี,True
./main\augmented\หี (อาร์ต)_aug_156.wav,15.552377,15.825434,หี,True
./main\augmented\หี (เปอร์)_aug_157.wav,1.511119,1.926901,หี,True
./main\augmented\หี (แทน)_aug_158.wav,0.659098,1.199526,หี,True
./main\augmented\หี (โบท)_aug_159.wav,0.873197,1.217236,หี,True
./main\augmented\หี (โบท2)_aug_160.wav,0.754442,1.107213,หี,True
./main\augmented\หีหอมพ่อง_aug_161.wav,0.255756,0.347329,หี,True
./main\augmented\หีหอมพ่อง_aug_162.wav,1.201148,1.40235,หี,True
./main\augmented\หีหอมพ่อง_aug_163.wav,2.530504,2.681406,หี,True
./main\augmented\หีหอมพ่อง_aug_164.wav,4.262649,4.386466,หี,True
./main\augmented\อารมณ์แบบว่างี้ป้ะ_aug_165.wav,8.977584,9.2997,หี,True
./main\augmented\อารมณ์แบบว่างี้ป้ะ_aug_166.wav,17.12295,17.448114,หี,True
./main\augmented\เบลล์-หี_aug_167.wav,0.750149,1.129679,หี,True
./main\augmented\เป็นสวะแล้วยังทำนิสัยหีๆอีก_aug_168.wav,2.837444,3.002222,หี,True
./main\augmented\เป็นสวะแล้วยังทำนิสัยหีๆอีก_aug_169.wav,3.097075,3.371404,หี,True
./main\augmented\เลสเบี้ยน_aug_170.wav,6.214393,6.331295,หี,True
./main\augmented\เลสเบี้ยน_aug_171.wav,10.270727,10.48412,หี,True
./main\augmented\เอ๊ย เป็นเหี้ยไรวะกูถามจริง_aug_172.wav,7.552929,7.745374,หี,True
./main\augmented\เอ๊ย เป็นเหี้ยไรวะกูถามจริง_aug_173.wav,7.745374,7.919439,หี,True
./main\augmented\เอ๊ย เป็นเหี้ยไรวะกูถามจริง_aug_174.wav,14.304754,14.454977,หี,True
./main\augmented\แทนเบลล์ขโมยปลาบู่_aug_175.wav,26.911577,27.122632,หี,True
./main\augmented\โอ๊ยเด็กสมัยนี้_aug_176.wav,4.464485,4.851845,หี,True
./main\augmented\โอ๊ยเย็ดเป็ดหีแม่มึงร่วง_aug_177.wav,1.648577,1.830495,หี,True
./main\augmented\Janพูดถึงอาท_aug_178.wav,95.803252,95.979016,หี,True
./main\augmented\กล้าดียังไงมาแตะคนรัก_aug_179.wav,4.775945,4.994257,หี,True
./main\augmented\กายหีควยแตด_aug_180.wav,1.043558,1.438928,หี,True
./main\augmented\กายหีควยแตด_aug_181.wav,3.144062,3.657572,หี,True
./main\augmented\กายหีควยแตด_aug_182.wav,10.0851,10.529301,หี,True
./main\augmented\กายหีควยแตด_aug_183.wav,12.66761,12.799138,หี,True
./main\augmented\กายหีควยแตด_aug_184.wav,13.288232,13.437086,หี,True
./main\augmented\กายหีควยแตด_aug_185.wav,18.237327,18.597648,หี,True
./main\augmented\กายหีควยแตด_aug_186.wav,31.166398,31.386378,หี,True
./main\augmented\กายหีควยแตด_aug_187.wav,41.096674,41.199145,หี,True
./main\augmented\กายหีควยแตด_aug_188.wav,47.922729,48.095928,หี,True
./main\augmented\กายหีควยแตด_aug_189.wav,49.281035,49.418035,หี,True
./main\augmented\กายหีควยแตด_aug_190.wav,53.569805,53.698451,หี,True
./main\augmented\กายหีควยแตด_aug_191.wav,55.934448,56.496928,หี,True
./main\augmented\กาลครั้งมีไอ้สวะตัวหนึ่ง_aug_192.wav,10.290912,10.477431,หี,True
./main\augmented\กาลครั้งมีไอ้สวะตัวหนึ่ง_aug_193.wav,14.377961,14.515066,หี,True
./main\augmented\กิตหีควยแตด_aug_194.wav,2.195785,2.563488,หี,True
./main\augmented\กิตหีควยแตด_aug_195.wav,4.382877,4.754057,หี,True
./main\augmented\กิตหีควยแตด_aug_196.wav,6.408284,6.710792,หี,True
./main\augmented\กิตหีควยแตด_aug_197.wav,8.367627,8.777924,หี,True
./main\augmented\กิตหีควยแตด_aug_198.wav,10.756391,11.181465,หี,True
./main\augmented\กิตหีควยแตด_aug_199.wav,12.350638,12.700086,หี,True
./main\augmented\กิตหีควยแตด_aug_200.wav,14.201322,14.536861,หี,True
./main\augmented\กิตหีควยแตด_aug_201.wav,17.06297,17.368954,หี,True
./main\augmented\กิตหีควยแตด_aug_202.wav,18.95364,19.268317,หี,True
./main\augmented\กิตหีควยแตด_aug_203.wav,20.851264,21.121608,หี,True
./main\augmented\กิตหีควยแตด_aug_204.wav,24.399639,24.775165,หี,True
./main\augmented\กิตหีควยแตด_aug_205.wav,26.326818,26.697129,หี,True
./main\augmented\กิตหีควยแตด_aug_206.wav,28.102744,28.52608,หี,True
./main\augmented\กิตหีควยแตด_aug_207.wav,29.25627,29.426647,หี,True
./main\augmented\กิตหีควยแตด_aug_208.wav,29.883016,30.073387,หี,True
./main\augmented\กิตหีควยแตด_aug_209.wav,31.49378,31.902338,หี,True
./main\augmented\กิตหีควยแตด_aug_210.wav,33.3123,33.684349,หี,True
./main\augmented\Janพูดถึงอาท_aug_0.wav,57.804852,57.958596,เย็ด,True
./main\augmented\Janพูดถึงอาท_aug_1.wav,59.798039,59.91085,เย็ด,True
./main\augmented\Janพูดถึงอาท_aug_2.wav,80.772829,80.876913,เย็ด,True
./main\augmented\Janพูดถึงอาท_aug_3.wav,91.770179,91.844683,เย็ด,True
./main\augmented\กายพูดกูรัวๆ_aug_4.wav,23.569601,23.642706,เย็ด,True
./main\augmented\กายพูดกูรัวๆ_aug_5.wav,27.879386,27.96734,เย็ด,True
./main\augmented\กาลครั้งมีไอ้สวะตัวหนึ่ง_aug_6.wav,18.169214,18.300307,เย็ด,True
./main\augmented\ขึ้นมาสิไอ้เย็ดแม่ เราจะไปเที่ยวทะเลกัน_aug_7.wav,1.155686,1.315387,เย็ด,True
./main\augmented\คนดีห้ามเพื่อน_aug_8.wav,10.146061,10.234402,เย็ด,True
./main\augmented\ทายคำเย็ดแม่_aug_9.wav,35.692788,35.782934,เย็ด,True
./main\augmented\ทายคำเย็ดแม่_aug_10.wav,49.36401,49.435061,เย็ด,True
./main\augmented\ทายคำเย็ดแม่_aug_11.wav,54.494063,54.570637,เย็ด,True
./main\augmented\ทายคำเย็ดแม่_aug_12.wav,64.120833,64.192486,เย็ด,True
./main\augmented\ทุกครั้งมันก็เป็นแบบนี้เสมออ่ะ เย็ดแม่_aug_13.wav,1.59731,1.659816,เย็ด,True
./main\augmented\นี่มันจะเกินไปแล้วนะไอเย็ดแม่_aug_14.wav,1.52459,1.627274,เย็ด,True
./main\augmented\บัวด่านัท_aug_15.wav,24.437468,24.516471,เย็ด,True
./main\augmented\พอเหอะเย็ดแม่ เหนื่อยที่จะต้องพูดซ้ำๆอ่ะ_aug_16.wav,0.560904,0.683724,เย็ด,True
./main\augmented\มิ้นท์เบลล์ทะเลาะกันหน้าร้านไอ้แทน_aug_17.wav,13.25543,13.342119,เย็ด,True
./main\augmented\มิ้นท์เบลล์ทะเลาะกันหน้าร้านไอ้แทน_aug_18.wav,66.441737,66.547897,เย็ด,True
./main\augmented\มิ้นท์แทนนินทาไอ้เบลล์ซื้อไก่_aug_19.wav,52.311717,52.526904,เย็ด,True
./main\augmented\มึงไม่มีสิทธิ์มาทำแบบนี้กับกู เย็ดแม่_aug_20.wav,1.756098,1.904453,เย็ด,True
./main\augmented\มึงไม่เคยฟังใครเลยใช่ไหม เย็ดแม่_aug_21.wav,1.776392,1.865085,เย็ด,True
./main\augmented\หยุดทำแบบนี้ซะทีดิ๊ เย็ดแม่_aug_22.wav,1.182845,1.28045,เย็ด,True
./main\augmented\อย่าทำเหมือนกูไม่มีตัวตนนะ เย็ดแม่_aug_23.wav,1.460124,1.542007,เย็ด,True
./main\augmented\อั้มด่าแหลก_aug_24.wav,1.340255,1.493774,เย็ด,True
./main\augmented\อาทโดนFBI_aug_25.wav,23.625685,23.815956,เย็ด,True
./main\augmented\เข้ามาสิ ไอ้เย็ดแม่_aug_26.wav,1.538512,1.780111,เย็ด,True
./main\augmented\เบลล์-เย็ด_aug_27.wav,1.081944,1.25309,เย็ด,True
./main\augmented\เย็ด (มูเซอร์)_aug_28.wav,0.347327,0.622198,เย็ด,True
./main\augmented\เย็ด (อาร์ต)_aug_29.wav,0.086975,0.246185,เย็ด,True
./main\augmented\เย็ด (อาร์ต)_aug_30.wav,0.757718,1.074662,เย็ด,True
./main\augmented\เย็ด (อาร์ต)_aug_31.wav,1.547867,1.894295,เย็ด,True
./main\augmented\เย็ด (อาร์ต)_aug_32.wav,2.360129,2.628426,เย็ด,True
./main\augmented\เย็ด (อาร์ต)_aug_33.wav,3.21809,3.439214,เย็ด,True
./main\augmented\เย็ด (อาร์ต)_aug_34.wav,4.109956,4.255898,เย็ด,True
./main\augmented\เย็ด (อาร์ต)_aug_35.wav,5.047521,5.165454,เย็ด,True
./main\augmented\เย็ด (อาร์ต)_aug_36.wav,5.976242,6.123658,เย็ด,True
./main\augmented\เย็ด (อาร์ต)_aug_37.wav,6.950661,7.171785,เย็ด,True
./main\augmented\เย็ด (อาร์ต)_aug_38.wav,8.035642,8.194851,เย็ด,True
./main\augmented\เย็ด (อาร์ต)_aug_39.wav,9.07345,9.176642,เย็ด,True
./main\augmented\เย็ด (อาร์ต)_aug_40.wav,10.018386,10.149587,เย็ด,True
./main\augmented\เย็ด (อาร์ต)_aug_41.wav,11.028186,11.21393,เย็ด,True
./main\augmented\เย็ด (อาร์ต)_aug_42.wav,12.096951,12.223729,เย็ด,True
./main\augmented\เย็ด (อาร์ต)_aug_43.wav,13.019775,13.180458,เย็ด,True
./main\augmented\เย็ด (อาร์ต)_aug_44.wav,13.883632,14.125394,เย็ด,True
./main\augmented\เย็ด (อาร์ต)_aug_45.wav,14.943553,15.151409,เย็ด,True
./main\augmented\เย็ด (อาร์ต)_aug_46.wav,15.962197,16.156786,เย็ด,True
./main\augmented\เย็ด (เปอร์)_aug_47.wav,0.852799,0.992283,เย็ด,True
./main\augmented\เย็ด (แทน)_aug_48.wav,0.536492,0.828955,เย็ด,True
./main\augmented\เย็ด (โบท)_aug_49.wav,0.731435,0.998986,เย็ด,True
./main\augmented\เย็ด (โบท2)_aug_50.wav,0.885421,1.188261,เย็ด,True
./main\augmented\เย็ดแม่ กูควรจะคาดหวังอะไรจากมึงอีกอ่ะ_aug_51.wav,0.027407,0.148967,เย็ด,True
./main\augmented\เย็ดแม่ กูไม่โอเคกับสิ่งที่มึงทำเลยนะ_aug_52.wav,0.539579,0.673335,เย็ด,True
./main\augmented\เย็ดแม่ ทนไม่ไหวแล้วจริงๆนะ_aug_53.wav,0.133903,0.250072,เย็ด,True
./main\augmented\เย็ดแม่ ทำไมถึงไม่คิดก่อนพูดบ้าง_aug_54.wav,0.193294,0.337671,เย็ด,True
./main\augmented\เย็ดแม่ ทำไมถึงไม่ใส่ใจในสิ่งที่กูบอกบ้างอ่ะ_aug_55.wav,0.0,0.085523,เย็ด,True
./main\augmented\เย็ดแม่ นี่คือสิ่งที่มึงเรียกว่าความยุติธรรมอ่อ_aug_56.wav,0.342479,0.466839,เย็ด,True
./main\augmented\เย็ดแม่ นี่คือเหตุผลที่กูไม่อยากคุยกับมึง_aug_57.wav,0.309398,0.402008,เย็ด,True
./main\augmented\เย็ดแม่ นี่ไม่ใช่ครั้งแรกที่มึงทำแบบนี้นะ_aug_58.wav,0.0,0.067542,เย็ด,True
./main\augmented\เย็ดแม่ มึงไม่แคร์อะไรเลยใช่ไหมอ่ะ_aug_59.wav,0.422101,0.509074,เย็ด,True
./main\augmented\เย็ดแม่ รู้ไหมว่าสิ่งนี้มันทำให้กูเสียใจแค่ไหนอ่ะ_aug_60.wav,0.209473,0.312409,เย็ด,True
./main\augmented\เย็ดแม่_aug_61.wav,0.378915,0.795891,เย็ด,True
./main\augmented\เย็ดแม่2_aug_62.wav,0.35378,0.754156,เย็ด,True
./main\augmented\เย็ดแม่3_aug_63.wav,0.208087,0.634575,เย็ด,True
./main\augmented\เย็ดแม่4_aug_64.wav,0.136188,0.599949,เย็ด,True
./main\augmented\เย็ดแม่5_aug_65.wav,0.294047,0.52833,เย็ด,True
./main\augmented\เย็ดแม่6_aug_66.wav,0.26858,0.596173,เย็ด,True
./main\augmented\เย็ดแม่7_aug_67.wav,0.487997,1.20082,เย็ด,True
./main\augmented\เย็ดแม่8_aug_68.wav,0.429714,0.775754,เย็ด,True
./main\augmented\เย็ดแม่9_aug_69.wav,0.345323,1.307006,เย็ด,True
./main\augmented\เย็ดแม่มความคิดโครตเจ๋ง_aug_70.wav,0.239615,0.545049,เย็ด,True
./main\augmented\เย็ดแม่มึงคิดยังไงถึงทำอย่างนี้_aug_71.wav,0.269116,0.522853,เย็ด,True
./main\augmented\เย็ดแม่ในร้านเกม_aug_72.wav,15.534236,15.661955,เย็ด,True
./main\augmented\เย็ดแม่ในร้านเกม_aug_73.wav,26.590554,26.687603,เย็ด,True
./main\augmented\เย็ดแม่ในร้านเกม_aug_74.wav,32.744145,32.879966,เย็ด,True
./main\augmented\เย็ดแม่ในร้านเกม_aug_75.wav,47.38889,47.460261,เย็ด,True
./main\augmented\เย็ดแม่ในร้านเกม_aug_76.wav,56.746069,56.861931,เย็ด,True
./main\augmented\เลสเบี้ยน_aug_77.wav,9.964553,10.042488,เย็ด,True
./main\augmented\แทนเบลล์ขโมยปลาบู่_aug_78.wav,48.182968,48.335377,เย็ด,True
./main\augmented\แทนเบลล์ขโมยปลาบู่_aug_79.wav,61.906336,61.974903,เย็ด,True
./main\augmented\แทนเบลล์ขโมยปลาบู่_aug_80.wav,64.466971,64.583227,เย็ด,True
./main\augmented\แทนเบลล์ขโมยปลาบู่_aug_81.wav,72.133356,72.257687,เย็ด,True
./main\augmented\แล้วคิดจะรับผิดชอบเรื่องนี้ยังไง เย็ดแม่_aug_82.wav,2.204926,2.310352,เย็ด,True
./main\augmented\โหเย็ดแม่ ไม่คิดจะแก้ไขอะไรหน่อยอ่อ_aug_83.wav,0.729405,0.807316,เย็ด,True
./main\augmented\โอ๊ย เย็ดแม่ เจ็บชิบหาย_aug_84.wav,0.813658,0.989133,เย็ด,True
./main\augmented\โอ๊ยเย็ดเป็ดหีแม่มึงร่วง_aug_85.wav,1.15297,1.307121,เย็ด,True
./main\augmented\ไอ้คนวิปริต ไอ้คนเย็ดแม่_aug_86.wav,2.224972,2.346228,เย็ด,True
./main\augmented\ไอ้เย็ดแม่เอ๊ย โทรมาทำไม กูง่วง_aug_87.wav,0.489214,0.69874,เย็ด,True
./main\augmented\Janพูดถึงอาท_aug_88.wav,57.804852,57.958596,เย็ด,True
./main\augmented\Janพูดถึงอาท_aug_89.wav,59.798039,59.91085,เย็ด,True
./main\augmented\Janพูดถึงอาท_aug_90.wav,80.772829,80.876913,เย็ด,True
./main\augmented\Janพูดถึงอาท_aug_91.wav,91.770179,91.844683,เย็ด,True
./main\augmented\กายพูดกูรัวๆ_aug_92.wav,23.569601,23.642706,เย็ด,True
./main\augmented\กายพูดกูรัวๆ_aug_93.wav,27.879386,27.96734,เย็ด,True
./main\augmented\กาลครั้งมีไอ้สวะตัวหนึ่ง_aug_94.wav,18.169214,18.300307,เย็ด,True
./main\augmented\ขึ้นมาสิไอ้เย็ดแม่ เราจะไปเที่ยวทะเลกัน_aug_95.wav,1.155686,1.315387,เย็ด,True
./main\augmented\คนดีห้ามเพื่อน_aug_96.wav,10.146061,10.234402,เย็ด,True
./main\augmented\ทายคำเย็ดแม่_aug_97.wav,35.692788,35.782934,เย็ด,True
./main\augmented\ทายคำเย็ดแม่_aug_98.wav,49.36401,49.435061,เย็ด,True
./main\augmented\ทายคำเย็ดแม่_aug_99.wav,54.494063,54.570637,เย็ด,True
./main\augmented\ทายคำเย็ดแม่_aug_100.wav,64.120833,64.192486,เย็ด,True
./main\augmented\ทุกครั้งมันก็เป็นแบบนี้เสมออ่ะ เย็ดแม่_aug_101.wav,1.59731,1.659816,เย็ด,True
./main\augmented\นี่มันจะเกินไปแล้วนะไอเย็ดแม่_aug_102.wav,1.52459,1.627274,เย็ด,True
./main\augmented\บัวด่านัท_aug_103.wav,24.437468,24.516471,เย็ด,True
./main\augmented\พอเหอะเย็ดแม่ เหนื่อยที่จะต้องพูดซ้ำๆอ่ะ_aug_104.wav,0.560904,0.683724,เย็ด,True
./main\augmented\มิ้นท์เบลล์ทะเลาะกันหน้าร้านไอ้แทน_aug_105.wav,13.25543,13.342119,เย็ด,True
./main\augmented\มิ้นท์เบลล์ทะเลาะกันหน้าร้านไอ้แทน_aug_106.wav,66.441737,66.547897,เย็ด,True
./main\augmented\มิ้นท์แทนนินทาไอ้เบลล์ซื้อไก่_aug_107.wav,52.311717,52.526904,เย็ด,True
./main\augmented\มึงไม่มีสิทธิ์มาทำแบบนี้กับกู เย็ดแม่_aug_108.wav,1.756098,1.904453,เย็ด,True
./main\augmented\มึงไม่เคยฟังใครเลยใช่ไหม เย็ดแม่_aug_109.wav,1.776392,1.865085,เย็ด,True
./main\augmented\หยุดทำแบบนี้ซะทีดิ๊ เย็ดแม่_aug_110.wav,1.182845,1.28045,เย็ด,True
./main\augmented\อย่าทำเหมือนกูไม่มีตัวตนนะ เย็ดแม่_aug_111.wav,1.460124,1.542007,เย็ด,True
./main\augmented\อั้มด่าแหลก_aug_112.wav,1.340255,1.493774,เย็ด,True
./main\augmented\อาทโดนFBI_aug_113.wav,23.625685,23.815956,เย็ด,True
./main\augmented\เข้ามาสิ ไอ้เย็ดแม่_aug_114.wav,1.538512,1.780111,เย็ด,True
./main\augmented\เบลล์-เย็ด_aug_115.wav,1.081944,1.25309,เย็ด,True
./main\augmented\เย็ด (มูเซอร์)_aug_116.wav,0.347327,0.622198,เย็ด,True
./main\augmented\เย็ด (อาร์ต)_aug_117.wav,0.086975,0.246185,เย็ด,True
./main\augmented\เย็ด (อาร์ต)_aug_118.wav,0.757718,1.074662,เย็ด,True
./main\augmented\เย็ด (อาร์ต)_aug_119.wav,1.547867,1.894295,เย็ด,True
./main\augmented\เย็ด (อาร์ต)_aug_120.wav,2.360129,2.628426,เย็ด,True
./main\augmented\เย็ด (อาร์ต)_aug_121.wav,3.21809,3.439214,เย็ด,True
./main\augmented\เย็ด (อาร์ต)_aug_122.wav,4.109956,4.255898,เย็ด,True
./main\augmented\เย็ด (อาร์ต)_aug_123.wav,5.047521,5.165454,เย็ด,True
./main\augmented\เย็ด (อาร์ต)_aug_124.wav,5.976242,6.123658,เย็ด,True
./main\augmented\เย็ด (อาร์ต)_aug_125.wav,6.950661,7.171785,เย็ด,True
./main\augmented\เย็ด (อาร์ต)_aug_126.wav,8.035642,8.194851,เย็ด,True
./main\augmented\เย็ด (อาร์ต)_aug_127.wav,9.07345,9.176642,เย็ด,True
./main\augmented\เย็ด (อาร์ต)_aug_128.wav,10.018386,10.149587,เย็ด,True
./main\augmented\เย็ด (อาร์ต)_aug_129.wav,11.028186,11.21393,เย็ด,True
./main\augmented\เย็ด (อาร์ต)_aug_130.wav,12.096951,12.223729,เย็ด,True
./main\augmented\เย็ด (อาร์ต)_aug_131.wav,13.019775,13.180458,เย็ด,True
./main\augmented\เย็ด (อาร์ต)_aug_132.wav,13.883632,14.125394,เย็ด,True
./main\augmented\เย็ด (อาร์ต)_aug_133.wav,14.943553,15.151409,เย็ด,True
./main\augmented\เย็ด (อาร์ต)_aug_134.wav,15.962197,16.156786,เย็ด,True
./main\augmented\เย็ด (เปอร์)_aug_135.wav,0.852799,0.992283,เย็ด,True
./main\augmented\เย็ด (แทน)_aug_136.wav,0.536492,0.828955,เย็ด,True
./main\augmented\เย็ด (โบท)_aug_137.wav,0.731435,0.998986,เย็ด,True
./main\augmented\เย็ด (โบท2)_aug_138.wav,0.885421,1.188261,เย็ด,True
./main\augmented\เย็ดแม่ กูควรจะคาดหวังอะไรจากมึงอีกอ่ะ_aug_139.wav,0.027407,0.148967,เย็ด,True
./main\augmented\เย็ดแม่ กูไม่โอเคกับสิ่งที่มึงทำเลยนะ_aug_140.wav,0.539579,0.673335,เย็ด,True
./main\augmented\เย็ดแม่ ทนไม่ไหวแล้วจริงๆนะ_aug_141.wav,0.133903,0.250072,เย็ด,True
./main\augmented\เย็ดแม่ ทำไมถึงไม่คิดก่อนพูดบ้าง_aug_142.wav,0.193294,0.337671,เย็ด,True
./main\augmented\เย็ดแม่ ทำไมถึงไม่ใส่ใจในสิ่งที่กูบอกบ้างอ่ะ_aug_143.wav,0.0,0.085523,เย็ด,True
./main\augmented\เย็ดแม่ นี่คือสิ่งที่มึงเรียกว่าความยุติธรรมอ่อ_aug_144.wav,0.342479,0.466839,เย็ด,True
./main\augmented\เย็ดแม่ นี่คือเหตุผลที่กูไม่อยากคุยกับมึง_aug_145.wav,0.309398,0.402008,เย็ด,True
./main\augmented\เย็ดแม่ นี่ไม่ใช่ครั้งแรกที่มึงทำแบบนี้นะ_aug_146.wav,0.0,0.067542,เย็ด,True
./main\augmented\เย็ดแม่ มึงไม่แคร์อะไรเลยใช่ไหมอ่ะ_aug_147.wav,0.422101,0.509074,เย็ด,True
./main\augmented\เย็ดแม่ รู้ไหมว่าสิ่งนี้มันทำให้กูเสียใจแค่ไหนอ่ะ_aug_148.wav,0.209473,0.312409,เย็ด,True
./main\augmented\เย็ดแม่_aug_149.wav,0.378915,0.795891,เย็ด,True
./main\augmented\เย็ดแม่2_aug_150.wav,0.35378,0.754156,เย็ด,True
./main\augmented\เย็ดแม่3_aug_151.wav,0.208087,0.634575,เย็ด,True
./main\augmented\เย็ดแม่4_aug_152.wav,0.136188,0.599949,เย็ด,True
./main\augmented\เย็ดแม่5_aug_153.wav,0.294047,0.52833,เย็ด,True
./main\augmented\เย็ดแม่6_aug_154.wav,0.26858,0.596173,เย็ด,True
./main\augmented\เย็ดแม่7_aug_155.wav,0.487997,1.20082,เย็ด,True
./main\augmented\เย็ดแม่8_aug_156.wav,0.429714,0.775754,เย็ด,True
./main\augmented\เย็ดแม่9_aug_157.wav,0.345323,1.307006,เย็ด,True
./main\augmented\เย็ดแม่มความคิดโครตเจ๋ง_aug_158.wav,0.239615,0.545049,เย็ด,True
./main\augmented\เย็ดแม่มึงคิดยังไงถึงทำอย่างนี้_aug_159.wav,0.269116,0.522853,เย็ด,True
./main\augmented\เย็ดแม่ในร้านเกม_aug_160.wav,15.534236,15.661955,เย็ด,True
./main\augmented\เย็ดแม่ในร้านเกม_aug_161.wav,26.590554,26.687603,เย็ด,True
./main\augmented\เย็ดแม่ในร้านเกม_aug_162.wav,32.744145,32.879966,เย็ด,True
./main\augmented\เย็ดแม่ในร้านเกม_aug_163.wav,47.38889,47.460261,เย็ด,True
./main\augmented\เย็ดแม่ในร้านเกม_aug_164.wav,56.746069,56.861931,เย็ด,True
./main\augmented\เลสเบี้ยน_aug_165.wav,9.964553,10.042488,เย็ด,True
./main\augmented\แทนเบลล์ขโมยปลาบู่_aug_166.wav,48.182968,48.335377,เย็ด,True
./main\augmented\แทนเบลล์ขโมยปลาบู่_aug_167.wav,61.906336,61.974903,เย็ด,True
./main\augmented\แทนเบลล์ขโมยปลาบู่_aug_168.wav,64.466971,64.583227,เย็ด,True
./main\augmented\แทนเบลล์ขโมยปลาบู่_aug_169.wav,72.133356,72.257687,เย็ด,True
./main\augmented\แล้วคิดจะรับผิดชอบเรื่องนี้ยังไง เย็ดแม่_aug_170.wav,2.204926,2.310352,เย็ด,True
./main\augmented\โหเย็ดแม่ ไม่คิดจะแก้ไขอะไรหน่อยอ่อ_aug_171.wav,0.729405,0.807316,เย็ด,True
./main\augmented\โอ๊ย เย็ดแม่ เจ็บชิบหาย_aug_172.wav,0.813658,0.989133,เย็ด,True
./main\augmented\โอ๊ยเย็ดเป็ดหีแม่มึงร่วง_aug_173.wav,1.15297,1.307121,เย็ด,True
./main\augmented\ไอ้คนวิปริต ไอ้คนเย็ดแม่_aug_174.wav,2.224972,2.346228,เย็ด,True
./main\augmented\ไอ้เย็ดแม่เอ๊ย โทรมาทำไม กูง่วง_aug_175.wav,0.489214,0.69874,เย็ด,True
./main\augmented\Janพูดถึงอาท_aug_176.wav,57.804852,57.958596,เย็ด,True
./main\augmented\Janพูดถึงอาท_aug_177.wav,59.798039,59.91085,เย็ด,True
./main\augmented\Janพูดถึงอาท_aug_178.wav,80.772829,80.876913,เย็ด,True
./main\augmented\Janพูดถึงอาท_aug_179.wav,91.770179,91.844683,เย็ด,True
./main\augmented\กายพูดกูรัวๆ_aug_180.wav,23.569601,23.642706,เย็ด,True
./main\augmented\กายพูดกูรัวๆ_aug_181.wav,27.879386,27.96734,เย็ด,True
./main\augmented\กาลครั้งมีไอ้สวะตัวหนึ่ง_aug_182.wav,18.169214,18.300307,เย็ด,True
./main\augmented\ขึ้นมาสิไอ้เย็ดแม่ เราจะไปเที่ยวทะเลกัน_aug_183.wav,1.155686,1.315387,เย็ด,True
./main\augmented\คนดีห้ามเพื่อน_aug_184.wav,10.146061,10.234402,เย็ด,True
./main\augmented\ทายคำเย็ดแม่_aug_185.wav,35.692788,35.782934,เย็ด,True
./main\augmented\ทายคำเย็ดแม่_aug_186.wav,49.36401,49.435061,เย็ด,True
./main\augmented\ทายคำเย็ดแม่_aug_187.wav,54.494063,54.570637,เย็ด,True
./main\augmented\ทายคำเย็ดแม่_aug_188.wav,64.120833,64.192486,เย็ด,True
./main\augmented\ทุกครั้งมันก็เป็นแบบนี้เสมออ่ะ เย็ดแม่_aug_189.wav,1.59731,1.659816,เย็ด,True
./main\augmented\นี่มันจะเกินไปแล้วนะไอเย็ดแม่_aug_190.wav,1.52459,1.627274,เย็ด,True
./main\augmented\บัวด่านัท_aug_191.wav,24.437468,24.516471,เย็ด,True
./main\augmented\พอเหอะเย็ดแม่ เหนื่อยที่จะต้องพูดซ้ำๆอ่ะ_aug_192.wav,0.560904,0.683724,เย็ด,True
./main\augmented\มิ้นท์เบลล์ทะเลาะกันหน้าร้านไอ้แทน_aug_193.wav,13.25543,13.342119,เย็ด,True
./main\augmented\มิ้นท์เบลล์ทะเลาะกันหน้าร้านไอ้แทน_aug_194.wav,66.441737,66.547897,เย็ด,True
./main\augmented\มิ้นท์แทนนินทาไอ้เบลล์ซื้อไก่_aug_195.wav,52.311717,52.526904,เย็ด,True
./main\augmented\มึงไม่มีสิทธิ์มาทำแบบนี้กับกู เย็ดแม่_aug_196.wav,1.756098,1.904453,เย็ด,True
./main\augmented\มึงไม่เคยฟังใครเลยใช่ไหม เย็ดแม่_aug_197.wav,1.776392,1.865085,เย็ด,True
./main\augmented\หยุดทำแบบนี้ซะทีดิ๊ เย็ดแม่_aug_198.wav,1.182845,1.28045,เย็ด,True
./main\augmented\อย่าทำเหมือนกูไม่มีตัวตนนะ เย็ดแม่_aug_199.wav,1.460124,1.542007,เย็ด,True
./main\augmented\อั้มด่าแหลก_aug_200.wav,1.340255,1.493774,เย็ด,True
./main\augmented\อาทโดนFBI_aug_201.wav,23.625685,23.815956,เย็ด,True
./main\augmented\เข้ามาสิ ไอ้เย็ดแม่_aug_202.wav,1.538512,1.780111,เย็ด,True
./main\augmented\เบลล์-เย็ด_aug_203.wav,1.081944,1.25309,เย็ด,True
./main\augmented\เย็ด (มูเซอร์)_aug_204.wav,0.347327,0.622198,เย็ด,True
./main\augmented\เย็ด (อาร์ต)_aug_205.wav,0.086975,0.246185,เย็ด,True
./main\augmented\เย็ด (อาร์ต)_aug_206.wav,0.757718,1.074662,เย็ด,True
./main\augmented\เย็ด (อาร์ต)_aug_207.wav,1.547867,1.894295,เย็ด,True
./main\augmented\เย็ด (อาร์ต)_aug_208.wav,2.360129,2.628426,เย็ด,True
./main\augmented\เย็ด (อาร์ต)_aug_209.wav,3.21809,3.439214,เย็ด,True
./main\augmented\เย็ด (อาร์ต)_aug_210.wav,4.109956,4.255898,เย็ด,True
./main\augmented\เย็ด (อาร์ต)_aug_211.wav,5.047521,5.165454,เย็ด,True
./main\augmented\Janพูดถึงอาท_aug_0.wav,14.183573,14.861386,เหี้ย,True
./main\augmented\Janพูดถึงอาท_aug_1.wav,16.214891,16.685348,เหี้ย,True
./main\augmented\Janพูดถึงอาท_aug_2.wav,18.239419,18.793377,เหี้ย,True
./main\augmented\Janพูดถึงอาท_aug_3.wav,88.286035,88.409314,เหี้ย,True
./main\augmented\กายพูดกูรัวๆ_aug_4.wav,2.284142,2.362906,เหี้ย,True
./main\augmented\กายหีควยแตด_aug_5.wav,29.331934,29.448328,เหี้ย,True
./main\augmented\กายหีควยแตด_aug_6.wav,50.973486,51.119397,เหี้ย,True
./main\augmented\ก็มาดิสะไอ้สัสเป็นเหี้ยไรวะ_aug_7.wav,2.222779,2.438565,เหี้ย,True
./main\augmented\ก็มาดิสะไอ้สัสเป็นเหี้ยไรวะ_aug_8.wav,2.909606,3.140448,เหี้ย,True
./main\augmented\ก็มาดิสะไอ้สัสเป็นเหี้ยไรวะ_aug_9.wav,6.680347,7.049388,เหี้ย,True
./main\augmented\ก็มาดิสะไอ้สัสเป็นเหี้ยไรวะ_aug_10.wav,10.69093,10.864061,เหี้ย,True
./main\augmented\คอมโครตดี_aug_11.wav,5.232411,5.458234,เหี้ย,True
./main\augmented\คอมโครตดี_aug_12.wav,5.595736,5.883786,เหี้ย,True
./main\augmented\คอมโครตดี_aug_13.wav,12.906096,13.068983,เหี้ย,True
./main\augmented\ชีสเหม็น_aug_14.wav,9.421103,9.900849,เหี้ย,True
./main\augmented\บัวด่านัท_aug_15.wav,2.492108,2.832515,เหี้ย,True
./main\augmented\บัวด่านัท_aug_16.wav,8.602118,9.369242,เหี้ย,True
./main\augmented\ป้าๆก๋วยเตี๋ยวถุงนึง_aug_17.wav,5.663924,6.504191,เหี้ย,True
./main\augmented\ป้าๆก๋วยเตี๋ยวถุงนึง_aug_18.wav,10.292289,10.602994,เหี้ย,True
./main\augmented\พิ้งค์ด่าหนัง_aug_19.wav,16.298451,16.557209,เหี้ย,True
./main\augmented\มิ้นท์เบลล์ทะเลาะกันหน้าร้านไอ้แทน_aug_20.wav,12.478549,12.695032,เหี้ย,True
./main\augmented\มิ้นท์เบลล์ทะเลาะกันหน้าร้านไอ้แทน_aug_21.wav,47.202759,47.594355,เหี้ย,True
./main\augmented\มิ้นท์เบลล์ทะเลาะกันหน้าร้านไอ้แทน_aug_22.wav,96.140158,96.471645,เหี้ย,True
./main\augmented\มิ้นท์เบลล์ทะเลาะกันหน้าร้านไอ้แทน_aug_23.wav,98.007841,98.262557,เหี้ย,True
./main\augmented\มิ้นท์เบลล์ทะเลาะกันหน้าร้านไอ้แทน_aug_24.wav,114.012356,114.189513,เหี้ย,True
./main\augmented\มิ้นท์เบลล์ทะเลาะกันหน้าร้านไอ้แทน_aug_25.wav,124.929571,125.344438,เหี้ย,True
./main\augmented\มิ้นท์เบลล์ทะเลาะกันหน้าร้านไอ้แทน_aug_26.wav,150.877541,151.311427,เหี้ย,True
./main\augmented\มิ้นท์แทนนินทาไอ้เบลล์ซื้อไก่_aug_27.wav,7.513802,7.832008,เหี้ย,True
./main\augmented\มิ้นท์แทนนินทาไอ้เบลล์ซื้อไก่_aug_28.wav,35.680857,35.805688,เหี้ย,True
./main\augmented\มิ้นท์แทนนินทาไอ้เบลล์ซื้อไก่_aug_29.wav,35.805688,35.993795,เหี้ย,True
./main\augmented\มิ้นท์แทนนินทาไอ้เบลล์ซื้อไก่_aug_30.wav,46.587421,46.794465,เหี้ย,True
./main\augmented\มิ้นท์แทนนินทาไอ้เบลล์ซื้อไก่_aug_31.wav,47.198056,47.266105,เหี้ย,True
./main\augmented\มิ้นท์แทนนินทาไอ้เบลล์ซื้อไก่_aug_32.wav,47.956011,48.282503,เหี้ย,True
./main\augmented\มิ้นท์แทนนินทาไอ้เบลล์ซื้อไก่_aug_33.wav,54.469288,54.602893,เหี้ย,True
./main\augmented\มิ้นท์แทนนินทาไอ้เบลล์ซื้อไก่_aug_34.wav,77.103294,77.50017,เหี้ย,True
./main\augmented\อั้มด่าแหลก_aug_35.wav,0.504737,0.764354,เหี้ย,True
./main\augmented\อั้มด่าแหลก_aug_36.wav,2.372132,2.553996,เหี้ย,True
./main\augmented\อั้มด่าแหลก_aug_37.wav,3.592463,3.849444,เหี้ย,True
./main\augmented\อั้มด่าแหลก_aug_38.wav,4.976207,5.214738,เหี้ย,True
./main\augmented\อาทโดนFBI_aug_39.wav,77.048528,77.235678,เหี้ย,True
./main\augmented\อาทโดนFBI_aug_40.wav,77.375933,77.549346,เหี้ย,True
./main\augmented\อารมณ์แบบว่างี้ป้ะ_aug_41.wav,8.341481,8.633113,เหี้ย,True
./main\augmented\อารมณ์แบบว่างี้ป้ะ_aug_42.wav,9.2997,9.721397,เหี้ย,True
./main\augmented\อารมณ์แบบว่างี้ป้ะ_aug_43.wav,13.279914,13.617272,เหี้ย,True
./main\augmented\อารมณ์แบบว่างี้ป้ะ_aug_44.wav,15.813147,16.028569,เหี้ย,True
./main\augmented\ฮือฮืมเป็นวันที่ดี_aug_45.wav,5.288453,5.853686,เหี้ย,True
./main\augmented\เบลล์-เหี้ย_aug_46.wav,0.72451,1.026743,เหี้ย,True
./main\augmented\เป็นสวะแล้วยังทำนิสัยหีๆอีก_aug_47.wav,4.631896,4.838322,เหี้ย,True
./main\augmented\เหี้ย (มูเซอร์)_aug_48.wav,0.519516,1.216308,เหี้ย,True
./main\augmented\เหี้ย (อาร์ต)_aug_49.wav,0.747534,1.178285,เหี้ย,True
./main\augmented\เหี้ย (อาร์ต)_aug_50.wav,1.728421,2.23661,เหี้ย,True
./main\augmented\เหี้ย (อาร์ต)_aug_51.wav,2.779711,3.218578,เหี้ย,True
./main\augmented\เหี้ย (อาร์ต)_aug_52.wav,3.833202,4.192968,เหี้ย,True
./main\augmented\เหี้ย (อาร์ต)_aug_53.wav,4.924185,5.247061,เหี้ย,True
./main\augmented\เหี้ย (อาร์ต)_aug_54.wav,6.081721,6.385604,เหี้ย,True
./main\augmented\เหี้ย (อาร์ต)_aug_55.wav,7.225253,7.609922,เหี้ย,True
./main\augmented\เหี้ย (อาร์ต)_aug_56.wav,8.354319,8.743784,เหี้ย,True
./main\augmented\เหี้ย (อาร์ต)_aug_57.wav,9.528471,9.873809,เหี้ย,True
./main\augmented\เหี้ย (อาร์ต)_aug_58.wav,10.693989,10.961626,เหี้ย,True
./main\augmented\เหี้ย (อาร์ต)_aug_59.wav,11.922819,12.328592,เหี้ย,True
./main\augmented\เหี้ย (อาร์ต)_aug_60.wav,13.027903,13.317604,เหี้ย,True
./main\augmented\เหี้ย (อาร์ต)_aug_61.wav,14.134905,14.452425,เหี้ย,True
./main\augmented\เหี้ย (อาร์ต)_aug_62.wav,15.144062,15.428007,เหี้ย,True
./main\augmented\เหี้ย (เปอร์)_aug_63.wav,0.943397,1.343563,เหี้ย,True
./main\augmented\เหี้ย (แทน)_aug_64.wav,0.636274,1.233672,เหี้ย,True
./main\augmented\เหี้ย (โบท)_aug_65.wav,0.664017,1.008056,เหี้ย,True
./main\augmented\เหี้ย (โบท2)_aug_66.wav,0.717175,1.061215,เหี้ย,True
./main\augmented\เอ๊ย เป็นเหี้ยไรวะกูถามจริง_aug_67.wav,4.381112,4.63567,เหี้ย,True
./main\augmented\แทนเบลล์ขโมยปลาบู่_aug_68.wav,2.787705,3.087981,เหี้ย,True
./main\augmented\แทนเบลล์ขโมยปลาบู่_aug_69.wav,14.95365,15.124064,เหี้ย,True
./main\augmented\แทนเบลล์ขโมยปลาบู่_aug_70.wav,23.231712,23.59824,เหี้ย,True
./main\augmented\แทนเบลล์ขโมยปลาบู่_aug_71.wav,35.618746,35.869928,เหี้ย,True
./main\augmented\แทนเบลล์ขโมยปลาบู่_aug_72.wav,47.538457,47.836082,เหี้ย,True
./main\augmented\แทนเบลล์ขโมยปลาบู่_aug_73.wav,58.885619,59.439361,เหี้ย,True
./main\augmented\แทนเบลล์ขโมยปลาบู่_aug_74.wav,67.731623,68.022765,เหี้ย,True
./main\augmented\แทนเบลล์ขโมยปลาบู่_aug_75.wav,76.729748,77.024493,เหี้ย,True
./main\augmented\แทนเบลล์ขโมยปลาบู่_aug_76.wav,86.751084,87.022088,เหี้ย,True
./main\augmented\แทนเบลล์ขโมยปลาบู่_aug_77.wav,88.501571,88.941485,เหี้ย,True
./main\augmented\แทนเบลล์ขโมยปลาบู่_aug_78.wav,91.573528,91.952585,เหี้ย,True
./main\augmented\ไอ้อาร์ตพูดควย_aug_79.wav,2.918163,3.325446,เหี้ย,True
./main\augmented\ไอ้เหี้ย ใครกินของกูหมดเนี่ย_aug_80.wav,0.304691,0.715392,เหี้ย,True
./main\augmented\ไอ้เหี้ยถ้าสวะสังคมอย่างพวกมึงไม่เกิดขึ้นมา_aug_81.wav,2.07044,2.964486,เหี้ย,True
./main\augmented\ไอ้เหี้ยทำไมนิสัยมึงสวะได้ขนาดนี้_aug_82.wav,0.81187,1.083694,เหี้ย,True
./main\augmented\ไอ้เหี้ยทำไมนิสัยมึงสวะได้ขนาดนี้_aug_83.wav,3.330572,3.530134,เหี้ย,True
./main\augmented\Janพูดถึงอาท_aug_84.wav,14.183573,14.861386,เหี้ย,True
./main\augmented\Janพูดถึงอาท_aug_85.wav,16.214891,16.685348,เหี้ย,True
./main\augmented\Janพูดถึงอาท_aug_86.wav,18.239419,18.793377,เหี้ย,True
./main\augmented\Janพูดถึงอาท_aug_87.wav,88.286035,88.409314,เหี้ย,True
./main\augmented\กายพูดกูรัวๆ_aug_88.wav,2.284142,2.362906,เหี้ย,True
./main\augmented\กายหีควยแตด_aug_89.wav,29.331934,29.448328,เหี้ย,True
./main\augmented\กายหีควยแตด_aug_90.wav,50.973486,51.119397,เหี้ย,True
./main\augmented\ก็มาดิสะไอ้สัสเป็นเหี้ยไรวะ_aug_91.wav,2.222779,2.438565,เหี้ย,True
./main\augmented\ก็มาดิสะไอ้สัสเป็นเหี้ยไรวะ_aug_92.wav,2.909606,3.140448,เหี้ย,True
./main\augmented\ก็มาดิสะไอ้สัสเป็นเหี้ยไรวะ_aug_93.wav,6.680347,7.049388,เหี้ย,True
./main\augmented\ก็มาดิสะไอ้สัสเป็นเหี้ยไรวะ_aug_94.wav,10.69093,10.864061,เหี้ย,True
./main\augmented\คอมโครตดี_aug_95.wav,5.232411,5.458234,เหี้ย,True
./main\augmented\คอมโครตดี_aug_96.wav,5.595736,5.883786,เหี้ย,True
./main\augmented\คอมโครตดี_aug_97.wav,12.906096,13.068983,เหี้ย,True
./main\augmented\ชีสเหม็น_aug_98.wav,9.421103,9.900849,เหี้ย,True
./main\augmented\บัวด่านัท_aug_99.wav,2.492108,2.832515,เหี้ย,True
./main\augmented\บัวด่านัท_aug_100.wav,8.602118,9.369242,เหี้ย,True
./main\augmented\ป้าๆก๋วยเตี๋ยวถุงนึง_aug_101.wav,5.663924,6.504191,เหี้ย,True
./main\augmented\ป้าๆก๋วยเตี๋ยวถุงนึง_aug_102.wav,10.292289,10.602994,เหี้ย,True
./main\augmented\พิ้งค์ด่าหนัง_aug_103.wav,16.298451,16.557209,เหี้ย,True
./main\augmented\มิ้นท์เบลล์ทะเลาะกันหน้าร้านไอ้แทน_aug_104.wav,12.478549,12.695032,เหี้ย,True
./main\augmented\มิ้นท์เบลล์ทะเลาะกันหน้าร้านไอ้แทน_aug_105.wav,47.202759,47.594355,เหี้ย,True
./main\augmented\มิ้นท์เบลล์ทะเลาะกันหน้าร้านไอ้แทน_aug_106.wav,96.140158,96.471645,เหี้ย,True
./main\augmented\มิ้นท์เบลล์ทะเลาะกันหน้าร้านไอ้แทน_aug_107.wav,98.007841,98.262557,เหี้ย,True
./main\augmented\มิ้นท์เบลล์ทะเลาะกันหน้าร้านไอ้แทน_aug_108.wav,114.012356,114.189513,เหี้ย,True
./main\augmented\มิ้นท์เบลล์ทะเลาะกันหน้าร้านไอ้แทน_aug_109.wav,124.929571,125.344438,เหี้ย,True
./main\augmented\มิ้นท์เบลล์ทะเลาะกันหน้าร้านไอ้แทน_aug_110.wav,150.877541,151.311427,เหี้ย,True
./main\augmented\มิ้นท์แทนนินทาไอ้เบลล์ซื้อไก่_aug_111.wav,7.513802,7.832008,เหี้ย,True
./main\augmented\มิ้นท์แทนนินทาไอ้เบลล์ซื้อไก่_aug_112.wav,35.680857,35.805688,เหี้ย,True
./main\augmented\มิ้นท์แทนนินทาไอ้เบลล์ซื้อไก่_aug_113.wav,35.805688,35.993795,เหี้ย,True
./main\augmented\มิ้นท์แทนนินทาไอ้เบลล์ซื้อไก่_aug_114.wav,46.587421,46.794465,เหี้ย,True
./main\augmented\มิ้นท์แทนนินทาไอ้เบลล์ซื้อไก่_aug_115.wav,47.198056,47.266105,เหี้ย,True
./main\augmented\มิ้นท์แทนนินทาไอ้เบลล์ซื้อไก่_aug_116.wav,47.956011,48.282503,เหี้ย,True
./main\augmented\มิ้นท์แทนนินทาไอ้เบลล์ซื้อไก่_aug_117.wav,54.469288,54.602893,เหี้ย,True
./main\augmented\มิ้นท์แทนนินทาไอ้เบลล์ซื้อไก่_aug_118.wav,77.103294,77.50017,เหี้ย,True
./main\augmented\อั้มด่าแหลก_aug_119.wav,0.504737,0.764354,เหี้ย,True
./main\augmented\อั้มด่าแหลก_aug_120.wav,2.372132,2.553996,เหี้ย,True
./main\augmented\อั้มด่าแหลก_aug_121.wav,3.592463,3.849444,เหี้ย,True
./main\augmented\อั้มด่าแหลก_aug_122.wav,4.976207,5.214738,เหี้ย,True
./main\augmented\อาทโดนFBI_aug_123.wav,77.048528,77.235678,เหี้ย,True
./main\augmented\อาทโดนFBI_aug_124.wav,77.375933,77.549346,เหี้ย,True
./main\augmented\อารมณ์แบบว่างี้ป้ะ_aug_125.wav,8.341481,8.633113,เหี้ย,True
./main\augmented\อารมณ์แบบว่างี้ป้ะ_aug_126.wav,9.2997,9.721397,เหี้ย,True
./main\augmented\อารมณ์แบบว่างี้ป้ะ_aug_127.wav,13.279914,13.617272,เหี้ย,True
./main\augmented\อารมณ์แบบว่างี้ป้ะ_aug_128.wav,15.813147,16.028569,เหี้ย,True
./main\augmented\ฮือฮืมเป็นวันที่ดี_aug_129.wav,5.288453,5.853686,เหี้ย,True
./main\augmented\เบลล์-เหี้ย_aug_130.wav,0.72451,1.026743,เหี้ย,True
./main\augmented\เป็นสวะแล้วยังทำนิสัยหีๆอีก_aug_131.wav,4.631896,4.838322,เหี้ย,True
./main\augmented\เหี้ย (มูเซอร์)_aug_132.wav,0.519516,1.216308,เหี้ย,True
./main\augmented\เหี้ย (อาร์ต)_aug_133.wav,0.747534,1.178285,เหี้ย,True
./main\augmented\เหี้ย (อาร์ต)_aug_134.wav,1.728421,2.23661,เหี้ย,True
./main\augmented\เหี้ย (อาร์ต)_aug_135.wav,2.779711,3.218578,เหี้ย,True
./main\augmented\เหี้ย (อาร์ต)_aug_136.wav,3.833202,4.192968,เหี้ย,True
./main\augmented\เหี้ย (อาร์ต)_aug_137.wav,4.924185,5.247061,เหี้ย,True
./main\augmented\เหี้ย (อาร์ต)_aug_138.wav,6.081721,6.385604,เหี้ย,True
./main\augmented\เหี้ย (อาร์ต)_aug_139.wav,7.225253,7.609922,เหี้ย,True
./main\augmented\เหี้ย (อาร์ต)_aug_140.wav,8.354319,8.743784,เหี้ย,True
./main\augmented\เหี้ย (อาร์ต)_aug_141.wav,9.528471,9.873809,เหี้ย,True
./main\augmented\เหี้ย (อาร์ต)_aug_142.wav,10.693989,10.961626,เหี้ย,True
./main\augmented\เหี้ย (อาร์ต)_aug_143.wav,11.922819,12.328592,เหี้ย,True
./main\augmented\เหี้ย (อาร์ต)_aug_144.wav,13.027903,13.317604,เหี้ย,True
./main\augmented\เหี้ย (อาร์ต)_aug_145.wav,14.134905,14.452425,เหี้ย,True
./main\augmented\เหี้ย (อาร์ต)_aug_146.wav,15.144062,15.428007,เหี้ย,True
./main\augmented\เหี้ย (เปอร์)_aug_147.wav,0.943397,1.343563,เหี้ย,True
./main\augmented\เหี้ย (แทน)_aug_148.wav,0.636274,1.233672,เหี้ย,True
./main\augmented\เหี้ย (โบท)_aug_149.wav,0.664017,1.008056,เหี้ย,True
./main\augmented\เหี้ย (โบท2)_aug_150.wav,0.717175,1.061215,เหี้ย,True
./main\augmented\เอ๊ย เป็นเหี้ยไรวะกูถามจริง_aug_151.wav,4.381112,4.63567,เหี้ย,True
./main\augmented\แทนเบลล์ขโมยปลาบู่_aug_152.wav,2.787705,3.087981,เหี้ย,True
./main\augmented\แทนเบลล์ขโมยปลาบู่_aug_153.wav,14.95365,15.124064,เหี้ย,True
./main\augmented\แทนเบลล์ขโมยปลาบู่_aug_154.wav,23.231712,23.59824,เหี้ย,True
./main\augmented\แทนเบลล์ขโมยปลาบู่_aug_155.wav,35.618746,35.869928,เหี้ย,True
./main\augmented\แทนเบลล์ขโมยปลาบู่_aug_156.wav,47.538457,47.836082,เหี้ย,True
./main\augmented\แทนเบลล์ขโมยปลาบู่_aug_157.wav,58.885619,59.439361,เหี้ย,True
./main\augmented\แทนเบลล์ขโมยปลาบู่_aug_158.wav,67.731623,68.022765,เหี้ย,True
./main\augmented\แทนเบลล์ขโมยปลาบู่_aug_159.wav,76.729748,77.024493,เหี้ย,True
./main\augmented\แทนเบลล์ขโมยปลาบู่_aug_160.wav,86.751084,87.022088,เหี้ย,True
./main\augmented\แทนเบลล์ขโมยปลาบู่_aug_161.wav,88.501571,88.941485,เหี้ย,True
./main\augmented\แทนเบลล์ขโมยปลาบู่_aug_162.wav,91.573528,91.952585,เหี้ย,True
./main\augmented\ไอ้อาร์ตพูดควย_aug_163.wav,2.918163,3.325446,เหี้ย,True
./main\augmented\ไอ้เหี้ย ใครกินของกูหมดเนี่ย_aug_164.wav,0.304691,0.715392,เหี้ย,True
./main\augmented\ไอ้เหี้ยถ้าสวะสังคมอย่างพวกมึงไม่เกิดขึ้นมา_aug_165.wav,2.07044,2.964486,เหี้ย,True
./main\augmented\ไอ้เหี้ยทำไมนิสัยมึงสวะได้ขนาดนี้_aug_166.wav,0.81187,1.083694,เหี้ย,True
./main\augmented\ไอ้เหี้ยทำไมนิสัยมึงสวะได้ขนาดนี้_aug_167.wav,3.330572,3.530134,เหี้ย,True
./main\augmented\Janพูดถึงอาท_aug_168.wav,14.183573,14.861386,เหี้ย,True
./main\augmented\Janพูดถึงอาท_aug_169.wav,16.214891,16.685348,เหี้ย,True
./main\augmented\Janพูดถึงอาท_aug_170.wav,18.239419,18.793377,เหี้ย,True
./main\augmented\Janพูดถึงอาท_aug_171.wav,88.286035,88.409314,เหี้ย,True
./main\augmented\กายพูดกูรัวๆ_aug_172.wav,2.284142,2.362906,เหี้ย,True
./main\augmented\กายหีควยแตด_aug_173.wav,29.331934,29.448328,เหี้ย,True
./main\augmented\กายหีควยแตด_aug_174.wav,50.973486,51.119397,เหี้ย,True
./main\augmented\ก็มาดิสะไอ้สัสเป็นเหี้ยไรวะ_aug_175.wav,2.222779,2.438565,เหี้ย,True
./main\augmented\ก็มาดิสะไอ้สัสเป็นเหี้ยไรวะ_aug_176.wav,2.909606,3.140448,เหี้ย,True
./main\augmented\ก็มาดิสะไอ้สัสเป็นเหี้ยไรวะ_aug_177.wav,6.680347,7.049388,เหี้ย,True
./main\augmented\ก็มาดิสะไอ้สัสเป็นเหี้ยไรวะ_aug_178.wav,10.69093,10.864061,เหี้ย,True
./main\augmented\คอมโครตดี_aug_179.wav,5.232411,5.458234,เหี้ย,True
./main\augmented\คอมโครตดี_aug_180.wav,5.595736,5.883786,เหี้ย,True
./main\augmented\คอมโครตดี_aug_181.wav,12.906096,13.068983,เหี้ย,True
./main\augmented\ชีสเหม็น_aug_182.wav,9.421103,9.900849,เหี้ย,True
./main\augmented\บัวด่านัท_aug_183.wav,2.492108,2.832515,เหี้ย,True
./main\augmented\บัวด่านัท_aug_184.wav,8.602118,9.369242,เหี้ย,True
./main\augmented\ป้าๆก๋วยเตี๋ยวถุงนึง_aug_185.wav,5.663924,6.504191,เหี้ย,True
./main\augmented\ป้าๆก๋วยเตี๋ยวถุงนึง_aug_186.wav,10.292289,10.602994,เหี้ย,True
./main\augmented\พิ้งค์ด่าหนัง_aug_187.wav,16.298451,16.557209,เหี้ย,True
./main\augmented\มิ้นท์เบลล์ทะเลาะกันหน้าร้านไอ้แทน_aug_188.wav,12.478549,12.695032,เหี้ย,True
./main\augmented\มิ้นท์เบลล์ทะเลาะกันหน้าร้านไอ้แทน_aug_189.wav,47.202759,47.594355,เหี้ย,True
./main\augmented\มิ้นท์เบลล์ทะเลาะกันหน้าร้านไอ้แทน_aug_190.wav,96.140158,96.471645,เหี้ย,True
./main\augmented\มิ้นท์เบลล์ทะเลาะกันหน้าร้านไอ้แทน_aug_191.wav,98.007841,98.262557,เหี้ย,True
./main\augmented\มิ้นท์เบลล์ทะเลาะกันหน้าร้านไอ้แทน_aug_192.wav,114.012356,114.189513,เหี้ย,True
./main\augmented\มิ้นท์เบลล์ทะเลาะกันหน้าร้านไอ้แทน_aug_193.wav,124.929571,125.344438,เหี้ย,True
./main\augmented\มิ้นท์เบลล์ทะเลาะกันหน้าร้านไอ้แทน_aug_194.wav,150.877541,151.311427,เหี้ย,True
./main\augmented\มิ้นท์แทนนินทาไอ้เบลล์ซื้อไก่_aug_195.wav,7.513802,7.832008,เหี้ย,True
./main\augmented\มิ้นท์แทนนินทาไอ้เบลล์ซื้อไก่_aug_196.wav,35.680857,35.805688,เหี้ย,True
./main\augmented\มิ้นท์แทนนินทาไอ้เบลล์ซื้อไก่_aug_197.wav,35.805688,35.993795,เหี้ย,True
./main\augmented\มิ้นท์แทนนินทาไอ้เบลล์ซื้อไก่_aug_198.wav,46.587421,46.794465,เหี้ย,True
./main\augmented\มิ้นท์แทนนินทาไอ้เบลล์ซื้อไก่_aug_199.wav,47.198056,47.266105,เหี้ย,True
./main\augmented\มิ้นท์แทนนินทาไอ้เบลล์ซื้อไก่_aug_200.wav,47.956011,48.282503,เหี้ย,True
./main\augmented\มิ้นท์แทนนินทาไอ้เบลล์ซื้อไก่_aug_201.wav,54.469288,54.602893,เหี้ย,True
./main\augmented\มิ้นท์แทนนินทาไอ้เบลล์ซื้อไก่_aug_202.wav,77.103294,77.50017,เหี้ย,True
./main\augmented\อั้มด่าแหลก_aug_203.wav,0.504737,0.764354,เหี้ย,True
./main\augmented\อั้มด่าแหลก_aug_204.wav,2.372132,2.553996,เหี้ย,True
./main\augmented\อั้มด่าแหลก_aug_205.wav,3.592463,3.849444,เหี้ย,True
./main\augmented\อั้มด่าแหลก_aug_206.wav,4.976207,5.214738,เหี้ย,True
./main\augmented\อาทโดนFBI_aug_207.wav,77.048528,77.235678,เหี้ย,True
./main\augmented\อาทโดนFBI_aug_208.wav,77.375933,77.549346,เหี้ย,True
./main\augmented\อารมณ์แบบว่างี้ป้ะ_aug_209.wav,8.341481,8.633113,เหี้ย,True
./main\augmented\อารมณ์แบบว่างี้ป้ะ_aug_210.wav,9.2997,9.721397,เหี้ย,True
./main\augmented\อารมณ์แบบว่างี้ป้ะ_aug_211.wav,13.279914,13.617272,เหี้ย,True
./main\augmented\อารมณ์แบบว่างี้ป้ะ_aug_212.wav,15.813147,16.028569,เหี้ย,True
./main\augmented\ฮือฮืมเป็นวันที่ดี_aug_213.wav,5.288453,5.853686,เหี้ย,True
./main\augmented\เบลล์-เหี้ย_aug_214.wav,0.72451,1.026743,เหี้ย,True
./main\augmented\เป็นสวะแล้วยังทำนิสัยหีๆอีก_aug_215.wav,4.631896,4.838322,เหี้ย,True
./main\augmented\กล้าดียังไงมาแตะคนรัก_aug_0.wav,2.699132,3.046038,สวะ,True
./main\augmented\กล้าดียังไงมาแตะคนรัก_aug_1.wav,7.246159,7.643905,สวะ,True
./main\augmented\การกระทำที่ไร้ศีลธรรมของเขาเป็นเหมือนสวะที่ปนเปื้อนในสังคม_aug_2.wav,2.961863,3.198446,สวะ,True
./main\augmented\กาลครั้งมีไอ้สวะตัวหนึ่ง_aug_3.wav,3.218479,3.43895,สวะ,True
./main\augmented\กาลครั้งมีไอ้สวะตัวหนึ่ง_aug_4.wav,7.251913,7.503518,สวะ,True
./main\augmented\กาลครั้งมีไอ้สวะตัวหนึ่ง_aug_5.wav,15.358915,15.575452,สวะ,True
./main\augmented\ก็มาดิสะไอ้สัสเป็นเหี้ยไรวะ_aug_6.wav,9.367063,9.750196,สวะ,True
./main\augmented\คอมโครตดี_aug_7.wav,27.791607,28.196133,สวะ,True
./main\augmented\ดูถูกหีไม่มีวันเจริญ_aug_8.wav,4.925846,5.242343,สวะ,True
./main\augmented\ทุกครั้งที่เขาพูด มันเหมือนเขากำลังพ่นสวะออกมา_aug_9.wav,3.112623,3.321756,สวะ,True
./main\augmented\นิสัยควยๆแบบนี้_aug_10.wav,4.527586,4.898545,สวะ,True
./main\augmented\บัวด่านัท_aug_11.wav,18.130919,18.482848,สวะ,True
./main\augmented\บารมีมารดา_aug_12.wav,14.844376,15.221604,สวะ,True
./main\augmented\ป้าๆก๋วยเตี๋ยวถุงนึง_aug_13.wav,13.629217,13.996858,สวะ,True
./main\augmented\พิ้งค์ด่าหนัง_aug_14.wav,5.814375,6.041885,สวะ,True
./main\augmented\พูดจาไม่มีสาระเหมือนสวะลอยน้ำไปวัน ๆ_aug_15.wav,2.439818,2.664448,สวะ,True
./main\augmented\มิ้นท์เบลล์ทะเลาะกันหน้าร้านไอ้แทน_aug_16.wav,28.133892,28.420447,สวะ,True
./main\augmented\มิ้นท์เบลล์ทะเลาะกันหน้าร้านไอ้แทน_aug_17.wav,74.898694,75.193767,สวะ,True
./main\augmented\มิ้นท์เบลล์ทะเลาะกันหน้าร้านไอ้แทน_aug_18.wav,82.307051,82.760275,สวะ,True
./main\augmented\มิ้นท์แทนนินทาไอ้เบลล์ซื้อไก่_aug_19.wav,8.980809,9.146389,สวะ,True
./main\augmented\มิ้นท์แทนนินทาไอ้เบลล์ซื้อไก่_aug_20.wav,73.745343,74.04709,สวะ,True
./main\augmented\สวะ (มูเซอร์)_aug_21.wav,0.470386,0.877518,สวะ,True
./main\augmented\สวะ (อาร์ต)_aug_22.wav,0.603739,0.867777,สวะ,True
./main\augmented\สวะ (อาร์ต)_aug_23.wav,1.141732,1.573118,สวะ,True
./main\augmented\สวะ (อาร์ต)_aug_24.wav,1.83711,2.430886,สวะ,True
./main\augmented\สวะ (อาร์ต)_aug_25.wav,2.727154,3.368035,สวะ,True
./main\augmented\สวะ (อาร์ต)_aug_26.wav,3.836609,4.354768,สวะ,True
./main\augmented\สวะ (อาร์ต)_aug_27.wav,4.843177,5.169196,สวะ,True
./main\augmented\สวะ (อาร์ต)_aug_28.wav,5.770409,6.08899,สวะ,True
./main\augmented\สวะ (อาร์ต)_aug_29.wav,6.961679,7.2815,สวะ,True
./main\augmented\สวะ (อาร์ต)_aug_30.wav,8.338892,8.628962,สวะ,True
./main\augmented\สวะ (อาร์ต)_aug_31.wav,9.426034,9.709906,สวะ,True
./main\augmented\สวะ (อาร์ต)_aug_32.wav,10.430283,10.673087,สวะ,True
./main\augmented\สวะ (อาร์ต)_aug_33.wav,11.468353,11.748755,สวะ,True
./main\augmented\สวะ (อาร์ต)_aug_34.wav,12.551394,12.811991,สวะ,True
./main\augmented\สวะ (อาร์ต)_aug_35.wav,13.620884,13.948194,สวะ,True
./main\augmented\สวะ (อาร์ต)_aug_36.wav,14.740409,15.161534,สวะ,True
./main\augmented\สวะ (อาร์ต)_aug_37.wav,15.80156,16.071539,สวะ,True
./main\augmented\สวะ (อาร์ต)_aug_38.wav,16.839779,17.152495,สวะ,True
./main\augmented\สวะ (อาร์ต)_aug_39.wav,17.928032,18.142147,สวะ,True
./main\augmented\สวะ (เปอร์)_aug_40.wav,1.25797,1.523462,สวะ,True
./main\augmented\สวะ (แทน)_aug_41.wav,0.834381,1.312154,สวะ,True
./main\augmented\สวะ (โบท)_aug_42.wav,0.53877,0.942847,สวะ,True
./main\augmented\สวะ (โบท2)_aug_43.wav,0.889339,1.391207,สวะ,True
./main\augmented\หมากัด_aug_44.wav,2.901837,3.188707,สวะ,True
./main\augmented\หีหอมพ่อง_aug_45.wav,2.743314,3.060595,สวะ,True
./main\augmented\อาทโดนFBI_aug_46.wav,2.432616,2.715343,สวะ,True
./main\augmented\อาทโดนFBI_aug_47.wav,3.43084,3.786339,สวะ,True
./main\augmented\อาทโดนFBI_aug_48.wav,9.383114,9.716483,สวะ,True
./main\augmented\อาทโดนFBI_aug_49.wav,33.007445,33.347307,สวะ,True
./main\augmented\อาทโดนFBI_aug_50.wav,62.059763,62.340587,สวะ,True
./main\augmented\อาทโดนFBI_aug_51.wav,76.481434,76.85879,สวะ,True
./main\augmented\อารมณ์แบบว่างี้ป้ะ_aug_52.wav,16.257557,16.585132,สวะ,True
./main\augmented\ฮือฮืมเป็นวันที่ดี_aug_53.wav,15.939645,16.211063,สวะ,True
./main\augmented\เธอทำตัวเหมือนสวะที่ไม่มีเป้าหมายในชีวิต_aug_54.wav,1.998751,2.260444,สวะ,True
./main\augmented\เบลล์-สวะ_aug_55.wav,1.008667,1.377218,สวะ,True
./main\augmented\เป็นสวะแล้วยังทำนิสัยหีๆอีก_aug_56.wav,1.566109,1.827762,สวะ,True
./main\augmented\เราควรทิ้งความคิดเชิงลบเหมือนกำจัดสวะออกจากแม่น้ำ_aug_57.wav,2.914356,3.19558,สวะ,True
./main\augmented\เลสเบี้ยน_aug_58.wav,0.919096,1.158468,สวะ,True
./main\augmented\เอ๊ย เป็นเหี้ยไรวะกูถามจริง_aug_59.wav,11.036401,11.337383,สวะ,True
./main\augmented\แทนเบลล์ขโมยปลาบู่_aug_60.wav,8.873064,9.171282,สวะ,True
./main\augmented\แทนเบลล์ขโมยปลาบู่_aug_61.wav,51.104871,51.556327,สวะ,True
./main\augmented\แทนเบลล์ขโมยปลาบู่_aug_62.wav,93.799343,94.096564,สวะ,True
./main\augmented\โอ๊ยเด็กสมัยนี้_aug_63.wav,7.848959,8.410302,สวะ,True
./main\augmented\ไอ้เหี้ยถ้าสวะสังคมอย่างพวกมึงไม่เกิดขึ้นมา_aug_64.wav,3.624243,3.916317,สวะ,True
./main\augmented\ไอ้เหี้ยทำไมนิสัยมึงสวะได้ขนาดนี้_aug_65.wav,1.804454,1.962002,สวะ,True
./main\augmented\กล้าดียังไงมาแตะคนรัก_aug_66.wav,2.699132,3.046038,สวะ,True
./main\augmented\กล้าดียังไงมาแตะคนรัก_aug_67.wav,7.246159,7.643905,สวะ,True
./main\augmented\การกระทำที่ไร้ศีลธรรมของเขาเป็นเหมือนสวะที่ปนเปื้อนในสังคม_aug_68.wav,2.961863,3.198446,สวะ,True
./main\augmented\กาลครั้งมีไอ้สวะตัวหนึ่ง_aug_69.wav,3.218479,3.43895,สวะ,True
./main\augmented\กาลครั้งมีไอ้สวะตัวหนึ่ง_aug_70.wav,7.251913,7.503518,สวะ,True
./main\augmented\กาลครั้งมีไอ้สวะตัวหนึ่ง_aug_71.wav,15.358915,15.575452,สวะ,True
./main\augmented\ก็มาดิสะไอ้สัสเป็นเหี้ยไรวะ_aug_72.wav,9.367063,9.750196,สวะ,True
./main\augmented\คอมโครตดี_aug_73.wav,27.791607,28.196133,สวะ,True
./main\augmented\ดูถูกหีไม่มีวันเจริญ_aug_74.wav,4.925846,5.242343,สวะ,True
./main\augmented\ทุกครั้งที่เขาพูด มันเหมือนเขากำลังพ่นสวะออกมา_aug_75.wav,3.112623,3.321756,สวะ,True
./main\augmented\นิสัยควยๆแบบนี้_aug_76.wav,4.527586,4.898545,สวะ,True
./main\augmented\บัวด่านัท_aug_77.wav,18.130919,18.482848,สวะ,True
./main\augmented\บารมีมารดา_aug_78.wav,14.844376,15.221604,สวะ,True
./main\augmented\ป้าๆก๋วยเตี๋ยวถุงนึง_aug_79.wav,13.629217,13.996858,สวะ,True
./main\augmented\พิ้งค์ด่าหนัง_aug_80.wav,5.814375,6.041885,สวะ,True
./main\augmented\พูดจาไม่มีสาระเหมือนสวะลอยน้ำไปวัน ๆ_aug_81.wav,2.439818,2.664448,สวะ,True
./main\augmented\มิ้นท์เบลล์ทะเลาะกันหน้าร้านไอ้แทน_aug_82.wav,28.133892,28.420447,สวะ,True
./main\augmented\มิ้นท์เบลล์ทะเลาะกันหน้าร้านไอ้แทน_aug_83.wav,74.898694,75.193767,สวะ,True
./main\augmented\มิ้นท์เบลล์ทะเลาะกันหน้าร้านไอ้แทน_aug_84.wav,82.307051,82.760275,สวะ,True
./main\augmented\มิ้นท์แทนนินทาไอ้เบลล์ซื้อไก่_aug_85.wav,8.980809,9.146389,สวะ,True
./main\augmented\มิ้นท์แทนนินทาไอ้เบลล์ซื้อไก่_aug_86.wav,73.745343,74.04709,สวะ,True
./main\augmented\สวะ (มูเซอร์)_aug_87.wav,0.470386,0.877518,สวะ,True
./main\augmented\สวะ (อาร์ต)_aug_88.wav,0.603739,0.867777,สวะ,True
./main\augmented\สวะ (อาร์ต)_aug_89.wav,1.141732,1.573118,สวะ,True
./main\augmented\สวะ (อาร์ต)_aug_90.wav,1.83711,2.430886,สวะ,True
./main\augmented\สวะ (อาร์ต)_aug_91.wav,2.727154,3.368035,สวะ,True
./main\augmented\สวะ (อาร์ต)_aug_92.wav,3.836609,4.354768,สวะ,True
./main\augmented\สวะ (อาร์ต)_aug_93.wav,4.843177,5.169196,สวะ,True
./main\augmented\สวะ (อาร์ต)_aug_94.wav,5.770409,6.08899,สวะ,True
./main\augmented\สวะ (อาร์ต)_aug_95.wav,6.961679,7.2815,สวะ,True
./main\augmented\สวะ (อาร์ต)_aug_96.wav,8.338892,8.628962,สวะ,True
./main\augmented\สวะ (อาร์ต)_aug_97.wav,9.426034,9.709906,สวะ,True
./main\augmented\สวะ (อาร์ต)_aug_98.wav,10.430283,10.673087,สวะ,True
./main\augmented\สวะ (อาร์ต)_aug_99.wav,11.468353,11.748755,สวะ,True
./main\augmented\สวะ (อาร์ต)_aug_100.wav,12.551394,12.811991,สวะ,True
./main\augmented\สวะ (อาร์ต)_aug_101.wav,13.620884,13.948194,สวะ,True
./main\augmented\สวะ (อาร์ต)_aug_102.wav,14.740409,15.161534,สวะ,True
./main\augmented\สวะ (อาร์ต)_aug_103.wav,15.80156,16.071539,สวะ,True
./main\augmented\สวะ (อาร์ต)_aug_104.wav,16.839779,17.152495,สวะ,True
./main\augmented\สวะ (อาร์ต)_aug_105.wav,17.928032,18.142147,สวะ,True
./main\augmented\สวะ (เปอร์)_aug_106.wav,1.25797,1.523462,สวะ,True
./main\augmented\สวะ (แทน)_aug_107.wav,0.834381,1.312154,สวะ,True
./main\augmented\สวะ (โบท)_aug_108.wav,0.53877,0.942847,สวะ,True
./main\augmented\สวะ (โบท2)_aug_109.wav,0.889339,1.391207,สวะ,True
./main\augmented\หมากัด_aug_110.wav,2.901837,3.188707,สวะ,True
./main\augmented\หีหอมพ่อง_aug_111.wav,2.743314,3.060595,สวะ,True
./main\augmented\อาทโดนFBI_aug_112.wav,2.432616,2.715343,สวะ,True
./main\augmented\อาทโดนFBI_aug_113.wav,3.43084,3.786339,สวะ,True
./main\augmented\อาทโดนFBI_aug_114.wav,9.383114,9.716483,สวะ,True
./main\augmented\อาทโดนFBI_aug_115.wav,33.007445,33.347307,สวะ,True
./main\augmented\อาทโดนFBI_aug_116.wav,62.059763,62.340587,สวะ,True
./main\augmented\อาทโดนFBI_aug_117.wav,76.481434,76.85879,สวะ,True
./main\augmented\อารมณ์แบบว่างี้ป้ะ_aug_118.wav,16.257557,16.585132,สวะ,True
./main\augmented\ฮือฮืมเป็นวันที่ดี_aug_119.wav,15.939645,16.211063,สวะ,True
./main\augmented\เธอทำตัวเหมือนสวะที่ไม่มีเป้าหมายในชีวิต_aug_120.wav,1.998751,2.260444,สวะ,True
./main\augmented\เบลล์-สวะ_aug_121.wav,1.008667,1.377218,สวะ,True
./main\augmented\เป็นสวะแล้วยังทำนิสัยหีๆอีก_aug_122.wav,1.566109,1.827762,สวะ,True
./main\augmented\เราควรทิ้งความคิดเชิงลบเหมือนกำจัดสวะออกจากแม่น้ำ_aug_123.wav,2.914356,3.19558,สวะ,True
./main\augmented\เลสเบี้ยน_aug_124.wav,0.919096,1.158468,สวะ,True
./main\augmented\เอ๊ย เป็นเหี้ยไรวะกูถามจริง_aug_125.wav,11.036401,11.337383,สวะ,True
./main\augmented\แทนเบลล์ขโมยปลาบู่_aug_126.wav,8.873064,9.171282,สวะ,True
./main\augmented\แทนเบลล์ขโมยปลาบู่_aug_127.wav,51.104871,51.556327,สวะ,True
./main\augmented\แทนเบลล์ขโมยปลาบู่_aug_128.wav,93.799343,94.096564,สวะ,True
./main\augmented\โอ๊ยเด็กสมัยนี้_aug_129.wav,7.848959,8.410302,สวะ,True
./main\augmented\ไอ้เหี้ยถ้าสวะสังคมอย่างพวกมึงไม่เกิดขึ้นมา_aug_130.wav,3.624243,3.916317,สวะ,True
./main\augmented\ไอ้เหี้ยทำไมนิสัยมึงสวะได้ขนาดนี้_aug_131.wav,1.804454,1.962002,สวะ,True
./main\augmented\กล้าดียังไงมาแตะคนรัก_aug_132.wav,2.699132,3.046038,สวะ,True
./main\augmented\กล้าดียังไงมาแตะคนรัก_aug_133.wav,7.246159,7.643905,สวะ,True
./main\augmented\การกระทำที่ไร้ศีลธรรมของเขาเป็นเหมือนสวะที่ปนเปื้อนในสังคม_aug_134.wav,2.961863,3.198446,สวะ,True
./main\augmented\กาลครั้งมีไอ้สวะตัวหนึ่ง_aug_135.wav,3.218479,3.43895,สวะ,True
./main\augmented\กาลครั้งมีไอ้สวะตัวหนึ่ง_aug_136.wav,7.251913,7.503518,สวะ,True
./main\augmented\กาลครั้งมีไอ้สวะตัวหนึ่ง_aug_137.wav,15.358915,15.575452,สวะ,True
./main\augmented\ก็มาดิสะไอ้สัสเป็นเหี้ยไรวะ_aug_138.wav,9.367063,9.750196,สวะ,True
./main\augmented\คอมโครตดี_aug_139.wav,27.791607,28.196133,สวะ,True
./main\augmented\ดูถูกหีไม่มีวันเจริญ_aug_140.wav,4.925846,5.242343,สวะ,True
./main\augmented\ทุกครั้งที่เขาพูด มันเหมือนเขากำลังพ่นสวะออกมา_aug_141.wav,3.112623,3.321756,สวะ,True
./main\augmented\นิสัยควยๆแบบนี้_aug_142.wav,4.527586,4.898545,สวะ,True
./main\augmented\บัวด่านัท_aug_143.wav,18.130919,18.482848,สวะ,True
./main\augmented\บารมีมารดา_aug_144.wav,14.844376,15.221604,สวะ,True
./main\augmented\ป้าๆก๋วยเตี๋ยวถุงนึง_aug_145.wav,13.629217,13.996858,สวะ,True
./main\augmented\พิ้งค์ด่าหนัง_aug_146.wav,5.814375,6.041885,สวะ,True
./main\augmented\พูดจาไม่มีสาระเหมือนสวะลอยน้ำไปวัน ๆ_aug_147.wav,2.439818,2.664448,สวะ,True
./main\augmented\มิ้นท์เบลล์ทะเลาะกันหน้าร้านไอ้แทน_aug_148.wav,28.133892,28.420447,สวะ,True
./main\augmented\มิ้นท์เบลล์ทะเลาะกันหน้าร้านไอ้แทน_aug_149.wav,74.898694,75.193767,สวะ,True
./main\augmented\มิ้นท์เบลล์ทะเลาะกันหน้าร้านไอ้แทน_aug_150.wav,82.307051,82.760275,สวะ,True
./main\augmented\มิ้นท์แทนนินทาไอ้เบลล์ซื้อไก่_aug_151.wav,8.980809,9.146389,สวะ,True
./main\augmented\มิ้นท์แทนนินทาไอ้เบลล์ซื้อไก่_aug_152.wav,73.745343,74.04709,สวะ,True
./main\augmented\สวะ (มูเซอร์)_aug_153.wav,0.470386,0.877518,สวะ,True
./main\augmented\สวะ (อาร์ต)_aug_154.wav,0.603739,0.867777,สวะ,True
./main\augmented\สวะ (อาร์ต)_aug_155.wav,1.141732,1.573118,สวะ,True
./main\augmented\สวะ (อาร์ต)_aug_156.wav,1.83711,2.430886,สวะ,True
./main\augmented\สวะ (อาร์ต)_aug_157.wav,2.727154,3.368035,สวะ,True
./main\augmented\สวะ (อาร์ต)_aug_158.wav,3.836609,4.354768,สวะ,True
./main\augmented\สวะ (อาร์ต)_aug_159.wav,4.843177,5.169196,สวะ,True
./main\augmented\สวะ (อาร์ต)_aug_160.wav,5.770409,6.08899,สวะ,True
./main\augmented\สวะ (อาร์ต)_aug_161.wav,6.961679,7.2815,สวะ,True
./main\augmented\สวะ (อาร์ต)_aug_162.wav,8.338892,8.628962,สวะ,True
./main\augmented\สวะ (อาร์ต)_aug_163.wav,9.426034,9.709906,สวะ,True
./main\augmented\สวะ (อาร์ต)_aug_164.wav,10.430283,10.673087,สวะ,True
./main\augmented\สวะ (อาร์ต)_aug_165.wav,11.468353,11.748755,สวะ,True
./main\augmented\สวะ (อาร์ต)_aug_166.wav,12.551394,12.811991,สวะ,True
./main\augmented\สวะ (อาร์ต)_aug_167.wav,13.620884,13.948194,สวะ,True
./main\augmented\สวะ (อาร์ต)_aug_168.wav,14.740409,15.161534,สวะ,True
./main\augmented\สวะ (อาร์ต)_aug_169.wav,15.80156,16.071539,สวะ,True
./main\augmented\สวะ (อาร์ต)_aug_170.wav,16.839779,17.152495,สวะ,True
./main\augmented\สวะ (อาร์ต)_aug_171.wav,17.928032,18.142147,สวะ,True
./main\augmented\สวะ (เปอร์)_aug_172.wav,1.25797,1.523462,สวะ,True
./main\augmented\สวะ (แทน)_aug_173.wav,0.834381,1.312154,สวะ,True
./main\augmented\สวะ (โบท)_aug_174.wav,0.53877,0.942847,สวะ,True
./main\augmented\สวะ (โบท2)_aug_175.wav,0.889339,1.391207,สวะ,True
./main\augmented\หมากัด_aug_176.wav,2.901837,3.188707,สวะ,True
./main\augmented\หีหอมพ่อง_aug_177.wav,2.743314,3.060595,สวะ,True
./main\augmented\อาทโดนFBI_aug_178.wav,2.432616,2.715343,สวะ,True
./main\augmented\อาทโดนFBI_aug_179.wav,3.43084,3.786339,สวะ,True
./main\augmented\อาทโดนFBI_aug_180.wav,9.383114,9.716483,สวะ,True
./main\augmented\อาทโดนFBI_aug_181.wav,33.007445,33.347307,สวะ,True
./main\augmented\อาทโดนFBI_aug_182.wav,62.059763,62.340587,สวะ,True
./main\augmented\อาทโดนFBI_aug_183.wav,76.481434,76.85879,สวะ,True
./main\augmented\อารมณ์แบบว่างี้ป้ะ_aug_184.wav,16.257557,16.585132,สวะ,True
./main\augmented\ฮือฮืมเป็นวันที่ดี_aug_185.wav,15.939645,16.211063,สวะ,True
./main\augmented\เธอทำตัวเหมือนสวะที่ไม่มีเป้าหมายในชีวิต_aug_186.wav,1.998751,2.260444,สวะ,True
./main\augmented\เบลล์-สวะ_aug_187.wav,1.008667,1.377218,สวะ,True
./main\augmented\เป็นสวะแล้วยังทำนิสัยหีๆอีก_aug_188.wav,1.566109,1.827762,สวะ,True
./main\augmented\เราควรทิ้งความคิดเชิงลบเหมือนกำจัดสวะออกจากแม่น้ำ_aug_189.wav,2.914356,3.19558,สวะ,True
./main\augmented\เลสเบี้ยน_aug_190.wav,0.919096,1.158468,สวะ,True
./main\augmented\เอ๊ย เป็นเหี้ยไรวะกูถามจริง_aug_191.wav,11.036401,11.337383,สวะ,True
./main\augmented\แทนเบลล์ขโมยปลาบู่_aug_192.wav,8.873064,9.171282,สวะ,True
./main\augmented\แทนเบลล์ขโมยปลาบู่_aug_193.wav,51.104871,51.556327,สวะ,True
./main\augmented\แทนเบลล์ขโมยปลาบู่_aug_194.wav,93.799343,94.096564,สวะ,True
./main\augmented\โอ๊ยเด็กสมัยนี้_aug_195.wav,7.848959,8.410302,สวะ,True
./main\augmented\ไอ้เหี้ยถ้าสวะสังคมอย่างพวกมึงไม่เกิดขึ้นมา_aug_196.wav,3.624243,3.916317,สวะ,True
./main\augmented\ไอ้เหี้ยทำไมนิสัยมึงสวะได้ขนาดนี้_aug_197.wav,1.804454,1.962002,สวะ,True
./main\augmented\กล้าดียังไงมาแตะคนรัก_aug_198.wav,2.699132,3.046038,สวะ,True
./main\augmented\กล้าดียังไงมาแตะคนรัก_aug_199.wav,7.246159,7.643905,สวะ,True
./main\augmented\การกระทำที่ไร้ศีลธรรมของเขาเป็นเหมือนสวะที่ปนเปื้อนในสังคม_aug_200.wav,2.961863,3.198446,สวะ,True
./main\augmented\กาลครั้งมีไอ้สวะตัวหนึ่ง_aug_201.wav,3.218479,3.43895,สวะ,True
./main\augmented\กาลครั้งมีไอ้สวะตัวหนึ่ง_aug_202.wav,7.251913,7.503518,สวะ,True
./main\augmented\กาลครั้งมีไอ้สวะตัวหนึ่ง_aug_203.wav,15.358915,15.575452,สวะ,True
./main\augmented\ก็มาดิสะไอ้สัสเป็นเหี้ยไรวะ_aug_204.wav,9.367063,9.750196,สวะ,True
./main\augmented\คอมโครตดี_aug_205.wav,27.791607,28.196133,สวะ,True
./main\augmented\ดูถูกหีไม่มีวันเจริญ_aug_206.wav,4.925846,5.242343,สวะ,True
./main\augmented\ทุกครั้งที่เขาพูด มันเหมือนเขากำลังพ่นสวะออกมา_aug_207.wav,3.112623,3.321756,สวะ,True
./main\augmented\นิสัยควยๆแบบนี้_aug_208.wav,4.527586,4.898545,สวะ,True
./main\augmented\บัวด่านัท_aug_209.wav,18.130919,18.482848,สวะ,True
./main\augmented\บารมีมารดา_aug_210.wav,14.844376,15.221604,สวะ,True
./main\augmented\ป้าๆก๋วยเตี๋ยวถุงนึง_aug_211.wav,13.629217,13.996858,สวะ,True
./main\augmented\พิ้งค์ด่าหนัง_aug_212.wav,5.814375,6.041885,สวะ,True
./main\augmented\พูดจาไม่มีสาระเหมือนสวะลอยน้ำไปวัน ๆ_aug_213.wav,2.439818,2.664448,สวะ,True
./main\augmented\มิ้นท์เบลล์ทะเลาะกันหน้าร้านไอ้แทน_aug_214.wav,28.133892,28.420447,สวะ,True
./main\augmented\มิ้นท์เบลล์ทะเลาะกันหน้าร้านไอ้แทน_aug_215.wav,74.898694,75.193767,สวะ,True
./main\augmented\มิ้นท์เบลล์ทะเลาะกันหน้าร้านไอ้แทน_aug_216.wav,82.307051,82.760275,สวะ,True
./main\augmented\มิ้นท์แทนนินทาไอ้เบลล์ซื้อไก่_aug_217.wav,8.980809,9.146389,สวะ,True
./main\augmented\มิ้นท์แทนนินทาไอ้เบลล์ซื้อไก่_aug_218.wav,73.745343,74.04709,สวะ,True
./main\augmented\สวะ (มูเซอร์)_aug_219.wav,0.470386,0.877518,สวะ,True
./main\augmented\สวะ (อาร์ต)_aug_220.wav,0.603739,0.867777,สวะ,True
./main\augmented\สวะ (อาร์ต)_aug_221.wav,1.141732,1.573118,สวะ,True
./main\augmented\สวะ (อาร์ต)_aug_222.wav,1.83711,2.430886,สวะ,True
./main\augmented\สวะ (อาร์ต)_aug_223.wav,2.727154,3.368035,สวะ,True
./main\augmented\สวะ (อาร์ต)_aug_224.wav,3.836609,4.354768,สวะ,True
./main\augmented\สวะ (อาร์ต)_aug_225.wav,4.843177,5.169196,สวะ,True
./main\augmented\สวะ (อาร์ต)_aug_226.wav,5.770409,6.08899,สวะ,True
./main\augmented\สวะ (อาร์ต)_aug_227.wav,6.961679,7.2815,สวะ,True
./main\augmented\สวะ (อาร์ต)_aug_228.wav,8.338892,8.628962,สวะ,True
./main\augmented\สวะ (อาร์ต)_aug_229.wav,9.426034,9.709906,สวะ,True
./main\augmented\สวะ (อาร์ต)_aug_230.wav,10.430283,10.673087,สวะ,True
./main\augmented\สวะ (อาร์ต)_aug_231.wav,11.468353,11.748755,สวะ,True
./main\augmented\สวะ (อาร์ต)_aug_232.wav,12.551394,12.811991,สวะ,True
./main\augmented\สวะ (อาร์ต)_aug_233.wav,13.620884,13.948194,สวะ,True
