file_path,start_time,end_time,label,is_augmented,aug_type,original_file
dataset\augmented\เป็นสวะแล้วยังทำนิสัยหีๆอีก_หี_0_nan.wav,0.0,0.1648125,หี,True,,C:\Users\muldi\Documents\Playground\University\senior-project-1\dataset\us\clear\เป็นสวะแล้วยังทำนิสัยหีๆอีก.wav
dataset\augmented\กล้าดียังไงมาแตะคนรัก_none_1_nan.wav,0.0,1.7299375,none,True,,C:\Users\muldi\Documents\Playground\University\senior-project-1\dataset\us\clear\กล้าดียังไงมาแตะคนรัก.wav
dataset\augmented\อย่าฟังความข้างเดียวสิ กูน่ะบอกอยู่เสมอแล้วว่ากูเป็นคนดี_กู_2_light.wav,0.0,0.17475,กู,True,light,C:\Users\muldi\Documents\Playground\University\senior-project-1\dataset\us\clear\อย่าฟังความข้างเดียวสิ กูน่ะบอกอยู่เสมอแล้วว่ากูเป็นคนดี.wav
dataset\augmented\กายพูดกูรัวๆ_none_3_nan.wav,0.0,0.1114375,none,True,,C:\Users\muldi\Documents\Playground\University\senior-project-1\dataset\us\clear\กายพูดกูรัวๆ.wav
dataset\augmented\ป้าๆก๋วยเตี๋ยวถุงนึง_มึง_4_nan.wav,0.0,0.1369375,มึง,True,,C:\Users\muldi\Documents\Playground\University\senior-project-1\dataset\us\clear\ป้าๆก๋วยเตี๋ยวถุงนึง.wav
dataset\augmented\ค่ายเหี้ย_none_5_nan.wav,0.0,2.1765625,none,True,,C:\Users\muldi\Documents\Playground\University\senior-project-1\dataset\us\noise\ค่ายเหี้ย.wav
dataset\augmented\ไอ้เด็กนี่มันอยากมีปัญหากับกูแล้วสินะ_none_6_nan.wav,0.0,2.255,none,True,,C:\Users\muldi\Documents\Playground\University\senior-project-1\dataset\us\clear\ไอ้เด็กนี่มันอยากมีปัญหากับกูแล้วสินะ.wav
dataset\augmented\เข้ามาเลยไอ้พวกเด็กเปรต กูคนนี้จะลงทัณฑ์เอง_none_7_nan.wav,0.0,2.2800625,none,True,,C:\Users\muldi\Documents\Playground\University\senior-project-1\dataset\us\clear\เข้ามาเลยไอ้พวกเด็กเปรต กูคนนี้จะลงทัณฑ์เอง.wav
dataset\augmented\หมากัด_ควย_8_nan.wav,0.0,0.3861875,ควย,True,,C:\Users\muldi\Documents\Playground\University\senior-project-1\dataset\us\clear\หมากัด.wav
dataset\augmented\รถติดบนทางด่วน_none_9_light_none.wav,0.0,0.942,none,True,light_none,C:\Users\muldi\Documents\Playground\University\senior-project-1\dataset\us\noise\รถติดบนทางด่วน.wav
dataset\augmented\ดูถูกหีไม่มีวันเจริญ_สวะ_10_nan.wav,0.0,0.3165,สวะ,True,,C:\Users\muldi\Documents\Playground\University\senior-project-1\dataset\us\clear\ดูถูกหีไม่มีวันเจริญ.wav
dataset\augmented\รถติดบนทางด่วน_none_11_nan.wav,0.0,2.3244375,none,True,,C:\Users\muldi\Documents\Playground\University\senior-project-1\dataset\us\noise\รถติดบนทางด่วน.wav
dataset\augmented\ขึ้นมาสิไอ้เย็ดแม่ เราจะไปเที่ยวทะเลกัน_none_12_nan.wav,0.0,1.1750625,none,True,,C:\Users\muldi\Documents\Playground\University\senior-project-1\dataset\us\clear\ขึ้นมาสิไอ้เย็ดแม่ เราจะไปเที่ยวทะเลกัน.wav
dataset\augmented\สวะ (เปอร์)_สวะ_13_medium.wav,0.0,2.3466875,สวะ,True,medium,C:\Users\muldi\Documents\Playground\University\senior-project-1\dataset\single\สวะ\สวะ (เปอร์).wav
dataset\augmented\ขึ้นมาสิไอ้เย็ดแม่ เราจะไปเที่ยวทะเลกัน_เย็ด_14_nan.wav,0.0,0.128375,เย็ด,True,,C:\Users\muldi\Documents\Playground\University\senior-project-1\dataset\us\clear\ขึ้นมาสิไอ้เย็ดแม่ เราจะไปเที่ยวทะเลกัน.wav
dataset\augmented\คือมึงไม่ฉลาดหรอวะ_none_15_nan.wav,0.0,0.73625,none,True,,C:\Users\muldi\Documents\Playground\University\senior-project-1\dataset\us\clear\คือมึงไม่ฉลาดหรอวะ.wav
dataset\augmented\เหี้ย (แทน)_เหี้ย_16_light.wav,0.0,1.6853125,เหี้ย,True,light,C:\Users\muldi\Documents\Playground\University\senior-project-1\dataset\single\เหี้ย\เหี้ย (แทน).wav
dataset\augmented\โอ๊ยเย็ดเป็ดหีแม่มึงร่วง_none_17_nan.wav,0.0,1.153,none,True,,C:\Users\muldi\Documents\Playground\University\senior-project-1\dataset\us\clear\โอ๊ยเย็ดเป็ดหีแม่มึงร่วง.wav
dataset\augmented\บิวพูดเหี้ย_เหี้ย_18_light.wav,0.0,0.20125,เหี้ย,True,light,C:\Users\muldi\Documents\Playground\University\senior-project-1\dataset\us\clear\บิวพูดเหี้ย.wav
dataset\augmented\นิสัยควยๆแบบนี้_none_19_nan.wav,0.0,1.5316875,none,True,,C:\Users\muldi\Documents\Playground\University\senior-project-1\dataset\us\clear\นิสัยควยๆแบบนี้.wav
dataset\augmented\เป็นสวะแล้วยังทำนิสัยหีๆอีก_หี_20_medium.wav,0.0,0.1648125,หี,True,medium,C:\Users\muldi\Documents\Playground\University\senior-project-1\dataset\us\clear\เป็นสวะแล้วยังทำนิสัยหีๆอีก.wav
dataset\augmented\เอ๊ย เป็นเหี้ยไรวะกูถามจริง_none_21_nan.wav,0.0,0.099,none,True,,C:\Users\muldi\Documents\Playground\University\senior-project-1\dataset\us\clear\เอ๊ย เป็นเหี้ยไรวะกูถามจริง.wav
dataset\augmented\เอ๊ย เป็นเหี้ยไรวะกูถามจริง_กู_22_nan.wav,0.0,0.0654375,กู,True,,C:\Users\muldi\Documents\Playground\University\senior-project-1\dataset\us\clear\เอ๊ย เป็นเหี้ยไรวะกูถามจริง.wav
dataset\augmented\Janพูดถึงอาท_ควย_23_nan.wav,0.0,0.138,ควย,True,,C:\Users\muldi\Documents\Playground\University\senior-project-1\dataset\us\clear\Janพูดถึงอาท.wav
dataset\augmented\ฮื่อ มึง ก็มันรักเขาไปแล้วอ่ะ_none_24_nan.wav,0.0,2.168375,none,True,,C:\Users\muldi\Documents\Playground\University\senior-project-1\dataset\us\noise\ฮื่อ มึง ก็มันรักเขาไปแล้วอ่ะ.wav
dataset\augmented\พูดควยๆแบบนี้ใครจะอยากอยู่ใกล้_none_25_light_none.wav,0.0,0.1335,none,True,light_none,C:\Users\muldi\Documents\Playground\University\senior-project-1\dataset\us\clear\พูดควยๆแบบนี้ใครจะอยากอยู่ใกล้.wav
dataset\augmented\เราควรทิ้งความคิดเชิงลบเหมือนกำจัดสวะออกจากแม่น้ำ_สวะ_26_nan.wav,0.0,0.28125,สวะ,True,,C:\Users\muldi\Documents\Playground\University\senior-project-1\dataset\us\clear\เราควรทิ้งความคิดเชิงลบเหมือนกำจัดสวะออกจากแม่น้ำ.wav
dataset\augmented\กูว่านะพรุ่งนี้ตื่นสายวะ_none_27_light_none.wav,0.0,1.8574375,none,True,light_none,C:\Users\muldi\Documents\Playground\University\senior-project-1\dataset\us\clear\กูว่านะพรุ่งนี้ตื่นสายวะ.wav
dataset\augmented\เป็นสวะแล้วยังทำนิสัยหีๆอีก_สวะ_28_medium.wav,0.0,0.2616875,สวะ,True,medium,C:\Users\muldi\Documents\Playground\University\senior-project-1\dataset\us\clear\เป็นสวะแล้วยังทำนิสัยหีๆอีก.wav
dataset\augmented\โอ๊ย เย็ดแม่ เจ็บชิบหาย_none_29_light_none.wav,0.0,0.817875,none,True,light_none,C:\Users\muldi\Documents\Playground\University\senior-project-1\dataset\us\noise\โอ๊ย เย็ดแม่ เจ็บชิบหาย.wav
dataset\augmented\อั้มด่าแหลก_เย็ด_30_nan.wav,0.0,0.158125,เย็ด,True,,C:\Users\muldi\Documents\Playground\University\senior-project-1\dataset\us\clear\อั้มด่าแหลก.wav
dataset\augmented\อย่าฟังความข้างเดียวสิ กูน่ะบอกอยู่เสมอแล้วว่ากูเป็นคนดี_กู_31_light.wav,0.0,0.1619375,กู,True,light,C:\Users\muldi\Documents\Playground\University\senior-project-1\dataset\us\clear\อย่าฟังความข้างเดียวสิ กูน่ะบอกอยู่เสมอแล้วว่ากูเป็นคนดี.wav
dataset\augmented\ทายคำเย็ดแม่_none_32_nan.wav,0.0,1.0771875,none,True,,C:\Users\muldi\Documents\Playground\University\senior-project-1\dataset\us\clear\ทายคำเย็ดแม่.wav
dataset\augmented\บารมีมารดา_หี_33_medium.wav,0.0,0.3256875,หี,True,medium,C:\Users\muldi\Documents\Playground\University\senior-project-1\dataset\us\clear\บารมีมารดา.wav
dataset\augmented\บิวพูดควย_ควย_34_medium.wav,0.0,0.4205,ควย,True,medium,C:\Users\muldi\Documents\Playground\University\senior-project-1\dataset\us\clear\บิวพูดควย.wav
dataset\augmented\กู(หลายคำ)_none_35_light_none.wav,0.0,0.7974375,none,True,light_none,C:\Users\muldi\Documents\Playground\University\senior-project-1\dataset\us\clear\กู(หลายคำ).wav
dataset\augmented\นิสัยควยๆแบบนี้_none_36_nan.wav,0.0,1.1566875,none,True,,C:\Users\muldi\Documents\Playground\University\senior-project-1\dataset\us\clear\นิสัยควยๆแบบนี้.wav
dataset\augmented\กล้าดียังไงมาแตะคนรัก_none_37_nan.wav,0.0,2.2519375,none,True,,C:\Users\muldi\Documents\Playground\University\senior-project-1\dataset\us\clear\กล้าดียังไงมาแตะคนรัก.wav
dataset\augmented\ป้าๆก๋วยเตี๋ยวถุงนึง_none_38_nan.wav,0.0,1.3285625,none,True,,C:\Users\muldi\Documents\Playground\University\senior-project-1\dataset\us\clear\ป้าๆก๋วยเตี๋ยวถุงนึง.wav
dataset\augmented\โต้งไล่หมา_กู_39_light.wav,0.0,0.11325,กู,True,light,C:\Users\muldi\Documents\Playground\University\senior-project-1\dataset\us\clear\โต้งไล่หมา.wav
dataset\augmented\คอมโครตดี_none_40_light_none.wav,0.0,5.5160625,none,True,light_none,C:\Users\muldi\Documents\Playground\University\senior-project-1\dataset\us\clear\คอมโครตดี.wav
dataset\augmented\รถติดบนทางด่วน_แตด_41_heavy.wav,0.0,0.177625,แตด,True,heavy,C:\Users\muldi\Documents\Playground\University\senior-project-1\dataset\us\noise\รถติดบนทางด่วน.wav
dataset\augmented\อั้มด่าแหลก_ควย_42_nan.wav,0.0,0.1353125,ควย,True,,C:\Users\muldi\Documents\Playground\University\senior-project-1\dataset\us\clear\อั้มด่าแหลก.wav
dataset\augmented\นิสัยควยๆแบบนี้_none_43_nan.wav,0.0,0.1356875,none,True,,C:\Users\muldi\Documents\Playground\University\senior-project-1\dataset\us\clear\นิสัยควยๆแบบนี้.wav
dataset\augmented\เย็ดแม่ กูไม่โอเคกับสิ่งที่มึงทำเลยนะ_เย็ด_44_medium.wav,0.0,0.13375,เย็ด,True,medium,C:\Users\muldi\Documents\Playground\University\senior-project-1\dataset\us\clear\เย็ดแม่ กูไม่โอเคกับสิ่งที่มึงทำเลยนะ.wav
dataset\augmented\ไอ้เด็กนี่มันอยากมีปัญหากับกูแล้วสินะ_กู_45_nan.wav,0.0,0.258,กู,True,,C:\Users\muldi\Documents\Playground\University\senior-project-1\dataset\us\clear\ไอ้เด็กนี่มันอยากมีปัญหากับกูแล้วสินะ.wav
dataset\augmented\เช้านี้สดใส_เหี้ย_46_light.wav,0.0,0.33925,เหี้ย,True,light,C:\Users\muldi\Documents\Playground\University\senior-project-1\dataset\us\clear\เช้านี้สดใส.wav
dataset\augmented\ไอ้อาร์ตพูดเหี้ย_เหี้ย_47_nan.wav,0.0,0.2399375,เหี้ย,True,,C:\Users\muldi\Documents\Playground\University\senior-project-1\dataset\us\clear\ไอ้อาร์ตพูดเหี้ย.wav
dataset\augmented\ไอ้เหี้ยทำไมนิสัยมึงสวะได้ขนาดนี้_none_48_nan.wav,0.0,1.3685625,none,True,,C:\Users\muldi\Documents\Playground\University\senior-project-1\dataset\us\clear\ไอ้เหี้ยทำไมนิสัยมึงสวะได้ขนาดนี้.wav
dataset\augmented\บัวด่านัท_สวะ_49_medium.wav,0.0,0.3519375,สวะ,True,medium,C:\Users\muldi\Documents\Playground\University\senior-project-1\dataset\us\clear\บัวด่านัท.wav
dataset\augmented\บิวพูดควย_none_50_light_none.wav,0.0,0.0179375,none,True,light_none,C:\Users\muldi\Documents\Playground\University\senior-project-1\dataset\us\clear\บิวพูดควย.wav
dataset\augmented\อั้มด่าแหลก_เหี้ย_51_nan.wav,0.0,0.193125,เหี้ย,True,,C:\Users\muldi\Documents\Playground\University\senior-project-1\dataset\us\clear\อั้มด่าแหลก.wav
dataset\augmented\นี่มันจะเกินไปแล้วนะไอเย็ดแม่_none_52_light_none.wav,0.0,1.2019375,none,True,light_none,C:\Users\muldi\Documents\Playground\University\senior-project-1\dataset\us\clear\นี่มันจะเกินไปแล้วนะไอเย็ดแม่.wav
dataset\augmented\ฉันไปเรียนภาษาใต้มา_แตด_53_nan.wav,0.0,0.711625,แตด,True,,C:\Users\muldi\Documents\Playground\University\senior-project-1\dataset\us\clear\ฉันไปเรียนภาษาใต้มา.wav
dataset\augmented\ค่ายเหี้ย2_แตด_54_heavy.wav,0.0,0.1376875,แตด,True,heavy,C:\Users\muldi\Documents\Playground\University\senior-project-1\dataset\us\noise\ค่ายเหี้ย2.wav
dataset\augmented\เย็ดแม่มึงคิดยังไงถึงทำอย่างนี้_none_55_nan.wav,0.0,0.2728125,none,True,,C:\Users\muldi\Documents\Playground\University\senior-project-1\dataset\us\clear\เย็ดแม่มึงคิดยังไงถึงทำอย่างนี้.wav
dataset\augmented\ดูถูกหีไม่มีวันเจริญ_แตด_56_heavy.wav,0.0,0.19975,แตด,True,heavy,C:\Users\muldi\Documents\Playground\University\senior-project-1\dataset\us\clear\ดูถูกหีไม่มีวันเจริญ.wav
dataset\augmented\แม่งใช้เส้นสายหัวควยของมัน เพื่อให้ได้สิ่งที่ต้องการ_none_57_nan.wav,0.0,2.21325,none,True,,C:\Users\muldi\Documents\Playground\University\senior-project-1\dataset\us\clear\แม่งใช้เส้นสายหัวควยของมัน เพื่อให้ได้สิ่งที่ต้องการ.wav
dataset\augmented\เย็ด (แทน)_เย็ด_58_nan.wav,0.0,1.8133125,เย็ด,True,,C:\Users\muldi\Documents\Playground\University\senior-project-1\dataset\single\เย็ด\เย็ด (แทน).wav
dataset\augmented\ไอ้เหี้ยทำไมนิสัยมึงสวะได้ขนาดนี้_none_59_nan.wav,0.0,0.1869375,none,True,,C:\Users\muldi\Documents\Playground\University\senior-project-1\dataset\us\clear\ไอ้เหี้ยทำไมนิสัยมึงสวะได้ขนาดนี้.wav
dataset\augmented\มึงไม่เคยฟังใครเลยใช่ไหม เย็ดแม่_มึง_60_nan.wav,0.0,0.1365625,มึง,True,,C:\Users\muldi\Documents\Playground\University\senior-project-1\dataset\us\clear\มึงไม่เคยฟังใครเลยใช่ไหม เย็ดแม่.wav
dataset\augmented\เป็นสวะแล้วยังทำนิสัยหีๆอีก_none_61_nan.wav,0.0,1.566125,none,True,,C:\Users\muldi\Documents\Playground\University\senior-project-1\dataset\us\clear\เป็นสวะแล้วยังทำนิสัยหีๆอีก.wav
dataset\augmented\แดนแถมควย_none_62_light_none.wav,0.0,1.0713125,none,True,light_none,C:\Users\muldi\Documents\Playground\University\senior-project-1\dataset\us\clear\แดนแถมควย.wav
dataset\augmented\ไอ้คนวิปริต ไอ้คนเย็ดแม่_none_63_light_none.wav,0.0,1.0986875,none,True,light_none,C:\Users\muldi\Documents\Playground\University\senior-project-1\dataset\us\clear\ไอ้คนวิปริต ไอ้คนเย็ดแม่.wav
dataset\augmented\กู (โบท)_กู_64_nan.wav,0.0,2.53,กู,True,,C:\Users\muldi\Documents\Playground\University\senior-project-1\dataset\single\กู\กู (โบท).wav
dataset\augmented\ก็มาดิสะไอ้สัสเป็นเหี้ยไรวะ_ควย_65_medium.wav,0.0,0.2526875,ควย,True,medium,C:\Users\muldi\Documents\Playground\University\senior-project-1\dataset\us\clear\ก็มาดิสะไอ้สัสเป็นเหี้ยไรวะ.wav
dataset\augmented\ก็มาดิสะไอ้สัสเป็นเหี้ยไรวะ_เหี้ย_66_nan.wav,0.0,0.3690625,เหี้ย,True,,C:\Users\muldi\Documents\Playground\University\senior-project-1\dataset\us\clear\ก็มาดิสะไอ้สัสเป็นเหี้ยไรวะ.wav
dataset\augmented\บารมีมารดา_มึง_67_nan.wav,0.0,0.164125,มึง,True,,C:\Users\muldi\Documents\Playground\University\senior-project-1\dataset\us\clear\บารมีมารดา.wav
dataset\augmented\อารมณ์แบบว่างี้ป้ะ_แตด_68_nan.wav,0.0,0.1524375,แตด,True,,C:\Users\muldi\Documents\Playground\University\senior-project-1\dataset\us\clear\อารมณ์แบบว่างี้ป้ะ.wav
dataset\augmented\อารมณ์แบบว่างี้ป้ะ_ควย_69_nan.wav,0.0,0.39125,ควย,True,,C:\Users\muldi\Documents\Playground\University\senior-project-1\dataset\us\clear\อารมณ์แบบว่างี้ป้ะ.wav
dataset\augmented\บัวด่านัท_none_70_nan.wav,0.0,2.0186875,none,True,,C:\Users\muldi\Documents\Playground\University\senior-project-1\dataset\us\clear\บัวด่านัท.wav
dataset\augmented\กูว่ามันไม่ใช่เรื่องง่าย แต่กูก็จะลองดู_กู_71_nan.wav,0.0,0.12275,กู,True,,C:\Users\muldi\Documents\Playground\University\senior-project-1\dataset\us\clear\กูว่ามันไม่ใช่เรื่องง่าย แต่กูก็จะลองดู.wav
dataset\augmented\ป้าๆก๋วยเตี๋ยวถุงนึง_มึง_72_nan.wav,0.0,0.1600625,มึง,True,,C:\Users\muldi\Documents\Playground\University\senior-project-1\dataset\us\clear\ป้าๆก๋วยเตี๋ยวถุงนึง.wav
dataset\augmented\จะว่าไปแล้วมึงติดเงินกูอยู่50อะดิฟ_none_73_nan.wav,0.0,0.5401875,none,True,,C:\Users\muldi\Documents\Playground\University\senior-project-1\dataset\us\clear\จะว่าไปแล้วมึงติดเงินกูอยู่50อะดิฟ.wav
dataset\augmented\ไอ้เหี้ย ใครกินของกูหมดเนี่ย_none_74_nan.wav,0.0,0.3046875,none,True,,C:\Users\muldi\Documents\Playground\University\senior-project-1\dataset\us\clear\ไอ้เหี้ย ใครกินของกูหมดเนี่ย.wav
dataset\augmented\รถติดบนทางด่วน_แตด_75_heavy.wav,0.0,0.177625,แตด,True,heavy,C:\Users\muldi\Documents\Playground\University\senior-project-1\dataset\us\noise\รถติดบนทางด่วน.wav
dataset\augmented\พิ้งค์ด่าหนัง_สวะ_76_nan.wav,0.0,0.2275,สวะ,True,,C:\Users\muldi\Documents\Playground\University\senior-project-1\dataset\us\clear\พิ้งค์ด่าหนัง.wav
dataset\augmented\ถามจริงนะมึง เรื่องแบบนี้พูดออกมาได้ยังไง_none_77_nan.wav,0.0,1.118125,none,True,,C:\Users\muldi\Documents\Playground\University\senior-project-1\dataset\us\clear\ถามจริงนะมึง เรื่องแบบนี้พูดออกมาได้ยังไง.wav
dataset\augmented\ไอ้คนวิปริต ไอ้คนเย็ดแม่_none_78_nan.wav,0.0,1.0986875,none,True,,C:\Users\muldi\Documents\Playground\University\senior-project-1\dataset\us\clear\ไอ้คนวิปริต ไอ้คนเย็ดแม่.wav
dataset\augmented\กู(หลายคำ)_กู_79_nan.wav,0.0,0.6280625,กู,True,,C:\Users\muldi\Documents\Playground\University\senior-project-1\dataset\us\clear\กู(หลายคำ).wav
dataset\augmented\พิ้งค์ด่าหนัง_แตด_80_nan.wav,0.0,0.1701875,แตด,True,,C:\Users\muldi\Documents\Playground\University\senior-project-1\dataset\us\clear\พิ้งค์ด่าหนัง.wav
dataset\augmented\หีหอมพ่อง_หี_81_medium.wav,0.0,0.1238125,หี,True,medium,C:\Users\muldi\Documents\Playground\University\senior-project-1\dataset\us\clear\หีหอมพ่อง.wav
dataset\augmented\บัวด่านัท_none_82_nan.wav,0.0,1.462125,none,True,,C:\Users\muldi\Documents\Playground\University\senior-project-1\dataset\us\clear\บัวด่านัท.wav
dataset\augmented\บัวด่านัท_none_83_light_none.wav,0.0,0.32525,none,True,light_none,C:\Users\muldi\Documents\Playground\University\senior-project-1\dataset\us\clear\บัวด่านัท.wav
dataset\augmented\กาลครั้งมีไอ้สวะตัวหนึ่ง_สวะ_84_medium.wav,0.0,0.2165625,สวะ,True,medium,C:\Users\muldi\Documents\Playground\University\senior-project-1\dataset\us\clear\กาลครั้งมีไอ้สวะตัวหนึ่ง.wav
dataset\augmented\อารมณ์แบบว่างี้ป้ะ_เหี้ย_85_light.wav,0.0,0.2154375,เหี้ย,True,light,C:\Users\muldi\Documents\Playground\University\senior-project-1\dataset\us\clear\อารมณ์แบบว่างี้ป้ะ.wav
dataset\augmented\มึงไม่เคยฟังใครเลยใช่ไหม เย็ดแม่_เย็ด_86_medium.wav,0.0,0.0886875,เย็ด,True,medium,C:\Users\muldi\Documents\Playground\University\senior-project-1\dataset\us\clear\มึงไม่เคยฟังใครเลยใช่ไหม เย็ดแม่.wav
dataset\augmented\บัวด่านัท_ควย_87_nan.wav,0.0,0.394125,ควย,True,,C:\Users\muldi\Documents\Playground\University\senior-project-1\dataset\us\clear\บัวด่านัท.wav
dataset\augmented\อารมณ์แบบว่างี้ป้ะ_สวะ_88_medium.wav,0.0,0.393,สวะ,True,medium,C:\Users\muldi\Documents\Playground\University\senior-project-1\dataset\us\clear\อารมณ์แบบว่างี้ป้ะ.wav
dataset\augmented\แตด (โบท)_แตด_89_heavy.wav,0.0,1.73,แตด,True,heavy,C:\Users\muldi\Documents\Playground\University\senior-project-1\dataset\single\แตด\แตด (โบท).wav
dataset\augmented\เอ๊ย เป็นเหี้ยไรวะกูถามจริง_ควย_90_medium.wav,0.0,0.1189375,ควย,True,medium,C:\Users\muldi\Documents\Playground\University\senior-project-1\dataset\us\clear\เอ๊ย เป็นเหี้ยไรวะกูถามจริง.wav
dataset\augmented\อีกระเทย มึงอะอีกระเทย กูอะตุ๊แท้ มึงอะตุ๊ดเทียม_none_91_nan.wav,0.0,1.0283125,none,True,,C:\Users\muldi\Documents\Playground\University\senior-project-1\dataset\us\clear\อีกระเทย มึงอะอีกระเทย กูอะตุ๊แท้ มึงอะตุ๊ดเทียม.wav
dataset\augmented\ค่ายเหี้ย2_เหี้ย_92_light.wav,0.0,0.200625,เหี้ย,True,light,C:\Users\muldi\Documents\Playground\University\senior-project-1\dataset\us\noise\ค่ายเหี้ย2.wav
dataset\augmented\หีหอมพ่อง_หี_93_medium.wav,0.0,0.1509375,หี,True,medium,C:\Users\muldi\Documents\Playground\University\senior-project-1\dataset\us\clear\หีหอมพ่อง.wav
dataset\augmented\ป้าๆก๋วยเตี๋ยวถุงนึง_สวะ_94_nan.wav,0.0,0.367625,สวะ,True,,C:\Users\muldi\Documents\Playground\University\senior-project-1\dataset\us\clear\ป้าๆก๋วยเตี๋ยวถุงนึง.wav
dataset\augmented\แตด (แทน)_แตด_95_nan.wav,0.0,2.112,แตด,True,,C:\Users\muldi\Documents\Playground\University\senior-project-1\dataset\single\แตด\แตด (แทน).wav
dataset\augmented\บิวพูดควย_ควย_96_nan.wav,0.0,0.233,ควย,True,,C:\Users\muldi\Documents\Playground\University\senior-project-1\dataset\us\clear\บิวพูดควย.wav
dataset\augmented\อย่าทำเหมือนกูไม่มีตัวตนนะ เย็ดแม่_none_97_nan.wav,0.0,0.8009375,none,True,,C:\Users\muldi\Documents\Playground\University\senior-project-1\dataset\us\clear\อย่าทำเหมือนกูไม่มีตัวตนนะ เย็ดแม่.wav
dataset\augmented\กาลครั้งมีไอ้สวะตัวหนึ่ง_ควย_98_nan.wav,0.0,0.2074375,ควย,True,,C:\Users\muldi\Documents\Playground\University\senior-project-1\dataset\us\clear\กาลครั้งมีไอ้สวะตัวหนึ่ง.wav
dataset\augmented\Janพูดถึงอาท_none_99_light_none.wav,0.0,1.5475625,none,True,light_none,C:\Users\muldi\Documents\Playground\University\senior-project-1\dataset\us\clear\Janพูดถึงอาท.wav
dataset\augmented\อั้มด่าแหลก_ควย_100_medium.wav,0.0,0.1353125,ควย,True,medium,C:\Users\muldi\Documents\Playground\University\senior-project-1\dataset\us\clear\อั้มด่าแหลก.wav
dataset\augmented\ไอ้เหี้ยทำไมนิสัยมึงสวะได้ขนาดนี้_none_101_nan.wav,0.0,0.4865,none,True,,C:\Users\muldi\Documents\Playground\University\senior-project-1\dataset\us\clear\ไอ้เหี้ยทำไมนิสัยมึงสวะได้ขนาดนี้.wav
dataset\augmented\ทายคำเย็ดแม่_none_102_light_none.wav,0.0,10.6675,none,True,light_none,C:\Users\muldi\Documents\Playground\University\senior-project-1\dataset\us\clear\ทายคำเย็ดแม่.wav
dataset\augmented\เย็ดแม่ มึงไม่แคร์อะไรเลยใช่ไหมอ่ะ_มึง_103_nan.wav,0.0,0.1446875,มึง,True,,C:\Users\muldi\Documents\Playground\University\senior-project-1\dataset\us\clear\เย็ดแม่ มึงไม่แคร์อะไรเลยใช่ไหมอ่ะ.wav
dataset\augmented\ควย (แทน)_ควย_104_medium.wav,0.0,2.4533125,ควย,True,medium,C:\Users\muldi\Documents\Playground\University\senior-project-1\dataset\single\ควย\ควย (แทน).wav
dataset\augmented\เหี้ย (เปอร์)_เหี้ย_105_nan.wav,0.0,2.7306875,เหี้ย,True,,C:\Users\muldi\Documents\Playground\University\senior-project-1\dataset\single\เหี้ย\เหี้ย (เปอร์).wav
dataset\augmented\กูตั้งใจจะเรียนให้จบปีนี้_none_106_nan.wav,0.0,0.168375,none,True,,C:\Users\muldi\Documents\Playground\University\senior-project-1\dataset\us\clear\กูตั้งใจจะเรียนให้จบปีนี้.wav
dataset\augmented\ไอ้เหี้ย ใครกินของกูหมดเนี่ย_เหี้ย_107_nan.wav,0.0,0.4106875,เหี้ย,True,,C:\Users\muldi\Documents\Playground\University\senior-project-1\dataset\us\clear\ไอ้เหี้ย ใครกินของกูหมดเนี่ย.wav
dataset\augmented\อารมณ์แบบว่างี้ป้ะ_สวะ_108_medium.wav,0.0,0.393,สวะ,True,medium,C:\Users\muldi\Documents\Playground\University\senior-project-1\dataset\us\clear\อารมณ์แบบว่างี้ป้ะ.wav
dataset\augmented\กายพูดกูรัวๆ_none_109_nan.wav,0.0,0.0989375,none,True,,C:\Users\muldi\Documents\Playground\University\senior-project-1\dataset\us\clear\กายพูดกูรัวๆ.wav
dataset\augmented\พิ้งค์ด่าหนัง_none_110_light_none.wav,0.0,3.0375625,none,True,light_none,C:\Users\muldi\Documents\Playground\University\senior-project-1\dataset\us\clear\พิ้งค์ด่าหนัง.wav
dataset\augmented\อาทโดนFBI_สวะ_111_medium.wav,0.0,0.333375,สวะ,True,medium,C:\Users\muldi\Documents\Playground\University\senior-project-1\dataset\us\clear\อาทโดนFBI.wav
dataset\augmented\เอ๊ย เป็นเหี้ยไรวะกูถามจริง_หี_112_nan.wav,0.0,0.1924375,หี,True,,C:\Users\muldi\Documents\Playground\University\senior-project-1\dataset\us\clear\เอ๊ย เป็นเหี้ยไรวะกูถามจริง.wav
dataset\augmented\แปปนึง มึงใครเนี่ย มึงใคร มึงคือใคร_none_113_light_none.wav,0.0,2.1468125,none,True,light_none,C:\Users\muldi\Documents\Playground\University\senior-project-1\dataset\us\clear\แปปนึง มึงใครเนี่ย มึงใคร มึงคือใคร.wav
dataset\augmented\บารมีมารดา_none_114_nan.wav,0.0,0.990625,none,True,,C:\Users\muldi\Documents\Playground\University\senior-project-1\dataset\us\clear\บารมีมารดา.wav
dataset\augmented\บิวพูดควย_ควย_115_medium.wav,0.0,0.18825,ควย,True,medium,C:\Users\muldi\Documents\Playground\University\senior-project-1\dataset\us\clear\บิวพูดควย.wav
dataset\augmented\มึง (แทน)_มึง_116_light.wav,0.0,1.6,มึง,True,light,C:\Users\muldi\Documents\Playground\University\senior-project-1\dataset\single\มึง\มึง (แทน).wav
dataset\augmented\บิวพูดควย_none_117_nan.wav,0.0,1.08275,none,True,,C:\Users\muldi\Documents\Playground\University\senior-project-1\dataset\us\clear\บิวพูดควย.wav
dataset\augmented\ก็มาดิสะไอ้สัสเป็นเหี้ยไรวะ_none_118_nan.wav,0.0,1.2978125,none,True,,C:\Users\muldi\Documents\Playground\University\senior-project-1\dataset\us\clear\ก็มาดิสะไอ้สัสเป็นเหี้ยไรวะ.wav
dataset\augmented\อาทโดนFBI_none_119_light_none.wav,0.0,14.140875,none,True,light_none,C:\Users\muldi\Documents\Playground\University\senior-project-1\dataset\us\clear\อาทโดนFBI.wav
dataset\augmented\เอ๊ย เป็นเหี้ยไรวะกูถามจริง_ควย_120_nan.wav,0.0,0.1189375,ควย,True,,C:\Users\muldi\Documents\Playground\University\senior-project-1\dataset\us\clear\เอ๊ย เป็นเหี้ยไรวะกูถามจริง.wav
dataset\augmented\ไอ้เหี้ยทำไมนิสัยมึงสวะได้ขนาดนี้_เหี้ย_121_light.wav,0.0,0.2718125,เหี้ย,True,light,C:\Users\muldi\Documents\Playground\University\senior-project-1\dataset\us\clear\ไอ้เหี้ยทำไมนิสัยมึงสวะได้ขนาดนี้.wav
dataset\augmented\เย็ดแม่ กูไม่โอเคกับสิ่งที่มึงทำเลยนะ_none_122_nan.wav,0.0,0.826375,none,True,,C:\Users\muldi\Documents\Playground\University\senior-project-1\dataset\us\clear\เย็ดแม่ กูไม่โอเคกับสิ่งที่มึงทำเลยนะ.wav
dataset\augmented\Janพูดถึงอาท_ควย_123_medium.wav,0.0,0.5223125,ควย,True,medium,C:\Users\muldi\Documents\Playground\University\senior-project-1\dataset\us\clear\Janพูดถึงอาท.wav
dataset\augmented\คือมึงไม่ฉลาดหรอวะ_ควย_124_nan.wav,0.0,0.1511875,ควย,True,,C:\Users\muldi\Documents\Playground\University\senior-project-1\dataset\us\clear\คือมึงไม่ฉลาดหรอวะ.wav
dataset\augmented\กล้าดียังไงมาแตะคนรัก_none_125_nan.wav,0.0,0.637,none,True,,C:\Users\muldi\Documents\Playground\University\senior-project-1\dataset\us\clear\กล้าดียังไงมาแตะคนรัก.wav
dataset\augmented\เย็ดแม่ กูไม่โอเคกับสิ่งที่มึงทำเลยนะ_กู_126_nan.wav,0.0,0.0590625,กู,True,,C:\Users\muldi\Documents\Playground\University\senior-project-1\dataset\us\clear\เย็ดแม่ กูไม่โอเคกับสิ่งที่มึงทำเลยนะ.wav
dataset\augmented\ฉันไปเรียนภาษาใต้มา_หี_127_medium.wav,0.0,0.217125,หี,True,medium,C:\Users\muldi\Documents\Playground\University\senior-project-1\dataset\us\clear\ฉันไปเรียนภาษาใต้มา.wav
dataset\augmented\อาทโดนFBI_none_128_light_none.wav,0.0,9.5638125,none,True,light_none,C:\Users\muldi\Documents\Playground\University\senior-project-1\dataset\us\clear\อาทโดนFBI.wav
dataset\augmented\แล้วคิดจะรับผิดชอบเรื่องนี้ยังไง เย็ดแม่_เย็ด_129_nan.wav,0.0,0.1054375,เย็ด,True,,C:\Users\muldi\Documents\Playground\University\senior-project-1\dataset\us\clear\แล้วคิดจะรับผิดชอบเรื่องนี้ยังไง เย็ดแม่.wav
dataset\augmented\คนดีห้ามเพื่อน_กู_130_nan.wav,0.0,0.0740625,กู,True,,C:\Users\muldi\Documents\Playground\University\senior-project-1\dataset\us\clear\คนดีห้ามเพื่อน.wav
dataset\augmented\บัวด่านัท_สวะ_131_medium.wav,0.0,0.3519375,สวะ,True,medium,C:\Users\muldi\Documents\Playground\University\senior-project-1\dataset\us\clear\บัวด่านัท.wav
dataset\augmented\อีกระเทย มึงอะอีกระเทย กูอะตุ๊แท้ มึงอะตุ๊ดเทียม_กู_132_nan.wav,0.0,0.176,กู,True,,C:\Users\muldi\Documents\Playground\University\senior-project-1\dataset\us\clear\อีกระเทย มึงอะอีกระเทย กูอะตุ๊แท้ มึงอะตุ๊ดเทียม.wav
dataset\augmented\โต้งไล่หมา_กู_133_nan.wav,0.0,0.114625,กู,True,,C:\Users\muldi\Documents\Playground\University\senior-project-1\dataset\us\clear\โต้งไล่หมา.wav
dataset\augmented\คอมโครตดี_กู_134_nan.wav,0.0,0.149375,กู,True,,C:\Users\muldi\Documents\Playground\University\senior-project-1\dataset\us\clear\คอมโครตดี.wav
dataset\augmented\พิ้งค์ด่าหนัง_none_135_nan.wav,0.0,3.0375625,none,True,,C:\Users\muldi\Documents\Playground\University\senior-project-1\dataset\us\clear\พิ้งค์ด่าหนัง.wav
dataset\augmented\เข้ามาเลยไอ้พวกเด็กเปรต กูคนนี้จะลงทัณฑ์เอง_กู_136_nan.wav,0.0,0.34225,กู,True,,C:\Users\muldi\Documents\Playground\University\senior-project-1\dataset\us\clear\เข้ามาเลยไอ้พวกเด็กเปรต กูคนนี้จะลงทัณฑ์เอง.wav
dataset\augmented\Janพูดถึงอาท_none_137_nan.wav,0.0,2.1359375,none,True,,C:\Users\muldi\Documents\Playground\University\senior-project-1\dataset\us\clear\Janพูดถึงอาท.wav
dataset\augmented\อั้มด่าแหลก_เย็ด_138_medium.wav,0.0,0.158125,เย็ด,True,medium,C:\Users\muldi\Documents\Playground\University\senior-project-1\dataset\us\clear\อั้มด่าแหลก.wav
dataset\augmented\เออใช่ กูเห็นไอกายมันลงสตอรี่ ชวนสาวมาดูแมวที่_none_139_nan.wav,0.0,2.19,none,True,,C:\Users\muldi\Documents\Playground\University\senior-project-1\dataset\us\clear\เออใช่ กูเห็นไอกายมันลงสตอรี่ ชวนสาวมาดูแมวที่.wav
dataset\augmented\มึงไม่มีสิทธิ์มาทำแบบนี้กับกู เย็ดแม่_none_140_nan.wav,0.0,1.0555625,none,True,,C:\Users\muldi\Documents\Playground\University\senior-project-1\dataset\us\clear\มึงไม่มีสิทธิ์มาทำแบบนี้กับกู เย็ดแม่.wav
dataset\augmented\หีหอมพ่อง_none_141_nan.wav,0.0,0.8538125,none,True,,C:\Users\muldi\Documents\Playground\University\senior-project-1\dataset\us\clear\หีหอมพ่อง.wav
dataset\augmented\เลสเบี้ยน_none_142_nan.wav,0.0,0.326625,none,True,,C:\Users\muldi\Documents\Playground\University\senior-project-1\dataset\us\clear\เลสเบี้ยน.wav
dataset\augmented\บิวพูดควย_ควย_143_medium.wav,0.0,0.233,ควย,True,medium,C:\Users\muldi\Documents\Playground\University\senior-project-1\dataset\us\clear\บิวพูดควย.wav
dataset\augmented\ดูถูกหีไม่มีวันเจริญ_none_144_nan.wav,0.0,1.002,none,True,,C:\Users\muldi\Documents\Playground\University\senior-project-1\dataset\us\clear\ดูถูกหีไม่มีวันเจริญ.wav
dataset\augmented\แตด (แทน)_แตด_145_heavy.wav,0.0,2.112,แตด,True,heavy,C:\Users\muldi\Documents\Playground\University\senior-project-1\dataset\single\แตด\แตด (แทน).wav
dataset\augmented\ชีสเหม็น_กู_146_nan.wav,0.0,0.1070625,กู,True,,C:\Users\muldi\Documents\Playground\University\senior-project-1\dataset\us\clear\ชีสเหม็น.wav
dataset\augmented\คอมโครตดี_กู_147_nan.wav,0.0,0.084,กู,True,,C:\Users\muldi\Documents\Playground\University\senior-project-1\dataset\us\clear\คอมโครตดี.wav
dataset\augmented\อั้มด่าแหลก_none_148_nan.wav,0.0,0.87375,none,True,,C:\Users\muldi\Documents\Playground\University\senior-project-1\dataset\us\clear\อั้มด่าแหลก.wav
dataset\augmented\ก็มาดิสะไอ้สัสเป็นเหี้ยไรวะ_none_149_nan.wav,0.0,1.93925,none,True,,C:\Users\muldi\Documents\Playground\University\senior-project-1\dataset\us\clear\ก็มาดิสะไอ้สัสเป็นเหี้ยไรวะ.wav
dataset\augmented\หีหอมพ่อง_สวะ_150_medium.wav,0.0,0.3173125,สวะ,True,medium,C:\Users\muldi\Documents\Playground\University\senior-project-1\dataset\us\clear\หีหอมพ่อง.wav
dataset\augmented\โอ๊ย เย็ดแม่ เจ็บชิบหาย_เย็ด_151_medium.wav,0.0,0.1375,เย็ด,True,medium,C:\Users\muldi\Documents\Playground\University\senior-project-1\dataset\us\noise\โอ๊ย เย็ดแม่ เจ็บชิบหาย.wav
dataset\augmented\กาลครั้งมีไอ้สวะตัวหนึ่ง_หี_152_medium.wav,0.0,0.137125,หี,True,medium,C:\Users\muldi\Documents\Playground\University\senior-project-1\dataset\us\clear\กาลครั้งมีไอ้สวะตัวหนึ่ง.wav
dataset\augmented\ทายคำเย็ดแม่_none_153_nan.wav,0.0,8.3890625,none,True,,C:\Users\muldi\Documents\Playground\University\senior-project-1\dataset\us\clear\ทายคำเย็ดแม่.wav
dataset\augmented\ป้าๆก๋วยเตี๋ยวถุงนึง_none_154_nan.wav,0.0,0.3669375,none,True,,C:\Users\muldi\Documents\Playground\University\senior-project-1\dataset\us\clear\ป้าๆก๋วยเตี๋ยวถุงนึง.wav
dataset\augmented\ดูถูกหีไม่มีวันเจริญ_none_155_nan.wav,0.0,0.9700625,none,True,,C:\Users\muldi\Documents\Playground\University\senior-project-1\dataset\us\clear\ดูถูกหีไม่มีวันเจริญ.wav
dataset\augmented\คือมึงไม่ฉลาดหรอวะ_หี_156_nan.wav,0.0,0.1875,หี,True,,C:\Users\muldi\Documents\Playground\University\senior-project-1\dataset\us\clear\คือมึงไม่ฉลาดหรอวะ.wav
dataset\augmented\Janพูดถึงอาท_หี_157_nan.wav,0.0,0.17575,หี,True,,C:\Users\muldi\Documents\Playground\University\senior-project-1\dataset\us\clear\Janพูดถึงอาท.wav
dataset\augmented\บิวพูดเหี้ย_เหี้ย_158_light.wav,0.0,0.1276875,เหี้ย,True,light,C:\Users\muldi\Documents\Playground\University\senior-project-1\dataset\us\clear\บิวพูดเหี้ย.wav
dataset\augmented\แตด (แทน)_แตด_159_heavy.wav,0.0,2.112,แตด,True,heavy,C:\Users\muldi\Documents\Playground\University\senior-project-1\dataset\single\แตด\แตด (แทน).wav
dataset\augmented\Janพูดถึงอาท_none_160_nan.wav,0.0,2.0748125,none,True,,C:\Users\muldi\Documents\Playground\University\senior-project-1\dataset\us\clear\Janพูดถึงอาท.wav
dataset\augmented\อั้มด่าแหลก_none_161_nan.wav,0.0,1.12675,none,True,,C:\Users\muldi\Documents\Playground\University\senior-project-1\dataset\us\clear\อั้มด่าแหลก.wav
dataset\augmented\พูดจาไม่มีสาระเหมือนสวะลอยน้ำไปวัน ๆ_สวะ_162_medium.wav,0.0,0.224625,สวะ,True,medium,C:\Users\muldi\Documents\Playground\University\senior-project-1\dataset\us\clear\พูดจาไม่มีสาระเหมือนสวะลอยน้ำไปวัน ๆ.wav
dataset\augmented\หี (แทน)_หี_163_medium.wav,0.0,1.7066875,หี,True,medium,C:\Users\muldi\Documents\Playground\University\senior-project-1\dataset\single\หี\หี (แทน).wav
dataset\augmented\ทายคำเย็ดแม่_none_164_nan.wav,0.0,10.6675,none,True,,C:\Users\muldi\Documents\Playground\University\senior-project-1\dataset\us\clear\ทายคำเย็ดแม่.wav
dataset\augmented\ก็มาดิสะไอ้สัสเป็นเหี้ยไรวะ_none_165_nan.wav,0.0,0.66125,none,True,,C:\Users\muldi\Documents\Playground\University\senior-project-1\dataset\us\clear\ก็มาดิสะไอ้สัสเป็นเหี้ยไรวะ.wav
dataset\augmented\นิสัยควยๆแบบนี้_none_166_nan.wav,0.0,1.5955,none,True,,C:\Users\muldi\Documents\Playground\University\senior-project-1\dataset\us\clear\นิสัยควยๆแบบนี้.wav
dataset\augmented\เอ๊ย เป็นเหี้ยไรวะกูถามจริง_หี_167_medium.wav,0.0,0.1740625,หี,True,medium,C:\Users\muldi\Documents\Playground\University\senior-project-1\dataset\us\clear\เอ๊ย เป็นเหี้ยไรวะกูถามจริง.wav
dataset\augmented\ทำไมมึงถึงทำอย่างนี้เนี่ย ดูดีๆ_none_168_nan.wav,0.0,2.2635625,none,True,,C:\Users\muldi\Documents\Playground\University\senior-project-1\dataset\us\clear\ทำไมมึงถึงทำอย่างนี้เนี่ย ดูดีๆ.wav
dataset\augmented\อั้มด่าแหลก_none_169_nan.wav,0.0,1.0385,none,True,,C:\Users\muldi\Documents\Playground\University\senior-project-1\dataset\us\clear\อั้มด่าแหลก.wav
dataset\augmented\เธอทำตัวเหมือนสวะที่ไม่มีเป้าหมายในชีวิต_สวะ_170_nan.wav,0.0,0.2616875,สวะ,True,,C:\Users\muldi\Documents\Playground\University\senior-project-1\dataset\us\clear\เธอทำตัวเหมือนสวะที่ไม่มีเป้าหมายในชีวิต.wav
dataset\augmented\บิวพูดเหี้ย_none_171_light_none.wav,0.0,1.876,none,True,light_none,C:\Users\muldi\Documents\Playground\University\senior-project-1\dataset\us\clear\บิวพูดเหี้ย.wav
dataset\augmented\พิ้งค์ด่าหนัง_none_172_nan.wav,0.0,1.1830625,none,True,,C:\Users\muldi\Documents\Playground\University\senior-project-1\dataset\us\clear\พิ้งค์ด่าหนัง.wav
dataset\augmented\Janพูดถึงอาท_none_173_nan.wav,0.0,1.5274375,none,True,,C:\Users\muldi\Documents\Playground\University\senior-project-1\dataset\us\clear\Janพูดถึงอาท.wav
dataset\augmented\รถติดบนทางด่วน_none_174_nan.wav,0.0,0.309125,none,True,,C:\Users\muldi\Documents\Playground\University\senior-project-1\dataset\us\noise\รถติดบนทางด่วน.wav
dataset\augmented\เอ๊ย เป็นเหี้ยไรวะกูถามจริง_none_175_light_none.wav,0.0,0.889125,none,True,light_none,C:\Users\muldi\Documents\Playground\University\senior-project-1\dataset\us\clear\เอ๊ย เป็นเหี้ยไรวะกูถามจริง.wav
dataset\augmented\เอ๊ย เป็นเหี้ยไรวะกูถามจริง_กู_176_nan.wav,0.0,0.066875,กู,True,,C:\Users\muldi\Documents\Playground\University\senior-project-1\dataset\us\clear\เอ๊ย เป็นเหี้ยไรวะกูถามจริง.wav
dataset\augmented\หีหอมพ่อง_หี_177_nan.wav,0.0,0.1238125,หี,True,,C:\Users\muldi\Documents\Playground\University\senior-project-1\dataset\us\clear\หีหอมพ่อง.wav
dataset\augmented\ก็มาดิสะไอ้สัสเป็นเหี้ยไรวะ_ควย_178_medium.wav,0.0,0.2571875,ควย,True,medium,C:\Users\muldi\Documents\Playground\University\senior-project-1\dataset\us\clear\ก็มาดิสะไอ้สัสเป็นเหี้ยไรวะ.wav
dataset\augmented\ชอบทำตัวหัวควยใส่คนอื่น ทั้งที่ตัวเองก็ไม่ได้ดีไปกว่าใครเลย_none_179_nan.wav,0.0,2.3374375,none,True,,C:\Users\muldi\Documents\Playground\University\senior-project-1\dataset\us\clear\ชอบทำตัวหัวควยใส่คนอื่น ทั้งที่ตัวเองก็ไม่ได้ดีไปกว่าใครเลย.wav
dataset\augmented\อารมณ์แบบว่างี้ป้ะ_none_180_nan.wav,0.0,8.3415,none,True,,C:\Users\muldi\Documents\Playground\University\senior-project-1\dataset\us\clear\อารมณ์แบบว่างี้ป้ะ.wav
dataset\augmented\นี่มึงหายหัวไปทั้งวันแบบนี้แล้วพวกเราจะทำงานยังไง_none_181_nan.wav,0.0,3.5534375,none,True,,C:\Users\muldi\Documents\Playground\University\senior-project-1\dataset\us\clear\นี่มึงหายหัวไปทั้งวันแบบนี้แล้วพวกเราจะทำงานยังไง.wav
dataset\augmented\พฤติกรรมเห็นแก่ตัวหัวควยของมึงมันสร้างปัญหารู้ไหม_none_182_nan.wav,0.0,0.238375,none,True,,C:\Users\muldi\Documents\Playground\University\senior-project-1\dataset\us\clear\พฤติกรรมเห็นแก่ตัวหัวควยของมึงมันสร้างปัญหารู้ไหม.wav
dataset\augmented\คือมึงไม่ฉลาดหรอวะ_none_183_nan.wav,0.0,1.0258125,none,True,,C:\Users\muldi\Documents\Playground\University\senior-project-1\dataset\us\clear\คือมึงไม่ฉลาดหรอวะ.wav
dataset\augmented\หี (เบลล์)_หี_184_medium.wav,0.0,1.76,หี,True,medium,C:\Users\muldi\Documents\Playground\University\senior-project-1\dataset\single\หี\หี (เบลล์).wav
dataset\augmented\อาทโดนFBI_none_185_nan.wav,0.0,9.5638125,none,True,,C:\Users\muldi\Documents\Playground\University\senior-project-1\dataset\us\clear\อาทโดนFBI.wav
dataset\augmented\นิสัยควยๆแบบนี้_หี_186_medium.wav,0.0,0.2860625,หี,True,medium,C:\Users\muldi\Documents\Playground\University\senior-project-1\dataset\us\clear\นิสัยควยๆแบบนี้.wav
dataset\augmented\ไอ้เหี้ยทำไมนิสัยมึงสวะได้ขนาดนี้_เหี้ย_187_nan.wav,0.0,0.1995625,เหี้ย,True,,C:\Users\muldi\Documents\Playground\University\senior-project-1\dataset\us\clear\ไอ้เหี้ยทำไมนิสัยมึงสวะได้ขนาดนี้.wav
dataset\augmented\เอ๊ย เป็นเหี้ยไรวะกูถามจริง_แตด_188_heavy.wav,0.0,0.16475,แตด,True,heavy,C:\Users\muldi\Documents\Playground\University\senior-project-1\dataset\us\clear\เอ๊ย เป็นเหี้ยไรวะกูถามจริง.wav
dataset\augmented\อาทโดนFBI_none_189_nan.wav,0.0,0.6255,none,True,,C:\Users\muldi\Documents\Playground\University\senior-project-1\dataset\us\clear\อาทโดนFBI.wav
dataset\augmented\กูเป็นคนคิดไอเดียโปรเจคนี่หว่า เออกูแม่งสุดยอดวะ_กู_190_nan.wav,0.0,0.232625,กู,True,,C:\Users\muldi\Documents\Playground\University\senior-project-1\dataset\us\clear\กูเป็นคนคิดไอเดียโปรเจคนี่หว่า เออกูแม่งสุดยอดวะ.wav
dataset\augmented\กู (เปอร์)_กู_191_nan.wav,0.0,2.4746875,กู,True,,C:\Users\muldi\Documents\Playground\University\senior-project-1\dataset\single\กู\กู (เปอร์).wav
dataset\augmented\กูว่านะ โปรเจคเราอะ แม่งสุดยอดวะ_none_192_light_none.wav,0.0,1.2421875,none,True,light_none,C:\Users\muldi\Documents\Playground\University\senior-project-1\dataset\us\clear\กูว่านะ โปรเจคเราอะ แม่งสุดยอดวะ.wav
dataset\augmented\บิวพูดเหี้ย_none_193_nan.wav,0.0,0.941,none,True,,C:\Users\muldi\Documents\Playground\University\senior-project-1\dataset\us\clear\บิวพูดเหี้ย.wav
dataset\augmented\มึง กูหิวข้าววะ อยากกินตีนอะ_none_194_nan.wav,0.0,0.530375,none,True,,C:\Users\muldi\Documents\Playground\University\senior-project-1\dataset\us\clear\มึง กูหิวข้าววะ อยากกินตีนอะ.wav
dataset\augmented\Janพูดถึงอาท_ควย_195_nan.wav,0.0,0.4259375,ควย,True,,C:\Users\muldi\Documents\Playground\University\senior-project-1\dataset\us\clear\Janพูดถึงอาท.wav
dataset\augmented\คอมโครตดี_หี_196_medium.wav,0.0,0.5035625,หี,True,medium,C:\Users\muldi\Documents\Playground\University\senior-project-1\dataset\us\clear\คอมโครตดี.wav
dataset\augmented\Janพูดถึงอาท_หี_197_medium.wav,0.0,0.17575,หี,True,medium,C:\Users\muldi\Documents\Playground\University\senior-project-1\dataset\us\clear\Janพูดถึงอาท.wav
dataset\augmented\หี (แทน)_หี_198_medium.wav,0.0,1.7066875,หี,True,medium,C:\Users\muldi\Documents\Playground\University\senior-project-1\dataset\single\หี\หี (แทน).wav
dataset\augmented\ไอ้เหี้ยทำไมนิสัยมึงสวะได้ขนาดนี้_มึง_199_nan.wav,0.0,0.111375,มึง,True,,C:\Users\muldi\Documents\Playground\University\senior-project-1\dataset\us\clear\ไอ้เหี้ยทำไมนิสัยมึงสวะได้ขนาดนี้.wav
dataset\augmented\ป้าๆก๋วยเตี๋ยวถุงนึง_แตด_200_heavy.wav,0.0,0.1951875,แตด,True,heavy,C:\Users\muldi\Documents\Playground\University\senior-project-1\dataset\us\clear\ป้าๆก๋วยเตี๋ยวถุงนึง.wav
dataset\augmented\เอ๊ย เป็นเหี้ยไรวะกูถามจริง_สวะ_201_medium.wav,0.0,0.301,สวะ,True,medium,C:\Users\muldi\Documents\Playground\University\senior-project-1\dataset\us\clear\เอ๊ย เป็นเหี้ยไรวะกูถามจริง.wav
dataset\augmented\เย็ดแม่ ทำไมถึงไม่คิดก่อนพูดบ้าง_none_202_nan.wav,0.0,0.1924375,none,True,,C:\Users\muldi\Documents\Playground\University\senior-project-1\dataset\us\clear\เย็ดแม่ ทำไมถึงไม่คิดก่อนพูดบ้าง.wav
dataset\augmented\เมื่อวานเว้ยกูเห็นมึงกับไอกิตอะไปทำอะไรที่หลังซอย_กู_203_nan.wav,0.0,0.2456875,กู,True,,C:\Users\muldi\Documents\Playground\University\senior-project-1\dataset\us\clear\เมื่อวานเว้ยกูเห็นมึงกับไอกิตอะไปทำอะไรที่หลังซอย.wav
dataset\augmented\เข้ามาสิ ไอ้เย็ดแม่_none_204_light_none.wav,0.0,1.542875,none,True,light_none,C:\Users\muldi\Documents\Playground\University\senior-project-1\dataset\us\noise\เข้ามาสิ ไอ้เย็ดแม่.wav
dataset\augmented\เช้านี้สดใส_none_205_nan.wav,0.0,5.4831875,none,True,,C:\Users\muldi\Documents\Playground\University\senior-project-1\dataset\us\clear\เช้านี้สดใส.wav
dataset\augmented\คอมโครตดี_แตด_206_nan.wav,0.0,0.19575,แตด,True,,C:\Users\muldi\Documents\Playground\University\senior-project-1\dataset\us\clear\คอมโครตดี.wav
dataset\augmented\ค่ายเหี้ย_none_207_nan.wav,0.0,0.1098125,none,True,,C:\Users\muldi\Documents\Playground\University\senior-project-1\dataset\us\noise\ค่ายเหี้ย.wav
dataset\augmented\บัวด่านัท_กู_208_nan.wav,0.0,0.053625,กู,True,,C:\Users\muldi\Documents\Playground\University\senior-project-1\dataset\us\clear\บัวด่านัท.wav
dataset\augmented\ไอ้อาร์ตพูดเหี้ย_none_209_nan.wav,0.0,0.9668125,none,True,,C:\Users\muldi\Documents\Playground\University\senior-project-1\dataset\us\clear\ไอ้อาร์ตพูดเหี้ย.wav
dataset\augmented\แตด (โบท)_แตด_210_heavy.wav,0.0,1.73,แตด,True,heavy,C:\Users\muldi\Documents\Playground\University\senior-project-1\dataset\single\แตด\แตด (โบท).wav
dataset\augmented\ก็มาดิสะไอ้สัสเป็นเหี้ยไรวะ_เหี้ย_211_light.wav,0.0,0.173125,เหี้ย,True,light,C:\Users\muldi\Documents\Playground\University\senior-project-1\dataset\us\clear\ก็มาดิสะไอ้สัสเป็นเหี้ยไรวะ.wav
dataset\augmented\แม่งใช้เส้นสายหัวควยของมัน เพื่อให้ได้สิ่งที่ต้องการ_ควย_212_medium.wav,0.0,0.1488125,ควย,True,medium,C:\Users\muldi\Documents\Playground\University\senior-project-1\dataset\us\clear\แม่งใช้เส้นสายหัวควยของมัน เพื่อให้ได้สิ่งที่ต้องการ.wav
dataset\augmented\ทายคำเย็ดแม่_เย็ด_213_medium.wav,0.0,0.0720625,เย็ด,True,medium,C:\Users\muldi\Documents\Playground\University\senior-project-1\dataset\us\clear\ทายคำเย็ดแม่.wav
dataset\augmented\นี่มันจะเกินไปแล้วนะไอเย็ดแม่_none_214_nan.wav,0.0,1.524625,none,True,,C:\Users\muldi\Documents\Playground\University\senior-project-1\dataset\us\clear\นี่มันจะเกินไปแล้วนะไอเย็ดแม่.wav
dataset\augmented\ก็มาดิสะไอ้สัสเป็นเหี้ยไรวะ_กู_215_nan.wav,0.0,0.0869375,กู,True,,C:\Users\muldi\Documents\Playground\University\senior-project-1\dataset\us\clear\ก็มาดิสะไอ้สัสเป็นเหี้ยไรวะ.wav
dataset\augmented\ชีสเหม็น_ควย_216_medium.wav,0.0,0.33375,ควย,True,medium,C:\Users\muldi\Documents\Playground\University\senior-project-1\dataset\us\clear\ชีสเหม็น.wav
dataset\augmented\แตด (โบท)_แตด_217_nan.wav,0.0,1.73,แตด,True,,C:\Users\muldi\Documents\Playground\University\senior-project-1\dataset\single\แตด\แตด (โบท).wav
dataset\augmented\ไอ้เหี้ย ใครกินของกูหมดเนี่ย_none_218_nan.wav,0.0,0.746375,none,True,,C:\Users\muldi\Documents\Playground\University\senior-project-1\dataset\us\clear\ไอ้เหี้ย ใครกินของกูหมดเนี่ย.wav
dataset\augmented\ไอ้อาร์ตพูดเหี้ย_none_219_light_none.wav,0.0,0.5140625,none,True,light_none,C:\Users\muldi\Documents\Playground\University\senior-project-1\dataset\us\clear\ไอ้อาร์ตพูดเหี้ย.wav
dataset\augmented\ฉันไปเรียนภาษาใต้มา_หี_220_nan.wav,0.0,0.217125,หี,True,,C:\Users\muldi\Documents\Playground\University\senior-project-1\dataset\us\clear\ฉันไปเรียนภาษาใต้มา.wav
dataset\augmented\อารมณ์แบบว่างี้ป้ะ_เหี้ย_221_light.wav,0.0,0.4216875,เหี้ย,True,light,C:\Users\muldi\Documents\Playground\University\senior-project-1\dataset\us\clear\อารมณ์แบบว่างี้ป้ะ.wav
dataset\augmented\พิ้งค์ด่าหนัง_หี_222_medium.wav,0.0,0.1551875,หี,True,medium,C:\Users\muldi\Documents\Playground\University\senior-project-1\dataset\us\clear\พิ้งค์ด่าหนัง.wav
dataset\augmented\ดูถูกหีไม่มีวันเจริญ_none_223_nan.wav,0.0,0.7096875,none,True,,C:\Users\muldi\Documents\Playground\University\senior-project-1\dataset\us\clear\ดูถูกหีไม่มีวันเจริญ.wav
dataset\augmented\ค่ายเหี้ย2_แตด_224_heavy.wav,0.0,0.1376875,แตด,True,heavy,C:\Users\muldi\Documents\Playground\University\senior-project-1\dataset\us\noise\ค่ายเหี้ย2.wav
dataset\augmented\ไอ้อาร์ตพูดเหี้ย_none_225_nan.wav,0.0,2.260125,none,True,,C:\Users\muldi\Documents\Playground\University\senior-project-1\dataset\us\clear\ไอ้อาร์ตพูดเหี้ย.wav
dataset\augmented\เย็ดแม่ นี่คือสิ่งที่มึงเรียกว่าความยุติธรรมอ่อ_มึง_226_nan.wav,0.0,0.2325,มึง,True,,C:\Users\muldi\Documents\Playground\University\senior-project-1\dataset\us\clear\เย็ดแม่ นี่คือสิ่งที่มึงเรียกว่าความยุติธรรมอ่อ.wav
dataset\augmented\เจ็บคอมาสองวันเพราะฝุ่น_none_227_light_none.wav,0.0,5.098125,none,True,light_none,C:\Users\muldi\Documents\Playground\University\senior-project-1\dataset\us\noise\เจ็บคอมาสองวันเพราะฝุ่น.wav
dataset\augmented\กาลครั้งมีไอ้สวะตัวหนึ่ง_ควย_228_nan.wav,0.0,0.2540625,ควย,True,,C:\Users\muldi\Documents\Playground\University\senior-project-1\dataset\us\clear\กาลครั้งมีไอ้สวะตัวหนึ่ง.wav
dataset\augmented\ถ้ามึงจะทำอย่างนี้นะ ไปเหอะ อย่ากลับมาเลย_มึง_229_nan.wav,0.0,0.3199375,มึง,True,,C:\Users\muldi\Documents\Playground\University\senior-project-1\dataset\us\clear\ถ้ามึงจะทำอย่างนี้นะ ไปเหอะ อย่ากลับมาเลย.wav
dataset\augmented\ทุกครั้งที่เขาพูด มันเหมือนเขากำลังพ่นสวะออกมา_none_230_nan.wav,0.0,3.112625,none,True,,C:\Users\muldi\Documents\Playground\University\senior-project-1\dataset\us\clear\ทุกครั้งที่เขาพูด มันเหมือนเขากำลังพ่นสวะออกมา.wav
dataset\augmented\Janพูดถึงอาท_none_231_light_none.wav,0.0,17.0514375,none,True,light_none,C:\Users\muldi\Documents\Playground\University\senior-project-1\dataset\us\clear\Janพูดถึงอาท.wav
dataset\augmented\พิ้งค์ด่าหนัง_none_232_nan.wav,0.0,2.231625,none,True,,C:\Users\muldi\Documents\Playground\University\senior-project-1\dataset\us\clear\พิ้งค์ด่าหนัง.wav
dataset\augmented\ค่ายเหี้ย_หี_233_nan.wav,0.0,0.14525,หี,True,,C:\Users\muldi\Documents\Playground\University\senior-project-1\dataset\us\noise\ค่ายเหี้ย.wav
dataset\augmented\กาลครั้งมีไอ้สวะตัวหนึ่ง_none_234_nan.wav,0.0,2.0023125,none,True,,C:\Users\muldi\Documents\Playground\University\senior-project-1\dataset\us\clear\กาลครั้งมีไอ้สวะตัวหนึ่ง.wav
dataset\augmented\เป็นสวะแล้วยังทำนิสัยหีๆอีก_none_235_nan.wav,0.0,0.6168125,none,True,,C:\Users\muldi\Documents\Playground\University\senior-project-1\dataset\us\clear\เป็นสวะแล้วยังทำนิสัยหีๆอีก.wav
dataset\augmented\โต้งไล่หมา_none_236_nan.wav,0.0,1.2549375,none,True,,C:\Users\muldi\Documents\Playground\University\senior-project-1\dataset\us\clear\โต้งไล่หมา.wav
dataset\augmented\บัวด่านัท_เหี้ย_237_nan.wav,0.0,0.334125,เหี้ย,True,,C:\Users\muldi\Documents\Playground\University\senior-project-1\dataset\us\clear\บัวด่านัท.wav
dataset\augmented\บิวพูดเหี้ย_เหี้ย_238_light.wav,0.0,0.4248125,เหี้ย,True,light,C:\Users\muldi\Documents\Playground\University\senior-project-1\dataset\us\clear\บิวพูดเหี้ย.wav
dataset\augmented\อารมณ์แบบว่างี้ป้ะ_หี_239_medium.wav,0.0,0.322125,หี,True,medium,C:\Users\muldi\Documents\Playground\University\senior-project-1\dataset\us\clear\อารมณ์แบบว่างี้ป้ะ.wav
dataset\augmented\อาทโดนFBI_มึง_240_light.wav,0.0,0.283,มึง,True,light,C:\Users\muldi\Documents\Playground\University\senior-project-1\dataset\us\clear\อาทโดนFBI.wav
dataset\augmented\กาลครั้งมีไอ้สวะตัวหนึ่ง_ควย_241_medium.wav,0.0,0.2074375,ควย,True,medium,C:\Users\muldi\Documents\Playground\University\senior-project-1\dataset\us\clear\กาลครั้งมีไอ้สวะตัวหนึ่ง.wav
dataset\augmented\กล้าดียังไงมาแตะคนรัก_แตด_242_heavy.wav,0.0,0.358875,แตด,True,heavy,C:\Users\muldi\Documents\Playground\University\senior-project-1\dataset\us\clear\กล้าดียังไงมาแตะคนรัก.wav
dataset\augmented\เป็นสวะแล้วยังทำนิสัยหีๆอีก_เหี้ย_243_light.wav,0.0,0.2064375,เหี้ย,True,light,C:\Users\muldi\Documents\Playground\University\senior-project-1\dataset\us\clear\เป็นสวะแล้วยังทำนิสัยหีๆอีก.wav
dataset\augmented\โต้งไล่หมา_มึง_244_nan.wav,0.0,0.159125,มึง,True,,C:\Users\muldi\Documents\Playground\University\senior-project-1\dataset\us\clear\โต้งไล่หมา.wav
dataset\augmented\ความดื้อรั้นหน้าหีของมึงทำให้ทุกอย่างแย่ลงนะ_หี_245_medium.wav,0.0,0.1643125,หี,True,medium,C:\Users\muldi\Documents\Playground\University\senior-project-1\dataset\us\clear\ความดื้อรั้นหน้าหีของมึงทำให้ทุกอย่างแย่ลงนะ.wav
dataset\augmented\กายพูดกูรัวๆ_ควย_246_medium.wav,0.0,0.484375,ควย,True,medium,C:\Users\muldi\Documents\Playground\University\senior-project-1\dataset\us\clear\กายพูดกูรัวๆ.wav
dataset\augmented\พฤติกรรมเห็นแก่ตัวหัวควยของมึงมันสร้างปัญหารู้ไหม_ควย_247_medium.wav,0.0,0.1448125,ควย,True,medium,C:\Users\muldi\Documents\Playground\University\senior-project-1\dataset\us\clear\พฤติกรรมเห็นแก่ตัวหัวควยของมึงมันสร้างปัญหารู้ไหม.wav
dataset\augmented\เป็นสวะแล้วยังทำนิสัยหีๆอีก_แตด_248_nan.wav,0.0,0.1575625,แตด,True,,C:\Users\muldi\Documents\Playground\University\senior-project-1\dataset\us\clear\เป็นสวะแล้วยังทำนิสัยหีๆอีก.wav
dataset\augmented\เย็ดแม่ นี่คือเหตุผลที่กูไม่อยากคุยกับมึง_เย็ด_249_medium.wav,0.0,0.092625,เย็ด,True,medium,C:\Users\muldi\Documents\Playground\University\senior-project-1\dataset\us\clear\เย็ดแม่ นี่คือเหตุผลที่กูไม่อยากคุยกับมึง.wav
dataset\augmented\เดินตกท่อ_none_250_nan.wav,0.0,2.1606875,none,True,,C:\Users\muldi\Documents\Playground\University\senior-project-1\dataset\us\clear\เดินตกท่อ.wav
dataset\augmented\ไอ้เหี้ย ใครกินของกูหมดเนี่ย_กู_251_nan.wav,0.0,0.100875,กู,True,,C:\Users\muldi\Documents\Playground\University\senior-project-1\dataset\us\clear\ไอ้เหี้ย ใครกินของกูหมดเนี่ย.wav
dataset\augmented\กายพูดกูรัวๆ_เย็ด_252_medium.wav,0.0,0.073125,เย็ด,True,medium,C:\Users\muldi\Documents\Playground\University\senior-project-1\dataset\us\clear\กายพูดกูรัวๆ.wav
dataset\augmented\บัวด่านัท_กู_253_nan.wav,0.0,0.200875,กู,True,,C:\Users\muldi\Documents\Playground\University\senior-project-1\dataset\us\clear\บัวด่านัท.wav
dataset\augmented\อารมณ์แบบว่างี้ป้ะ_เหี้ย_254_nan.wav,0.0,0.337375,เหี้ย,True,,C:\Users\muldi\Documents\Playground\University\senior-project-1\dataset\us\clear\อารมณ์แบบว่างี้ป้ะ.wav
dataset\augmented\เย็ดแม่ ทนไม่ไหวแล้วจริงๆนะ_เย็ด_255_nan.wav,0.0,0.1161875,เย็ด,True,,C:\Users\muldi\Documents\Playground\University\senior-project-1\dataset\us\clear\เย็ดแม่ ทนไม่ไหวแล้วจริงๆนะ.wav
dataset\augmented\มึงไม่เคยฟังใครเลยใช่ไหม เย็ดแม่_none_256_light_none.wav,0.0,0.3325,none,True,light_none,C:\Users\muldi\Documents\Playground\University\senior-project-1\dataset\us\clear\มึงไม่เคยฟังใครเลยใช่ไหม เย็ดแม่.wav
dataset\augmented\กู(หลายคำ)_none_257_nan.wav,0.0,0.5295,none,True,,C:\Users\muldi\Documents\Playground\University\senior-project-1\dataset\us\clear\กู(หลายคำ).wav
dataset\augmented\ชีสเหม็น_none_258_nan.wav,0.0,0.0514375,none,True,,C:\Users\muldi\Documents\Playground\University\senior-project-1\dataset\us\clear\ชีสเหม็น.wav
dataset\augmented\Janพูดถึงอาท_ควย_259_nan.wav,0.0,0.5223125,ควย,True,,C:\Users\muldi\Documents\Playground\University\senior-project-1\dataset\us\clear\Janพูดถึงอาท.wav
dataset\augmented\เย็ดแม่ กูไม่โอเคกับสิ่งที่มึงทำเลยนะ_none_260_light_none.wav,0.0,0.826375,none,True,light_none,C:\Users\muldi\Documents\Playground\University\senior-project-1\dataset\us\clear\เย็ดแม่ กูไม่โอเคกับสิ่งที่มึงทำเลยนะ.wav
dataset\augmented\แปปนึง มึงใครเนี่ย มึงใคร มึงคือใคร_none_261_nan.wav,0.0,1.2659375,none,True,,C:\Users\muldi\Documents\Playground\University\senior-project-1\dataset\us\clear\แปปนึง มึงใครเนี่ย มึงใคร มึงคือใคร.wav
dataset\augmented\เย็ดแม่ มึงไม่แคร์อะไรเลยใช่ไหมอ่ะ_none_262_nan.wav,0.0,0.422125,none,True,,C:\Users\muldi\Documents\Playground\University\senior-project-1\dataset\us\clear\เย็ดแม่ มึงไม่แคร์อะไรเลยใช่ไหมอ่ะ.wav
dataset\augmented\เจ็บคอมาสองวันเพราะฝุ่น_ควย_263_medium.wav,0.0,0.2966875,ควย,True,medium,C:\Users\muldi\Documents\Playground\University\senior-project-1\dataset\us\noise\เจ็บคอมาสองวันเพราะฝุ่น.wav
dataset\augmented\กายพูดกูรัวๆ_none_264_nan.wav,0.0,1.6151875,none,True,,C:\Users\muldi\Documents\Playground\University\senior-project-1\dataset\us\clear\กายพูดกูรัวๆ.wav
dataset\augmented\ไอ้เหี้ย ใครกินของกูหมดเนี่ย_none_265_nan.wav,0.0,1.3955,none,True,,C:\Users\muldi\Documents\Playground\University\senior-project-1\dataset\us\clear\ไอ้เหี้ย ใครกินของกูหมดเนี่ย.wav
dataset\augmented\เอ๊ย เป็นเหี้ยไรวะกูถามจริง_none_266_nan.wav,0.0,1.82325,none,True,,C:\Users\muldi\Documents\Playground\University\senior-project-1\dataset\us\clear\เอ๊ย เป็นเหี้ยไรวะกูถามจริง.wav
dataset\augmented\Janพูดถึงอาท_none_267_nan.wav,0.0,6.1470625,none,True,,C:\Users\muldi\Documents\Playground\University\senior-project-1\dataset\us\clear\Janพูดถึงอาท.wav
dataset\augmented\อาทโดนFBI_สวะ_268_medium.wav,0.0,0.339875,สวะ,True,medium,C:\Users\muldi\Documents\Playground\University\senior-project-1\dataset\us\clear\อาทโดนFBI.wav
dataset\augmented\เย็ดแม่ กูไม่โอเคกับสิ่งที่มึงทำเลยนะ_none_269_nan.wav,0.0,0.634125,none,True,,C:\Users\muldi\Documents\Playground\University\senior-project-1\dataset\us\clear\เย็ดแม่ กูไม่โอเคกับสิ่งที่มึงทำเลยนะ.wav
dataset\augmented\ถ้าแกไม่ไป กูก็ไม่ไปเหมือนกัน_none_270_light_none.wav,0.0,1.431375,none,True,light_none,C:\Users\muldi\Documents\Playground\University\senior-project-1\dataset\us\clear\ถ้าแกไม่ไป กูก็ไม่ไปเหมือนกัน.wav
dataset\augmented\เย็ดแม่ นี่คือเหตุผลที่กูไม่อยากคุยกับมึง_เย็ด_271_nan.wav,0.0,0.092625,เย็ด,True,,C:\Users\muldi\Documents\Playground\University\senior-project-1\dataset\us\clear\เย็ดแม่ นี่คือเหตุผลที่กูไม่อยากคุยกับมึง.wav
dataset\augmented\เป็นสวะแล้วยังทำนิสัยหีๆอีก_ควย_272_nan.wav,0.0,0.3413125,ควย,True,,C:\Users\muldi\Documents\Playground\University\senior-project-1\dataset\us\clear\เป็นสวะแล้วยังทำนิสัยหีๆอีก.wav
dataset\augmented\รถติดบนทางด่วน_สวะ_273_medium.wav,0.0,0.19875,สวะ,True,medium,C:\Users\muldi\Documents\Playground\University\senior-project-1\dataset\us\noise\รถติดบนทางด่วน.wav
dataset\augmented\Janพูดถึงอาท_เย็ด_274_medium.wav,0.0,0.1128125,เย็ด,True,medium,C:\Users\muldi\Documents\Playground\University\senior-project-1\dataset\us\clear\Janพูดถึงอาท.wav
dataset\augmented\ก็มาดิสะไอ้สัสเป็นเหี้ยไรวะ_none_275_nan.wav,0.0,2.2228125,none,True,,C:\Users\muldi\Documents\Playground\University\senior-project-1\dataset\us\clear\ก็มาดิสะไอ้สัสเป็นเหี้ยไรวะ.wav
dataset\augmented\กาลครั้งมีไอ้สวะตัวหนึ่ง_สวะ_276_medium.wav,0.0,0.251625,สวะ,True,medium,C:\Users\muldi\Documents\Playground\University\senior-project-1\dataset\us\clear\กาลครั้งมีไอ้สวะตัวหนึ่ง.wav
dataset\augmented\กูว่าฝนจะตกแล้ว รีบกลับเถอะ_กู_277_nan.wav,0.0,0.17475,กู,True,,C:\Users\muldi\Documents\Playground\University\senior-project-1\dataset\us\clear\กูว่าฝนจะตกแล้ว รีบกลับเถอะ.wav
dataset\augmented\ชีสเหม็น_แตด_278_heavy.wav,0.0,0.2910625,แตด,True,heavy,C:\Users\muldi\Documents\Playground\University\senior-project-1\dataset\us\clear\ชีสเหม็น.wav
dataset\augmented\พฤติกรรมเห็นแก่ตัวหัวควยของมึงมันสร้างปัญหารู้ไหม_none_279_light_none.wav,0.0,1.766875,none,True,light_none,C:\Users\muldi\Documents\Playground\University\senior-project-1\dataset\us\clear\พฤติกรรมเห็นแก่ตัวหัวควยของมึงมันสร้างปัญหารู้ไหม.wav
dataset\augmented\อารมณ์แบบว่างี้ป้ะ_none_280_light_none.wav,0.0,0.164125,none,True,light_none,C:\Users\muldi\Documents\Playground\University\senior-project-1\dataset\us\clear\อารมณ์แบบว่างี้ป้ะ.wav
dataset\augmented\Janพูดถึงอาท_none_281_light_none.wav,0.0,6.1470625,none,True,light_none,C:\Users\muldi\Documents\Playground\University\senior-project-1\dataset\us\clear\Janพูดถึงอาท.wav
dataset\augmented\ไอ้อาร์ตพูดเหี้ย_none_282_nan.wav,0.0,0.768375,none,True,,C:\Users\muldi\Documents\Playground\University\senior-project-1\dataset\us\clear\ไอ้อาร์ตพูดเหี้ย.wav
dataset\augmented\โต้งไล่หมา_กู_283_light.wav,0.0,0.114625,กู,True,light,C:\Users\muldi\Documents\Playground\University\senior-project-1\dataset\us\clear\โต้งไล่หมา.wav
dataset\augmented\บัวด่านัท_none_284_light_none.wav,0.0,1.8999375,none,True,light_none,C:\Users\muldi\Documents\Playground\University\senior-project-1\dataset\us\clear\บัวด่านัท.wav
dataset\augmented\ถ้ามึงจะทำอย่างนี้นะ ไปเหอะ อย่ากลับมาเลย_none_285_light_none.wav,0.0,4.46275,none,True,light_none,C:\Users\muldi\Documents\Playground\University\senior-project-1\dataset\us\clear\ถ้ามึงจะทำอย่างนี้นะ ไปเหอะ อย่ากลับมาเลย.wav
dataset\augmented\คอมโครตดี_none_286_light_none.wav,0.0,2.4296875,none,True,light_none,C:\Users\muldi\Documents\Playground\University\senior-project-1\dataset\us\clear\คอมโครตดี.wav
dataset\augmented\อาทโดนFBI_เหี้ย_287_light.wav,0.0,0.187875,เหี้ย,True,light,C:\Users\muldi\Documents\Playground\University\senior-project-1\dataset\us\clear\อาทโดนFBI.wav
dataset\augmented\รถติดบนทางด่วน_สวะ_288_nan.wav,0.0,0.19875,สวะ,True,,C:\Users\muldi\Documents\Playground\University\senior-project-1\dataset\us\noise\รถติดบนทางด่วน.wav
dataset\augmented\เอ๊ย เป็นเหี้ยไรวะกูถามจริง_เหี้ย_289_nan.wav,0.0,0.2545625,เหี้ย,True,,C:\Users\muldi\Documents\Playground\University\senior-project-1\dataset\us\clear\เอ๊ย เป็นเหี้ยไรวะกูถามจริง.wav
dataset\augmented\เออใช่ กูเห็นไอกายมันลงสตอรี่ ชวนสาวมาดูแมวที่_none_290_light_none.wav,0.0,3.5584375,none,True,light_none,C:\Users\muldi\Documents\Playground\University\senior-project-1\dataset\us\clear\เออใช่ กูเห็นไอกายมันลงสตอรี่ ชวนสาวมาดูแมวที่.wav
dataset\augmented\บิวพูดควย_ควย_291_nan.wav,0.0,0.4205,ควย,True,,C:\Users\muldi\Documents\Playground\University\senior-project-1\dataset\us\clear\บิวพูดควย.wav
dataset\augmented\ไอ้คนวิปริต ไอ้คนเย็ดแม่_เย็ด_292_medium.wav,0.0,0.1119375,เย็ด,True,medium,C:\Users\muldi\Documents\Playground\University\senior-project-1\dataset\us\clear\ไอ้คนวิปริต ไอ้คนเย็ดแม่.wav
dataset\augmented\เลสเบี้ยน_ควย_293_nan.wav,0.0,0.1484375,ควย,True,,C:\Users\muldi\Documents\Playground\University\senior-project-1\dataset\us\clear\เลสเบี้ยน.wav
dataset\augmented\พูดควยๆแบบนี้ใครจะอยากอยู่ใกล้_ควย_294_medium.wav,0.0,0.081125,ควย,True,medium,C:\Users\muldi\Documents\Playground\University\senior-project-1\dataset\us\clear\พูดควยๆแบบนี้ใครจะอยากอยู่ใกล้.wav
dataset\augmented\พูดควยๆแบบนี้ใครจะอยากอยู่ใกล้_none_295_nan.wav,0.0,0.4918125,none,True,,C:\Users\muldi\Documents\Playground\University\senior-project-1\dataset\us\clear\พูดควยๆแบบนี้ใครจะอยากอยู่ใกล้.wav
dataset\augmented\เช้านี้สดใส_มึง_296_nan.wav,0.0,0.2250625,มึง,True,,C:\Users\muldi\Documents\Playground\University\senior-project-1\dataset\us\clear\เช้านี้สดใส.wav
dataset\augmented\หีหอมพ่อง_มึง_297_nan.wav,0.0,0.1676875,มึง,True,,C:\Users\muldi\Documents\Playground\University\senior-project-1\dataset\us\clear\หีหอมพ่อง.wav
dataset\augmented\กายพูดกูรัวๆ_กู_298_nan.wav,0.0,0.08225,กู,True,,C:\Users\muldi\Documents\Playground\University\senior-project-1\dataset\us\clear\กายพูดกูรัวๆ.wav
dataset\augmented\กายพูดกูรัวๆ_กู_299_nan.wav,0.0,0.4145625,กู,True,,C:\Users\muldi\Documents\Playground\University\senior-project-1\dataset\us\clear\กายพูดกูรัวๆ.wav
dataset\augmented\ก่อนจะถามกูเนี่ย เฝ้าถามตัวเองเถอะว่าดีพอยัง_none_300_nan.wav,0.0,1.0605,none,True,,C:\Users\muldi\Documents\Playground\University\senior-project-1\dataset\us\clear\ก่อนจะถามกูเนี่ย เฝ้าถามตัวเองเถอะว่าดีพอยัง.wav
dataset\augmented\หีหอมพ่อง_ควย_301_medium.wav,0.0,0.1309375,ควย,True,medium,C:\Users\muldi\Documents\Playground\University\senior-project-1\dataset\us\clear\หีหอมพ่อง.wav
dataset\augmented\เลสเบี้ยน_สวะ_302_medium.wav,0.0,0.239375,สวะ,True,medium,C:\Users\muldi\Documents\Playground\University\senior-project-1\dataset\us\clear\เลสเบี้ยน.wav
dataset\augmented\ป้าๆก๋วยเตี๋ยวถุงนึง_แตด_303_heavy.wav,0.0,0.1951875,แตด,True,heavy,C:\Users\muldi\Documents\Playground\University\senior-project-1\dataset\us\clear\ป้าๆก๋วยเตี๋ยวถุงนึง.wav
dataset\augmented\เห้ย กูตื่นเต้นมากเลยที่จะได้ไปเที่ยวอาทิตย์หน้า_none_304_nan.wav,0.0,2.8646875,none,True,,C:\Users\muldi\Documents\Playground\University\senior-project-1\dataset\us\clear\เห้ย กูตื่นเต้นมากเลยที่จะได้ไปเที่ยวอาทิตย์หน้า.wav
dataset\augmented\พิ้งค์ด่าหนัง_แตด_305_heavy.wav,0.0,0.1701875,แตด,True,heavy,C:\Users\muldi\Documents\Playground\University\senior-project-1\dataset\us\clear\พิ้งค์ด่าหนัง.wav
dataset\augmented\Janพูดถึงอาท_เย็ด_306_medium.wav,0.0,0.0745,เย็ด,True,medium,C:\Users\muldi\Documents\Playground\University\senior-project-1\dataset\us\clear\Janพูดถึงอาท.wav
dataset\augmented\ไอ้เหี้ยทำไมนิสัยมึงสวะได้ขนาดนี้_none_307_light_none.wav,0.0,1.3685625,none,True,light_none,C:\Users\muldi\Documents\Playground\University\senior-project-1\dataset\us\clear\ไอ้เหี้ยทำไมนิสัยมึงสวะได้ขนาดนี้.wav
dataset\augmented\โอเค ฟังดีๆนะมึง พ่อของมึงเสียแล้ว_none_308_nan.wav,0.0,2.4745625,none,True,,C:\Users\muldi\Documents\Playground\University\senior-project-1\dataset\us\clear\โอเค ฟังดีๆนะมึง พ่อของมึงเสียแล้ว.wav
dataset\augmented\อย่าฟังความข้างเดียวสิ กูน่ะบอกอยู่เสมอแล้วว่ากูเป็นคนดี_none_309_nan.wav,0.0,2.5838125,none,True,,C:\Users\muldi\Documents\Playground\University\senior-project-1\dataset\us\clear\อย่าฟังความข้างเดียวสิ กูน่ะบอกอยู่เสมอแล้วว่ากูเป็นคนดี.wav
dataset\augmented\บิวพูดเหี้ย_none_310_nan.wav,0.0,1.26575,none,True,,C:\Users\muldi\Documents\Playground\University\senior-project-1\dataset\us\clear\บิวพูดเหี้ย.wav
dataset\augmented\ไอ้เย็ดแม่เอ๊ย โทรมาทำไม กูง่วง_none_311_nan.wav,0.0,2.36825,none,True,,C:\Users\muldi\Documents\Playground\University\senior-project-1\dataset\us\clear\ไอ้เย็ดแม่เอ๊ย โทรมาทำไม กูง่วง.wav
dataset\augmented\Janพูดถึงอาท_เหี้ย_312_nan.wav,0.0,0.1233125,เหี้ย,True,,C:\Users\muldi\Documents\Playground\University\senior-project-1\dataset\us\clear\Janพูดถึงอาท.wav
dataset\augmented\หีหอมพ่อง_สวะ_313_nan.wav,0.0,0.3173125,สวะ,True,,C:\Users\muldi\Documents\Playground\University\senior-project-1\dataset\us\clear\หีหอมพ่อง.wav
dataset\augmented\ค่ายเหี้ย2_หี_314_medium.wav,0.0,0.25525,หี,True,medium,C:\Users\muldi\Documents\Playground\University\senior-project-1\dataset\us\noise\ค่ายเหี้ย2.wav
dataset\augmented\แปปนึง มึงใครเนี่ย มึงใคร มึงคือใคร_มึง_315_nan.wav,0.0,0.131875,มึง,True,,C:\Users\muldi\Documents\Playground\University\senior-project-1\dataset\us\clear\แปปนึง มึงใครเนี่ย มึงใคร มึงคือใคร.wav
dataset\augmented\ค่ายเหี้ย_แตด_316_heavy.wav,0.0,0.157,แตด,True,heavy,C:\Users\muldi\Documents\Playground\University\senior-project-1\dataset\us\noise\ค่ายเหี้ย.wav
dataset\augmented\เห้ย กูตื่นเต้นมากเลยที่จะได้ไปเที่ยวอาทิตย์หน้า_กู_317_nan.wav,0.0,0.1561875,กู,True,,C:\Users\muldi\Documents\Playground\University\senior-project-1\dataset\us\clear\เห้ย กูตื่นเต้นมากเลยที่จะได้ไปเที่ยวอาทิตย์หน้า.wav
dataset\augmented\มึงไม่มีสิทธิ์มาทำแบบนี้กับกู เย็ดแม่_เย็ด_318_medium.wav,0.0,0.148375,เย็ด,True,medium,C:\Users\muldi\Documents\Playground\University\senior-project-1\dataset\us\clear\มึงไม่มีสิทธิ์มาทำแบบนี้กับกู เย็ดแม่.wav
dataset\augmented\เย็ดแม่ นี่คือเหตุผลที่กูไม่อยากคุยกับมึง_none_319_light_none.wav,0.0,1.023375,none,True,light_none,C:\Users\muldi\Documents\Playground\University\senior-project-1\dataset\us\clear\เย็ดแม่ นี่คือเหตุผลที่กูไม่อยากคุยกับมึง.wav
dataset\augmented\มึงก็ไม่เคยฟังใครเลย คงจะฟังแต่หีตัวเองสินะ_none_320_nan.wav,0.0,1.5915625,none,True,,C:\Users\muldi\Documents\Playground\University\senior-project-1\dataset\us\clear\มึงก็ไม่เคยฟังใครเลย คงจะฟังแต่หีตัวเองสินะ.wav
dataset\augmented\สวะ (เปอร์)_สวะ_321_medium.wav,0.0,2.3466875,สวะ,True,medium,C:\Users\muldi\Documents\Playground\University\senior-project-1\dataset\single\สวะ\สวะ (เปอร์).wav
dataset\augmented\อารมณ์แบบว่างี้ป้ะ_หี_322_medium.wav,0.0,0.3251875,หี,True,medium,C:\Users\muldi\Documents\Playground\University\senior-project-1\dataset\us\clear\อารมณ์แบบว่างี้ป้ะ.wav
dataset\augmented\เย็ดแม่ ทำไมถึงไม่ใส่ใจในสิ่งที่กูบอกบ้างอ่ะ_none_323_nan.wav,0.0,1.56,none,True,,C:\Users\muldi\Documents\Playground\University\senior-project-1\dataset\us\clear\เย็ดแม่ ทำไมถึงไม่ใส่ใจในสิ่งที่กูบอกบ้างอ่ะ.wav
dataset\augmented\ไอ้เหี้ยทำไมนิสัยมึงสวะได้ขนาดนี้_มึง_324_nan.wav,0.0,0.15375,มึง,True,,C:\Users\muldi\Documents\Playground\University\senior-project-1\dataset\us\clear\ไอ้เหี้ยทำไมนิสัยมึงสวะได้ขนาดนี้.wav
dataset\augmented\แตด (เปอร์)_แตด_325_heavy.wav,0.0,2.3253125,แตด,True,heavy,C:\Users\muldi\Documents\Playground\University\senior-project-1\dataset\single\แตด\แตด (เปอร์).wav
dataset\augmented\โต้งไล่หมา_กู_326_nan.wav,0.0,0.1526875,กู,True,,C:\Users\muldi\Documents\Playground\University\senior-project-1\dataset\us\clear\โต้งไล่หมา.wav
dataset\augmented\เอ๊ย เป็นเหี้ยไรวะกูถามจริง_ควย_327_nan.wav,0.0,0.38575,ควย,True,,C:\Users\muldi\Documents\Playground\University\senior-project-1\dataset\us\clear\เอ๊ย เป็นเหี้ยไรวะกูถามจริง.wav
dataset\augmented\ค่ายเหี้ย_none_328_light_none.wav,0.0,1.170125,none,True,light_none,C:\Users\muldi\Documents\Playground\University\senior-project-1\dataset\us\noise\ค่ายเหี้ย.wav
dataset\augmented\ทำไมมึงถึงทำอย่างนี้เนี่ย ดูดีๆ_มึง_329_nan.wav,0.0,0.214375,มึง,True,,C:\Users\muldi\Documents\Playground\University\senior-project-1\dataset\us\clear\ทำไมมึงถึงทำอย่างนี้เนี่ย ดูดีๆ.wav
dataset\augmented\กายพูดกูรัวๆ_none_330_nan.wav,0.0,1.3380625,none,True,,C:\Users\muldi\Documents\Playground\University\senior-project-1\dataset\us\clear\กายพูดกูรัวๆ.wav
dataset\augmented\มึงก็ไม่เคยฟังใครเลย คงจะฟังแต่หีตัวเองสินะ_หี_331_nan.wav,0.0,0.19375,หี,True,,C:\Users\muldi\Documents\Playground\University\senior-project-1\dataset\us\clear\มึงก็ไม่เคยฟังใครเลย คงจะฟังแต่หีตัวเองสินะ.wav
dataset\augmented\ความดื้อรั้นหน้าหีของมึงทำให้ทุกอย่างแย่ลงนะ_หี_332_nan.wav,0.0,0.1643125,หี,True,,C:\Users\muldi\Documents\Playground\University\senior-project-1\dataset\us\clear\ความดื้อรั้นหน้าหีของมึงทำให้ทุกอย่างแย่ลงนะ.wav
dataset\augmented\เป็นสวะแล้วยังทำนิสัยหีๆอีก_เหี้ย_333_nan.wav,0.0,0.2064375,เหี้ย,True,,C:\Users\muldi\Documents\Playground\University\senior-project-1\dataset\us\clear\เป็นสวะแล้วยังทำนิสัยหีๆอีก.wav
dataset\augmented\กล้าดียังไงมาแตะคนรัก_สวะ_334_medium.wav,0.0,0.39775,สวะ,True,medium,C:\Users\muldi\Documents\Playground\University\senior-project-1\dataset\us\clear\กล้าดียังไงมาแตะคนรัก.wav
dataset\augmented\ชีสเหม็น_none_335_nan.wav,0.0,1.0745,none,True,,C:\Users\muldi\Documents\Playground\University\senior-project-1\dataset\us\clear\ชีสเหม็น.wav
dataset\augmented\Janพูดถึงอาท_none_336_nan.wav,0.0,1.5475625,none,True,,C:\Users\muldi\Documents\Playground\University\senior-project-1\dataset\us\clear\Janพูดถึงอาท.wav
dataset\augmented\บารมีมารดา_สวะ_337_medium.wav,0.0,0.37725,สวะ,True,medium,C:\Users\muldi\Documents\Playground\University\senior-project-1\dataset\us\clear\บารมีมารดา.wav
dataset\augmented\ป้าๆก๋วยเตี๋ยวถุงนึง_แตด_338_heavy.wav,0.0,0.1951875,แตด,True,heavy,C:\Users\muldi\Documents\Playground\University\senior-project-1\dataset\us\clear\ป้าๆก๋วยเตี๋ยวถุงนึง.wav
dataset\augmented\ควย (เปอร์)_ควย_339_medium.wav,0.0,2.112,ควย,True,medium,C:\Users\muldi\Documents\Playground\University\senior-project-1\dataset\single\ควย\ควย (เปอร์).wav
dataset\augmented\คอมโครตดี_none_340_nan.wav,0.0,1.0026875,none,True,,C:\Users\muldi\Documents\Playground\University\senior-project-1\dataset\us\clear\คอมโครตดี.wav
dataset\augmented\อย่าทำเหมือนกูไม่มีตัวตนนะ เย็ดแม่_none_341_nan.wav,0.0,0.5451875,none,True,,C:\Users\muldi\Documents\Playground\University\senior-project-1\dataset\us\clear\อย่าทำเหมือนกูไม่มีตัวตนนะ เย็ดแม่.wav
dataset\augmented\บิวพูดควย_none_342_light_none.wav,0.0,1.17425,none,True,light_none,C:\Users\muldi\Documents\Playground\University\senior-project-1\dataset\us\clear\บิวพูดควย.wav
dataset\augmented\ไอ้เหี้ย ใครกินของกูหมดเนี่ย_none_343_light_none.wav,0.0,0.3046875,none,True,light_none,C:\Users\muldi\Documents\Playground\University\senior-project-1\dataset\us\clear\ไอ้เหี้ย ใครกินของกูหมดเนี่ย.wav
dataset\augmented\แดนแถมควย_none_344_nan.wav,0.0,1.0713125,none,True,,C:\Users\muldi\Documents\Playground\University\senior-project-1\dataset\us\clear\แดนแถมควย.wav
dataset\augmented\เอ๊ย เป็นเหี้ยไรวะกูถามจริง_แตด_345_heavy.wav,0.0,0.16475,แตด,True,heavy,C:\Users\muldi\Documents\Playground\University\senior-project-1\dataset\us\clear\เอ๊ย เป็นเหี้ยไรวะกูถามจริง.wav
dataset\augmented\รถติดบนทางด่วน_หี_346_nan.wav,0.0,0.1573125,หี,True,,C:\Users\muldi\Documents\Playground\University\senior-project-1\dataset\us\noise\รถติดบนทางด่วน.wav
dataset\augmented\ควย (แทน)_ควย_347_nan.wav,0.0,2.4533125,ควย,True,,C:\Users\muldi\Documents\Playground\University\senior-project-1\dataset\single\ควย\ควย (แทน).wav
dataset\augmented\บิวพูดเหี้ย_เหี้ย_348_light.wav,0.0,0.4205625,เหี้ย,True,light,C:\Users\muldi\Documents\Playground\University\senior-project-1\dataset\us\clear\บิวพูดเหี้ย.wav
dataset\augmented\แปปนึง มึงใครเนี่ย มึงใคร มึงคือใคร_none_349_nan.wav,0.0,1.413625,none,True,,C:\Users\muldi\Documents\Playground\University\senior-project-1\dataset\us\clear\แปปนึง มึงใครเนี่ย มึงใคร มึงคือใคร.wav
dataset\augmented\ไอ้อาร์ตพูดเหี้ย_none_350_light_none.wav,0.0,0.5303125,none,True,light_none,C:\Users\muldi\Documents\Playground\University\senior-project-1\dataset\us\clear\ไอ้อาร์ตพูดเหี้ย.wav
dataset\augmented\เป็นสวะแล้วยังทำนิสัยหีๆอีก_none_351_nan.wav,0.0,1.0096875,none,True,,C:\Users\muldi\Documents\Playground\University\senior-project-1\dataset\us\clear\เป็นสวะแล้วยังทำนิสัยหีๆอีก.wav
dataset\augmented\เธอทำตัวเหมือนสวะที่ไม่มีเป้าหมายในชีวิต_none_352_nan.wav,0.0,1.99875,none,True,,C:\Users\muldi\Documents\Playground\University\senior-project-1\dataset\us\clear\เธอทำตัวเหมือนสวะที่ไม่มีเป้าหมายในชีวิต.wav
dataset\augmented\ความดื้อรั้นหน้าหีของมึงทำให้ทุกอย่างแย่ลงนะ_มึง_353_nan.wav,0.0,0.1065625,มึง,True,,C:\Users\muldi\Documents\Playground\University\senior-project-1\dataset\us\clear\ความดื้อรั้นหน้าหีของมึงทำให้ทุกอย่างแย่ลงนะ.wav
dataset\augmented\คือมึงไม่ฉลาดหรอวะ_มึง_354_nan.wav,0.0,0.1915625,มึง,True,,C:\Users\muldi\Documents\Playground\University\senior-project-1\dataset\us\clear\คือมึงไม่ฉลาดหรอวะ.wav
dataset\augmented\โอ๊ยเย็ดเป็ดหีแม่มึงร่วง_none_355_nan.wav,0.0,0.2266875,none,True,,C:\Users\muldi\Documents\Playground\University\senior-project-1\dataset\us\clear\โอ๊ยเย็ดเป็ดหีแม่มึงร่วง.wav
dataset\augmented\หี (เบลล์)_หี_356_nan.wav,0.0,1.76,หี,True,,C:\Users\muldi\Documents\Playground\University\senior-project-1\dataset\single\หี\หี (เบลล์).wav
dataset\augmented\เป็นสวะแล้วยังทำนิสัยหีๆอีก_สวะ_357_nan.wav,0.0,0.2616875,สวะ,True,,C:\Users\muldi\Documents\Playground\University\senior-project-1\dataset\us\clear\เป็นสวะแล้วยังทำนิสัยหีๆอีก.wav
dataset\augmented\ทายคำเย็ดแม่_เย็ด_358_nan.wav,0.0,0.0716875,เย็ด,True,,C:\Users\muldi\Documents\Playground\University\senior-project-1\dataset\us\clear\ทายคำเย็ดแม่.wav
dataset\augmented\กาลครั้งมีไอ้สวะตัวหนึ่ง_สวะ_359_medium.wav,0.0,0.251625,สวะ,True,medium,C:\Users\muldi\Documents\Playground\University\senior-project-1\dataset\us\clear\กาลครั้งมีไอ้สวะตัวหนึ่ง.wav
dataset\augmented\คือมึงไม่ฉลาดหรอวะ_none_360_nan.wav,0.0,1.9335,none,True,,C:\Users\muldi\Documents\Playground\University\senior-project-1\dataset\us\clear\คือมึงไม่ฉลาดหรอวะ.wav
dataset\augmented\มึงนี่มันอะควรไปคุยกับรากมะม่วง_none_361_nan.wav,0.0,2.980375,none,True,,C:\Users\muldi\Documents\Playground\University\senior-project-1\dataset\us\clear\มึงนี่มันอะควรไปคุยกับรากมะม่วง.wav
dataset\augmented\ควย มึงทำแบบนี้คนจะมองว่าเป็นคนไร้ความรับผิดชอบนะ_none_362_nan.wav,0.0,0.1665625,none,True,,C:\Users\muldi\Documents\Playground\University\senior-project-1\dataset\us\clear\ควย มึงทำแบบนี้คนจะมองว่าเป็นคนไร้ความรับผิดชอบนะ.wav
dataset\augmented\กายพูดกูรัวๆ_เย็ด_363_medium.wav,0.0,0.0879375,เย็ด,True,medium,C:\Users\muldi\Documents\Playground\University\senior-project-1\dataset\us\clear\กายพูดกูรัวๆ.wav
dataset\augmented\พิ้งค์ด่าหนัง_none_364_nan.wav,0.0,1.088125,none,True,,C:\Users\muldi\Documents\Playground\University\senior-project-1\dataset\us\clear\พิ้งค์ด่าหนัง.wav
dataset\augmented\กูว่านะ โปรเจคเราอะ แม่งสุดยอดวะ_none_365_nan.wav,0.0,4.968,none,True,,C:\Users\muldi\Documents\Playground\University\senior-project-1\dataset\us\clear\กูว่านะ โปรเจคเราอะ แม่งสุดยอดวะ.wav
dataset\augmented\อาทโดนFBI_เหี้ย_366_light.wav,0.0,0.171875,เหี้ย,True,light,C:\Users\muldi\Documents\Playground\University\senior-project-1\dataset\us\clear\อาทโดนFBI.wav
dataset\augmented\แล้วคิดจะรับผิดชอบเรื่องนี้ยังไง เย็ดแม่_เย็ด_367_medium.wav,0.0,0.1054375,เย็ด,True,medium,C:\Users\muldi\Documents\Playground\University\senior-project-1\dataset\us\clear\แล้วคิดจะรับผิดชอบเรื่องนี้ยังไง เย็ดแม่.wav
dataset\augmented\พูดจาไม่มีสาระเหมือนสวะลอยน้ำไปวัน ๆ_none_368_nan.wav,0.0,2.4398125,none,True,,C:\Users\muldi\Documents\Playground\University\senior-project-1\dataset\us\clear\พูดจาไม่มีสาระเหมือนสวะลอยน้ำไปวัน ๆ.wav
dataset\augmented\มึง กูหิวข้าววะ อยากกินตีนอะ_มึง_369_nan.wav,0.0,0.3880625,มึง,True,,C:\Users\muldi\Documents\Playground\University\senior-project-1\dataset\us\clear\มึง กูหิวข้าววะ อยากกินตีนอะ.wav
dataset\augmented\มึงไม่เคยฟังใครเลยใช่ไหม เย็ดแม่_none_370_nan.wav,0.0,1.3075625,none,True,,C:\Users\muldi\Documents\Playground\University\senior-project-1\dataset\us\clear\มึงไม่เคยฟังใครเลยใช่ไหม เย็ดแม่.wav
dataset\augmented\เย็ดแม่ กูควรจะคาดหวังอะไรจากมึงอีกอ่ะ_มึง_371_nan.wav,0.0,0.217375,มึง,True,,C:\Users\muldi\Documents\Playground\University\senior-project-1\dataset\us\clear\เย็ดแม่ กูควรจะคาดหวังอะไรจากมึงอีกอ่ะ.wav
dataset\augmented\โต้งไล่หมา_มึง_372_light.wav,0.0,0.159125,มึง,True,light,C:\Users\muldi\Documents\Playground\University\senior-project-1\dataset\us\clear\โต้งไล่หมา.wav
dataset\augmented\ดูถูกหีไม่มีวันเจริญ_หี_373_medium.wav,0.0,0.1435625,หี,True,medium,C:\Users\muldi\Documents\Playground\University\senior-project-1\dataset\us\clear\ดูถูกหีไม่มีวันเจริญ.wav
dataset\augmented\จะว่าไปแล้วมึงติดเงินกูอยู่50อะดิฟ_มึง_374_nan.wav,0.0,0.2444375,มึง,True,,C:\Users\muldi\Documents\Playground\University\senior-project-1\dataset\us\clear\จะว่าไปแล้วมึงติดเงินกูอยู่50อะดิฟ.wav
dataset\augmented\ไอ้อาร์ตพูดเหี้ย_none_375_nan.wav,0.0,0.5303125,none,True,,C:\Users\muldi\Documents\Playground\University\senior-project-1\dataset\us\clear\ไอ้อาร์ตพูดเหี้ย.wav
dataset\augmented\มึงไม่มีสิทธิ์มาทำแบบนี้กับกู เย็ดแม่_none_376_nan.wav,0.0,1.20975,none,True,,C:\Users\muldi\Documents\Playground\University\senior-project-1\dataset\us\clear\มึงไม่มีสิทธิ์มาทำแบบนี้กับกู เย็ดแม่.wav
dataset\augmented\เย็ดแม่ กูไม่โอเคกับสิ่งที่มึงทำเลยนะ_none_377_nan.wav,0.0,0.5395625,none,True,,C:\Users\muldi\Documents\Playground\University\senior-project-1\dataset\us\clear\เย็ดแม่ กูไม่โอเคกับสิ่งที่มึงทำเลยนะ.wav
dataset\augmented\บิวพูดควย_none_378_nan.wav,0.0,0.9525625,none,True,,C:\Users\muldi\Documents\Playground\University\senior-project-1\dataset\us\clear\บิวพูดควย.wav
dataset\augmented\กาลครั้งมีไอ้สวะตัวหนึ่ง_หี_379_medium.wav,0.0,0.1865,หี,True,medium,C:\Users\muldi\Documents\Playground\University\senior-project-1\dataset\us\clear\กาลครั้งมีไอ้สวะตัวหนึ่ง.wav
dataset\augmented\กาลครั้งมีไอ้สวะตัวหนึ่ง_เย็ด_380_nan.wav,0.0,0.131125,เย็ด,True,,C:\Users\muldi\Documents\Playground\University\senior-project-1\dataset\us\clear\กาลครั้งมีไอ้สวะตัวหนึ่ง.wav
dataset\augmented\เย็ดแม่ มึงไม่แคร์อะไรเลยใช่ไหมอ่ะ_none_381_light_none.wav,0.0,0.422125,none,True,light_none,C:\Users\muldi\Documents\Playground\University\senior-project-1\dataset\us\clear\เย็ดแม่ มึงไม่แคร์อะไรเลยใช่ไหมอ่ะ.wav
dataset\augmented\เช้านี้สดใส_มึง_382_nan.wav,0.0,0.237125,มึง,True,,C:\Users\muldi\Documents\Playground\University\senior-project-1\dataset\us\clear\เช้านี้สดใส.wav
dataset\augmented\เดินตกท่อ_กู_383_nan.wav,0.0,0.2700625,กู,True,,C:\Users\muldi\Documents\Playground\University\senior-project-1\dataset\us\clear\เดินตกท่อ.wav
dataset\augmented\เลสเบี้ยน_หี_384_medium.wav,0.0,0.1169375,หี,True,medium,C:\Users\muldi\Documents\Playground\University\senior-project-1\dataset\us\clear\เลสเบี้ยน.wav
dataset\augmented\กูว่าฝนจะตกแล้ว รีบกลับเถอะ_none_385_nan.wav,0.0,0.2264375,none,True,,C:\Users\muldi\Documents\Playground\University\senior-project-1\dataset\us\clear\กูว่าฝนจะตกแล้ว รีบกลับเถอะ.wav
dataset\augmented\ป้าๆก๋วยเตี๋ยวถุงนึง_สวะ_386_medium.wav,0.0,0.367625,สวะ,True,medium,C:\Users\muldi\Documents\Playground\University\senior-project-1\dataset\us\clear\ป้าๆก๋วยเตี๋ยวถุงนึง.wav
dataset\augmented\กาลครั้งมีไอ้สวะตัวหนึ่ง_สวะ_387_medium.wav,0.0,0.2165625,สวะ,True,medium,C:\Users\muldi\Documents\Playground\University\senior-project-1\dataset\us\clear\กาลครั้งมีไอ้สวะตัวหนึ่ง.wav
dataset\augmented\กายพูดกูรัวๆ_none_388_light_none.wav,0.0,2.845375,none,True,light_none,C:\Users\muldi\Documents\Playground\University\senior-project-1\dataset\us\clear\กายพูดกูรัวๆ.wav
dataset\augmented\โหเย็ดแม่ ไม่คิดจะแก้ไขอะไรหน่อยอ่อ_none_389_light_none.wav,0.0,2.5620625,none,True,light_none,C:\Users\muldi\Documents\Playground\University\senior-project-1\dataset\us\clear\โหเย็ดแม่ ไม่คิดจะแก้ไขอะไรหน่อยอ่อ.wav
dataset\augmented\ค่ายเหี้ย_none_390_light_none.wav,0.0,1.72875,none,True,light_none,C:\Users\muldi\Documents\Playground\University\senior-project-1\dataset\us\noise\ค่ายเหี้ย.wav
dataset\augmented\กายพูดกูรัวๆ_none_391_nan.wav,0.0,1.0056875,none,True,,C:\Users\muldi\Documents\Playground\University\senior-project-1\dataset\us\clear\กายพูดกูรัวๆ.wav
dataset\augmented\กูว่ามันไม่ใช่เรื่องง่าย แต่กูก็จะลองดู_none_392_nan.wav,0.0,0.0384375,none,True,,C:\Users\muldi\Documents\Playground\University\senior-project-1\dataset\us\clear\กูว่ามันไม่ใช่เรื่องง่าย แต่กูก็จะลองดู.wav
dataset\augmented\อย่าฟังความข้างเดียวสิ กูน่ะบอกอยู่เสมอแล้วว่ากูเป็นคนดี_none_393_nan.wav,0.0,1.414875,none,True,,C:\Users\muldi\Documents\Playground\University\senior-project-1\dataset\us\clear\อย่าฟังความข้างเดียวสิ กูน่ะบอกอยู่เสมอแล้วว่ากูเป็นคนดี.wav
dataset\augmented\บิวพูดเหี้ย_เหี้ย_394_light.wav,0.0,0.4435,เหี้ย,True,light,C:\Users\muldi\Documents\Playground\University\senior-project-1\dataset\us\clear\บิวพูดเหี้ย.wav
dataset\augmented\โต้งไล่หมา_none_395_nan.wav,0.0,1.5814375,none,True,,C:\Users\muldi\Documents\Playground\University\senior-project-1\dataset\us\clear\โต้งไล่หมา.wav
dataset\augmented\ฉันไปเรียนภาษาใต้มา_แตด_396_heavy.wav,0.0,0.711625,แตด,True,heavy,C:\Users\muldi\Documents\Playground\University\senior-project-1\dataset\us\clear\ฉันไปเรียนภาษาใต้มา.wav
dataset\augmented\ไอ้เย็ดแม่เอ๊ย โทรมาทำไม กูง่วง_เย็ด_397_nan.wav,0.0,0.1824375,เย็ด,True,,C:\Users\muldi\Documents\Playground\University\senior-project-1\dataset\us\clear\ไอ้เย็ดแม่เอ๊ย โทรมาทำไม กูง่วง.wav
dataset\augmented\เป็นสวะแล้วยังทำนิสัยหีๆอีก_แตด_398_heavy.wav,0.0,0.1575625,แตด,True,heavy,C:\Users\muldi\Documents\Playground\University\senior-project-1\dataset\us\clear\เป็นสวะแล้วยังทำนิสัยหีๆอีก.wav
dataset\augmented\อีกระเทย มึงอะอีกระเทย กูอะตุ๊แท้ มึงอะตุ๊ดเทียม_มึง_399_nan.wav,0.0,0.269875,มึง,True,,C:\Users\muldi\Documents\Playground\University\senior-project-1\dataset\us\clear\อีกระเทย มึงอะอีกระเทย กูอะตุ๊แท้ มึงอะตุ๊ดเทียม.wav
dataset\augmented\บารมีมารดา_แตด_400_heavy.wav,0.0,0.2793125,แตด,True,heavy,C:\Users\muldi\Documents\Playground\University\senior-project-1\dataset\us\clear\บารมีมารดา.wav
dataset\augmented\เหี้ย (โบท)_เหี้ย_401_light.wav,0.0,2.17,เหี้ย,True,light,C:\Users\muldi\Documents\Playground\University\senior-project-1\dataset\single\เหี้ย\เหี้ย (โบท).wav
dataset\augmented\ไอ้คนวิปริต ไอ้คนเย็ดแม่_เย็ด_402_nan.wav,0.0,0.1119375,เย็ด,True,,C:\Users\muldi\Documents\Playground\University\senior-project-1\dataset\us\clear\ไอ้คนวิปริต ไอ้คนเย็ดแม่.wav
dataset\augmented\หมากัด_ควย_403_medium.wav,0.0,0.3861875,ควย,True,medium,C:\Users\muldi\Documents\Playground\University\senior-project-1\dataset\us\clear\หมากัด.wav
dataset\augmented\ดูถูกหีไม่มีวันเจริญ_ควย_404_medium.wav,0.0,0.402125,ควย,True,medium,C:\Users\muldi\Documents\Playground\University\senior-project-1\dataset\us\clear\ดูถูกหีไม่มีวันเจริญ.wav
dataset\augmented\เป็นสวะแล้วยังทำนิสัยหีๆอีก_แตด_405_heavy.wav,0.0,0.1575625,แตด,True,heavy,C:\Users\muldi\Documents\Playground\University\senior-project-1\dataset\us\clear\เป็นสวะแล้วยังทำนิสัยหีๆอีก.wav
dataset\augmented\บัวด่านัท_เย็ด_406_medium.wav,0.0,0.0800625,เย็ด,True,medium,C:\Users\muldi\Documents\Playground\University\senior-project-1\dataset\us\clear\บัวด่านัท.wav
dataset\augmented\หีหอมพ่อง_หี_407_medium.wav,0.0,0.0915625,หี,True,medium,C:\Users\muldi\Documents\Playground\University\senior-project-1\dataset\us\clear\หีหอมพ่อง.wav
dataset\augmented\ไอ้อาร์ตพูดเหี้ย_none_408_nan.wav,0.0,2.9715625,none,True,,C:\Users\muldi\Documents\Playground\University\senior-project-1\dataset\us\clear\ไอ้อาร์ตพูดเหี้ย.wav
dataset\augmented\บิวพูดควย_กู_409_nan.wav,0.0,0.0790625,กู,True,,C:\Users\muldi\Documents\Playground\University\senior-project-1\dataset\us\clear\บิวพูดควย.wav
dataset\augmented\เย็ดแม่ นี่คือเหตุผลที่กูไม่อยากคุยกับมึง_มึง_410_nan.wav,0.0,0.196375,มึง,True,,C:\Users\muldi\Documents\Playground\University\senior-project-1\dataset\us\clear\เย็ดแม่ นี่คือเหตุผลที่กูไม่อยากคุยกับมึง.wav
dataset\augmented\ขอโทษนะ แต่กูไม่ได้ตั้งใจจริงๆ_none_411_nan.wav,0.0,0.3683125,none,True,,C:\Users\muldi\Documents\Playground\University\senior-project-1\dataset\us\clear\ขอโทษนะ แต่กูไม่ได้ตั้งใจจริงๆ.wav
dataset\augmented\กูตั้งใจจะเรียนให้จบปีนี้_กู_412_nan.wav,0.0,0.131625,กู,True,,C:\Users\muldi\Documents\Playground\University\senior-project-1\dataset\us\clear\กูตั้งใจจะเรียนให้จบปีนี้.wav
dataset\augmented\พอเหอะเย็ดแม่ เหนื่อยที่จะต้องพูดซ้ำๆอ่ะ_เย็ด_413_nan.wav,0.0,0.1228125,เย็ด,True,,C:\Users\muldi\Documents\Playground\University\senior-project-1\dataset\us\clear\พอเหอะเย็ดแม่ เหนื่อยที่จะต้องพูดซ้ำๆอ่ะ.wav
dataset\augmented\มึงไม่เบื่อหรอวะไอดิฟ วันๆเห็นเอาแต่หลี่สาวอะ_มึง_414_nan.wav,0.0,0.195625,มึง,True,,C:\Users\muldi\Documents\Playground\University\senior-project-1\dataset\us\clear\มึงไม่เบื่อหรอวะไอดิฟ วันๆเห็นเอาแต่หลี่สาวอะ.wav
dataset\augmented\หีหอมพ่อง_หี_415_nan.wav,0.0,0.0915625,หี,True,,C:\Users\muldi\Documents\Playground\University\senior-project-1\dataset\us\clear\หีหอมพ่อง.wav
dataset\augmented\โต้งไล่หมา_none_416_nan.wav,0.0,2.7905625,none,True,,C:\Users\muldi\Documents\Playground\University\senior-project-1\dataset\us\clear\โต้งไล่หมา.wav
dataset\augmented\กูว่ามันไม่ใช่เรื่องง่าย แต่กูก็จะลองดู_none_417_nan.wav,0.0,1.3056875,none,True,,C:\Users\muldi\Documents\Playground\University\senior-project-1\dataset\us\clear\กูว่ามันไม่ใช่เรื่องง่าย แต่กูก็จะลองดู.wav
dataset\augmented\Janพูดถึงอาท_none_418_light_none.wav,0.0,2.0748125,none,True,light_none,C:\Users\muldi\Documents\Playground\University\senior-project-1\dataset\us\clear\Janพูดถึงอาท.wav
dataset\augmented\เย็ดแม่ ทำไมถึงไม่ใส่ใจในสิ่งที่กูบอกบ้างอ่ะ_none_419_nan.wav,0.0,1.2535,none,True,,C:\Users\muldi\Documents\Playground\University\senior-project-1\dataset\us\clear\เย็ดแม่ ทำไมถึงไม่ใส่ใจในสิ่งที่กูบอกบ้างอ่ะ.wav
dataset\augmented\บัวด่านัท_มึง_420_nan.wav,0.0,0.1275625,มึง,True,,C:\Users\muldi\Documents\Playground\University\senior-project-1\dataset\us\clear\บัวด่านัท.wav
dataset\augmented\กายพูดกูรัวๆ_ควย_421_nan.wav,0.0,0.484375,ควย,True,,C:\Users\muldi\Documents\Playground\University\senior-project-1\dataset\us\clear\กายพูดกูรัวๆ.wav
dataset\augmented\ไอ้อาร์ตพูดเหี้ย_none_422_nan.wav,0.0,1.899375,none,True,,C:\Users\muldi\Documents\Playground\University\senior-project-1\dataset\us\clear\ไอ้อาร์ตพูดเหี้ย.wav
dataset\augmented\อั้มด่าแหลก_none_423_nan.wav,0.0,1.417375,none,True,,C:\Users\muldi\Documents\Playground\University\senior-project-1\dataset\us\clear\อั้มด่าแหลก.wav
dataset\augmented\คอมโครตดี_แตด_424_heavy.wav,0.0,0.19575,แตด,True,heavy,C:\Users\muldi\Documents\Playground\University\senior-project-1\dataset\us\clear\คอมโครตดี.wav
dataset\augmented\อย่าฟังความข้างเดียวสิ กูน่ะบอกอยู่เสมอแล้วว่ากูเป็นคนดี_กู_425_nan.wav,0.0,0.17475,กู,True,,C:\Users\muldi\Documents\Playground\University\senior-project-1\dataset\us\clear\อย่าฟังความข้างเดียวสิ กูน่ะบอกอยู่เสมอแล้วว่ากูเป็นคนดี.wav
dataset\augmented\อั้มด่าแหลก_none_426_nan.wav,0.0,0.123,none,True,,C:\Users\muldi\Documents\Playground\University\senior-project-1\dataset\us\clear\อั้มด่าแหลก.wav
dataset\augmented\บารมีมารดา_สวะ_427_nan.wav,0.0,0.37725,สวะ,True,,C:\Users\muldi\Documents\Playground\University\senior-project-1\dataset\us\clear\บารมีมารดา.wav
dataset\augmented\เอ๊ย เป็นเหี้ยไรวะกูถามจริง_แตด_428_heavy.wav,0.0,0.16475,แตด,True,heavy,C:\Users\muldi\Documents\Playground\University\senior-project-1\dataset\us\clear\เอ๊ย เป็นเหี้ยไรวะกูถามจริง.wav
dataset\augmented\ค่ายเหี้ย_แตด_429_heavy.wav,0.0,0.157,แตด,True,heavy,C:\Users\muldi\Documents\Playground\University\senior-project-1\dataset\us\noise\ค่ายเหี้ย.wav
dataset\augmented\อีกระเทย มึงอะอีกระเทย กูอะตุ๊แท้ มึงอะตุ๊ดเทียม_none_430_nan.wav,0.0,1.779375,none,True,,C:\Users\muldi\Documents\Playground\University\senior-project-1\dataset\us\clear\อีกระเทย มึงอะอีกระเทย กูอะตุ๊แท้ มึงอะตุ๊ดเทียม.wav
dataset\augmented\ชีสเหม็น_none_431_nan.wav,0.0,7.102125,none,True,,C:\Users\muldi\Documents\Playground\University\senior-project-1\dataset\us\clear\ชีสเหม็น.wav
dataset\augmented\โอ๊ยเย็ดเป็ดหีแม่มึงร่วง_มึง_432_nan.wav,0.0,0.0895625,มึง,True,,C:\Users\muldi\Documents\Playground\University\senior-project-1\dataset\us\clear\โอ๊ยเย็ดเป็ดหีแม่มึงร่วง.wav
dataset\augmented\อาทโดนFBI_สวะ_433_nan.wav,0.0,0.280875,สวะ,True,,C:\Users\muldi\Documents\Playground\University\senior-project-1\dataset\us\clear\อาทโดนFBI.wav
dataset\augmented\ไอ้อาร์ตพูดเหี้ย_เหี้ย_434_nan.wav,0.0,0.247125,เหี้ย,True,,C:\Users\muldi\Documents\Playground\University\senior-project-1\dataset\us\clear\ไอ้อาร์ตพูดเหี้ย.wav
dataset\augmented\มึงไม่มีสิทธิ์มาทำแบบนี้กับกู เย็ดแม่_เย็ด_435_nan.wav,0.0,0.148375,เย็ด,True,,C:\Users\muldi\Documents\Playground\University\senior-project-1\dataset\us\clear\มึงไม่มีสิทธิ์มาทำแบบนี้กับกู เย็ดแม่.wav
dataset\augmented\เลสเบี้ยน_ควย_436_medium.wav,0.0,0.1484375,ควย,True,medium,C:\Users\muldi\Documents\Playground\University\senior-project-1\dataset\us\clear\เลสเบี้ยน.wav
dataset\augmented\เย็ดแม่ นี่คือสิ่งที่มึงเรียกว่าความยุติธรรมอ่อ_none_437_nan.wav,0.0,1.8975,none,True,,C:\Users\muldi\Documents\Playground\University\senior-project-1\dataset\us\clear\เย็ดแม่ นี่คือสิ่งที่มึงเรียกว่าความยุติธรรมอ่อ.wav
dataset\augmented\กูเป็นคนคิดไอเดียโปรเจคนี่หว่า เออกูแม่งสุดยอดวะ_กู_438_nan.wav,0.0,0.3121875,กู,True,,C:\Users\muldi\Documents\Playground\University\senior-project-1\dataset\us\clear\กูเป็นคนคิดไอเดียโปรเจคนี่หว่า เออกูแม่งสุดยอดวะ.wav
dataset\augmented\บารมีมารดา_สวะ_439_medium.wav,0.0,0.37725,สวะ,True,medium,C:\Users\muldi\Documents\Playground\University\senior-project-1\dataset\us\clear\บารมีมารดา.wav
dataset\augmented\พอเหอะเย็ดแม่ เหนื่อยที่จะต้องพูดซ้ำๆอ่ะ_none_440_nan.wav,0.0,2.7736875,none,True,,C:\Users\muldi\Documents\Playground\University\senior-project-1\dataset\us\clear\พอเหอะเย็ดแม่ เหนื่อยที่จะต้องพูดซ้ำๆอ่ะ.wav
dataset\augmented\โต้งไล่หมา_none_441_light_none.wav,0.0,2.7905625,none,True,light_none,C:\Users\muldi\Documents\Playground\University\senior-project-1\dataset\us\clear\โต้งไล่หมา.wav
dataset\augmented\หี (เปอร์)_หี_442_nan.wav,0.0,2.944,หี,True,,C:\Users\muldi\Documents\Playground\University\senior-project-1\dataset\single\หี\หี (เปอร์).wav
dataset\augmented\บัวด่านัท_none_443_nan.wav,0.0,4.568625,none,True,,C:\Users\muldi\Documents\Playground\University\senior-project-1\dataset\us\clear\บัวด่านัท.wav
dataset\augmented\กู(หลายคำ)_กู_444_nan.wav,0.0,0.7850625,กู,True,,C:\Users\muldi\Documents\Playground\University\senior-project-1\dataset\us\clear\กู(หลายคำ).wav
dataset\augmented\เอ๊ย เป็นเหี้ยไรวะกูถามจริง_ควย_445_nan.wav,0.0,0.11575,ควย,True,,C:\Users\muldi\Documents\Playground\University\senior-project-1\dataset\us\clear\เอ๊ย เป็นเหี้ยไรวะกูถามจริง.wav
dataset\augmented\Janพูดถึงอาท_none_446_light_none.wav,0.0,1.2251875,none,True,light_none,C:\Users\muldi\Documents\Playground\University\senior-project-1\dataset\us\clear\Janพูดถึงอาท.wav
dataset\augmented\มึง หิวข้าวป่าววะไอดิฟ_none_447_light_none.wav,0.0,0.79075,none,True,light_none,C:\Users\muldi\Documents\Playground\University\senior-project-1\dataset\us\noise\มึง หิวข้าวป่าววะไอดิฟ.wav
dataset\augmented\พฤติกรรมเห็นแก่ตัวหัวควยของมึงมันสร้างปัญหารู้ไหม_none_448_nan.wav,0.0,1.9315,none,True,,C:\Users\muldi\Documents\Playground\University\senior-project-1\dataset\us\clear\พฤติกรรมเห็นแก่ตัวหัวควยของมึงมันสร้างปัญหารู้ไหม.wav
dataset\augmented\ก็มาดิสะไอ้สัสเป็นเหี้ยไรวะ_เหี้ย_449_nan.wav,0.0,0.173125,เหี้ย,True,,C:\Users\muldi\Documents\Playground\University\senior-project-1\dataset\us\clear\ก็มาดิสะไอ้สัสเป็นเหี้ยไรวะ.wav
dataset\augmented\เย็ดแม่ กูควรจะคาดหวังอะไรจากมึงอีกอ่ะ_กู_450_nan.wav,0.0,0.0760625,กู,True,,C:\Users\muldi\Documents\Playground\University\senior-project-1\dataset\us\clear\เย็ดแม่ กูควรจะคาดหวังอะไรจากมึงอีกอ่ะ.wav
dataset\augmented\คนดีห้ามเพื่อน_กู_451_nan.wav,0.0,0.0699375,กู,True,,C:\Users\muldi\Documents\Playground\University\senior-project-1\dataset\us\clear\คนดีห้ามเพื่อน.wav
dataset\augmented\อารมณ์แบบว่างี้ป้ะ_แตด_452_heavy.wav,0.0,0.2063125,แตด,True,heavy,C:\Users\muldi\Documents\Playground\University\senior-project-1\dataset\us\clear\อารมณ์แบบว่างี้ป้ะ.wav
dataset\augmented\อารมณ์แบบว่างี้ป้ะ_none_453_nan.wav,0.0,0.2835,none,True,,C:\Users\muldi\Documents\Playground\University\senior-project-1\dataset\us\clear\อารมณ์แบบว่างี้ป้ะ.wav
dataset\augmented\เข้ามาสิ ไอ้เย็ดแม่_เย็ด_454_nan.wav,0.0,0.165625,เย็ด,True,,C:\Users\muldi\Documents\Playground\University\senior-project-1\dataset\us\noise\เข้ามาสิ ไอ้เย็ดแม่.wav
dataset\augmented\บิวพูดควย_ควย_455_nan.wav,0.0,0.18825,ควย,True,,C:\Users\muldi\Documents\Playground\University\senior-project-1\dataset\us\clear\บิวพูดควย.wav
dataset\augmented\พิ้งค์ด่าหนัง_หี_456_nan.wav,0.0,0.1551875,หี,True,,C:\Users\muldi\Documents\Playground\University\senior-project-1\dataset\us\clear\พิ้งค์ด่าหนัง.wav
dataset\augmented\เลสเบี้ยน_หี_457_medium.wav,0.0,0.1169375,หี,True,medium,C:\Users\muldi\Documents\Playground\University\senior-project-1\dataset\us\clear\เลสเบี้ยน.wav
dataset\augmented\คอมโครตดี_none_458_nan.wav,0.0,0.1375,none,True,,C:\Users\muldi\Documents\Playground\University\senior-project-1\dataset\us\clear\คอมโครตดี.wav
dataset\augmented\รถติดบนทางด่วน_none_459_nan.wav,0.0,0.942,none,True,,C:\Users\muldi\Documents\Playground\University\senior-project-1\dataset\us\noise\รถติดบนทางด่วน.wav
dataset\augmented\คอมโครตดี_กู_460_nan.wav,0.0,0.113375,กู,True,,C:\Users\muldi\Documents\Playground\University\senior-project-1\dataset\us\clear\คอมโครตดี.wav
dataset\augmented\กล้าดียังไงมาแตะคนรัก_สวะ_461_nan.wav,0.0,0.3469375,สวะ,True,,C:\Users\muldi\Documents\Playground\University\senior-project-1\dataset\us\clear\กล้าดียังไงมาแตะคนรัก.wav
dataset\augmented\นิสัยควยๆแบบนี้_none_462_nan.wav,0.0,0.6105625,none,True,,C:\Users\muldi\Documents\Playground\University\senior-project-1\dataset\us\clear\นิสัยควยๆแบบนี้.wav
dataset\augmented\บิวพูดควย_none_463_nan.wav,0.0,1.633625,none,True,,C:\Users\muldi\Documents\Playground\University\senior-project-1\dataset\us\clear\บิวพูดควย.wav
dataset\augmented\ไอ้อาร์ตพูดเหี้ย_เหี้ย_464_nan.wav,0.0,0.1533125,เหี้ย,True,,C:\Users\muldi\Documents\Playground\University\senior-project-1\dataset\us\clear\ไอ้อาร์ตพูดเหี้ย.wav
dataset\augmented\ก็แล้วจะทำไม มึงจะมาหาเรื่องหรอ_none_465_nan.wav,0.0,1.3529375,none,True,,C:\Users\muldi\Documents\Playground\University\senior-project-1\dataset\us\clear\ก็แล้วจะทำไม มึงจะมาหาเรื่องหรอ.wav
dataset\augmented\บิวพูดเหี้ย_เหี้ย_466_nan.wav,0.0,0.4435,เหี้ย,True,,C:\Users\muldi\Documents\Playground\University\senior-project-1\dataset\us\clear\บิวพูดเหี้ย.wav
dataset\augmented\รถติดบนทางด่วน_none_467_nan.wav,0.0,0.6030625,none,True,,C:\Users\muldi\Documents\Playground\University\senior-project-1\dataset\us\noise\รถติดบนทางด่วน.wav
dataset\augmented\คอมโครตดี_none_468_nan.wav,0.0,0.8785625,none,True,,C:\Users\muldi\Documents\Playground\University\senior-project-1\dataset\us\clear\คอมโครตดี.wav
dataset\augmented\กู(หลายคำ)_กู_469_nan.wav,0.0,1.0701875,กู,True,,C:\Users\muldi\Documents\Playground\University\senior-project-1\dataset\us\clear\กู(หลายคำ).wav
dataset\augmented\อั้มด่าแหลก_เหี้ย_470_nan.wav,0.0,0.181875,เหี้ย,True,,C:\Users\muldi\Documents\Playground\University\senior-project-1\dataset\us\clear\อั้มด่าแหลก.wav
dataset\augmented\ป้าๆก๋วยเตี๋ยวถุงนึง_none_471_nan.wav,0.0,2.612875,none,True,,C:\Users\muldi\Documents\Playground\University\senior-project-1\dataset\us\clear\ป้าๆก๋วยเตี๋ยวถุงนึง.wav
dataset\augmented\โต้งไล่หมา_กู_472_nan.wav,0.0,0.11325,กู,True,,C:\Users\muldi\Documents\Playground\University\senior-project-1\dataset\us\clear\โต้งไล่หมา.wav
dataset\augmented\โต้งไล่หมา_กู_473_nan.wav,0.0,0.07475,กู,True,,C:\Users\muldi\Documents\Playground\University\senior-project-1\dataset\us\clear\โต้งไล่หมา.wav
dataset\augmented\อารมณ์แบบว่างี้ป้ะ_ควย_474_medium.wav,0.0,0.39125,ควย,True,medium,C:\Users\muldi\Documents\Playground\University\senior-project-1\dataset\us\clear\อารมณ์แบบว่างี้ป้ะ.wav
dataset\augmented\เลสเบี้ยน_สวะ_475_medium.wav,0.0,0.239375,สวะ,True,medium,C:\Users\muldi\Documents\Playground\University\senior-project-1\dataset\us\clear\เลสเบี้ยน.wav
dataset\augmented\ดูถูกหีไม่มีวันเจริญ_หี_476_nan.wav,0.0,0.1435625,หี,True,,C:\Users\muldi\Documents\Playground\University\senior-project-1\dataset\us\clear\ดูถูกหีไม่มีวันเจริญ.wav
dataset\augmented\ชีสเหม็น_มึง_477_nan.wav,0.0,0.134875,มึง,True,,C:\Users\muldi\Documents\Playground\University\senior-project-1\dataset\us\clear\ชีสเหม็น.wav
dataset\augmented\ไอ้เหี้ยทำไมนิสัยมึงสวะได้ขนาดนี้_มึง_478_nan.wav,0.0,0.111375,มึง,True,,C:\Users\muldi\Documents\Playground\University\senior-project-1\dataset\us\clear\ไอ้เหี้ยทำไมนิสัยมึงสวะได้ขนาดนี้.wav
dataset\augmented\ป้าๆก๋วยเตี๋ยวถุงนึง_แตด_479_heavy.wav,0.0,0.1951875,แตด,True,heavy,C:\Users\muldi\Documents\Playground\University\senior-project-1\dataset\us\clear\ป้าๆก๋วยเตี๋ยวถุงนึง.wav
dataset\augmented\เอ๊ย เป็นเหี้ยไรวะกูถามจริง_none_480_nan.wav,0.0,1.2545625,none,True,,C:\Users\muldi\Documents\Playground\University\senior-project-1\dataset\us\clear\เอ๊ย เป็นเหี้ยไรวะกูถามจริง.wav
dataset\augmented\ทายคำเย็ดแม่_เย็ด_481_nan.wav,0.0,0.0710625,เย็ด,True,,C:\Users\muldi\Documents\Playground\University\senior-project-1\dataset\us\clear\ทายคำเย็ดแม่.wav
dataset\augmented\เอ๊ย เป็นเหี้ยไรวะกูถามจริง_หี_482_medium.wav,0.0,0.15025,หี,True,medium,C:\Users\muldi\Documents\Playground\University\senior-project-1\dataset\us\clear\เอ๊ย เป็นเหี้ยไรวะกูถามจริง.wav
dataset\augmented\ไอ้อาร์ตพูดเหี้ย_เหี้ย_483_nan.wav,0.0,0.137125,เหี้ย,True,,C:\Users\muldi\Documents\Playground\University\senior-project-1\dataset\us\clear\ไอ้อาร์ตพูดเหี้ย.wav
dataset\augmented\ค่ายเหี้ย_แตด_484_heavy.wav,0.0,0.157,แตด,True,heavy,C:\Users\muldi\Documents\Playground\University\senior-project-1\dataset\us\noise\ค่ายเหี้ย.wav
dataset\augmented\เธอทำตัวเหมือนสวะที่ไม่มีเป้าหมายในชีวิต_สวะ_485_medium.wav,0.0,0.2616875,สวะ,True,medium,C:\Users\muldi\Documents\Playground\University\senior-project-1\dataset\us\clear\เธอทำตัวเหมือนสวะที่ไม่มีเป้าหมายในชีวิต.wav
dataset\augmented\ป้าๆก๋วยเตี๋ยวถุงนึง_มึง_486_nan.wav,0.0,0.1795625,มึง,True,,C:\Users\muldi\Documents\Playground\University\senior-project-1\dataset\us\clear\ป้าๆก๋วยเตี๋ยวถุงนึง.wav
dataset\augmented\ทุกครั้งที่เขาพูด มันเหมือนเขากำลังพ่นสวะออกมา_สวะ_487_nan.wav,0.0,0.209125,สวะ,True,,C:\Users\muldi\Documents\Playground\University\senior-project-1\dataset\us\clear\ทุกครั้งที่เขาพูด มันเหมือนเขากำลังพ่นสวะออกมา.wav
dataset\augmented\ค่ายเหี้ย_none_488_nan.wav,0.0,1.72875,none,True,,C:\Users\muldi\Documents\Playground\University\senior-project-1\dataset\us\noise\ค่ายเหี้ย.wav
dataset\augmented\ไอ้เย็ดแม่เอ๊ย โทรมาทำไม กูง่วง_none_489_nan.wav,0.0,1.3121875,none,True,,C:\Users\muldi\Documents\Playground\University\senior-project-1\dataset\us\clear\ไอ้เย็ดแม่เอ๊ย โทรมาทำไม กูง่วง.wav
dataset\augmented\หมากัด_none_490_nan.wav,0.0,8.9944375,none,True,,C:\Users\muldi\Documents\Playground\University\senior-project-1\dataset\us\clear\หมากัด.wav
dataset\augmented\เย็ดแม่ กูควรจะคาดหวังอะไรจากมึงอีกอ่ะ_none_491_nan.wav,0.0,0.0274375,none,True,,C:\Users\muldi\Documents\Playground\University\senior-project-1\dataset\us\clear\เย็ดแม่ กูควรจะคาดหวังอะไรจากมึงอีกอ่ะ.wav
dataset\augmented\เราควรทิ้งความคิดเชิงลบเหมือนกำจัดสวะออกจากแม่น้ำ_สวะ_492_medium.wav,0.0,0.28125,สวะ,True,medium,C:\Users\muldi\Documents\Playground\University\senior-project-1\dataset\us\clear\เราควรทิ้งความคิดเชิงลบเหมือนกำจัดสวะออกจากแม่น้ำ.wav
dataset\augmented\บัวด่านัท_กู_493_nan.wav,0.0,0.086125,กู,True,,C:\Users\muldi\Documents\Playground\University\senior-project-1\dataset\us\clear\บัวด่านัท.wav
dataset\augmented\ความดื้อรั้นหน้าหีของมึงทำให้ทุกอย่างแย่ลงนะ_none_494_nan.wav,0.0,1.4295625,none,True,,C:\Users\muldi\Documents\Playground\University\senior-project-1\dataset\us\clear\ความดื้อรั้นหน้าหีของมึงทำให้ทุกอย่างแย่ลงนะ.wav
dataset\augmented\พิ้งค์ด่าหนัง_none_495_nan.wav,0.0,1.485,none,True,,C:\Users\muldi\Documents\Playground\University\senior-project-1\dataset\us\clear\พิ้งค์ด่าหนัง.wav
dataset\augmented\เออใช่ กูเห็นไอกายมันลงสตอรี่ ชวนสาวมาดูแมวที่_none_496_nan.wav,0.0,3.5584375,none,True,,C:\Users\muldi\Documents\Playground\University\senior-project-1\dataset\us\clear\เออใช่ กูเห็นไอกายมันลงสตอรี่ ชวนสาวมาดูแมวที่.wav
dataset\augmented\กูว่านะ โปรเจคเราอะ แม่งสุดยอดวะ_none_497_nan.wav,0.0,1.2421875,none,True,,C:\Users\muldi\Documents\Playground\University\senior-project-1\dataset\us\clear\กูว่านะ โปรเจคเราอะ แม่งสุดยอดวะ.wav
dataset\augmented\อาทโดนFBI_สวะ_498_medium.wav,0.0,0.333375,สวะ,True,medium,C:\Users\muldi\Documents\Playground\University\senior-project-1\dataset\us\clear\อาทโดนFBI.wav
dataset\augmented\บารมีมารดา_แตด_499_heavy.wav,0.0,0.2793125,แตด,True,heavy,C:\Users\muldi\Documents\Playground\University\senior-project-1\dataset\us\clear\บารมีมารดา.wav
dataset\augmented\บิวพูดเหี้ย_เหี้ย_500_nan.wav,0.0,0.564875,เหี้ย,True,,C:\Users\muldi\Documents\Playground\University\senior-project-1\dataset\us\clear\บิวพูดเหี้ย.wav
dataset\augmented\พิ้งค์ด่าหนัง_มึง_501_nan.wav,0.0,0.1515,มึง,True,,C:\Users\muldi\Documents\Playground\University\senior-project-1\dataset\us\clear\พิ้งค์ด่าหนัง.wav
dataset\augmented\พิ้งค์ด่าหนัง_แตด_502_heavy.wav,0.0,0.1701875,แตด,True,heavy,C:\Users\muldi\Documents\Playground\University\senior-project-1\dataset\us\clear\พิ้งค์ด่าหนัง.wav
dataset\augmented\อาทโดนFBI_none_503_nan.wav,0.0,5.591875,none,True,,C:\Users\muldi\Documents\Playground\University\senior-project-1\dataset\us\clear\อาทโดนFBI.wav
dataset\augmented\เจ็บคอมาสองวันเพราะฝุ่น_none_504_nan.wav,0.0,0.5595625,none,True,,C:\Users\muldi\Documents\Playground\University\senior-project-1\dataset\us\noise\เจ็บคอมาสองวันเพราะฝุ่น.wav
dataset\augmented\ไอ้เหี้ยทำไมนิสัยมึงสวะได้ขนาดนี้_เหี้ย_505_nan.wav,0.0,0.2718125,เหี้ย,True,,C:\Users\muldi\Documents\Playground\University\senior-project-1\dataset\us\clear\ไอ้เหี้ยทำไมนิสัยมึงสวะได้ขนาดนี้.wav
dataset\augmented\คือมึงไม่ฉลาดหรอวะ_none_506_light_none.wav,0.0,0.2741875,none,True,light_none,C:\Users\muldi\Documents\Playground\University\senior-project-1\dataset\us\clear\คือมึงไม่ฉลาดหรอวะ.wav
dataset\augmented\เจ็บคอมาสองวันเพราะฝุ่น_ควย_507_nan.wav,0.0,0.2966875,ควย,True,,C:\Users\muldi\Documents\Playground\University\senior-project-1\dataset\us\noise\เจ็บคอมาสองวันเพราะฝุ่น.wav
dataset\augmented\เลสเบี้ยน_แตด_508_heavy.wav,0.0,0.1225,แตด,True,heavy,C:\Users\muldi\Documents\Playground\University\senior-project-1\dataset\us\clear\เลสเบี้ยน.wav
dataset\augmented\ป้าๆก๋วยเตี๋ยวถุงนึง_มึง_509_nan.wav,0.0,0.215375,มึง,True,,C:\Users\muldi\Documents\Playground\University\senior-project-1\dataset\us\clear\ป้าๆก๋วยเตี๋ยวถุงนึง.wav
dataset\augmented\กาลครั้งมีไอ้สวะตัวหนึ่ง_ควย_510_medium.wav,0.0,0.2540625,ควย,True,medium,C:\Users\muldi\Documents\Playground\University\senior-project-1\dataset\us\clear\กาลครั้งมีไอ้สวะตัวหนึ่ง.wav
dataset\augmented\Janพูดถึงอาท_เย็ด_511_medium.wav,0.0,0.104125,เย็ด,True,medium,C:\Users\muldi\Documents\Playground\University\senior-project-1\dataset\us\clear\Janพูดถึงอาท.wav
dataset\augmented\คนดีห้ามเพื่อน_กู_512_nan.wav,0.0,0.131625,กู,True,,C:\Users\muldi\Documents\Playground\University\senior-project-1\dataset\us\clear\คนดีห้ามเพื่อน.wav
dataset\augmented\นิสัยควยๆแบบนี้_สวะ_513_nan.wav,0.0,0.371,สวะ,True,,C:\Users\muldi\Documents\Playground\University\senior-project-1\dataset\us\clear\นิสัยควยๆแบบนี้.wav
dataset\augmented\เหี้ย (แทน)_เหี้ย_514_nan.wav,0.0,1.6853125,เหี้ย,True,,C:\Users\muldi\Documents\Playground\University\senior-project-1\dataset\single\เหี้ย\เหี้ย (แทน).wav
dataset\augmented\ทายคำเย็ดแม่_none_515_light_none.wav,0.0,5.0635,none,True,light_none,C:\Users\muldi\Documents\Playground\University\senior-project-1\dataset\us\clear\ทายคำเย็ดแม่.wav
dataset\augmented\เย็ดแม่ นี่คือสิ่งที่มึงเรียกว่าความยุติธรรมอ่อ_none_516_nan.wav,0.0,0.3425,none,True,,C:\Users\muldi\Documents\Playground\University\senior-project-1\dataset\us\clear\เย็ดแม่ นี่คือสิ่งที่มึงเรียกว่าความยุติธรรมอ่อ.wav
dataset\augmented\ควย มึงทำแบบนี้คนจะมองว่าเป็นคนไร้ความรับผิดชอบนะ_none_517_nan.wav,0.0,3.0355,none,True,,C:\Users\muldi\Documents\Playground\University\senior-project-1\dataset\us\clear\ควย มึงทำแบบนี้คนจะมองว่าเป็นคนไร้ความรับผิดชอบนะ.wav
dataset\augmented\ก็เอาสิ มาดูกันว่ากูน่ะจะอยู่รอดเป็นคนสุดท้ายหรือเปล่า_none_518_nan.wav,0.0,2.245875,none,True,,C:\Users\muldi\Documents\Playground\University\senior-project-1\dataset\us\clear\ก็เอาสิ มาดูกันว่ากูน่ะจะอยู่รอดเป็นคนสุดท้ายหรือเปล่า.wav
dataset\augmented\คอมโครตดี_none_519_light_none.wav,0.0,2.52825,none,True,light_none,C:\Users\muldi\Documents\Playground\University\senior-project-1\dataset\us\clear\คอมโครตดี.wav
dataset\augmented\เย็ดแม่มึงคิดยังไงถึงทำอย่างนี้_เย็ด_520_nan.wav,0.0,0.1685625,เย็ด,True,,C:\Users\muldi\Documents\Playground\University\senior-project-1\dataset\us\clear\เย็ดแม่มึงคิดยังไงถึงทำอย่างนี้.wav
dataset\augmented\เจ็บคอมาสองวันเพราะฝุ่น_none_521_nan.wav,0.0,5.098125,none,True,,C:\Users\muldi\Documents\Playground\University\senior-project-1\dataset\us\noise\เจ็บคอมาสองวันเพราะฝุ่น.wav
dataset\augmented\คอมโครตดี_กู_522_nan.wav,0.0,0.105375,กู,True,,C:\Users\muldi\Documents\Playground\University\senior-project-1\dataset\us\clear\คอมโครตดี.wav
dataset\augmented\เอ๊ย เป็นเหี้ยไรวะกูถามจริง_none_523_light_none.wav,0.0,0.107875,none,True,light_none,C:\Users\muldi\Documents\Playground\University\senior-project-1\dataset\us\clear\เอ๊ย เป็นเหี้ยไรวะกูถามจริง.wav
dataset\augmented\โต้งไล่หมา_none_524_nan.wav,0.0,8.538375,none,True,,C:\Users\muldi\Documents\Playground\University\senior-project-1\dataset\us\clear\โต้งไล่หมา.wav
dataset\augmented\ชีสเหม็น_ควย_525_nan.wav,0.0,0.33375,ควย,True,,C:\Users\muldi\Documents\Playground\University\senior-project-1\dataset\us\clear\ชีสเหม็น.wav
dataset\augmented\เย็ดแม่ ทำไมถึงไม่คิดก่อนพูดบ้าง_เย็ด_526_nan.wav,0.0,0.144375,เย็ด,True,,C:\Users\muldi\Documents\Playground\University\senior-project-1\dataset\us\clear\เย็ดแม่ ทำไมถึงไม่คิดก่อนพูดบ้าง.wav
dataset\augmented\หีหอมพ่อง_none_527_nan.wav,0.0,0.25575,none,True,,C:\Users\muldi\Documents\Playground\University\senior-project-1\dataset\us\clear\หีหอมพ่อง.wav
dataset\augmented\ควย (เบลล์)_ควย_528_medium.wav,0.0,2.05,ควย,True,medium,C:\Users\muldi\Documents\Playground\University\senior-project-1\dataset\single\ควย\ควย (เบลล์).wav
dataset\augmented\เย็ดแม่มความคิดโครตเจ๋ง_none_529_nan.wav,0.0,0.2448125,none,True,,C:\Users\muldi\Documents\Playground\University\senior-project-1\dataset\us\noise\เย็ดแม่มความคิดโครตเจ๋ง.wav
dataset\augmented\ทายคำเย็ดแม่_เย็ด_530_medium.wav,0.0,0.0710625,เย็ด,True,medium,C:\Users\muldi\Documents\Playground\University\senior-project-1\dataset\us\clear\ทายคำเย็ดแม่.wav
dataset\augmented\ความดื้อรั้นหน้าหีของมึงทำให้ทุกอย่างแย่ลงนะ_none_531_nan.wav,0.0,1.82975,none,True,,C:\Users\muldi\Documents\Playground\University\senior-project-1\dataset\us\clear\ความดื้อรั้นหน้าหีของมึงทำให้ทุกอย่างแย่ลงนะ.wav
dataset\augmented\คือมึงไม่ฉลาดหรอวะ_มึง_532_nan.wav,0.0,0.248,มึง,True,,C:\Users\muldi\Documents\Playground\University\senior-project-1\dataset\us\clear\คือมึงไม่ฉลาดหรอวะ.wav
dataset\augmented\ทายคำเย็ดแม่_มึง_533_nan.wav,0.0,0.084,มึง,True,,C:\Users\muldi\Documents\Playground\University\senior-project-1\dataset\us\clear\ทายคำเย็ดแม่.wav
dataset\augmented\กูว่านะ โปรเจคเราอะ แม่งสุดยอดวะ_กู_534_nan.wav,0.0,0.0698125,กู,True,,C:\Users\muldi\Documents\Playground\University\senior-project-1\dataset\us\clear\กูว่านะ โปรเจคเราอะ แม่งสุดยอดวะ.wav
dataset\augmented\กู(หลายคำ)_none_535_nan.wav,0.0,0.7974375,none,True,,C:\Users\muldi\Documents\Playground\University\senior-project-1\dataset\us\clear\กู(หลายคำ).wav
dataset\augmented\ไอ้เหี้ยทำไมนิสัยมึงสวะได้ขนาดนี้_none_536_light_none.wav,0.0,0.1869375,none,True,light_none,C:\Users\muldi\Documents\Playground\University\senior-project-1\dataset\us\clear\ไอ้เหี้ยทำไมนิสัยมึงสวะได้ขนาดนี้.wav
dataset\augmented\ถ้าแกไม่ไป กูก็ไม่ไปเหมือนกัน_กู_537_nan.wav,0.0,0.1646875,กู,True,,C:\Users\muldi\Documents\Playground\University\senior-project-1\dataset\us\clear\ถ้าแกไม่ไป กูก็ไม่ไปเหมือนกัน.wav
dataset\augmented\เป็นสวะแล้วยังทำนิสัยหีๆอีก_สวะ_538_medium.wav,0.0,0.2616875,สวะ,True,medium,C:\Users\muldi\Documents\Playground\University\senior-project-1\dataset\us\clear\เป็นสวะแล้วยังทำนิสัยหีๆอีก.wav
dataset\augmented\พูดควยๆแบบนี้ใครจะอยากอยู่ใกล้_ควย_539_nan.wav,0.0,0.081125,ควย,True,,C:\Users\muldi\Documents\Playground\University\senior-project-1\dataset\us\clear\พูดควยๆแบบนี้ใครจะอยากอยู่ใกล้.wav
dataset\augmented\พิ้งค์ด่าหนัง_none_540_nan.wav,0.0,0.171,none,True,,C:\Users\muldi\Documents\Playground\University\senior-project-1\dataset\us\clear\พิ้งค์ด่าหนัง.wav
dataset\augmented\ช่วยกูด้วย_none_541_nan.wav,0.0,1.051375,none,True,,C:\Users\muldi\Documents\Playground\University\senior-project-1\dataset\us\clear\ช่วยกูด้วย.wav
dataset\augmented\กาลครั้งมีไอ้สวะตัวหนึ่ง_none_542_nan.wav,0.0,3.813,none,True,,C:\Users\muldi\Documents\Playground\University\senior-project-1\dataset\us\clear\กาลครั้งมีไอ้สวะตัวหนึ่ง.wav
dataset\augmented\ทายคำเย็ดแม่_none_543_light_none.wav,0.0,13.5810625,none,True,light_none,C:\Users\muldi\Documents\Playground\University\senior-project-1\dataset\us\clear\ทายคำเย็ดแม่.wav
dataset\augmented\กาลครั้งมีไอ้สวะตัวหนึ่ง_none_544_nan.wav,0.0,2.787375,none,True,,C:\Users\muldi\Documents\Playground\University\senior-project-1\dataset\us\clear\กาลครั้งมีไอ้สวะตัวหนึ่ง.wav
dataset\augmented\รถติดบนทางด่วน_none_545_nan.wav,0.0,2.0425625,none,True,,C:\Users\muldi\Documents\Playground\University\senior-project-1\dataset\us\noise\รถติดบนทางด่วน.wav
dataset\augmented\ค่ายเหี้ย_none_546_nan.wav,0.0,0.69175,none,True,,C:\Users\muldi\Documents\Playground\University\senior-project-1\dataset\us\noise\ค่ายเหี้ย.wav
dataset\augmented\กาลครั้งมีไอ้สวะตัวหนึ่ง_สวะ_547_medium.wav,0.0,0.2205,สวะ,True,medium,C:\Users\muldi\Documents\Playground\University\senior-project-1\dataset\us\clear\กาลครั้งมีไอ้สวะตัวหนึ่ง.wav
dataset\augmented\บัวด่านัท_กู_548_nan.wav,0.0,0.094375,กู,True,,C:\Users\muldi\Documents\Playground\University\senior-project-1\dataset\us\clear\บัวด่านัท.wav
dataset\augmented\บัวด่านัท_none_549_nan.wav,0.0,3.241375,none,True,,C:\Users\muldi\Documents\Playground\University\senior-project-1\dataset\us\clear\บัวด่านัท.wav
dataset\augmented\มึงนี่มันอะควรไปคุยกับรากมะม่วง_none_550_nan.wav,0.0,0.6403125,none,True,,C:\Users\muldi\Documents\Playground\University\senior-project-1\dataset\us\clear\มึงนี่มันอะควรไปคุยกับรากมะม่วง.wav
dataset\augmented\รถติดบนทางด่วน_ควย_551_nan.wav,0.0,0.1768125,ควย,True,,C:\Users\muldi\Documents\Playground\University\senior-project-1\dataset\us\noise\รถติดบนทางด่วน.wav
dataset\augmented\ถามจริงนะมึง เรื่องแบบนี้พูดออกมาได้ยังไง_มึง_552_nan.wav,0.0,0.3180625,มึง,True,,C:\Users\muldi\Documents\Playground\University\senior-project-1\dataset\us\clear\ถามจริงนะมึง เรื่องแบบนี้พูดออกมาได้ยังไง.wav
dataset\augmented\เป็นสวะแล้วยังทำนิสัยหีๆอีก_none_553_nan.wav,0.0,0.6464375,none,True,,C:\Users\muldi\Documents\Playground\University\senior-project-1\dataset\us\clear\เป็นสวะแล้วยังทำนิสัยหีๆอีก.wav
dataset\augmented\พิ้งค์ด่าหนัง_กู_554_nan.wav,0.0,0.432875,กู,True,,C:\Users\muldi\Documents\Playground\University\senior-project-1\dataset\us\clear\พิ้งค์ด่าหนัง.wav
dataset\augmented\แตด (เบลล์)_แตด_555_nan.wav,0.0,1.86,แตด,True,,C:\Users\muldi\Documents\Playground\University\senior-project-1\dataset\single\แตด\แตด (เบลล์).wav
dataset\augmented\ก็เอาสิ มาดูกันว่ากูน่ะจะอยู่รอดเป็นคนสุดท้ายหรือเปล่า_กู_556_light.wav,0.0,0.2220625,กู,True,light,C:\Users\muldi\Documents\Playground\University\senior-project-1\dataset\us\clear\ก็เอาสิ มาดูกันว่ากูน่ะจะอยู่รอดเป็นคนสุดท้ายหรือเปล่า.wav
dataset\augmented\อั้มด่าแหลก_เหี้ย_557_light.wav,0.0,0.257,เหี้ย,True,light,C:\Users\muldi\Documents\Playground\University\senior-project-1\dataset\us\clear\อั้มด่าแหลก.wav
dataset\augmented\พฤติกรรมเห็นแก่ตัวหัวควยของมึงมันสร้างปัญหารู้ไหม_มึง_558_nan.wav,0.0,0.1485625,มึง,True,,C:\Users\muldi\Documents\Playground\University\senior-project-1\dataset\us\clear\พฤติกรรมเห็นแก่ตัวหัวควยของมึงมันสร้างปัญหารู้ไหม.wav
dataset\augmented\เช้านี้สดใส_มึง_559_light.wav,0.0,0.2250625,มึง,True,light,C:\Users\muldi\Documents\Playground\University\senior-project-1\dataset\us\clear\เช้านี้สดใส.wav
dataset\augmented\นิสัยควยๆแบบนี้_หี_560_nan.wav,0.0,0.2860625,หี,True,,C:\Users\muldi\Documents\Playground\University\senior-project-1\dataset\us\clear\นิสัยควยๆแบบนี้.wav
dataset\augmented\โต้งไล่หมา_none_561_nan.wav,0.0,1.9129375,none,True,,C:\Users\muldi\Documents\Playground\University\senior-project-1\dataset\us\clear\โต้งไล่หมา.wav
dataset\augmented\เย็ดแม่มความคิดโครตเจ๋ง_none_562_nan.wav,0.0,2.9508125,none,True,,C:\Users\muldi\Documents\Playground\University\senior-project-1\dataset\us\noise\เย็ดแม่มความคิดโครตเจ๋ง.wav
dataset\augmented\ก็มาดิสะไอ้สัสเป็นเหี้ยไรวะ_เหี้ย_563_light.wav,0.0,0.2158125,เหี้ย,True,light,C:\Users\muldi\Documents\Playground\University\senior-project-1\dataset\us\clear\ก็มาดิสะไอ้สัสเป็นเหี้ยไรวะ.wav
dataset\augmented\ทุกครั้งมันก็เป็นแบบนี้เสมออ่ะ เย็ดแม่_none_564_light_none.wav,0.0,1.5973125,none,True,light_none,C:\Users\muldi\Documents\Playground\University\senior-project-1\dataset\us\clear\ทุกครั้งมันก็เป็นแบบนี้เสมออ่ะ เย็ดแม่.wav
dataset\augmented\กาลครั้งมีไอ้สวะตัวหนึ่ง_หี_565_nan.wav,0.0,0.1865,หี,True,,C:\Users\muldi\Documents\Playground\University\senior-project-1\dataset\us\clear\กาลครั้งมีไอ้สวะตัวหนึ่ง.wav
dataset\augmented\แตด (เบลล์)_แตด_566_heavy.wav,0.0,1.86,แตด,True,heavy,C:\Users\muldi\Documents\Playground\University\senior-project-1\dataset\single\แตด\แตด (เบลล์).wav
dataset\augmented\หีหอมพ่อง_none_567_nan.wav,0.0,0.9605,none,True,,C:\Users\muldi\Documents\Playground\University\senior-project-1\dataset\us\clear\หีหอมพ่อง.wav
dataset\augmented\มึง กูหิวข้าววะ อยากกินตีนอะ_กู_568_nan.wav,0.0,0.1908125,กู,True,,C:\Users\muldi\Documents\Playground\University\senior-project-1\dataset\us\clear\มึง กูหิวข้าววะ อยากกินตีนอะ.wav
dataset\augmented\บัวด่านัท_none_569_nan.wav,0.0,2.0013125,none,True,,C:\Users\muldi\Documents\Playground\University\senior-project-1\dataset\us\clear\บัวด่านัท.wav
dataset\augmented\เอ๊ย เป็นเหี้ยไรวะกูถามจริง_none_570_light_none.wav,0.0,0.25775,none,True,light_none,C:\Users\muldi\Documents\Playground\University\senior-project-1\dataset\us\clear\เอ๊ย เป็นเหี้ยไรวะกูถามจริง.wav
dataset\augmented\ฮื่อ มึง ก็มันรักเขาไปแล้วอ่ะ_none_571_light_none.wav,0.0,2.168375,none,True,light_none,C:\Users\muldi\Documents\Playground\University\senior-project-1\dataset\us\noise\ฮื่อ มึง ก็มันรักเขาไปแล้วอ่ะ.wav
dataset\augmented\เข้ามาสิ ไอ้เย็ดแม่_none_572_nan.wav,0.0,1.1615,none,True,,C:\Users\muldi\Documents\Playground\University\senior-project-1\dataset\us\noise\เข้ามาสิ ไอ้เย็ดแม่.wav
dataset\augmented\กล้าดียังไงมาแตะคนรัก_แตด_573_nan.wav,0.0,0.358875,แตด,True,,C:\Users\muldi\Documents\Playground\University\senior-project-1\dataset\us\clear\กล้าดียังไงมาแตะคนรัก.wav
dataset\augmented\หีหอมพ่อง_ควย_574_medium.wav,0.0,0.21925,ควย,True,medium,C:\Users\muldi\Documents\Playground\University\senior-project-1\dataset\us\clear\หีหอมพ่อง.wav
dataset\augmented\มึงงงงงทำไรอยู่วะ(อยากลองลากเสียง)_none_575_nan.wav,0.0,1.2256875,none,True,,C:\Users\muldi\Documents\Playground\University\senior-project-1\dataset\us\noise\มึงงงงงทำไรอยู่วะ(อยากลองลากเสียง).wav
dataset\augmented\กูตั้งใจจะเรียนให้จบปีนี้_none_576_nan.wav,0.0,2.2600625,none,True,,C:\Users\muldi\Documents\Playground\University\senior-project-1\dataset\us\clear\กูตั้งใจจะเรียนให้จบปีนี้.wav
dataset\augmented\ไอดิฟ อัดเสียงเสร็จแล้วกูไปนอนได้แล้วใช่ไหม_กู_577_nan.wav,0.0,0.113125,กู,True,,C:\Users\muldi\Documents\Playground\University\senior-project-1\dataset\us\clear\ไอดิฟ อัดเสียงเสร็จแล้วกูไปนอนได้แล้วใช่ไหม.wav
dataset\augmented\อารมณ์แบบว่างี้ป้ะ_เหี้ย_578_light.wav,0.0,0.337375,เหี้ย,True,light,C:\Users\muldi\Documents\Playground\University\senior-project-1\dataset\us\clear\อารมณ์แบบว่างี้ป้ะ.wav
dataset\augmented\กายพูดกูรัวๆ_เย็ด_579_nan.wav,0.0,0.073125,เย็ด,True,,C:\Users\muldi\Documents\Playground\University\senior-project-1\dataset\us\clear\กายพูดกูรัวๆ.wav
dataset\augmented\นิสัยควยๆแบบนี้_ควย_580_nan.wav,0.0,0.134,ควย,True,,C:\Users\muldi\Documents\Playground\University\senior-project-1\dataset\us\clear\นิสัยควยๆแบบนี้.wav
dataset\augmented\คอมโครตดี_เหี้ย_581_nan.wav,0.0,0.2880625,เหี้ย,True,,C:\Users\muldi\Documents\Playground\University\senior-project-1\dataset\us\clear\คอมโครตดี.wav
dataset\augmented\การกระทำที่ไร้ศีลธรรมของเขาเป็นเหมือนสวะที่ปนเปื้อนในสังคม_สวะ_582_medium.wav,0.0,0.2365625,สวะ,True,medium,C:\Users\muldi\Documents\Playground\University\senior-project-1\dataset\us\clear\การกระทำที่ไร้ศีลธรรมของเขาเป็นเหมือนสวะที่ปนเปื้อนในสังคม.wav
dataset\augmented\บัวด่านัท_เย็ด_583_nan.wav,0.0,0.0800625,เย็ด,True,,C:\Users\muldi\Documents\Playground\University\senior-project-1\dataset\us\clear\บัวด่านัท.wav
dataset\augmented\หมากัด_สวะ_584_medium.wav,0.0,0.286875,สวะ,True,medium,C:\Users\muldi\Documents\Playground\University\senior-project-1\dataset\us\clear\หมากัด.wav
dataset\augmented\ป้าๆก๋วยเตี๋ยวถุงนึง_none_585_light_none.wav,0.0,0.2685,none,True,light_none,C:\Users\muldi\Documents\Playground\University\senior-project-1\dataset\us\clear\ป้าๆก๋วยเตี๋ยวถุงนึง.wav
dataset\augmented\เลสเบี้ยน_หี_586_medium.wav,0.0,0.213375,หี,True,medium,C:\Users\muldi\Documents\Playground\University\senior-project-1\dataset\us\clear\เลสเบี้ยน.wav
dataset\augmented\เจ็บคอมาสองวันเพราะฝุ่น_none_587_nan.wav,0.0,3.3456875,none,True,,C:\Users\muldi\Documents\Playground\University\senior-project-1\dataset\us\noise\เจ็บคอมาสองวันเพราะฝุ่น.wav
dataset\augmented\ด้วยสัตย์สาบานแห่งพระแม่กิ้งก่า กูขอสาบานว่า_none_588_nan.wav,0.0,3.770625,none,True,,C:\Users\muldi\Documents\Playground\University\senior-project-1\dataset\us\clear\ด้วยสัตย์สาบานแห่งพระแม่กิ้งก่า กูขอสาบานว่า.wav
dataset\augmented\กาลครั้งมีไอ้สวะตัวหนึ่ง_เย็ด_589_medium.wav,0.0,0.131125,เย็ด,True,medium,C:\Users\muldi\Documents\Playground\University\senior-project-1\dataset\us\clear\กาลครั้งมีไอ้สวะตัวหนึ่ง.wav
dataset\augmented\ก็มาดิสะไอ้สัสเป็นเหี้ยไรวะ_ควย_590_nan.wav,0.0,0.2571875,ควย,True,,C:\Users\muldi\Documents\Playground\University\senior-project-1\dataset\us\clear\ก็มาดิสะไอ้สัสเป็นเหี้ยไรวะ.wav
dataset\augmented\พูดควยๆแบบนี้ใครจะอยากอยู่ใกล้_none_591_nan.wav,0.0,1.99575,none,True,,C:\Users\muldi\Documents\Playground\University\senior-project-1\dataset\us\clear\พูดควยๆแบบนี้ใครจะอยากอยู่ใกล้.wav
dataset\augmented\ทุกครั้งมันก็เป็นแบบนี้เสมออ่ะ เย็ดแม่_เย็ด_592_medium.wav,0.0,0.0625,เย็ด,True,medium,C:\Users\muldi\Documents\Playground\University\senior-project-1\dataset\us\clear\ทุกครั้งมันก็เป็นแบบนี้เสมออ่ะ เย็ดแม่.wav
dataset\augmented\หี (เปอร์)_หี_593_medium.wav,0.0,2.944,หี,True,medium,C:\Users\muldi\Documents\Playground\University\senior-project-1\dataset\single\หี\หี (เปอร์).wav
dataset\augmented\มึงก็ไม่เคยฟังใครเลย คงจะฟังแต่หีตัวเองสินะ_none_594_nan.wav,0.0,2.4779375,none,True,,C:\Users\muldi\Documents\Playground\University\senior-project-1\dataset\us\clear\มึงก็ไม่เคยฟังใครเลย คงจะฟังแต่หีตัวเองสินะ.wav
dataset\augmented\นิสัยควยๆแบบนี้_ควย_595_nan.wav,0.0,0.227375,ควย,True,,C:\Users\muldi\Documents\Playground\University\senior-project-1\dataset\us\clear\นิสัยควยๆแบบนี้.wav
dataset\augmented\บารมีมารดา_แตด_596_heavy.wav,0.0,0.2793125,แตด,True,heavy,C:\Users\muldi\Documents\Playground\University\senior-project-1\dataset\us\clear\บารมีมารดา.wav
dataset\augmented\ทุกครั้งที่เขาพูด มันเหมือนเขากำลังพ่นสวะออกมา_none_597_nan.wav,0.0,1.01825,none,True,,C:\Users\muldi\Documents\Playground\University\senior-project-1\dataset\us\clear\ทุกครั้งที่เขาพูด มันเหมือนเขากำลังพ่นสวะออกมา.wav
dataset\augmented\กูเป็นคนคิดไอเดียโปรเจคนี่หว่า เออกูแม่งสุดยอดวะ_none_598_light_none.wav,0.0,2.535875,none,True,light_none,C:\Users\muldi\Documents\Playground\University\senior-project-1\dataset\us\clear\กูเป็นคนคิดไอเดียโปรเจคนี่หว่า เออกูแม่งสุดยอดวะ.wav
dataset\augmented\เย็ดแม่ กูควรจะคาดหวังอะไรจากมึงอีกอ่ะ_เย็ด_599_medium.wav,0.0,0.1215625,เย็ด,True,medium,C:\Users\muldi\Documents\Playground\University\senior-project-1\dataset\us\clear\เย็ดแม่ กูควรจะคาดหวังอะไรจากมึงอีกอ่ะ.wav
dataset\augmented\กูเป็นคนคิดไอเดียโปรเจคนี่หว่า เออกูแม่งสุดยอดวะ_none_600_nan.wav,0.0,2.24925,none,True,,C:\Users\muldi\Documents\Playground\University\senior-project-1\dataset\us\clear\กูเป็นคนคิดไอเดียโปรเจคนี่หว่า เออกูแม่งสุดยอดวะ.wav
dataset\augmented\หมากัด_สวะ_601_nan.wav,0.0,0.286875,สวะ,True,,C:\Users\muldi\Documents\Playground\University\senior-project-1\dataset\us\clear\หมากัด.wav
dataset\augmented\มึงนี่มันอะควรไปคุยกับรากมะม่วง_none_602_light_none.wav,0.0,2.980375,none,True,light_none,C:\Users\muldi\Documents\Playground\University\senior-project-1\dataset\us\clear\มึงนี่มันอะควรไปคุยกับรากมะม่วง.wav
dataset\augmented\Janพูดถึงอาท_none_603_nan.wav,0.0,12.5551875,none,True,,C:\Users\muldi\Documents\Playground\University\senior-project-1\dataset\us\clear\Janพูดถึงอาท.wav
dataset\augmented\เย็ดแม่มความคิดโครตเจ๋ง_เย็ด_604_nan.wav,0.0,0.2344375,เย็ด,True,,C:\Users\muldi\Documents\Playground\University\senior-project-1\dataset\us\noise\เย็ดแม่มความคิดโครตเจ๋ง.wav
dataset\augmented\บัวด่านัท_มึง_605_nan.wav,0.0,0.122625,มึง,True,,C:\Users\muldi\Documents\Playground\University\senior-project-1\dataset\us\clear\บัวด่านัท.wav
dataset\augmented\เป็นสวะแล้วยังทำนิสัยหีๆอีก_หี_606_nan.wav,0.0,0.2743125,หี,True,,C:\Users\muldi\Documents\Playground\University\senior-project-1\dataset\us\clear\เป็นสวะแล้วยังทำนิสัยหีๆอีก.wav
dataset\augmented\พูดควยๆแบบนี้ใครจะอยากอยู่ใกล้_none_607_nan.wav,0.0,0.1335,none,True,,C:\Users\muldi\Documents\Playground\University\senior-project-1\dataset\us\clear\พูดควยๆแบบนี้ใครจะอยากอยู่ใกล้.wav
dataset\augmented\พิ้งค์ด่าหนัง_none_608_light_none.wav,0.0,1.088125,none,True,light_none,C:\Users\muldi\Documents\Playground\University\senior-project-1\dataset\us\clear\พิ้งค์ด่าหนัง.wav
dataset\augmented\มึงไม่เคยฟังใครเลยใช่ไหม เย็ดแม่_เย็ด_609_nan.wav,0.0,0.0886875,เย็ด,True,,C:\Users\muldi\Documents\Playground\University\senior-project-1\dataset\us\clear\มึงไม่เคยฟังใครเลยใช่ไหม เย็ดแม่.wav
dataset\augmented\กายพูดกูรัวๆ_none_610_nan.wav,0.0,1.4340625,none,True,,C:\Users\muldi\Documents\Playground\University\senior-project-1\dataset\us\clear\กายพูดกูรัวๆ.wav
dataset\augmented\ถ้ามึงจะทำอย่างนี้นะ ไปเหอะ อย่ากลับมาเลย_none_611_nan.wav,0.0,4.46275,none,True,,C:\Users\muldi\Documents\Playground\University\senior-project-1\dataset\us\clear\ถ้ามึงจะทำอย่างนี้นะ ไปเหอะ อย่ากลับมาเลย.wav
dataset\augmented\บัวด่านัท_เหี้ย_612_light.wav,0.0,0.334125,เหี้ย,True,light,C:\Users\muldi\Documents\Playground\University\senior-project-1\dataset\us\clear\บัวด่านัท.wav
dataset\augmented\ดูถูกหีไม่มีวันเจริญ_สวะ_613_medium.wav,0.0,0.3165,สวะ,True,medium,C:\Users\muldi\Documents\Playground\University\senior-project-1\dataset\us\clear\ดูถูกหีไม่มีวันเจริญ.wav
dataset\augmented\นิสัยควยๆแบบนี้_none_614_nan.wav,0.0,2.499125,none,True,,C:\Users\muldi\Documents\Playground\University\senior-project-1\dataset\us\clear\นิสัยควยๆแบบนี้.wav
dataset\augmented\มึง (เบลล์)_มึง_615_nan.wav,0.0,1.91,มึง,True,,C:\Users\muldi\Documents\Playground\University\senior-project-1\dataset\single\มึง\มึง (เบลล์).wav
dataset\augmented\คือมึงไม่ฉลาดหรอวะ_หี_616_medium.wav,0.0,0.1875,หี,True,medium,C:\Users\muldi\Documents\Playground\University\senior-project-1\dataset\us\clear\คือมึงไม่ฉลาดหรอวะ.wav
dataset\augmented\เย็ดแม่ นี่คือเหตุผลที่กูไม่อยากคุยกับมึง_none_617_nan.wav,0.0,0.3094375,none,True,,C:\Users\muldi\Documents\Playground\University\senior-project-1\dataset\us\clear\เย็ดแม่ นี่คือเหตุผลที่กูไม่อยากคุยกับมึง.wav
dataset\augmented\ก็มาดิสะไอ้สัสเป็นเหี้ยไรวะ_สวะ_618_nan.wav,0.0,0.383125,สวะ,True,,C:\Users\muldi\Documents\Playground\University\senior-project-1\dataset\us\clear\ก็มาดิสะไอ้สัสเป็นเหี้ยไรวะ.wav
dataset\augmented\เอ๊ย เป็นเหี้ยไรวะกูถามจริง_มึง_619_nan.wav,0.0,0.093,มึง,True,,C:\Users\muldi\Documents\Playground\University\senior-project-1\dataset\us\clear\เอ๊ย เป็นเหี้ยไรวะกูถามจริง.wav
dataset\augmented\เลสเบี้ยน_แตด_620_heavy.wav,0.0,0.1225,แตด,True,heavy,C:\Users\muldi\Documents\Playground\University\senior-project-1\dataset\us\clear\เลสเบี้ยน.wav
dataset\augmented\กู(หลายคำ)_none_621_nan.wav,0.0,0.8726875,none,True,,C:\Users\muldi\Documents\Playground\University\senior-project-1\dataset\us\clear\กู(หลายคำ).wav
dataset\augmented\ฮัลโหลๆ ได้ยินที่กูพูดป่าวไอดิฟ_กู_622_nan.wav,0.0,0.162125,กู,True,,C:\Users\muldi\Documents\Playground\University\senior-project-1\dataset\us\clear\ฮัลโหลๆ ได้ยินที่กูพูดป่าวไอดิฟ.wav
dataset\augmented\กาลครั้งมีไอ้สวะตัวหนึ่ง_สวะ_623_nan.wav,0.0,0.2165625,สวะ,True,,C:\Users\muldi\Documents\Playground\University\senior-project-1\dataset\us\clear\กาลครั้งมีไอ้สวะตัวหนึ่ง.wav
dataset\augmented\ไอ้เหี้ยทำไมนิสัยมึงสวะได้ขนาดนี้_สวะ_624_nan.wav,0.0,0.1575625,สวะ,True,,C:\Users\muldi\Documents\Playground\University\senior-project-1\dataset\us\clear\ไอ้เหี้ยทำไมนิสัยมึงสวะได้ขนาดนี้.wav
dataset\augmented\พิ้งค์ด่าหนัง_none_625_light_none.wav,0.0,1.513,none,True,light_none,C:\Users\muldi\Documents\Playground\University\senior-project-1\dataset\us\clear\พิ้งค์ด่าหนัง.wav
dataset\augmented\กาลครั้งมีไอ้สวะตัวหนึ่ง_none_626_light_none.wav,0.0,2.787375,none,True,light_none,C:\Users\muldi\Documents\Playground\University\senior-project-1\dataset\us\clear\กาลครั้งมีไอ้สวะตัวหนึ่ง.wav
dataset\augmented\บิวพูดเหี้ย_เหี้ย_627_nan.wav,0.0,0.1276875,เหี้ย,True,,C:\Users\muldi\Documents\Playground\University\senior-project-1\dataset\us\clear\บิวพูดเหี้ย.wav
dataset\augmented\เลสเบี้ยน_none_628_nan.wav,0.0,5.0559375,none,True,,C:\Users\muldi\Documents\Playground\University\senior-project-1\dataset\us\clear\เลสเบี้ยน.wav
dataset\augmented\กายพูดกูรัวๆ_none_629_nan.wav,0.0,2.845375,none,True,,C:\Users\muldi\Documents\Playground\University\senior-project-1\dataset\us\clear\กายพูดกูรัวๆ.wav
dataset\augmented\บารมีมารดา_none_630_light_none.wav,0.0,0.7976875,none,True,light_none,C:\Users\muldi\Documents\Playground\University\senior-project-1\dataset\us\clear\บารมีมารดา.wav
dataset\augmented\ค่ายเหี้ย_แตด_631_heavy.wav,0.0,0.157,แตด,True,heavy,C:\Users\muldi\Documents\Playground\University\senior-project-1\dataset\us\noise\ค่ายเหี้ย.wav
dataset\augmented\บิวพูดเหี้ย_none_632_nan.wav,0.0,1.876,none,True,,C:\Users\muldi\Documents\Playground\University\senior-project-1\dataset\us\clear\บิวพูดเหี้ย.wav
dataset\augmented\โต้งไล่หมา_none_633_nan.wav,0.0,13.4433125,none,True,,C:\Users\muldi\Documents\Playground\University\senior-project-1\dataset\us\clear\โต้งไล่หมา.wav
dataset\augmented\เป็นสวะแล้วยังทำนิสัยหีๆอีก_แตด_634_heavy.wav,0.0,0.1575625,แตด,True,heavy,C:\Users\muldi\Documents\Playground\University\senior-project-1\dataset\us\clear\เป็นสวะแล้วยังทำนิสัยหีๆอีก.wav
dataset\augmented\อย่าฟังความข้างเดียวสิ กูน่ะบอกอยู่เสมอแล้วว่ากูเป็นคนดี_none_635_nan.wav,0.0,1.0146875,none,True,,C:\Users\muldi\Documents\Playground\University\senior-project-1\dataset\us\clear\อย่าฟังความข้างเดียวสิ กูน่ะบอกอยู่เสมอแล้วว่ากูเป็นคนดี.wav
dataset\augmented\เลสเบี้ยน_แตด_636_heavy.wav,0.0,0.1225,แตด,True,heavy,C:\Users\muldi\Documents\Playground\University\senior-project-1\dataset\us\clear\เลสเบี้ยน.wav
dataset\augmented\อารมณ์แบบว่างี้ป้ะ_none_637_light_none.wav,0.0,0.2205,none,True,light_none,C:\Users\muldi\Documents\Playground\University\senior-project-1\dataset\us\clear\อารมณ์แบบว่างี้ป้ะ.wav
dataset\augmented\กายพูดกูรัวๆ_none_638_nan.wav,0.0,4.4393125,none,True,,C:\Users\muldi\Documents\Playground\University\senior-project-1\dataset\us\clear\กายพูดกูรัวๆ.wav
dataset\augmented\ทายคำเย็ดแม่_none_639_nan.wav,0.0,5.0635,none,True,,C:\Users\muldi\Documents\Playground\University\senior-project-1\dataset\us\clear\ทายคำเย็ดแม่.wav
dataset\augmented\กู (แทน)_กู_640_nan.wav,0.0,1.6853125,กู,True,,C:\Users\muldi\Documents\Playground\University\senior-project-1\dataset\single\กู\กู (แทน).wav
dataset\augmented\หีหอมพ่อง_none_641_nan.wav,0.0,1.2020625,none,True,,C:\Users\muldi\Documents\Playground\University\senior-project-1\dataset\us\clear\หีหอมพ่อง.wav
dataset\augmented\เลสเบี้ยน_สวะ_642_nan.wav,0.0,0.239375,สวะ,True,,C:\Users\muldi\Documents\Playground\University\senior-project-1\dataset\us\clear\เลสเบี้ยน.wav
dataset\augmented\หี (โบท)_หี_643_nan.wav,0.0,2.04,หี,True,,C:\Users\muldi\Documents\Playground\University\senior-project-1\dataset\single\หี\หี (โบท).wav
dataset\augmented\โต้งไล่หมา_กู_644_light.wav,0.0,0.1324375,กู,True,light,C:\Users\muldi\Documents\Playground\University\senior-project-1\dataset\us\clear\โต้งไล่หมา.wav
dataset\augmented\บารมีมารดา_none_645_nan.wav,0.0,2.8184375,none,True,,C:\Users\muldi\Documents\Playground\University\senior-project-1\dataset\us\clear\บารมีมารดา.wav
dataset\augmented\เอ๊ย เป็นเหี้ยไรวะกูถามจริง_สวะ_646_medium.wav,0.0,0.301,สวะ,True,medium,C:\Users\muldi\Documents\Playground\University\senior-project-1\dataset\us\clear\เอ๊ย เป็นเหี้ยไรวะกูถามจริง.wav
dataset\augmented\บารมีมารดา_none_647_nan.wav,0.0,0.7976875,none,True,,C:\Users\muldi\Documents\Playground\University\senior-project-1\dataset\us\clear\บารมีมารดา.wav
dataset\augmented\อาทโดนFBI_none_648_light_none.wav,0.0,0.18575,none,True,light_none,C:\Users\muldi\Documents\Playground\University\senior-project-1\dataset\us\clear\อาทโดนFBI.wav
dataset\augmented\สวะ (แทน)_สวะ_649_medium.wav,0.0,1.7066875,สวะ,True,medium,C:\Users\muldi\Documents\Playground\University\senior-project-1\dataset\single\สวะ\สวะ (แทน).wav
dataset\augmented\ชอบทำตัวหัวควยใส่คนอื่น ทั้งที่ตัวเองก็ไม่ได้ดีไปกว่าใครเลย_none_650_nan.wav,0.0,3.0994375,none,True,,C:\Users\muldi\Documents\Playground\University\senior-project-1\dataset\us\clear\ชอบทำตัวหัวควยใส่คนอื่น ทั้งที่ตัวเองก็ไม่ได้ดีไปกว่าใครเลย.wav
dataset\augmented\เย็ดแม่ นี่คือเหตุผลที่กูไม่อยากคุยกับมึง_none_651_nan.wav,0.0,1.023375,none,True,,C:\Users\muldi\Documents\Playground\University\senior-project-1\dataset\us\clear\เย็ดแม่ นี่คือเหตุผลที่กูไม่อยากคุยกับมึง.wav
dataset\augmented\เลสเบี้ยน_แตด_652_heavy.wav,0.0,0.1225,แตด,True,heavy,C:\Users\muldi\Documents\Playground\University\senior-project-1\dataset\us\clear\เลสเบี้ยน.wav
dataset\augmented\บัวด่านัท_ควย_653_medium.wav,0.0,0.394125,ควย,True,medium,C:\Users\muldi\Documents\Playground\University\senior-project-1\dataset\us\clear\บัวด่านัท.wav
dataset\augmented\ดูถูกหีไม่มีวันเจริญ_แตด_654_heavy.wav,0.0,0.19975,แตด,True,heavy,C:\Users\muldi\Documents\Playground\University\senior-project-1\dataset\us\clear\ดูถูกหีไม่มีวันเจริญ.wav
dataset\augmented\มึงก็ไม่เคยฟังใครเลย คงจะฟังแต่หีตัวเองสินะ_หี_655_medium.wav,0.0,0.19375,หี,True,medium,C:\Users\muldi\Documents\Playground\University\senior-project-1\dataset\us\clear\มึงก็ไม่เคยฟังใครเลย คงจะฟังแต่หีตัวเองสินะ.wav
dataset\augmented\คอมโครตดี_แตด_656_heavy.wav,0.0,0.19575,แตด,True,heavy,C:\Users\muldi\Documents\Playground\University\senior-project-1\dataset\us\clear\คอมโครตดี.wav
dataset\augmented\พิ้งค์ด่าหนัง_none_657_light_none.wav,0.0,1.485,none,True,light_none,C:\Users\muldi\Documents\Playground\University\senior-project-1\dataset\us\clear\พิ้งค์ด่าหนัง.wav
dataset\augmented\มึงก็ไม่เคยฟังใครเลย คงจะฟังแต่หีตัวเองสินะ_มึง_658_nan.wav,0.0,0.1645625,มึง,True,,C:\Users\muldi\Documents\Playground\University\senior-project-1\dataset\us\clear\มึงก็ไม่เคยฟังใครเลย คงจะฟังแต่หีตัวเองสินะ.wav
dataset\augmented\สวะ (เบลล์)_สวะ_659_medium.wav,0.0,1.96,สวะ,True,medium,C:\Users\muldi\Documents\Playground\University\senior-project-1\dataset\single\สวะ\สวะ (เบลล์).wav
dataset\augmented\ก็มาดิสะไอ้สัสเป็นเหี้ยไรวะ_none_660_nan.wav,0.0,0.4710625,none,True,,C:\Users\muldi\Documents\Playground\University\senior-project-1\dataset\us\clear\ก็มาดิสะไอ้สัสเป็นเหี้ยไรวะ.wav
dataset\augmented\กายพูดกูรัวๆ_none_661_nan.wav,0.0,0.9490625,none,True,,C:\Users\muldi\Documents\Playground\University\senior-project-1\dataset\us\clear\กายพูดกูรัวๆ.wav
dataset\augmented\Janพูดถึงอาท_ควย_662_nan.wav,0.0,0.205125,ควย,True,,C:\Users\muldi\Documents\Playground\University\senior-project-1\dataset\us\clear\Janพูดถึงอาท.wav
dataset\augmented\โหเย็ดแม่ ไม่คิดจะแก้ไขอะไรหน่อยอ่อ_เย็ด_663_medium.wav,0.0,0.0779375,เย็ด,True,medium,C:\Users\muldi\Documents\Playground\University\senior-project-1\dataset\us\clear\โหเย็ดแม่ ไม่คิดจะแก้ไขอะไรหน่อยอ่อ.wav
dataset\augmented\เป็นสวะแล้วยังทำนิสัยหีๆอีก_แตด_664_heavy.wav,0.0,0.1575625,แตด,True,heavy,C:\Users\muldi\Documents\Playground\University\senior-project-1\dataset\us\clear\เป็นสวะแล้วยังทำนิสัยหีๆอีก.wav
dataset\augmented\ก็แล้วจะทำไม มึงจะมาหาเรื่องหรอ_none_665_nan.wav,0.0,1.8151875,none,True,,C:\Users\muldi\Documents\Playground\University\senior-project-1\dataset\us\clear\ก็แล้วจะทำไม มึงจะมาหาเรื่องหรอ.wav
dataset\augmented\ค่ายเหี้ย_หี_666_medium.wav,0.0,0.14525,หี,True,medium,C:\Users\muldi\Documents\Playground\University\senior-project-1\dataset\us\noise\ค่ายเหี้ย.wav
dataset\augmented\อารมณ์แบบว่างี้ป้ะ_none_667_nan.wav,0.0,0.5378125,none,True,,C:\Users\muldi\Documents\Playground\University\senior-project-1\dataset\us\clear\อารมณ์แบบว่างี้ป้ะ.wav
dataset\augmented\อย่าทำเหมือนกูไม่มีตัวตนนะ เย็ดแม่_เย็ด_668_nan.wav,0.0,0.081875,เย็ด,True,,C:\Users\muldi\Documents\Playground\University\senior-project-1\dataset\us\clear\อย่าทำเหมือนกูไม่มีตัวตนนะ เย็ดแม่.wav
dataset\augmented\โอเค ฟังดีๆนะมึง พ่อของมึงเสียแล้ว_มึง_669_nan.wav,0.0,0.3086875,มึง,True,,C:\Users\muldi\Documents\Playground\University\senior-project-1\dataset\us\clear\โอเค ฟังดีๆนะมึง พ่อของมึงเสียแล้ว.wav
dataset\augmented\โหเย็ดแม่ ไม่คิดจะแก้ไขอะไรหน่อยอ่อ_เย็ด_670_nan.wav,0.0,0.0779375,เย็ด,True,,C:\Users\muldi\Documents\Playground\University\senior-project-1\dataset\us\clear\โหเย็ดแม่ ไม่คิดจะแก้ไขอะไรหน่อยอ่อ.wav
dataset\augmented\คอมโครตดี_none_671_nan.wav,0.0,5.5160625,none,True,,C:\Users\muldi\Documents\Playground\University\senior-project-1\dataset\us\clear\คอมโครตดี.wav
dataset\augmented\เลสเบี้ยน_เย็ด_672_nan.wav,0.0,0.0779375,เย็ด,True,,C:\Users\muldi\Documents\Playground\University\senior-project-1\dataset\us\clear\เลสเบี้ยน.wav
dataset\augmented\บิวพูดเหี้ย_เหี้ย_673_nan.wav,0.0,0.385875,เหี้ย,True,,C:\Users\muldi\Documents\Playground\University\senior-project-1\dataset\us\clear\บิวพูดเหี้ย.wav
dataset\augmented\หมากัด_ควย_674_nan.wav,0.0,0.2648125,ควย,True,,C:\Users\muldi\Documents\Playground\University\senior-project-1\dataset\us\clear\หมากัด.wav
dataset\augmented\แตด (เปอร์)_แตด_675_heavy.wav,0.0,2.3253125,แตด,True,heavy,C:\Users\muldi\Documents\Playground\University\senior-project-1\dataset\single\แตด\แตด (เปอร์).wav
dataset\augmented\คอมโครตดี_none_676_nan.wav,0.0,1.5181875,none,True,,C:\Users\muldi\Documents\Playground\University\senior-project-1\dataset\us\clear\คอมโครตดี.wav
dataset\augmented\โต้งไล่หมา_none_677_nan.wav,0.0,14.0660625,none,True,,C:\Users\muldi\Documents\Playground\University\senior-project-1\dataset\us\clear\โต้งไล่หมา.wav
dataset\augmented\กล้าดียังไงมาแตะคนรัก_ควย_678_medium.wav,0.0,0.5861875,ควย,True,medium,C:\Users\muldi\Documents\Playground\University\senior-project-1\dataset\us\clear\กล้าดียังไงมาแตะคนรัก.wav
dataset\augmented\เป็นสวะแล้วยังทำนิสัยหีๆอีก_none_679_light_none.wav,0.0,1.1715625,none,True,light_none,C:\Users\muldi\Documents\Playground\University\senior-project-1\dataset\us\clear\เป็นสวะแล้วยังทำนิสัยหีๆอีก.wav
dataset\augmented\หมากัด_หี_680_medium.wav,0.0,0.236125,หี,True,medium,C:\Users\muldi\Documents\Playground\University\senior-project-1\dataset\us\clear\หมากัด.wav
dataset\augmented\มึงไม่เคยฟังใครเลยใช่ไหม เย็ดแม่_none_681_nan.wav,0.0,0.850125,none,True,,C:\Users\muldi\Documents\Playground\University\senior-project-1\dataset\us\clear\มึงไม่เคยฟังใครเลยใช่ไหม เย็ดแม่.wav
dataset\augmented\รถติดบนทางด่วน_สวะ_682_medium.wav,0.0,0.19875,สวะ,True,medium,C:\Users\muldi\Documents\Playground\University\senior-project-1\dataset\us\noise\รถติดบนทางด่วน.wav
dataset\augmented\เอ๊ย เป็นเหี้ยไรวะกูถามจริง_none_683_nan.wav,0.0,0.107875,none,True,,C:\Users\muldi\Documents\Playground\University\senior-project-1\dataset\us\clear\เอ๊ย เป็นเหี้ยไรวะกูถามจริง.wav
dataset\augmented\ทุกครั้งมันก็เป็นแบบนี้เสมออ่ะ เย็ดแม่_none_684_nan.wav,0.0,1.5973125,none,True,,C:\Users\muldi\Documents\Playground\University\senior-project-1\dataset\us\clear\ทุกครั้งมันก็เป็นแบบนี้เสมออ่ะ เย็ดแม่.wav
dataset\augmented\หมากัด_none_685_nan.wav,0.0,2.5400625,none,True,,C:\Users\muldi\Documents\Playground\University\senior-project-1\dataset\us\clear\หมากัด.wav
dataset\augmented\อารมณ์แบบว่างี้ป้ะ_มึง_686_nan.wav,0.0,0.180375,มึง,True,,C:\Users\muldi\Documents\Playground\University\senior-project-1\dataset\us\clear\อารมณ์แบบว่างี้ป้ะ.wav
dataset\augmented\ก็มาดิสะไอ้สัสเป็นเหี้ยไรวะ_มึง_687_nan.wav,0.0,0.229875,มึง,True,,C:\Users\muldi\Documents\Playground\University\senior-project-1\dataset\us\clear\ก็มาดิสะไอ้สัสเป็นเหี้ยไรวะ.wav
dataset\augmented\เย็ดแม่ ทำไมถึงไม่ใส่ใจในสิ่งที่กูบอกบ้างอ่ะ_เย็ด_688_medium.wav,0.0,0.0855625,เย็ด,True,medium,C:\Users\muldi\Documents\Playground\University\senior-project-1\dataset\us\clear\เย็ดแม่ ทำไมถึงไม่ใส่ใจในสิ่งที่กูบอกบ้างอ่ะ.wav
dataset\augmented\บิวพูดควย_ควย_689_medium.wav,0.0,0.62425,ควย,True,medium,C:\Users\muldi\Documents\Playground\University\senior-project-1\dataset\us\clear\บิวพูดควย.wav
dataset\augmented\มึงไม่มีสิทธิ์มาทำแบบนี้กับกู เย็ดแม่_มึง_690_nan.wav,0.0,0.1304375,มึง,True,,C:\Users\muldi\Documents\Playground\University\senior-project-1\dataset\us\clear\มึงไม่มีสิทธิ์มาทำแบบนี้กับกู เย็ดแม่.wav
dataset\augmented\ไอ้เด็กนี่มันอยากมีปัญหากับกูแล้วสินะ_none_691_light_none.wav,0.0,0.943625,none,True,light_none,C:\Users\muldi\Documents\Playground\University\senior-project-1\dataset\us\clear\ไอ้เด็กนี่มันอยากมีปัญหากับกูแล้วสินะ.wav
dataset\augmented\ทายคำเย็ดแม่_เย็ด_692_nan.wav,0.0,0.0901875,เย็ด,True,,C:\Users\muldi\Documents\Playground\University\senior-project-1\dataset\us\clear\ทายคำเย็ดแม่.wav
dataset\augmented\เข้ามาสิ ไอ้เย็ดแม่_none_693_nan.wav,0.0,1.542875,none,True,,C:\Users\muldi\Documents\Playground\University\senior-project-1\dataset\us\noise\เข้ามาสิ ไอ้เย็ดแม่.wav
dataset\augmented\อารมณ์แบบว่างี้ป้ะ_เหี้ย_694_nan.wav,0.0,0.4216875,เหี้ย,True,,C:\Users\muldi\Documents\Playground\University\senior-project-1\dataset\us\clear\อารมณ์แบบว่างี้ป้ะ.wav
dataset\augmented\อาทโดนFBI_none_695_nan.wav,0.0,8.84575,none,True,,C:\Users\muldi\Documents\Playground\University\senior-project-1\dataset\us\clear\อาทโดนFBI.wav
dataset\augmented\รถติดบนทางด่วน_หี_696_medium.wav,0.0,0.1573125,หี,True,medium,C:\Users\muldi\Documents\Playground\University\senior-project-1\dataset\us\noise\รถติดบนทางด่วน.wav
dataset\augmented\ฮัลโหลๆ ได้ยินที่กูพูดป่าวไอดิฟ_none_697_nan.wav,0.0,2.637375,none,True,,C:\Users\muldi\Documents\Playground\University\senior-project-1\dataset\us\clear\ฮัลโหลๆ ได้ยินที่กูพูดป่าวไอดิฟ.wav
dataset\augmented\อารมณ์แบบว่างี้ป้ะ_เหี้ย_698_nan.wav,0.0,0.2154375,เหี้ย,True,,C:\Users\muldi\Documents\Playground\University\senior-project-1\dataset\us\clear\อารมณ์แบบว่างี้ป้ะ.wav
dataset\augmented\โอ๊ย เย็ดแม่ เจ็บชิบหาย_none_699_nan.wav,0.0,0.817875,none,True,,C:\Users\muldi\Documents\Playground\University\senior-project-1\dataset\us\noise\โอ๊ย เย็ดแม่ เจ็บชิบหาย.wav
dataset\augmented\เย็ดแม่ มึงไม่แคร์อะไรเลยใช่ไหมอ่ะ_none_700_nan.wav,0.0,0.2614375,none,True,,C:\Users\muldi\Documents\Playground\University\senior-project-1\dataset\us\clear\เย็ดแม่ มึงไม่แคร์อะไรเลยใช่ไหมอ่ะ.wav
dataset\augmented\เลสเบี้ยน_none_701_nan.wav,0.0,1.0373125,none,True,,C:\Users\muldi\Documents\Playground\University\senior-project-1\dataset\us\clear\เลสเบี้ยน.wav
dataset\augmented\ชีสเหม็น_none_702_nan.wav,0.0,0.8524375,none,True,,C:\Users\muldi\Documents\Playground\University\senior-project-1\dataset\us\clear\ชีสเหม็น.wav
dataset\augmented\ชีสเหม็น_แตด_703_heavy.wav,0.0,0.2910625,แตด,True,heavy,C:\Users\muldi\Documents\Playground\University\senior-project-1\dataset\us\clear\ชีสเหม็น.wav
dataset\augmented\เดินตกท่อ_none_704_nan.wav,0.0,3.5453125,none,True,,C:\Users\muldi\Documents\Playground\University\senior-project-1\dataset\us\clear\เดินตกท่อ.wav
dataset\augmented\พูดจาไม่มีสาระเหมือนสวะลอยน้ำไปวัน ๆ_สวะ_705_medium.wav,0.0,0.224625,สวะ,True,medium,C:\Users\muldi\Documents\Playground\University\senior-project-1\dataset\us\clear\พูดจาไม่มีสาระเหมือนสวะลอยน้ำไปวัน ๆ.wav
dataset\augmented\Janพูดถึงอาท_เย็ด_706_nan.wav,0.0,0.1128125,เย็ด,True,,C:\Users\muldi\Documents\Playground\University\senior-project-1\dataset\us\clear\Janพูดถึงอาท.wav
dataset\augmented\นี่มันจะเกินไปแล้วนะไอเย็ดแม่_เย็ด_707_nan.wav,0.0,0.1026875,เย็ด,True,,C:\Users\muldi\Documents\Playground\University\senior-project-1\dataset\us\clear\นี่มันจะเกินไปแล้วนะไอเย็ดแม่.wav
dataset\augmented\ควย (โบท)_ควย_708_nan.wav,0.0,1.75,ควย,True,,C:\Users\muldi\Documents\Playground\University\senior-project-1\dataset\single\ควย\ควย (โบท).wav
dataset\augmented\เช้านี้สดใส_เหี้ย_709_nan.wav,0.0,0.33925,เหี้ย,True,,C:\Users\muldi\Documents\Playground\University\senior-project-1\dataset\us\clear\เช้านี้สดใส.wav
dataset\augmented\พูดจาไม่มีสาระเหมือนสวะลอยน้ำไปวัน ๆ_none_710_light_none.wav,0.0,2.4398125,none,True,light_none,C:\Users\muldi\Documents\Playground\University\senior-project-1\dataset\us\clear\พูดจาไม่มีสาระเหมือนสวะลอยน้ำไปวัน ๆ.wav
dataset\augmented\ป้าๆก๋วยเตี๋ยวถุงนึง_none_711_nan.wav,0.0,1.0055,none,True,,C:\Users\muldi\Documents\Playground\University\senior-project-1\dataset\us\clear\ป้าๆก๋วยเตี๋ยวถุงนึง.wav
dataset\augmented\คนดีห้ามเพื่อน_none_712_nan.wav,0.0,1.006375,none,True,,C:\Users\muldi\Documents\Playground\University\senior-project-1\dataset\us\clear\คนดีห้ามเพื่อน.wav
dataset\augmented\ชีสเหม็น_เหี้ย_713_light.wav,0.0,0.47975,เหี้ย,True,light,C:\Users\muldi\Documents\Playground\University\senior-project-1\dataset\us\clear\ชีสเหม็น.wav
dataset\augmented\ป้าๆก๋วยเตี๋ยวถุงนึง_none_714_nan.wav,0.0,5.6639375,none,True,,C:\Users\muldi\Documents\Playground\University\senior-project-1\dataset\us\clear\ป้าๆก๋วยเตี๋ยวถุงนึง.wav
dataset\augmented\นิสัยควยๆแบบนี้_มึง_715_nan.wav,0.0,0.1140625,มึง,True,,C:\Users\muldi\Documents\Playground\University\senior-project-1\dataset\us\clear\นิสัยควยๆแบบนี้.wav
dataset\augmented\เดินตกท่อ_none_716_nan.wav,0.0,1.10375,none,True,,C:\Users\muldi\Documents\Playground\University\senior-project-1\dataset\us\clear\เดินตกท่อ.wav
dataset\augmented\ดูถูกหีไม่มีวันเจริญ_แตด_717_heavy.wav,0.0,0.19975,แตด,True,heavy,C:\Users\muldi\Documents\Playground\University\senior-project-1\dataset\us\clear\ดูถูกหีไม่มีวันเจริญ.wav
dataset\augmented\อาทโดนFBI_none_718_nan.wav,0.0,9.198625,none,True,,C:\Users\muldi\Documents\Playground\University\senior-project-1\dataset\us\clear\อาทโดนFBI.wav
dataset\augmented\หีหอมพ่อง_ควย_719_nan.wav,0.0,0.21925,ควย,True,,C:\Users\muldi\Documents\Playground\University\senior-project-1\dataset\us\clear\หีหอมพ่อง.wav
dataset\augmented\คือมึงไม่ฉลาดหรอวะ_none_720_nan.wav,0.0,0.205625,none,True,,C:\Users\muldi\Documents\Playground\University\senior-project-1\dataset\us\clear\คือมึงไม่ฉลาดหรอวะ.wav
dataset\augmented\ป้าๆก๋วยเตี๋ยวถุงนึง_none_721_nan.wav,0.0,2.2441875,none,True,,C:\Users\muldi\Documents\Playground\University\senior-project-1\dataset\us\clear\ป้าๆก๋วยเตี๋ยวถุงนึง.wav
dataset\augmented\หยุดทำแบบนี้ซะทีดิ๊ เย็ดแม่_none_722_nan.wav,0.0,1.2095625,none,True,,C:\Users\muldi\Documents\Playground\University\senior-project-1\dataset\us\clear\หยุดทำแบบนี้ซะทีดิ๊ เย็ดแม่.wav
dataset\augmented\เอ๊ย เป็นเหี้ยไรวะกูถามจริง_none_723_light_none.wav,0.0,0.2055,none,True,light_none,C:\Users\muldi\Documents\Playground\University\senior-project-1\dataset\us\clear\เอ๊ย เป็นเหี้ยไรวะกูถามจริง.wav
dataset\augmented\ป้าๆก๋วยเตี๋ยวถุงนึง_none_724_light_none.wav,0.0,2.612875,none,True,light_none,C:\Users\muldi\Documents\Playground\University\senior-project-1\dataset\us\clear\ป้าๆก๋วยเตี๋ยวถุงนึง.wav
dataset\augmented\ค่ายเหี้ย2_เหี้ย_725_nan.wav,0.0,0.200625,เหี้ย,True,,C:\Users\muldi\Documents\Playground\University\senior-project-1\dataset\us\noise\ค่ายเหี้ย2.wav
dataset\augmented\อย่าฟังความข้างเดียวสิ กูน่ะบอกอยู่เสมอแล้วว่ากูเป็นคนดี_none_726_light_none.wav,0.0,1.414875,none,True,light_none,C:\Users\muldi\Documents\Playground\University\senior-project-1\dataset\us\clear\อย่าฟังความข้างเดียวสิ กูน่ะบอกอยู่เสมอแล้วว่ากูเป็นคนดี.wav
dataset\augmented\แตด (เบลล์)_แตด_727_heavy.wav,0.0,1.86,แตด,True,heavy,C:\Users\muldi\Documents\Playground\University\senior-project-1\dataset\single\แตด\แตด (เบลล์).wav
dataset\augmented\เย็ดแม่ ทนไม่ไหวแล้วจริงๆนะ_เย็ด_728_medium.wav,0.0,0.1161875,เย็ด,True,medium,C:\Users\muldi\Documents\Playground\University\senior-project-1\dataset\us\clear\เย็ดแม่ ทนไม่ไหวแล้วจริงๆนะ.wav
dataset\augmented\โต้งไล่หมา_none_729_nan.wav,0.0,2.412125,none,True,,C:\Users\muldi\Documents\Playground\University\senior-project-1\dataset\us\clear\โต้งไล่หมา.wav
dataset\augmented\บิวพูดเหี้ย_เหี้ย_730_nan.wav,0.0,0.6536875,เหี้ย,True,,C:\Users\muldi\Documents\Playground\University\senior-project-1\dataset\us\clear\บิวพูดเหี้ย.wav
dataset\augmented\ฮื่อ มึง ก็มันรักเขาไปแล้วอ่ะ_none_731_nan.wav,0.0,1.930375,none,True,,C:\Users\muldi\Documents\Playground\University\senior-project-1\dataset\us\noise\ฮื่อ มึง ก็มันรักเขาไปแล้วอ่ะ.wav
dataset\augmented\อั้มด่าแหลก_none_732_nan.wav,0.0,0.351875,none,True,,C:\Users\muldi\Documents\Playground\University\senior-project-1\dataset\us\clear\อั้มด่าแหลก.wav
dataset\augmented\ค่ายเหี้ย_แตด_733_nan.wav,0.0,0.157,แตด,True,,C:\Users\muldi\Documents\Playground\University\senior-project-1\dataset\us\noise\ค่ายเหี้ย.wav
dataset\augmented\ด้วยสัตย์สาบานแห่งพระแม่กิ้งก่า กูขอสาบานว่า_none_734_light_none.wav,0.0,1.8368125,none,True,light_none,C:\Users\muldi\Documents\Playground\University\senior-project-1\dataset\us\clear\ด้วยสัตย์สาบานแห่งพระแม่กิ้งก่า กูขอสาบานว่า.wav
dataset\augmented\ทายคำเย็ดแม่_none_735_light_none.wav,0.0,8.3890625,none,True,light_none,C:\Users\muldi\Documents\Playground\University\senior-project-1\dataset\us\clear\ทายคำเย็ดแม่.wav
dataset\augmented\เอ๊ย เป็นเหี้ยไรวะกูถามจริง_none_736_nan.wav,0.0,0.25775,none,True,,C:\Users\muldi\Documents\Playground\University\senior-project-1\dataset\us\clear\เอ๊ย เป็นเหี้ยไรวะกูถามจริง.wav
dataset\augmented\บิวพูดควย_none_737_nan.wav,0.0,1.9846875,none,True,,C:\Users\muldi\Documents\Playground\University\senior-project-1\dataset\us\clear\บิวพูดควย.wav
dataset\augmented\กายพูดกูรัวๆ_none_738_nan.wav,0.0,0.0931875,none,True,,C:\Users\muldi\Documents\Playground\University\senior-project-1\dataset\us\clear\กายพูดกูรัวๆ.wav
dataset\augmented\ทายคำเย็ดแม่_none_739_nan.wav,0.0,13.5810625,none,True,,C:\Users\muldi\Documents\Playground\University\senior-project-1\dataset\us\clear\ทายคำเย็ดแม่.wav
dataset\augmented\อย่าทำเหมือนกูไม่มีตัวตนนะ เย็ดแม่_เย็ด_740_medium.wav,0.0,0.081875,เย็ด,True,medium,C:\Users\muldi\Documents\Playground\University\senior-project-1\dataset\us\clear\อย่าทำเหมือนกูไม่มีตัวตนนะ เย็ดแม่.wav
dataset\augmented\Janพูดถึงอาท_เย็ด_741_nan.wav,0.0,0.104125,เย็ด,True,,C:\Users\muldi\Documents\Playground\University\senior-project-1\dataset\us\clear\Janพูดถึงอาท.wav
dataset\augmented\คนดีห้ามเพื่อน_none_742_nan.wav,0.0,1.1145625,none,True,,C:\Users\muldi\Documents\Playground\University\senior-project-1\dataset\us\clear\คนดีห้ามเพื่อน.wav
dataset\augmented\ก็มาดิสะไอ้สัสเป็นเหี้ยไรวะ_สวะ_743_medium.wav,0.0,0.383125,สวะ,True,medium,C:\Users\muldi\Documents\Playground\University\senior-project-1\dataset\us\clear\ก็มาดิสะไอ้สัสเป็นเหี้ยไรวะ.wav
dataset\augmented\โต้งไล่หมา_มึง_744_nan.wav,0.0,0.1805625,มึง,True,,C:\Users\muldi\Documents\Playground\University\senior-project-1\dataset\us\clear\โต้งไล่หมา.wav
dataset\augmented\กายพูดกูรัวๆ_none_745_nan.wav,0.0,5.5670625,none,True,,C:\Users\muldi\Documents\Playground\University\senior-project-1\dataset\us\clear\กายพูดกูรัวๆ.wav
dataset\augmented\คือมึงไม่ฉลาดหรอวะ_none_746_nan.wav,0.0,1.03225,none,True,,C:\Users\muldi\Documents\Playground\University\senior-project-1\dataset\us\clear\คือมึงไม่ฉลาดหรอวะ.wav
dataset\augmented\กาลครั้งมีไอ้สวะตัวหนึ่ง_หี_747_medium.wav,0.0,0.1865,หี,True,medium,C:\Users\muldi\Documents\Playground\University\senior-project-1\dataset\us\clear\กาลครั้งมีไอ้สวะตัวหนึ่ง.wav
dataset\augmented\Janพูดถึงอาท_ควย_748_medium.wav,0.0,0.4259375,ควย,True,medium,C:\Users\muldi\Documents\Playground\University\senior-project-1\dataset\us\clear\Janพูดถึงอาท.wav
dataset\augmented\โอ๊ยเย็ดเป็ดหีแม่มึงร่วง_none_749_light_none.wav,0.0,1.153,none,True,light_none,C:\Users\muldi\Documents\Playground\University\senior-project-1\dataset\us\clear\โอ๊ยเย็ดเป็ดหีแม่มึงร่วง.wav
dataset\augmented\เธอทำตัวเหมือนสวะที่ไม่มีเป้าหมายในชีวิต_none_750_nan.wav,0.0,1.9595625,none,True,,C:\Users\muldi\Documents\Playground\University\senior-project-1\dataset\us\clear\เธอทำตัวเหมือนสวะที่ไม่มีเป้าหมายในชีวิต.wav
dataset\augmented\โอ๊ยเย็ดเป็ดหีแม่มึงร่วง_หี_751_medium.wav,0.0,0.1819375,หี,True,medium,C:\Users\muldi\Documents\Playground\University\senior-project-1\dataset\us\clear\โอ๊ยเย็ดเป็ดหีแม่มึงร่วง.wav
dataset\augmented\คนดีห้ามเพื่อน_กู_752_nan.wav,0.0,0.1645,กู,True,,C:\Users\muldi\Documents\Playground\University\senior-project-1\dataset\us\clear\คนดีห้ามเพื่อน.wav
dataset\augmented\อาทโดนFBI_เย็ด_753_nan.wav,0.0,0.17025,เย็ด,True,,C:\Users\muldi\Documents\Playground\University\senior-project-1\dataset\us\clear\อาทโดนFBI.wav
dataset\augmented\เช้านี้สดใส_มึง_754_light.wav,0.0,0.2018125,มึง,True,light,C:\Users\muldi\Documents\Playground\University\senior-project-1\dataset\us\clear\เช้านี้สดใส.wav
dataset\augmented\เข้ามาเลยไอ้พวกเด็กเปรต กูคนนี้จะลงทัณฑ์เอง_none_755_nan.wav,0.0,2.80775,none,True,,C:\Users\muldi\Documents\Playground\University\senior-project-1\dataset\us\clear\เข้ามาเลยไอ้พวกเด็กเปรต กูคนนี้จะลงทัณฑ์เอง.wav
dataset\augmented\พิ้งค์ด่าหนัง_มึง_756_nan.wav,0.0,0.273,มึง,True,,C:\Users\muldi\Documents\Playground\University\senior-project-1\dataset\us\clear\พิ้งค์ด่าหนัง.wav
dataset\augmented\เดินตกท่อ_none_757_nan.wav,0.0,2.2105,none,True,,C:\Users\muldi\Documents\Playground\University\senior-project-1\dataset\us\clear\เดินตกท่อ.wav
dataset\augmented\โอเค ฟังดีๆนะมึง พ่อของมึงเสียแล้ว_none_758_nan.wav,0.0,1.1184375,none,True,,C:\Users\muldi\Documents\Playground\University\senior-project-1\dataset\us\clear\โอเค ฟังดีๆนะมึง พ่อของมึงเสียแล้ว.wav
dataset\augmented\ไอ้เด็กนี่มันอยากมีปัญหากับกูแล้วสินะ_none_759_nan.wav,0.0,0.943625,none,True,,C:\Users\muldi\Documents\Playground\University\senior-project-1\dataset\us\clear\ไอ้เด็กนี่มันอยากมีปัญหากับกูแล้วสินะ.wav
dataset\augmented\อาทโดนFBI_เย็ด_760_medium.wav,0.0,0.17025,เย็ด,True,medium,C:\Users\muldi\Documents\Playground\University\senior-project-1\dataset\us\clear\อาทโดนFBI.wav
dataset\augmented\เย็ดแม่มึงคิดยังไงถึงทำอย่างนี้_เย็ด_761_medium.wav,0.0,0.1685625,เย็ด,True,medium,C:\Users\muldi\Documents\Playground\University\senior-project-1\dataset\us\clear\เย็ดแม่มึงคิดยังไงถึงทำอย่างนี้.wav
dataset\augmented\เจ็บคอมาสองวันเพราะฝุ่น_หี_762_medium.wav,0.0,0.2524375,หี,True,medium,C:\Users\muldi\Documents\Playground\University\senior-project-1\dataset\us\noise\เจ็บคอมาสองวันเพราะฝุ่น.wav
dataset\augmented\เลสเบี้ยน_none_763_nan.wav,0.0,0.919125,none,True,,C:\Users\muldi\Documents\Playground\University\senior-project-1\dataset\us\clear\เลสเบี้ยน.wav
dataset\augmented\บัวด่านัท_none_764_light_none.wav,0.0,0.547125,none,True,light_none,C:\Users\muldi\Documents\Playground\University\senior-project-1\dataset\us\clear\บัวด่านัท.wav
dataset\augmented\บารมีมารดา_มึง_765_nan.wav,0.0,0.319625,มึง,True,,C:\Users\muldi\Documents\Playground\University\senior-project-1\dataset\us\clear\บารมีมารดา.wav
dataset\augmented\Janพูดถึงอาท_none_766_nan.wav,0.0,17.0514375,none,True,,C:\Users\muldi\Documents\Playground\University\senior-project-1\dataset\us\clear\Janพูดถึงอาท.wav
dataset\augmented\หีหอมพ่อง_none_767_nan.wav,0.0,0.2656875,none,True,,C:\Users\muldi\Documents\Playground\University\senior-project-1\dataset\us\clear\หีหอมพ่อง.wav
dataset\augmented\ค่ายเหี้ย_กู_768_nan.wav,0.0,0.084375,กู,True,,C:\Users\muldi\Documents\Playground\University\senior-project-1\dataset\us\noise\ค่ายเหี้ย.wav
dataset\augmented\อั้มด่าแหลก_เหี้ย_769_nan.wav,0.0,0.2385625,เหี้ย,True,,C:\Users\muldi\Documents\Playground\University\senior-project-1\dataset\us\clear\อั้มด่าแหลก.wav
dataset\augmented\เอ๊ย เป็นเหี้ยไรวะกูถามจริง_หี_770_nan.wav,0.0,0.15025,หี,True,,C:\Users\muldi\Documents\Playground\University\senior-project-1\dataset\us\clear\เอ๊ย เป็นเหี้ยไรวะกูถามจริง.wav
dataset\augmented\เลสเบี้ยน_แตด_771_nan.wav,0.0,0.1225,แตด,True,,C:\Users\muldi\Documents\Playground\University\senior-project-1\dataset\us\clear\เลสเบี้ยน.wav
dataset\augmented\จะว่าไปแล้วมึงติดเงินกูอยู่50อะดิฟ_none_772_light_none.wav,0.0,0.5401875,none,True,light_none,C:\Users\muldi\Documents\Playground\University\senior-project-1\dataset\us\clear\จะว่าไปแล้วมึงติดเงินกูอยู่50อะดิฟ.wav
dataset\augmented\กายพูดกูรัวๆ_none_773_nan.wav,0.0,0.10675,none,True,,C:\Users\muldi\Documents\Playground\University\senior-project-1\dataset\us\clear\กายพูดกูรัวๆ.wav
dataset\augmented\อาทโดนFBI_none_774_nan.wav,0.0,4.4850625,none,True,,C:\Users\muldi\Documents\Playground\University\senior-project-1\dataset\us\clear\อาทโดนFBI.wav
dataset\augmented\Janพูดถึงอาท_เย็ด_775_nan.wav,0.0,0.0745,เย็ด,True,,C:\Users\muldi\Documents\Playground\University\senior-project-1\dataset\us\clear\Janพูดถึงอาท.wav
dataset\augmented\เลสเบี้ยน_หี_776_nan.wav,0.0,0.213375,หี,True,,C:\Users\muldi\Documents\Playground\University\senior-project-1\dataset\us\clear\เลสเบี้ยน.wav
dataset\augmented\Janพูดถึงอาท_เย็ด_777_medium.wav,0.0,0.1128125,เย็ด,True,medium,C:\Users\muldi\Documents\Playground\University\senior-project-1\dataset\us\clear\Janพูดถึงอาท.wav
dataset\augmented\เอ๊ย เป็นเหี้ยไรวะกูถามจริง_หี_778_nan.wav,0.0,0.1740625,หี,True,,C:\Users\muldi\Documents\Playground\University\senior-project-1\dataset\us\clear\เอ๊ย เป็นเหี้ยไรวะกูถามจริง.wav
dataset\augmented\คนดีห้ามเพื่อน_none_779_nan.wav,0.0,1.7294375,none,True,,C:\Users\muldi\Documents\Playground\University\senior-project-1\dataset\us\clear\คนดีห้ามเพื่อน.wav
dataset\augmented\คอมโครตดี_สวะ_780_nan.wav,0.0,0.4045625,สวะ,True,,C:\Users\muldi\Documents\Playground\University\senior-project-1\dataset\us\clear\คอมโครตดี.wav
dataset\augmented\แตด (โบท)_แตด_781_heavy.wav,0.0,1.73,แตด,True,heavy,C:\Users\muldi\Documents\Playground\University\senior-project-1\dataset\single\แตด\แตด (โบท).wav
dataset\augmented\พิ้งค์ด่าหนัง_none_782_light_none.wav,0.0,2.231625,none,True,light_none,C:\Users\muldi\Documents\Playground\University\senior-project-1\dataset\us\clear\พิ้งค์ด่าหนัง.wav
dataset\augmented\พิ้งค์ด่าหนัง_มึง_783_nan.wav,0.0,0.281625,มึง,True,,C:\Users\muldi\Documents\Playground\University\senior-project-1\dataset\us\clear\พิ้งค์ด่าหนัง.wav
dataset\augmented\กายพูดกูรัวๆ_มึง_784_nan.wav,0.0,0.1770625,มึง,True,,C:\Users\muldi\Documents\Playground\University\senior-project-1\dataset\us\clear\กายพูดกูรัวๆ.wav
dataset\augmented\อาทโดนFBI_none_785_nan.wav,0.0,4.3775,none,True,,C:\Users\muldi\Documents\Playground\University\senior-project-1\dataset\us\clear\อาทโดนFBI.wav
dataset\augmented\กายพูดกูรัวๆ_none_786_nan.wav,0.0,0.093375,none,True,,C:\Users\muldi\Documents\Playground\University\senior-project-1\dataset\us\clear\กายพูดกูรัวๆ.wav
dataset\augmented\นิสัยควยๆแบบนี้_ควย_787_medium.wav,0.0,0.227375,ควย,True,medium,C:\Users\muldi\Documents\Playground\University\senior-project-1\dataset\us\clear\นิสัยควยๆแบบนี้.wav
dataset\augmented\ไอ้อาร์ตพูดเหี้ย_none_788_nan.wav,0.0,0.5140625,none,True,,C:\Users\muldi\Documents\Playground\University\senior-project-1\dataset\us\clear\ไอ้อาร์ตพูดเหี้ย.wav
dataset\augmented\เดินตกท่อ_none_789_nan.wav,0.0,2.2533125,none,True,,C:\Users\muldi\Documents\Playground\University\senior-project-1\dataset\us\clear\เดินตกท่อ.wav
dataset\augmented\ดูถูกหีไม่มีวันเจริญ_none_790_nan.wav,0.0,0.557375,none,True,,C:\Users\muldi\Documents\Playground\University\senior-project-1\dataset\us\clear\ดูถูกหีไม่มีวันเจริญ.wav
dataset\augmented\เอ๊ย เป็นเหี้ยไรวะกูถามจริง_ควย_791_nan.wav,0.0,0.121125,ควย,True,,C:\Users\muldi\Documents\Playground\University\senior-project-1\dataset\us\clear\เอ๊ย เป็นเหี้ยไรวะกูถามจริง.wav
dataset\augmented\เออใช่ กูเห็นไอกายมันลงสตอรี่ ชวนสาวมาดูแมวที่_none_792_light_none.wav,0.0,2.19,none,True,light_none,C:\Users\muldi\Documents\Playground\University\senior-project-1\dataset\us\clear\เออใช่ กูเห็นไอกายมันลงสตอรี่ ชวนสาวมาดูแมวที่.wav
dataset\augmented\พิ้งค์ด่าหนัง_none_793_light_none.wav,0.0,0.2715,none,True,light_none,C:\Users\muldi\Documents\Playground\University\senior-project-1\dataset\us\clear\พิ้งค์ด่าหนัง.wav
dataset\augmented\สวะ (โบท)_สวะ_794_nan.wav,0.0,1.91,สวะ,True,,C:\Users\muldi\Documents\Playground\University\senior-project-1\dataset\single\สวะ\สวะ (โบท).wav
dataset\augmented\Janพูดถึงอาท_ควย_795_medium.wav,0.0,0.205125,ควย,True,medium,C:\Users\muldi\Documents\Playground\University\senior-project-1\dataset\us\clear\Janพูดถึงอาท.wav
dataset\augmented\เลสเบี้ยน_เย็ด_796_medium.wav,0.0,0.0779375,เย็ด,True,medium,C:\Users\muldi\Documents\Playground\University\senior-project-1\dataset\us\clear\เลสเบี้ยน.wav
dataset\augmented\เย็ดแม่ มึงไม่แคร์อะไรเลยใช่ไหมอ่ะ_เย็ด_797_medium.wav,0.0,0.087,เย็ด,True,medium,C:\Users\muldi\Documents\Playground\University\senior-project-1\dataset\us\clear\เย็ดแม่ มึงไม่แคร์อะไรเลยใช่ไหมอ่ะ.wav
dataset\augmented\เย็ดแม่ รู้ไหมว่าสิ่งนี้มันทำให้กูเสียใจแค่ไหนอ่ะ_กู_798_nan.wav,0.0,0.1066875,กู,True,,C:\Users\muldi\Documents\Playground\University\senior-project-1\dataset\us\clear\เย็ดแม่ รู้ไหมว่าสิ่งนี้มันทำให้กูเสียใจแค่ไหนอ่ะ.wav
dataset\augmented\พิ้งค์ด่าหนัง_none_799_nan.wav,0.0,1.513,none,True,,C:\Users\muldi\Documents\Playground\University\senior-project-1\dataset\us\clear\พิ้งค์ด่าหนัง.wav
dataset\augmented\กายพูดกูรัวๆ_none_800_nan.wav,0.0,3.4565,none,True,,C:\Users\muldi\Documents\Playground\University\senior-project-1\dataset\us\clear\กายพูดกูรัวๆ.wav
dataset\augmented\บารมีมารดา_หี_801_medium.wav,0.0,0.3256875,หี,True,medium,C:\Users\muldi\Documents\Playground\University\senior-project-1\dataset\us\clear\บารมีมารดา.wav
dataset\augmented\คือมึงไม่ฉลาดหรอวะ_แตด_802_heavy.wav,0.0,0.1149375,แตด,True,heavy,C:\Users\muldi\Documents\Playground\University\senior-project-1\dataset\us\clear\คือมึงไม่ฉลาดหรอวะ.wav
dataset\augmented\เมื่อวานเว้ยกูเห็นมึงกับไอกิตอะไปทำอะไรที่หลังซอย_none_803_nan.wav,0.0,1.28725,none,True,,C:\Users\muldi\Documents\Playground\University\senior-project-1\dataset\us\clear\เมื่อวานเว้ยกูเห็นมึงกับไอกิตอะไปทำอะไรที่หลังซอย.wav
dataset\augmented\กล้าดียังไงมาแตะคนรัก_หี_804_nan.wav,0.0,0.2183125,หี,True,,C:\Users\muldi\Documents\Playground\University\senior-project-1\dataset\us\clear\กล้าดียังไงมาแตะคนรัก.wav
dataset\augmented\บารมีมารดา_มึง_805_nan.wav,0.0,0.16125,มึง,True,,C:\Users\muldi\Documents\Playground\University\senior-project-1\dataset\us\clear\บารมีมารดา.wav
dataset\augmented\ควย มึงทำแบบนี้คนจะมองว่าเป็นคนไร้ความรับผิดชอบนะ_none_806_nan.wav,0.0,0.0225625,none,True,,C:\Users\muldi\Documents\Playground\University\senior-project-1\dataset\us\clear\ควย มึงทำแบบนี้คนจะมองว่าเป็นคนไร้ความรับผิดชอบนะ.wav
dataset\augmented\เอ๊ย เป็นเหี้ยไรวะกูถามจริง_สวะ_807_nan.wav,0.0,0.301,สวะ,True,,C:\Users\muldi\Documents\Playground\University\senior-project-1\dataset\us\clear\เอ๊ย เป็นเหี้ยไรวะกูถามจริง.wav
dataset\augmented\Janพูดถึงอาท_none_808_nan.wav,0.0,14.2274375,none,True,,C:\Users\muldi\Documents\Playground\University\senior-project-1\dataset\us\clear\Janพูดถึงอาท.wav
dataset\augmented\พิ้งค์ด่าหนัง_มึง_809_nan.wav,0.0,0.24775,มึง,True,,C:\Users\muldi\Documents\Playground\University\senior-project-1\dataset\us\clear\พิ้งค์ด่าหนัง.wav
dataset\augmented\โอ๊ย เย็ดแม่ เจ็บชิบหาย_เย็ด_810_nan.wav,0.0,0.1375,เย็ด,True,,C:\Users\muldi\Documents\Playground\University\senior-project-1\dataset\us\noise\โอ๊ย เย็ดแม่ เจ็บชิบหาย.wav
dataset\augmented\มึง (โบท)_มึง_811_nan.wav,0.0,2.17,มึง,True,,C:\Users\muldi\Documents\Playground\University\senior-project-1\dataset\single\มึง\มึง (โบท).wav
dataset\augmented\เย็ด (เบลล์)_เย็ด_812_nan.wav,0.0,1.87,เย็ด,True,,C:\Users\muldi\Documents\Playground\University\senior-project-1\dataset\single\เย็ด\เย็ด (เบลล์).wav
dataset\augmented\นี่มันจะเกินไปแล้วนะไอเย็ดแม่_เย็ด_813_medium.wav,0.0,0.1026875,เย็ด,True,medium,C:\Users\muldi\Documents\Playground\University\senior-project-1\dataset\us\clear\นี่มันจะเกินไปแล้วนะไอเย็ดแม่.wav
dataset\augmented\อาทโดนFBI_กู_814_light.wav,0.0,0.299125,กู,True,light,C:\Users\muldi\Documents\Playground\University\senior-project-1\dataset\us\clear\อาทโดนFBI.wav
dataset\augmented\คือมึงไม่ฉลาดหรอวะ_หี_815_medium.wav,0.0,0.1875,หี,True,medium,C:\Users\muldi\Documents\Playground\University\senior-project-1\dataset\us\clear\คือมึงไม่ฉลาดหรอวะ.wav
dataset\augmented\นี่มึงหายหัวไปทั้งวันแบบนี้แล้วพวกเราจะทำงานยังไง_มึง_816_nan.wav,0.0,0.26525,มึง,True,,C:\Users\muldi\Documents\Playground\University\senior-project-1\dataset\us\clear\นี่มึงหายหัวไปทั้งวันแบบนี้แล้วพวกเราจะทำงานยังไง.wav
dataset\augmented\เหี้ย (โบท)_เหี้ย_817_nan.wav,0.0,2.17,เหี้ย,True,,C:\Users\muldi\Documents\Playground\University\senior-project-1\dataset\single\เหี้ย\เหี้ย (โบท).wav
dataset\augmented\อาทโดนFBI_none_818_nan.wav,0.0,14.140875,none,True,,C:\Users\muldi\Documents\Playground\University\senior-project-1\dataset\us\clear\อาทโดนFBI.wav
dataset\augmented\ชีสเหม็น_none_819_nan.wav,0.0,1.4545625,none,True,,C:\Users\muldi\Documents\Playground\University\senior-project-1\dataset\us\clear\ชีสเหม็น.wav
dataset\augmented\มึงไม่เคยฟังใครเลยใช่ไหม เย็ดแม่_none_820_nan.wav,0.0,0.3325,none,True,,C:\Users\muldi\Documents\Playground\University\senior-project-1\dataset\us\clear\มึงไม่เคยฟังใครเลยใช่ไหม เย็ดแม่.wav
dataset\augmented\คือมึงไม่ฉลาดหรอวะ_มึง_821_nan.wav,0.0,0.1935625,มึง,True,,C:\Users\muldi\Documents\Playground\University\senior-project-1\dataset\us\clear\คือมึงไม่ฉลาดหรอวะ.wav
dataset\augmented\ก็มาดิสะไอ้สัสเป็นเหี้ยไรวะ_เหี้ย_822_nan.wav,0.0,0.230875,เหี้ย,True,,C:\Users\muldi\Documents\Playground\University\senior-project-1\dataset\us\clear\ก็มาดิสะไอ้สัสเป็นเหี้ยไรวะ.wav
dataset\augmented\อารมณ์แบบว่างี้ป้ะ_แตด_823_heavy.wav,0.0,0.1524375,แตด,True,heavy,C:\Users\muldi\Documents\Playground\University\senior-project-1\dataset\us\clear\อารมณ์แบบว่างี้ป้ะ.wav
dataset\augmented\เอ๊ย เป็นเหี้ยไรวะกูถามจริง_มึง_824_nan.wav,0.0,0.1483125,มึง,True,,C:\Users\muldi\Documents\Playground\University\senior-project-1\dataset\us\clear\เอ๊ย เป็นเหี้ยไรวะกูถามจริง.wav
dataset\augmented\เย็ดแม่ ทำไมถึงไม่คิดก่อนพูดบ้าง_none_825_light_none.wav,0.0,2.162375,none,True,light_none,C:\Users\muldi\Documents\Playground\University\senior-project-1\dataset\us\clear\เย็ดแม่ ทำไมถึงไม่คิดก่อนพูดบ้าง.wav
dataset\augmented\เราควรทิ้งความคิดเชิงลบเหมือนกำจัดสวะออกจากแม่น้ำ_none_826_nan.wav,0.0,2.914375,none,True,,C:\Users\muldi\Documents\Playground\University\senior-project-1\dataset\us\clear\เราควรทิ้งความคิดเชิงลบเหมือนกำจัดสวะออกจากแม่น้ำ.wav
dataset\augmented\หมากัด_none_827_nan.wav,0.0,0.4744375,none,True,,C:\Users\muldi\Documents\Playground\University\senior-project-1\dataset\us\clear\หมากัด.wav
dataset\augmented\บิวพูดควย_none_828_nan.wav,0.0,0.7220625,none,True,,C:\Users\muldi\Documents\Playground\University\senior-project-1\dataset\us\clear\บิวพูดควย.wav
dataset\augmented\รถติดบนทางด่วน_แตด_829_heavy.wav,0.0,0.177625,แตด,True,heavy,C:\Users\muldi\Documents\Playground\University\senior-project-1\dataset\us\noise\รถติดบนทางด่วน.wav
dataset\augmented\เป็นสวะแล้วยังทำนิสัยหีๆอีก_หี_830_medium.wav,0.0,0.2743125,หี,True,medium,C:\Users\muldi\Documents\Playground\University\senior-project-1\dataset\us\clear\เป็นสวะแล้วยังทำนิสัยหีๆอีก.wav
dataset\augmented\อาทโดนFBI_none_831_nan.wav,0.0,0.18575,none,True,,C:\Users\muldi\Documents\Playground\University\senior-project-1\dataset\us\clear\อาทโดนFBI.wav
dataset\augmented\ไอ้อาร์ตพูดเหี้ย_เหี้ย_832_nan.wav,0.0,0.4834375,เหี้ย,True,,C:\Users\muldi\Documents\Playground\University\senior-project-1\dataset\us\clear\ไอ้อาร์ตพูดเหี้ย.wav
dataset\augmented\หยุดทำแบบนี้ซะทีดิ๊ เย็ดแม่_เย็ด_833_nan.wav,0.0,0.097625,เย็ด,True,,C:\Users\muldi\Documents\Playground\University\senior-project-1\dataset\us\clear\หยุดทำแบบนี้ซะทีดิ๊ เย็ดแม่.wav
dataset\augmented\เย็ดแม่ ทำไมถึงไม่ใส่ใจในสิ่งที่กูบอกบ้างอ่ะ_กู_834_nan.wav,0.0,0.101625,กู,True,,C:\Users\muldi\Documents\Playground\University\senior-project-1\dataset\us\clear\เย็ดแม่ ทำไมถึงไม่ใส่ใจในสิ่งที่กูบอกบ้างอ่ะ.wav
dataset\augmented\อารมณ์แบบว่างี้ป้ะ_none_835_light_none.wav,0.0,8.3415,none,True,light_none,C:\Users\muldi\Documents\Playground\University\senior-project-1\dataset\us\clear\อารมณ์แบบว่างี้ป้ะ.wav
dataset\augmented\บัวด่านัท_none_836_light_none.wav,0.0,1.5275625,none,True,light_none,C:\Users\muldi\Documents\Playground\University\senior-project-1\dataset\us\clear\บัวด่านัท.wav
dataset\augmented\ขอโทษนะ แต่กูไม่ได้ตั้งใจจริงๆ_กู_837_nan.wav,0.0,0.0893125,กู,True,,C:\Users\muldi\Documents\Playground\University\senior-project-1\dataset\us\clear\ขอโทษนะ แต่กูไม่ได้ตั้งใจจริงๆ.wav
dataset\augmented\เดินตกท่อ_กู_838_nan.wav,0.0,0.38075,กู,True,,C:\Users\muldi\Documents\Playground\University\senior-project-1\dataset\us\clear\เดินตกท่อ.wav
dataset\augmented\กายพูดกูรัวๆ_เย็ด_839_nan.wav,0.0,0.0879375,เย็ด,True,,C:\Users\muldi\Documents\Playground\University\senior-project-1\dataset\us\clear\กายพูดกูรัวๆ.wav
dataset\augmented\คอมโครตดี_none_840_nan.wav,0.0,2.682,none,True,,C:\Users\muldi\Documents\Playground\University\senior-project-1\dataset\us\clear\คอมโครตดี.wav
dataset\augmented\ขึ้นมาสิไอ้เย็ดแม่ เราจะไปเที่ยวทะเลกัน_เย็ด_841_medium.wav,0.0,0.128375,เย็ด,True,medium,C:\Users\muldi\Documents\Playground\University\senior-project-1\dataset\us\clear\ขึ้นมาสิไอ้เย็ดแม่ เราจะไปเที่ยวทะเลกัน.wav
dataset\augmented\กล้าดียังไงมาแตะคนรัก_แตด_842_heavy.wav,0.0,0.358875,แตด,True,heavy,C:\Users\muldi\Documents\Playground\University\senior-project-1\dataset\us\clear\กล้าดียังไงมาแตะคนรัก.wav
dataset\augmented\Janพูดถึงอาท_เหี้ย_843_light.wav,0.0,0.1233125,เหี้ย,True,light,C:\Users\muldi\Documents\Playground\University\senior-project-1\dataset\us\clear\Janพูดถึงอาท.wav
dataset\augmented\เข้ามาเลยไอ้พวกเด็กเปรต กูคนนี้จะลงทัณฑ์เอง_none_844_light_none.wav,0.0,2.2800625,none,True,light_none,C:\Users\muldi\Documents\Playground\University\senior-project-1\dataset\us\clear\เข้ามาเลยไอ้พวกเด็กเปรต กูคนนี้จะลงทัณฑ์เอง.wav
dataset\augmented\รถติดบนทางด่วน_หี_845_medium.wav,0.0,0.1573125,หี,True,medium,C:\Users\muldi\Documents\Playground\University\senior-project-1\dataset\us\noise\รถติดบนทางด่วน.wav
dataset\augmented\ก็มาดิสะไอ้สัสเป็นเหี้ยไรวะ_หี_846_medium.wav,0.0,0.2405,หี,True,medium,C:\Users\muldi\Documents\Playground\University\senior-project-1\dataset\us\clear\ก็มาดิสะไอ้สัสเป็นเหี้ยไรวะ.wav
dataset\augmented\คอมโครตดี_แตด_847_heavy.wav,0.0,0.19575,แตด,True,heavy,C:\Users\muldi\Documents\Playground\University\senior-project-1\dataset\us\clear\คอมโครตดี.wav
dataset\augmented\เย็ดแม่ นี่ไม่ใช่ครั้งแรกที่มึงทำแบบนี้นะ_none_848_nan.wav,0.0,1.157,none,True,,C:\Users\muldi\Documents\Playground\University\senior-project-1\dataset\us\clear\เย็ดแม่ นี่ไม่ใช่ครั้งแรกที่มึงทำแบบนี้นะ.wav
dataset\augmented\ดูถูกหีไม่มีวันเจริญ_none_849_light_none.wav,0.0,0.557375,none,True,light_none,C:\Users\muldi\Documents\Playground\University\senior-project-1\dataset\us\clear\ดูถูกหีไม่มีวันเจริญ.wav
dataset\augmented\ควย (โบท)_ควย_850_medium.wav,0.0,1.75,ควย,True,medium,C:\Users\muldi\Documents\Playground\University\senior-project-1\dataset\single\ควย\ควย (โบท).wav
dataset\augmented\โต้งไล่หมา_กู_851_light.wav,0.0,0.1526875,กู,True,light,C:\Users\muldi\Documents\Playground\University\senior-project-1\dataset\us\clear\โต้งไล่หมา.wav
dataset\augmented\เย็ดแม่ รู้ไหมว่าสิ่งนี้มันทำให้กูเสียใจแค่ไหนอ่ะ_none_852_nan.wav,0.0,0.2095,none,True,,C:\Users\muldi\Documents\Playground\University\senior-project-1\dataset\us\clear\เย็ดแม่ รู้ไหมว่าสิ่งนี้มันทำให้กูเสียใจแค่ไหนอ่ะ.wav
dataset\augmented\พูดควยๆแบบนี้ใครจะอยากอยู่ใกล้_ควย_853_medium.wav,0.0,0.1220625,ควย,True,medium,C:\Users\muldi\Documents\Playground\University\senior-project-1\dataset\us\clear\พูดควยๆแบบนี้ใครจะอยากอยู่ใกล้.wav
dataset\augmented\เป็นสวะแล้วยังทำนิสัยหีๆอีก_none_854_light_none.wav,0.0,0.364,none,True,light_none,C:\Users\muldi\Documents\Playground\University\senior-project-1\dataset\us\clear\เป็นสวะแล้วยังทำนิสัยหีๆอีก.wav
dataset\augmented\บัวด่านัท_none_855_nan.wav,0.0,1.5275625,none,True,,C:\Users\muldi\Documents\Playground\University\senior-project-1\dataset\us\clear\บัวด่านัท.wav
dataset\augmented\ด้วยสัตย์สาบานแห่งพระแม่กิ้งก่า กูขอสาบานว่า_กู_856_nan.wav,0.0,0.26475,กู,True,,C:\Users\muldi\Documents\Playground\University\senior-project-1\dataset\us\clear\ด้วยสัตย์สาบานแห่งพระแม่กิ้งก่า กูขอสาบานว่า.wav
dataset\augmented\อาทโดนFBI_ควย_857_nan.wav,0.0,0.232875,ควย,True,,C:\Users\muldi\Documents\Playground\University\senior-project-1\dataset\us\clear\อาทโดนFBI.wav
dataset\augmented\กาลครั้งมีไอ้สวะตัวหนึ่ง_none_858_nan.wav,0.0,1.690875,none,True,,C:\Users\muldi\Documents\Playground\University\senior-project-1\dataset\us\clear\กาลครั้งมีไอ้สวะตัวหนึ่ง.wav
dataset\augmented\เข้ามาสิ ไอ้เย็ดแม่_เย็ด_859_medium.wav,0.0,0.165625,เย็ด,True,medium,C:\Users\muldi\Documents\Playground\University\senior-project-1\dataset\us\noise\เข้ามาสิ ไอ้เย็ดแม่.wav
dataset\augmented\โอ๊ยเย็ดเป็ดหีแม่มึงร่วง_none_860_light_none.wav,0.0,0.2266875,none,True,light_none,C:\Users\muldi\Documents\Playground\University\senior-project-1\dataset\us\clear\โอ๊ยเย็ดเป็ดหีแม่มึงร่วง.wav
dataset\augmented\บารมีมารดา_มึง_861_nan.wav,0.0,0.3398125,มึง,True,,C:\Users\muldi\Documents\Playground\University\senior-project-1\dataset\us\clear\บารมีมารดา.wav
dataset\augmented\ก็เอาสิ มาดูกันว่ากูน่ะจะอยู่รอดเป็นคนสุดท้ายหรือเปล่า_กู_862_nan.wav,0.0,0.2220625,กู,True,,C:\Users\muldi\Documents\Playground\University\senior-project-1\dataset\us\clear\ก็เอาสิ มาดูกันว่ากูน่ะจะอยู่รอดเป็นคนสุดท้ายหรือเปล่า.wav
dataset\augmented\รถติดบนทางด่วน_แตด_863_heavy.wav,0.0,0.177625,แตด,True,heavy,C:\Users\muldi\Documents\Playground\University\senior-project-1\dataset\us\noise\รถติดบนทางด่วน.wav
dataset\augmented\คือมึงไม่ฉลาดหรอวะ_มึง_864_nan.wav,0.0,0.137125,มึง,True,,C:\Users\muldi\Documents\Playground\University\senior-project-1\dataset\us\clear\คือมึงไม่ฉลาดหรอวะ.wav
dataset\augmented\ไอดิฟ มึง มำโปรเจคเสร็จยังวะ_มึง_865_nan.wav,0.0,0.4535625,มึง,True,,C:\Users\muldi\Documents\Playground\University\senior-project-1\dataset\us\noise\ไอดิฟ มึง มำโปรเจคเสร็จยังวะ.wav
dataset\augmented\กล้าดียังไงมาแตะคนรัก_สวะ_866_medium.wav,0.0,0.39775,สวะ,True,medium,C:\Users\muldi\Documents\Playground\University\senior-project-1\dataset\us\clear\กล้าดียังไงมาแตะคนรัก.wav
dataset\augmented\Janพูดถึงอาท_ควย_867_medium.wav,0.0,0.138,ควย,True,medium,C:\Users\muldi\Documents\Playground\University\senior-project-1\dataset\us\clear\Janพูดถึงอาท.wav
dataset\augmented\ค่ายเหี้ย2_แตด_868_nan.wav,0.0,0.1376875,แตด,True,,C:\Users\muldi\Documents\Playground\University\senior-project-1\dataset\us\noise\ค่ายเหี้ย2.wav
dataset\augmented\หีหอมพ่อง_none_869_nan.wav,0.0,0.0619375,none,True,,C:\Users\muldi\Documents\Playground\University\senior-project-1\dataset\us\clear\หีหอมพ่อง.wav
dataset\augmented\ก็มาดิสะไอ้สัสเป็นเหี้ยไรวะ_หี_870_medium.wav,0.0,0.2405,หี,True,medium,C:\Users\muldi\Documents\Playground\University\senior-project-1\dataset\us\clear\ก็มาดิสะไอ้สัสเป็นเหี้ยไรวะ.wav
dataset\augmented\ไอ้อาร์ตพูดเหี้ย_none_871_nan.wav,0.0,4.1089375,none,True,,C:\Users\muldi\Documents\Playground\University\senior-project-1\dataset\us\clear\ไอ้อาร์ตพูดเหี้ย.wav
dataset\augmented\กล้าดียังไงมาแตะคนรัก_แตด_872_heavy.wav,0.0,0.358875,แตด,True,heavy,C:\Users\muldi\Documents\Playground\University\senior-project-1\dataset\us\clear\กล้าดียังไงมาแตะคนรัก.wav
dataset\augmented\เอ๊ย เป็นเหี้ยไรวะกูถามจริง_none_873_nan.wav,0.0,0.099,none,True,,C:\Users\muldi\Documents\Playground\University\senior-project-1\dataset\us\clear\เอ๊ย เป็นเหี้ยไรวะกูถามจริง.wav
dataset\augmented\คือมึงไม่ฉลาดหรอวะ_แตด_874_heavy.wav,0.0,0.1149375,แตด,True,heavy,C:\Users\muldi\Documents\Playground\University\senior-project-1\dataset\us\clear\คือมึงไม่ฉลาดหรอวะ.wav
dataset\augmented\คนดีห้ามเพื่อน_none_875_nan.wav,0.0,2.8230625,none,True,,C:\Users\muldi\Documents\Playground\University\senior-project-1\dataset\us\clear\คนดีห้ามเพื่อน.wav
dataset\augmented\ป้าๆก๋วยเตี๋ยวถุงนึง_none_876_nan.wav,0.0,1.78275,none,True,,C:\Users\muldi\Documents\Playground\University\senior-project-1\dataset\us\clear\ป้าๆก๋วยเตี๋ยวถุงนึง.wav
dataset\augmented\พิ้งค์ด่าหนัง_none_877_nan.wav,0.0,1.51725,none,True,,C:\Users\muldi\Documents\Playground\University\senior-project-1\dataset\us\clear\พิ้งค์ด่าหนัง.wav
dataset\augmented\ป้าๆก๋วยเตี๋ยวถุงนึง_เหี้ย_878_nan.wav,0.0,0.3106875,เหี้ย,True,,C:\Users\muldi\Documents\Playground\University\senior-project-1\dataset\us\clear\ป้าๆก๋วยเตี๋ยวถุงนึง.wav
dataset\augmented\มึงไม่มีสิทธิ์มาทำแบบนี้กับกู เย็ดแม่_กู_879_nan.wav,0.0,0.2213125,กู,True,,C:\Users\muldi\Documents\Playground\University\senior-project-1\dataset\us\clear\มึงไม่มีสิทธิ์มาทำแบบนี้กับกู เย็ดแม่.wav
dataset\augmented\กล้าดียังไงมาแตะคนรัก_สวะ_880_medium.wav,0.0,0.3469375,สวะ,True,medium,C:\Users\muldi\Documents\Playground\University\senior-project-1\dataset\us\clear\กล้าดียังไงมาแตะคนรัก.wav
dataset\augmented\เลสเบี้ยน_หี_881_nan.wav,0.0,0.1169375,หี,True,,C:\Users\muldi\Documents\Playground\University\senior-project-1\dataset\us\clear\เลสเบี้ยน.wav
dataset\augmented\ควย มึงทำแบบนี้คนจะมองว่าเป็นคนไร้ความรับผิดชอบนะ_ควย_882_nan.wav,0.0,0.476875,ควย,True,,C:\Users\muldi\Documents\Playground\University\senior-project-1\dataset\us\clear\ควย มึงทำแบบนี้คนจะมองว่าเป็นคนไร้ความรับผิดชอบนะ.wav
dataset\augmented\โต้งไล่หมา_none_883_nan.wav,0.0,4.381625,none,True,,C:\Users\muldi\Documents\Playground\University\senior-project-1\dataset\us\clear\โต้งไล่หมา.wav
dataset\augmented\โอ๊ยเย็ดเป็ดหีแม่มึงร่วง_none_884_nan.wav,0.0,0.3414375,none,True,,C:\Users\muldi\Documents\Playground\University\senior-project-1\dataset\us\clear\โอ๊ยเย็ดเป็ดหีแม่มึงร่วง.wav
dataset\augmented\นี่มันจะเกินไปแล้วนะไอเย็ดแม่_เย็ด_885_medium.wav,0.0,0.1026875,เย็ด,True,medium,C:\Users\muldi\Documents\Playground\University\senior-project-1\dataset\us\clear\นี่มันจะเกินไปแล้วนะไอเย็ดแม่.wav
dataset\augmented\มึง หิวข้าวป่าววะไอดิฟ_none_886_nan.wav,0.0,0.79075,none,True,,C:\Users\muldi\Documents\Playground\University\senior-project-1\dataset\us\noise\มึง หิวข้าวป่าววะไอดิฟ.wav
dataset\augmented\ค่ายเหี้ย_ควย_887_nan.wav,0.0,0.109125,ควย,True,,C:\Users\muldi\Documents\Playground\University\senior-project-1\dataset\us\noise\ค่ายเหี้ย.wav
dataset\augmented\เหี้ย (เปอร์)_เหี้ย_888_light.wav,0.0,2.7306875,เหี้ย,True,light,C:\Users\muldi\Documents\Playground\University\senior-project-1\dataset\single\เหี้ย\เหี้ย (เปอร์).wav
dataset\augmented\ก็มาดิสะไอ้สัสเป็นเหี้ยไรวะ_none_889_nan.wav,0.0,2.3176875,none,True,,C:\Users\muldi\Documents\Playground\University\senior-project-1\dataset\us\clear\ก็มาดิสะไอ้สัสเป็นเหี้ยไรวะ.wav
dataset\augmented\ก็มาดิสะไอ้สัสเป็นเหี้ยไรวะ_เหี้ย_890_light.wav,0.0,0.230875,เหี้ย,True,light,C:\Users\muldi\Documents\Playground\University\senior-project-1\dataset\us\clear\ก็มาดิสะไอ้สัสเป็นเหี้ยไรวะ.wav
dataset\augmented\ไอ้เหี้ยทำไมนิสัยมึงสวะได้ขนาดนี้_none_891_light_none.wav,0.0,0.811875,none,True,light_none,C:\Users\muldi\Documents\Playground\University\senior-project-1\dataset\us\clear\ไอ้เหี้ยทำไมนิสัยมึงสวะได้ขนาดนี้.wav
dataset\augmented\มึงไม่มีสิทธิ์มาทำแบบนี้กับกู เย็ดแม่_none_892_light_none.wav,0.0,1.20975,none,True,light_none,C:\Users\muldi\Documents\Playground\University\senior-project-1\dataset\us\clear\มึงไม่มีสิทธิ์มาทำแบบนี้กับกู เย็ดแม่.wav
dataset\augmented\พิ้งค์ด่าหนัง_มึง_893_nan.wav,0.0,0.2105625,มึง,True,,C:\Users\muldi\Documents\Playground\University\senior-project-1\dataset\us\clear\พิ้งค์ด่าหนัง.wav
dataset\augmented\อารมณ์แบบว่างี้ป้ะ_หี_894_nan.wav,0.0,0.3251875,หี,True,,C:\Users\muldi\Documents\Playground\University\senior-project-1\dataset\us\clear\อารมณ์แบบว่างี้ป้ะ.wav
dataset\augmented\อารมณ์แบบว่างี้ป้ะ_แตด_895_heavy.wav,0.0,0.2063125,แตด,True,heavy,C:\Users\muldi\Documents\Playground\University\senior-project-1\dataset\us\clear\อารมณ์แบบว่างี้ป้ะ.wav
dataset\augmented\ก่อนจะถามกูเนี่ย เฝ้าถามตัวเองเถอะว่าดีพอยัง_กู_896_nan.wav,0.0,0.171625,กู,True,,C:\Users\muldi\Documents\Playground\University\senior-project-1\dataset\us\clear\ก่อนจะถามกูเนี่ย เฝ้าถามตัวเองเถอะว่าดีพอยัง.wav
dataset\augmented\พิ้งค์ด่าหนัง_หี_897_medium.wav,0.0,0.2431875,หี,True,medium,C:\Users\muldi\Documents\Playground\University\senior-project-1\dataset\us\clear\พิ้งค์ด่าหนัง.wav
dataset\augmented\เอ๊ย เป็นเหี้ยไรวะกูถามจริง_none_898_nan.wav,0.0,0.0540625,none,True,,C:\Users\muldi\Documents\Playground\University\senior-project-1\dataset\us\clear\เอ๊ย เป็นเหี้ยไรวะกูถามจริง.wav
dataset\augmented\มึงก็ไม่เคยฟังใครเลย คงจะฟังแต่หีตัวเองสินะ_none_899_nan.wav,0.0,0.94225,none,True,,C:\Users\muldi\Documents\Playground\University\senior-project-1\dataset\us\clear\มึงก็ไม่เคยฟังใครเลย คงจะฟังแต่หีตัวเองสินะ.wav
dataset\augmented\ทายคำเย็ดแม่_เย็ด_900_medium.wav,0.0,0.0901875,เย็ด,True,medium,C:\Users\muldi\Documents\Playground\University\senior-project-1\dataset\us\clear\ทายคำเย็ดแม่.wav
dataset\augmented\ไอ้อาร์ตพูดเหี้ย_none_901_nan.wav,0.0,2.050875,none,True,,C:\Users\muldi\Documents\Playground\University\senior-project-1\dataset\us\clear\ไอ้อาร์ตพูดเหี้ย.wav
dataset\augmented\อาทโดนFBI_none_902_light_none.wav,0.0,13.922125,none,True,light_none,C:\Users\muldi\Documents\Playground\University\senior-project-1\dataset\us\clear\อาทโดนFBI.wav
dataset\augmented\กล้าดียังไงมาแตะคนรัก_หี_903_medium.wav,0.0,0.2183125,หี,True,medium,C:\Users\muldi\Documents\Playground\University\senior-project-1\dataset\us\clear\กล้าดียังไงมาแตะคนรัก.wav
dataset\augmented\กาลครั้งมีไอ้สวะตัวหนึ่ง_หี_904_nan.wav,0.0,0.137125,หี,True,,C:\Users\muldi\Documents\Playground\University\senior-project-1\dataset\us\clear\กาลครั้งมีไอ้สวะตัวหนึ่ง.wav
dataset\augmented\กูเป็นคนคิดไอเดียโปรเจคนี่หว่า เออกูแม่งสุดยอดวะ_none_905_nan.wav,0.0,2.535875,none,True,,C:\Users\muldi\Documents\Playground\University\senior-project-1\dataset\us\clear\กูเป็นคนคิดไอเดียโปรเจคนี่หว่า เออกูแม่งสุดยอดวะ.wav
dataset\augmented\เย็ด (เบลล์)_เย็ด_906_medium.wav,0.0,1.87,เย็ด,True,medium,C:\Users\muldi\Documents\Playground\University\senior-project-1\dataset\single\เย็ด\เย็ด (เบลล์).wav
dataset\augmented\ก็แล้วจะทำไม มึงจะมาหาเรื่องหรอ_none_907_light_none.wav,0.0,1.3529375,none,True,light_none,C:\Users\muldi\Documents\Playground\University\senior-project-1\dataset\us\clear\ก็แล้วจะทำไม มึงจะมาหาเรื่องหรอ.wav
dataset\augmented\ก็มาดิสะไอ้สัสเป็นเหี้ยไรวะ_สวะ_908_medium.wav,0.0,0.383125,สวะ,True,medium,C:\Users\muldi\Documents\Playground\University\senior-project-1\dataset\us\clear\ก็มาดิสะไอ้สัสเป็นเหี้ยไรวะ.wav
dataset\augmented\เย็ดแม่ นี่ไม่ใช่ครั้งแรกที่มึงทำแบบนี้นะ_none_909_nan.wav,0.0,1.3419375,none,True,,C:\Users\muldi\Documents\Playground\University\senior-project-1\dataset\us\clear\เย็ดแม่ นี่ไม่ใช่ครั้งแรกที่มึงทำแบบนี้นะ.wav
dataset\augmented\เย็ดแม่ กูไม่โอเคกับสิ่งที่มึงทำเลยนะ_มึง_910_nan.wav,0.0,0.127375,มึง,True,,C:\Users\muldi\Documents\Playground\University\senior-project-1\dataset\us\clear\เย็ดแม่ กูไม่โอเคกับสิ่งที่มึงทำเลยนะ.wav
dataset\augmented\คอมโครตดี_none_911_nan.wav,0.0,1.8575625,none,True,,C:\Users\muldi\Documents\Playground\University\senior-project-1\dataset\us\clear\คอมโครตดี.wav
dataset\augmented\ก่อนจะถามกูเนี่ย เฝ้าถามตัวเองเถอะว่าดีพอยัง_none_912_nan.wav,0.0,3.2845,none,True,,C:\Users\muldi\Documents\Playground\University\senior-project-1\dataset\us\clear\ก่อนจะถามกูเนี่ย เฝ้าถามตัวเองเถอะว่าดีพอยัง.wav
dataset\augmented\นิสัยควยๆแบบนี้_สวะ_913_medium.wav,0.0,0.371,สวะ,True,medium,C:\Users\muldi\Documents\Playground\University\senior-project-1\dataset\us\clear\นิสัยควยๆแบบนี้.wav
dataset\augmented\ค่ายเหี้ย2_none_914_nan.wav,0.0,2.1400625,none,True,,C:\Users\muldi\Documents\Playground\University\senior-project-1\dataset\us\noise\ค่ายเหี้ย2.wav
dataset\augmented\กูว่านะพรุ่งนี้ตื่นสายวะ_none_915_nan.wav,0.0,1.8574375,none,True,,C:\Users\muldi\Documents\Playground\University\senior-project-1\dataset\us\clear\กูว่านะพรุ่งนี้ตื่นสายวะ.wav
dataset\augmented\สวะ (เปอร์)_สวะ_916_nan.wav,0.0,2.3466875,สวะ,True,,C:\Users\muldi\Documents\Playground\University\senior-project-1\dataset\single\สวะ\สวะ (เปอร์).wav
dataset\augmented\พิ้งค์ด่าหนัง_แตด_917_heavy.wav,0.0,0.1701875,แตด,True,heavy,C:\Users\muldi\Documents\Playground\University\senior-project-1\dataset\us\clear\พิ้งค์ด่าหนัง.wav
dataset\augmented\บิวพูดเหี้ย_เหี้ย_918_light.wav,0.0,0.385875,เหี้ย,True,light,C:\Users\muldi\Documents\Playground\University\senior-project-1\dataset\us\clear\บิวพูดเหี้ย.wav
dataset\augmented\บิวพูดควย_กู_919_nan.wav,0.0,0.094375,กู,True,,C:\Users\muldi\Documents\Playground\University\senior-project-1\dataset\us\clear\บิวพูดควย.wav
dataset\augmented\กาลครั้งมีไอ้สวะตัวหนึ่ง_none_920_nan.wav,0.0,2.59375,none,True,,C:\Users\muldi\Documents\Playground\University\senior-project-1\dataset\us\clear\กาลครั้งมีไอ้สวะตัวหนึ่ง.wav
dataset\augmented\ขอโทษนะ แต่กูไม่ได้ตั้งใจจริงๆ_มึง_921_nan.wav,0.0,0.1071875,มึง,True,,C:\Users\muldi\Documents\Playground\University\senior-project-1\dataset\us\clear\ขอโทษนะ แต่กูไม่ได้ตั้งใจจริงๆ.wav
dataset\augmented\อั้มด่าแหลก_none_922_light_none.wav,0.0,0.5759375,none,True,light_none,C:\Users\muldi\Documents\Playground\University\senior-project-1\dataset\us\clear\อั้มด่าแหลก.wav
dataset\augmented\ชีสเหม็น_none_923_nan.wav,0.0,0.4385625,none,True,,C:\Users\muldi\Documents\Playground\University\senior-project-1\dataset\us\clear\ชีสเหม็น.wav
dataset\augmented\สวะ (โบท)_สวะ_924_medium.wav,0.0,1.91,สวะ,True,medium,C:\Users\muldi\Documents\Playground\University\senior-project-1\dataset\single\สวะ\สวะ (โบท).wav
dataset\augmented\พฤติกรรมเห็นแก่ตัวหัวควยของมึงมันสร้างปัญหารู้ไหม_ควย_925_nan.wav,0.0,0.1448125,ควย,True,,C:\Users\muldi\Documents\Playground\University\senior-project-1\dataset\us\clear\พฤติกรรมเห็นแก่ตัวหัวควยของมึงมันสร้างปัญหารู้ไหม.wav
dataset\augmented\ด้วยสัตย์สาบานแห่งพระแม่กิ้งก่า กูขอสาบานว่า_none_926_light_none.wav,0.0,3.770625,none,True,light_none,C:\Users\muldi\Documents\Playground\University\senior-project-1\dataset\us\clear\ด้วยสัตย์สาบานแห่งพระแม่กิ้งก่า กูขอสาบานว่า.wav
dataset\augmented\ทำไมมึงถึงทำอย่างนี้เนี่ย ดูดีๆ_none_927_light_none.wav,0.0,2.2635625,none,True,light_none,C:\Users\muldi\Documents\Playground\University\senior-project-1\dataset\us\clear\ทำไมมึงถึงทำอย่างนี้เนี่ย ดูดีๆ.wav
dataset\augmented\ดูถูกหีไม่มีวันเจริญ_แตด_928_nan.wav,0.0,0.19975,แตด,True,,C:\Users\muldi\Documents\Playground\University\senior-project-1\dataset\us\clear\ดูถูกหีไม่มีวันเจริญ.wav
dataset\augmented\โต้งไล่หมา_กู_929_light.wav,0.0,0.07475,กู,True,light,C:\Users\muldi\Documents\Playground\University\senior-project-1\dataset\us\clear\โต้งไล่หมา.wav
dataset\augmented\จะว่าไปแล้วมึงติดเงินกูอยู่50อะดิฟ_none_930_nan.wav,0.0,1.4415625,none,True,,C:\Users\muldi\Documents\Playground\University\senior-project-1\dataset\us\clear\จะว่าไปแล้วมึงติดเงินกูอยู่50อะดิฟ.wav
dataset\augmented\กูว่ามันไม่ใช่เรื่องง่าย แต่กูก็จะลองดู_กู_931_nan.wav,0.0,0.0835,กู,True,,C:\Users\muldi\Documents\Playground\University\senior-project-1\dataset\us\clear\กูว่ามันไม่ใช่เรื่องง่าย แต่กูก็จะลองดู.wav
dataset\augmented\รถติดบนทางด่วน_แตด_932_nan.wav,0.0,0.177625,แตด,True,,C:\Users\muldi\Documents\Playground\University\senior-project-1\dataset\us\noise\รถติดบนทางด่วน.wav
dataset\augmented\เหี้ย (เบลล์)_เหี้ย_933_light.wav,0.0,1.86,เหี้ย,True,light,C:\Users\muldi\Documents\Playground\University\senior-project-1\dataset\single\เหี้ย\เหี้ย (เบลล์).wav
dataset\augmented\Janพูดถึงอาท_เหี้ย_934_nan.wav,0.0,0.4703125,เหี้ย,True,,C:\Users\muldi\Documents\Playground\University\senior-project-1\dataset\us\clear\Janพูดถึงอาท.wav
dataset\augmented\บัวด่านัท_none_935_light_none.wav,0.0,0.3371875,none,True,light_none,C:\Users\muldi\Documents\Playground\University\senior-project-1\dataset\us\clear\บัวด่านัท.wav
dataset\augmented\เออใช่ กูเห็นไอกายมันลงสตอรี่ ชวนสาวมาดูแมวที่_กู_936_nan.wav,0.0,0.091625,กู,True,,C:\Users\muldi\Documents\Playground\University\senior-project-1\dataset\us\clear\เออใช่ กูเห็นไอกายมันลงสตอรี่ ชวนสาวมาดูแมวที่.wav
dataset\augmented\ทายคำเย็ดแม่_เย็ด_937_nan.wav,0.0,0.0720625,เย็ด,True,,C:\Users\muldi\Documents\Playground\University\senior-project-1\dataset\us\clear\ทายคำเย็ดแม่.wav
dataset\augmented\คอมโครตดี_หี_938_nan.wav,0.0,0.5035625,หี,True,,C:\Users\muldi\Documents\Playground\University\senior-project-1\dataset\us\clear\คอมโครตดี.wav
dataset\augmented\หมากัด_ควย_939_medium.wav,0.0,0.2648125,ควย,True,medium,C:\Users\muldi\Documents\Playground\University\senior-project-1\dataset\us\clear\หมากัด.wav
dataset\augmented\หมากัด_สวะ_940_medium.wav,0.0,0.286875,สวะ,True,medium,C:\Users\muldi\Documents\Playground\University\senior-project-1\dataset\us\clear\หมากัด.wav
dataset\augmented\อั้มด่าแหลก_none_941_nan.wav,0.0,0.3129375,none,True,,C:\Users\muldi\Documents\Playground\University\senior-project-1\dataset\us\clear\อั้มด่าแหลก.wav
dataset\augmented\บิวพูดเหี้ย_เหี้ย_942_nan.wav,0.0,0.33175,เหี้ย,True,,C:\Users\muldi\Documents\Playground\University\senior-project-1\dataset\us\clear\บิวพูดเหี้ย.wav
dataset\augmented\คอมโครตดี_เหี้ย_943_nan.wav,0.0,0.162875,เหี้ย,True,,C:\Users\muldi\Documents\Playground\University\senior-project-1\dataset\us\clear\คอมโครตดี.wav
dataset\augmented\ก็มาดิสะไอ้สัสเป็นเหี้ยไรวะ_none_944_nan.wav,0.0,0.502125,none,True,,C:\Users\muldi\Documents\Playground\University\senior-project-1\dataset\us\clear\ก็มาดิสะไอ้สัสเป็นเหี้ยไรวะ.wav
dataset\augmented\กายพูดกูรัวๆ_none_945_nan.wav,0.0,1.4815625,none,True,,C:\Users\muldi\Documents\Playground\University\senior-project-1\dataset\us\clear\กายพูดกูรัวๆ.wav
dataset\augmented\อาทโดนFBI_เหี้ย_946_nan.wav,0.0,0.187875,เหี้ย,True,,C:\Users\muldi\Documents\Playground\University\senior-project-1\dataset\us\clear\อาทโดนFBI.wav
dataset\augmented\การกระทำที่ไร้ศีลธรรมของเขาเป็นเหมือนสวะที่ปนเปื้อนในสังคม_สวะ_947_medium.wav,0.0,0.2365625,สวะ,True,medium,C:\Users\muldi\Documents\Playground\University\senior-project-1\dataset\us\clear\การกระทำที่ไร้ศีลธรรมของเขาเป็นเหมือนสวะที่ปนเปื้อนในสังคม.wav
dataset\augmented\ฉันไปเรียนภาษาใต้มา_none_948_nan.wav,0.0,1.261375,none,True,,C:\Users\muldi\Documents\Playground\University\senior-project-1\dataset\us\clear\ฉันไปเรียนภาษาใต้มา.wav
dataset\augmented\เดินตกท่อ_กู_949_nan.wav,0.0,0.242125,กู,True,,C:\Users\muldi\Documents\Playground\University\senior-project-1\dataset\us\clear\เดินตกท่อ.wav
dataset\augmented\บิวพูดเหี้ย_เหี้ย_950_nan.wav,0.0,0.4205625,เหี้ย,True,,C:\Users\muldi\Documents\Playground\University\senior-project-1\dataset\us\clear\บิวพูดเหี้ย.wav
dataset\augmented\พิ้งค์ด่าหนัง_เหี้ย_951_nan.wav,0.0,0.08975,เหี้ย,True,,C:\Users\muldi\Documents\Playground\University\senior-project-1\dataset\us\clear\พิ้งค์ด่าหนัง.wav
dataset\augmented\เอ๊ย เป็นเหี้ยไรวะกูถามจริง_none_952_nan.wav,0.0,2.0149375,none,True,,C:\Users\muldi\Documents\Playground\University\senior-project-1\dataset\us\clear\เอ๊ย เป็นเหี้ยไรวะกูถามจริง.wav
dataset\augmented\เช้านี้สดใส_มึง_953_nan.wav,0.0,0.2018125,มึง,True,,C:\Users\muldi\Documents\Playground\University\senior-project-1\dataset\us\clear\เช้านี้สดใส.wav
dataset\augmented\หี (โบท)_หี_954_medium.wav,0.0,2.04,หี,True,medium,C:\Users\muldi\Documents\Playground\University\senior-project-1\dataset\single\หี\หี (โบท).wav
dataset\augmented\แปปนึง มึงใครเนี่ย มึงใคร มึงคือใคร_มึง_955_nan.wav,0.0,0.1424375,มึง,True,,C:\Users\muldi\Documents\Playground\University\senior-project-1\dataset\us\clear\แปปนึง มึงใครเนี่ย มึงใคร มึงคือใคร.wav
dataset\augmented\คอมโครตดี_none_956_nan.wav,0.0,2.52825,none,True,,C:\Users\muldi\Documents\Playground\University\senior-project-1\dataset\us\clear\คอมโครตดี.wav
dataset\augmented\กู (เบลล์)_กู_957_nan.wav,0.0,1.59,กู,True,,C:\Users\muldi\Documents\Playground\University\senior-project-1\dataset\single\กู\กู (เบลล์).wav
dataset\augmented\บิวพูดเหี้ย_none_958_nan.wav,0.0,0.762,none,True,,C:\Users\muldi\Documents\Playground\University\senior-project-1\dataset\us\clear\บิวพูดเหี้ย.wav
dataset\augmented\กาลครั้งมีไอ้สวะตัวหนึ่ง_none_959_light_none.wav,0.0,1.690875,none,True,light_none,C:\Users\muldi\Documents\Playground\University\senior-project-1\dataset\us\clear\กาลครั้งมีไอ้สวะตัวหนึ่ง.wav
dataset\augmented\เช้านี้สดใส_มึง_960_light.wav,0.0,0.237125,มึง,True,light,C:\Users\muldi\Documents\Playground\University\senior-project-1\dataset\us\clear\เช้านี้สดใส.wav
dataset\augmented\ไอ้อาร์ตพูดเหี้ย_เหี้ย_961_light.wav,0.0,0.137125,เหี้ย,True,light,C:\Users\muldi\Documents\Playground\University\senior-project-1\dataset\us\clear\ไอ้อาร์ตพูดเหี้ย.wav
dataset\augmented\อาทโดนFBI_เย็ด_962_medium.wav,0.0,0.17025,เย็ด,True,medium,C:\Users\muldi\Documents\Playground\University\senior-project-1\dataset\us\clear\อาทโดนFBI.wav
dataset\augmented\ไอ้อาร์ตพูดเหี้ย_เหี้ย_963_nan.wav,0.0,0.2489375,เหี้ย,True,,C:\Users\muldi\Documents\Playground\University\senior-project-1\dataset\us\clear\ไอ้อาร์ตพูดเหี้ย.wav
dataset\augmented\ไอ้เย็ดแม่เอ๊ย โทรมาทำไม กูง่วง_เย็ด_964_medium.wav,0.0,0.1824375,เย็ด,True,medium,C:\Users\muldi\Documents\Playground\University\senior-project-1\dataset\us\clear\ไอ้เย็ดแม่เอ๊ย โทรมาทำไม กูง่วง.wav
dataset\augmented\เย็ดแม่มความคิดโครตเจ๋ง_none_965_light_none.wav,0.0,0.2448125,none,True,light_none,C:\Users\muldi\Documents\Playground\University\senior-project-1\dataset\us\noise\เย็ดแม่มความคิดโครตเจ๋ง.wav
dataset\augmented\อย่าทำเหมือนกูไม่มีตัวตนนะ เย็ดแม่_none_966_nan.wav,0.0,0.714375,none,True,,C:\Users\muldi\Documents\Playground\University\senior-project-1\dataset\us\clear\อย่าทำเหมือนกูไม่มีตัวตนนะ เย็ดแม่.wav
dataset\augmented\อาทโดนFBI_สวะ_967_medium.wav,0.0,0.280875,สวะ,True,medium,C:\Users\muldi\Documents\Playground\University\senior-project-1\dataset\us\clear\อาทโดนFBI.wav
dataset\augmented\ป้าๆก๋วยเตี๋ยวถุงนึง_ควย_968_nan.wav,0.0,0.20925,ควย,True,,C:\Users\muldi\Documents\Playground\University\senior-project-1\dataset\us\clear\ป้าๆก๋วยเตี๋ยวถุงนึง.wav
dataset\augmented\อั้มด่าแหลก_เหี้ย_969_light.wav,0.0,0.193125,เหี้ย,True,light,C:\Users\muldi\Documents\Playground\University\senior-project-1\dataset\us\clear\อั้มด่าแหลก.wav
dataset\augmented\อารมณ์แบบว่างี้ป้ะ_none_970_nan.wav,0.0,1.3331875,none,True,,C:\Users\muldi\Documents\Playground\University\senior-project-1\dataset\us\clear\อารมณ์แบบว่างี้ป้ะ.wav
dataset\augmented\ขึ้นมาสิไอ้เย็ดแม่ เราจะไปเที่ยวทะเลกัน_none_971_nan.wav,0.0,2.7148125,none,True,,C:\Users\muldi\Documents\Playground\University\senior-project-1\dataset\us\clear\ขึ้นมาสิไอ้เย็ดแม่ เราจะไปเที่ยวทะเลกัน.wav
dataset\augmented\Janพูดถึงอาท_none_972_nan.wav,0.0,1.2251875,none,True,,C:\Users\muldi\Documents\Playground\University\senior-project-1\dataset\us\clear\Janพูดถึงอาท.wav
dataset\augmented\กูว่านะพรุ่งนี้ตื่นสายวะ_กู_973_nan.wav,0.0,0.6629375,กู,True,,C:\Users\muldi\Documents\Playground\University\senior-project-1\dataset\us\clear\กูว่านะพรุ่งนี้ตื่นสายวะ.wav
dataset\augmented\ช่วยกูด้วย_กู_974_nan.wav,0.0,0.122625,กู,True,,C:\Users\muldi\Documents\Playground\University\senior-project-1\dataset\us\clear\ช่วยกูด้วย.wav
dataset\augmented\กล้าดียังไงมาแตะคนรัก_none_975_light_none.wav,0.0,2.2519375,none,True,light_none,C:\Users\muldi\Documents\Playground\University\senior-project-1\dataset\us\clear\กล้าดียังไงมาแตะคนรัก.wav
dataset\augmented\ไอ้เหี้ยทำไมนิสัยมึงสวะได้ขนาดนี้_none_976_nan.wav,0.0,0.0805625,none,True,,C:\Users\muldi\Documents\Playground\University\senior-project-1\dataset\us\clear\ไอ้เหี้ยทำไมนิสัยมึงสวะได้ขนาดนี้.wav
dataset\augmented\นิสัยควยๆแบบนี้_สวะ_977_medium.wav,0.0,0.371,สวะ,True,medium,C:\Users\muldi\Documents\Playground\University\senior-project-1\dataset\us\clear\นิสัยควยๆแบบนี้.wav
dataset\augmented\ค่ายเหี้ย_none_978_light_none.wav,0.0,0.1098125,none,True,light_none,C:\Users\muldi\Documents\Playground\University\senior-project-1\dataset\us\noise\ค่ายเหี้ย.wav
dataset\augmented\ไอ้อาร์ตพูดเหี้ย_หี_979_nan.wav,0.0,0.1605625,หี,True,,C:\Users\muldi\Documents\Playground\University\senior-project-1\dataset\us\clear\ไอ้อาร์ตพูดเหี้ย.wav
dataset\augmented\บิวพูดเหี้ย_เหี้ย_980_nan.wav,0.0,0.4248125,เหี้ย,True,,C:\Users\muldi\Documents\Playground\University\senior-project-1\dataset\us\clear\บิวพูดเหี้ย.wav
dataset\augmented\ค่ายเหี้ย_ควย_981_medium.wav,0.0,0.109125,ควย,True,medium,C:\Users\muldi\Documents\Playground\University\senior-project-1\dataset\us\noise\ค่ายเหี้ย.wav
dataset\augmented\การกระทำที่ไร้ศีลธรรมของเขาเป็นเหมือนสวะที่ปนเปื้อนในสังคม_สวะ_982_nan.wav,0.0,0.2365625,สวะ,True,,C:\Users\muldi\Documents\Playground\University\senior-project-1\dataset\us\clear\การกระทำที่ไร้ศีลธรรมของเขาเป็นเหมือนสวะที่ปนเปื้อนในสังคม.wav
dataset\augmented\บารมีมารดา_มึง_983_nan.wav,0.0,0.146875,มึง,True,,C:\Users\muldi\Documents\Playground\University\senior-project-1\dataset\us\clear\บารมีมารดา.wav
dataset\augmented\เย็ดแม่ รู้ไหมว่าสิ่งนี้มันทำให้กูเสียใจแค่ไหนอ่ะ_none_984_nan.wav,0.0,1.3463125,none,True,,C:\Users\muldi\Documents\Playground\University\senior-project-1\dataset\us\clear\เย็ดแม่ รู้ไหมว่าสิ่งนี้มันทำให้กูเสียใจแค่ไหนอ่ะ.wav
dataset\augmented\บัวด่านัท_none_985_nan.wav,0.0,1.771125,none,True,,C:\Users\muldi\Documents\Playground\University\senior-project-1\dataset\us\clear\บัวด่านัท.wav
dataset\augmented\ค่ายเหี้ย_หี_986_medium.wav,0.0,0.14525,หี,True,medium,C:\Users\muldi\Documents\Playground\University\senior-project-1\dataset\us\noise\ค่ายเหี้ย.wav
dataset\augmented\เอ๊ย เป็นเหี้ยไรวะกูถามจริง_none_987_nan.wav,0.0,4.075625,none,True,,C:\Users\muldi\Documents\Playground\University\senior-project-1\dataset\us\clear\เอ๊ย เป็นเหี้ยไรวะกูถามจริง.wav
dataset\augmented\หมากัด_none_988_light_none.wav,0.0,2.5400625,none,True,light_none,C:\Users\muldi\Documents\Playground\University\senior-project-1\dataset\us\clear\หมากัด.wav
dataset\augmented\อารมณ์แบบว่างี้ป้ะ_none_989_nan.wav,0.0,0.55725,none,True,,C:\Users\muldi\Documents\Playground\University\senior-project-1\dataset\us\clear\อารมณ์แบบว่างี้ป้ะ.wav
dataset\augmented\กาลครั้งมีไอ้สวะตัวหนึ่ง_สวะ_990_nan.wav,0.0,0.251625,สวะ,True,,C:\Users\muldi\Documents\Playground\University\senior-project-1\dataset\us\clear\กาลครั้งมีไอ้สวะตัวหนึ่ง.wav
dataset\augmented\จะว่าไปแล้วมึงติดเงินกูอยู่50อะดิฟ_กู_991_nan.wav,0.0,0.2,กู,True,,C:\Users\muldi\Documents\Playground\University\senior-project-1\dataset\us\clear\จะว่าไปแล้วมึงติดเงินกูอยู่50อะดิฟ.wav
dataset\augmented\ควย มึงทำแบบนี้คนจะมองว่าเป็นคนไร้ความรับผิดชอบนะ_มึง_992_nan.wav,0.0,0.1185625,มึง,True,,C:\Users\muldi\Documents\Playground\University\senior-project-1\dataset\us\clear\ควย มึงทำแบบนี้คนจะมองว่าเป็นคนไร้ความรับผิดชอบนะ.wav
dataset\augmented\มึงงงงงทำไรอยู่วะ(อยากลองลากเสียง)_มึง_993_nan.wav,0.0,1.9276875,มึง,True,,C:\Users\muldi\Documents\Playground\University\senior-project-1\dataset\us\noise\มึงงงงงทำไรอยู่วะ(อยากลองลากเสียง).wav
dataset\augmented\ไอ้อาร์ตพูดเหี้ย_none_994_nan.wav,0.0,1.244,none,True,,C:\Users\muldi\Documents\Playground\University\senior-project-1\dataset\us\clear\ไอ้อาร์ตพูดเหี้ย.wav
dataset\augmented\เป็นสวะแล้วยังทำนิสัยหีๆอีก_หี_995_medium.wav,0.0,0.2743125,หี,True,medium,C:\Users\muldi\Documents\Playground\University\senior-project-1\dataset\us\clear\เป็นสวะแล้วยังทำนิสัยหีๆอีก.wav
dataset\augmented\คนดีห้ามเพื่อน_เย็ด_996_nan.wav,0.0,0.07825,เย็ด,True,,C:\Users\muldi\Documents\Playground\University\senior-project-1\dataset\us\clear\คนดีห้ามเพื่อน.wav
dataset\augmented\เอ๊ย เป็นเหี้ยไรวะกูถามจริง_มึง_997_nan.wav,0.0,0.1536875,มึง,True,,C:\Users\muldi\Documents\Playground\University\senior-project-1\dataset\us\clear\เอ๊ย เป็นเหี้ยไรวะกูถามจริง.wav
dataset\augmented\บิวพูดเหี้ย_เหี้ย_998_light.wav,0.0,0.564875,เหี้ย,True,light,C:\Users\muldi\Documents\Playground\University\senior-project-1\dataset\us\clear\บิวพูดเหี้ย.wav
dataset\augmented\เป็นสวะแล้วยังทำนิสัยหีๆอีก_ควย_999_medium.wav,0.0,0.3413125,ควย,True,medium,C:\Users\muldi\Documents\Playground\University\senior-project-1\dataset\us\clear\เป็นสวะแล้วยังทำนิสัยหีๆอีก.wav
dataset\augmented\บิวพูดควย_none_1000_nan.wav,0.0,0.75725,none,True,,C:\Users\muldi\Documents\Playground\University\senior-project-1\dataset\us\clear\บิวพูดควย.wav
dataset\augmented\บารมีมารดา_แตด_1001_heavy.wav,0.0,0.2793125,แตด,True,heavy,C:\Users\muldi\Documents\Playground\University\senior-project-1\dataset\us\clear\บารมีมารดา.wav
dataset\augmented\แล้วคิดจะรับผิดชอบเรื่องนี้ยังไง เย็ดแม่_none_1002_nan.wav,0.0,1.359625,none,True,,C:\Users\muldi\Documents\Playground\University\senior-project-1\dataset\us\clear\แล้วคิดจะรับผิดชอบเรื่องนี้ยังไง เย็ดแม่.wav
dataset\augmented\คนดีห้ามเพื่อน_none_1003_light_none.wav,0.0,2.1040625,none,True,light_none,C:\Users\muldi\Documents\Playground\University\senior-project-1\dataset\us\clear\คนดีห้ามเพื่อน.wav
dataset\augmented\แดนแถมควย_ควย_1004_nan.wav,0.0,0.3460625,ควย,True,,C:\Users\muldi\Documents\Playground\University\senior-project-1\dataset\us\clear\แดนแถมควย.wav
dataset\augmented\หยุดทำแบบนี้ซะทีดิ๊ เย็ดแม่_เย็ด_1005_medium.wav,0.0,0.097625,เย็ด,True,medium,C:\Users\muldi\Documents\Playground\University\senior-project-1\dataset\us\clear\หยุดทำแบบนี้ซะทีดิ๊ เย็ดแม่.wav
dataset\augmented\โต้งไล่หมา_มึง_1006_light.wav,0.0,0.1805625,มึง,True,light,C:\Users\muldi\Documents\Playground\University\senior-project-1\dataset\us\clear\โต้งไล่หมา.wav
dataset\augmented\ค่ายเหี้ย2_none_1007_nan.wav,0.0,2.54275,none,True,,C:\Users\muldi\Documents\Playground\University\senior-project-1\dataset\us\noise\ค่ายเหี้ย2.wav
dataset\augmented\พอเหอะเย็ดแม่ เหนื่อยที่จะต้องพูดซ้ำๆอ่ะ_เย็ด_1008_medium.wav,0.0,0.1228125,เย็ด,True,medium,C:\Users\muldi\Documents\Playground\University\senior-project-1\dataset\us\clear\พอเหอะเย็ดแม่ เหนื่อยที่จะต้องพูดซ้ำๆอ่ะ.wav
dataset\augmented\บัวด่านัท_none_1009_nan.wav,0.0,0.3371875,none,True,,C:\Users\muldi\Documents\Playground\University\senior-project-1\dataset\us\clear\บัวด่านัท.wav
dataset\augmented\บารมีมารดา_แตด_1010_nan.wav,0.0,0.2793125,แตด,True,,C:\Users\muldi\Documents\Playground\University\senior-project-1\dataset\us\clear\บารมีมารดา.wav
dataset\augmented\บัวด่านัท_none_1011_light_none.wav,0.0,4.568625,none,True,light_none,C:\Users\muldi\Documents\Playground\University\senior-project-1\dataset\us\clear\บัวด่านัท.wav
dataset\augmented\ก็เอาสิ มาดูกันว่ากูน่ะจะอยู่รอดเป็นคนสุดท้ายหรือเปล่า_none_1012_nan.wav,0.0,2.162125,none,True,,C:\Users\muldi\Documents\Playground\University\senior-project-1\dataset\us\clear\ก็เอาสิ มาดูกันว่ากูน่ะจะอยู่รอดเป็นคนสุดท้ายหรือเปล่า.wav
dataset\augmented\คนดีห้ามเพื่อน_มึง_1013_nan.wav,0.0,0.1521875,มึง,True,,C:\Users\muldi\Documents\Playground\University\senior-project-1\dataset\us\clear\คนดีห้ามเพื่อน.wav
dataset\augmented\เย็ดแม่ กูควรจะคาดหวังอะไรจากมึงอีกอ่ะ_none_1014_nan.wav,0.0,1.0515625,none,True,,C:\Users\muldi\Documents\Playground\University\senior-project-1\dataset\us\clear\เย็ดแม่ กูควรจะคาดหวังอะไรจากมึงอีกอ่ะ.wav
dataset\augmented\ไอ้อาร์ตพูดเหี้ย_เหี้ย_1015_nan.wav,0.0,0.1406875,เหี้ย,True,,C:\Users\muldi\Documents\Playground\University\senior-project-1\dataset\us\clear\ไอ้อาร์ตพูดเหี้ย.wav
dataset\augmented\ดูถูกหีไม่มีวันเจริญ_ควย_1016_nan.wav,0.0,0.402125,ควย,True,,C:\Users\muldi\Documents\Playground\University\senior-project-1\dataset\us\clear\ดูถูกหีไม่มีวันเจริญ.wav
dataset\augmented\เย็ดแม่มึงคิดยังไงถึงทำอย่างนี้_none_1017_nan.wav,0.0,2.5586875,none,True,,C:\Users\muldi\Documents\Playground\University\senior-project-1\dataset\us\clear\เย็ดแม่มึงคิดยังไงถึงทำอย่างนี้.wav
dataset\augmented\คอมโครตดี_เหี้ย_1018_nan.wav,0.0,0.2258125,เหี้ย,True,,C:\Users\muldi\Documents\Playground\University\senior-project-1\dataset\us\clear\คอมโครตดี.wav
dataset\augmented\บัวด่านัท_สวะ_1019_nan.wav,0.0,0.3519375,สวะ,True,,C:\Users\muldi\Documents\Playground\University\senior-project-1\dataset\us\clear\บัวด่านัท.wav
dataset\augmented\เห้ย กูตื่นเต้นมากเลยที่จะได้ไปเที่ยวอาทิตย์หน้า_none_1020_nan.wav,0.0,0.2266875,none,True,,C:\Users\muldi\Documents\Playground\University\senior-project-1\dataset\us\clear\เห้ย กูตื่นเต้นมากเลยที่จะได้ไปเที่ยวอาทิตย์หน้า.wav
dataset\augmented\หีหอมพ่อง_ควย_1021_nan.wav,0.0,0.1309375,ควย,True,,C:\Users\muldi\Documents\Playground\University\senior-project-1\dataset\us\clear\หีหอมพ่อง.wav
dataset\augmented\ไอ้อาร์ตพูดเหี้ย_เหี้ย_1022_light.wav,0.0,0.2399375,เหี้ย,True,light,C:\Users\muldi\Documents\Playground\University\senior-project-1\dataset\us\clear\ไอ้อาร์ตพูดเหี้ย.wav
dataset\augmented\บิวพูดควย_ควย_1023_nan.wav,0.0,0.62425,ควย,True,,C:\Users\muldi\Documents\Playground\University\senior-project-1\dataset\us\clear\บิวพูดควย.wav
dataset\augmented\บารมีมารดา_none_1024_light_none.wav,0.0,0.990625,none,True,light_none,C:\Users\muldi\Documents\Playground\University\senior-project-1\dataset\us\clear\บารมีมารดา.wav
dataset\augmented\ก็มาดิสะไอ้สัสเป็นเหี้ยไรวะ_เหี้ย_1025_nan.wav,0.0,0.2158125,เหี้ย,True,,C:\Users\muldi\Documents\Playground\University\senior-project-1\dataset\us\clear\ก็มาดิสะไอ้สัสเป็นเหี้ยไรวะ.wav
dataset\augmented\ความดื้อรั้นหน้าหีของมึงทำให้ทุกอย่างแย่ลงนะ_none_1026_nan.wav,0.0,0.2398125,none,True,,C:\Users\muldi\Documents\Playground\University\senior-project-1\dataset\us\clear\ความดื้อรั้นหน้าหีของมึงทำให้ทุกอย่างแย่ลงนะ.wav
dataset\augmented\บิวพูดเหี้ย_เหี้ย_1027_nan.wav,0.0,0.20125,เหี้ย,True,,C:\Users\muldi\Documents\Playground\University\senior-project-1\dataset\us\clear\บิวพูดเหี้ย.wav
dataset\augmented\บารมีมารดา_none_1028_light_none.wav,0.0,1.074625,none,True,light_none,C:\Users\muldi\Documents\Playground\University\senior-project-1\dataset\us\clear\บารมีมารดา.wav
dataset\augmented\หมากัด_none_1029_nan.wav,0.0,2.901875,none,True,,C:\Users\muldi\Documents\Playground\University\senior-project-1\dataset\us\clear\หมากัด.wav
dataset\augmented\เย็ดแม่ นี่ไม่ใช่ครั้งแรกที่มึงทำแบบนี้นะ_เย็ด_1030_medium.wav,0.0,0.0675625,เย็ด,True,medium,C:\Users\muldi\Documents\Playground\University\senior-project-1\dataset\us\clear\เย็ดแม่ นี่ไม่ใช่ครั้งแรกที่มึงทำแบบนี้นะ.wav
dataset\augmented\รถติดบนทางด่วน_ควย_1031_medium.wav,0.0,0.1768125,ควย,True,medium,C:\Users\muldi\Documents\Playground\University\senior-project-1\dataset\us\noise\รถติดบนทางด่วน.wav
dataset\augmented\กู(หลายคำ)_กู_1032_nan.wav,0.0,0.68925,กู,True,,C:\Users\muldi\Documents\Playground\University\senior-project-1\dataset\us\clear\กู(หลายคำ).wav
dataset\augmented\มึงนี่มันอะควรไปคุยกับรากมะม่วง_มึง_1033_nan.wav,0.0,0.3393125,มึง,True,,C:\Users\muldi\Documents\Playground\University\senior-project-1\dataset\us\clear\มึงนี่มันอะควรไปคุยกับรากมะม่วง.wav
dataset\augmented\ค่ายเหี้ย_กู_1034_nan.wav,0.0,0.1838125,กู,True,,C:\Users\muldi\Documents\Playground\University\senior-project-1\dataset\us\noise\ค่ายเหี้ย.wav
dataset\augmented\แตด (เปอร์)_แตด_1035_heavy.wav,0.0,2.3253125,แตด,True,heavy,C:\Users\muldi\Documents\Playground\University\senior-project-1\dataset\single\แตด\แตด (เปอร์).wav
dataset\augmented\พิ้งค์ด่าหนัง_none_1036_nan.wav,0.0,0.2715,none,True,,C:\Users\muldi\Documents\Playground\University\senior-project-1\dataset\us\clear\พิ้งค์ด่าหนัง.wav
dataset\augmented\ฉันไปเรียนภาษาใต้มา_none_1037_nan.wav,0.0,2.6439375,none,True,,C:\Users\muldi\Documents\Playground\University\senior-project-1\dataset\us\clear\ฉันไปเรียนภาษาใต้มา.wav
dataset\augmented\คอมโครตดี_ควย_1038_nan.wav,0.0,0.1859375,ควย,True,,C:\Users\muldi\Documents\Playground\University\senior-project-1\dataset\us\clear\คอมโครตดี.wav
dataset\augmented\เย็ดแม่ รู้ไหมว่าสิ่งนี้มันทำให้กูเสียใจแค่ไหนอ่ะ_เย็ด_1039_nan.wav,0.0,0.1029375,เย็ด,True,,C:\Users\muldi\Documents\Playground\University\senior-project-1\dataset\us\clear\เย็ดแม่ รู้ไหมว่าสิ่งนี้มันทำให้กูเสียใจแค่ไหนอ่ะ.wav
dataset\augmented\ค่ายเหี้ย2_แตด_1040_heavy.wav,0.0,0.1376875,แตด,True,heavy,C:\Users\muldi\Documents\Playground\University\senior-project-1\dataset\us\noise\ค่ายเหี้ย2.wav
dataset\augmented\ถ้ามึงจะทำอย่างนี้นะ ไปเหอะ อย่ากลับมาเลย_none_1041_nan.wav,0.0,0.8936875,none,True,,C:\Users\muldi\Documents\Playground\University\senior-project-1\dataset\us\clear\ถ้ามึงจะทำอย่างนี้นะ ไปเหอะ อย่ากลับมาเลย.wav
dataset\augmented\เย็ดแม่ กูควรจะคาดหวังอะไรจากมึงอีกอ่ะ_เย็ด_1042_nan.wav,0.0,0.1215625,เย็ด,True,,C:\Users\muldi\Documents\Playground\University\senior-project-1\dataset\us\clear\เย็ดแม่ กูควรจะคาดหวังอะไรจากมึงอีกอ่ะ.wav
dataset\augmented\แตด (เบลล์)_แตด_1043_heavy.wav,0.0,1.86,แตด,True,heavy,C:\Users\muldi\Documents\Playground\University\senior-project-1\dataset\single\แตด\แตด (เบลล์).wav
dataset\augmented\เดินตกท่อ_กู_1044_nan.wav,0.0,0.2724375,กู,True,,C:\Users\muldi\Documents\Playground\University\senior-project-1\dataset\us\clear\เดินตกท่อ.wav
dataset\augmented\กายพูดกูรัวๆ_none_1045_nan.wav,0.0,1.09775,none,True,,C:\Users\muldi\Documents\Playground\University\senior-project-1\dataset\us\clear\กายพูดกูรัวๆ.wav
dataset\augmented\ป้าๆก๋วยเตี๋ยวถุงนึง_none_1046_nan.wav,0.0,0.2685,none,True,,C:\Users\muldi\Documents\Playground\University\senior-project-1\dataset\us\clear\ป้าๆก๋วยเตี๋ยวถุงนึง.wav
dataset\augmented\บารมีมารดา_none_1047_nan.wav,0.0,0.7970625,none,True,,C:\Users\muldi\Documents\Playground\University\senior-project-1\dataset\us\clear\บารมีมารดา.wav
dataset\augmented\อาทโดนFBI_สวะ_1048_medium.wav,0.0,0.280875,สวะ,True,medium,C:\Users\muldi\Documents\Playground\University\senior-project-1\dataset\us\clear\อาทโดนFBI.wav
dataset\augmented\อารมณ์แบบว่างี้ป้ะ_หี_1049_nan.wav,0.0,0.322125,หี,True,,C:\Users\muldi\Documents\Playground\University\senior-project-1\dataset\us\clear\อารมณ์แบบว่างี้ป้ะ.wav
dataset\augmented\โอ๊ยเย็ดเป็ดหีแม่มึงร่วง_none_1050_nan.wav,0.0,0.77325,none,True,,C:\Users\muldi\Documents\Playground\University\senior-project-1\dataset\us\clear\โอ๊ยเย็ดเป็ดหีแม่มึงร่วง.wav
dataset\augmented\อารมณ์แบบว่างี้ป้ะ_none_1051_nan.wav,0.0,1.9631875,none,True,,C:\Users\muldi\Documents\Playground\University\senior-project-1\dataset\us\clear\อารมณ์แบบว่างี้ป้ะ.wav
dataset\augmented\คอมโครตดี_none_1052_nan.wav,0.0,2.4296875,none,True,,C:\Users\muldi\Documents\Playground\University\senior-project-1\dataset\us\clear\คอมโครตดี.wav
dataset\augmented\บิวพูดเหี้ย_none_1053_nan.wav,0.0,1.064375,none,True,,C:\Users\muldi\Documents\Playground\University\senior-project-1\dataset\us\clear\บิวพูดเหี้ย.wav
dataset\augmented\อาทโดนFBI_กู_1054_nan.wav,0.0,0.299125,กู,True,,C:\Users\muldi\Documents\Playground\University\senior-project-1\dataset\us\clear\อาทโดนFBI.wav
dataset\augmented\เช้านี้สดใส_มึง_1055_nan.wav,0.0,0.14625,มึง,True,,C:\Users\muldi\Documents\Playground\University\senior-project-1\dataset\us\clear\เช้านี้สดใส.wav
dataset\augmented\เจ็บคอมาสองวันเพราะฝุ่น_หี_1056_nan.wav,0.0,0.2524375,หี,True,,C:\Users\muldi\Documents\Playground\University\senior-project-1\dataset\us\noise\เจ็บคอมาสองวันเพราะฝุ่น.wav
dataset\augmented\เย็ด (แทน)_เย็ด_1057_medium.wav,0.0,1.8133125,เย็ด,True,medium,C:\Users\muldi\Documents\Playground\University\senior-project-1\dataset\single\เย็ด\เย็ด (แทน).wav
dataset\augmented\หีหอมพ่อง_หี_1058_nan.wav,0.0,0.2011875,หี,True,,C:\Users\muldi\Documents\Playground\University\senior-project-1\dataset\us\clear\หีหอมพ่อง.wav
dataset\augmented\คนดีห้ามเพื่อน_เย็ด_1059_medium.wav,0.0,0.07825,เย็ด,True,medium,C:\Users\muldi\Documents\Playground\University\senior-project-1\dataset\us\clear\คนดีห้ามเพื่อน.wav
dataset\augmented\คือมึงไม่ฉลาดหรอวะ_แตด_1060_heavy.wav,0.0,0.1149375,แตด,True,heavy,C:\Users\muldi\Documents\Playground\University\senior-project-1\dataset\us\clear\คือมึงไม่ฉลาดหรอวะ.wav
dataset\augmented\บิวพูดเหี้ย_none_1061_nan.wav,0.0,1.5045,none,True,,C:\Users\muldi\Documents\Playground\University\senior-project-1\dataset\us\clear\บิวพูดเหี้ย.wav
dataset\augmented\บิวพูดเหี้ย_เหี้ย_1062_light.wav,0.0,0.6536875,เหี้ย,True,light,C:\Users\muldi\Documents\Playground\University\senior-project-1\dataset\us\clear\บิวพูดเหี้ย.wav
dataset\augmented\เป็นสวะแล้วยังทำนิสัยหีๆอีก_none_1063_nan.wav,0.0,1.1715625,none,True,,C:\Users\muldi\Documents\Playground\University\senior-project-1\dataset\us\clear\เป็นสวะแล้วยังทำนิสัยหีๆอีก.wav
dataset\augmented\คือมึงไม่ฉลาดหรอวะ_none_1064_nan.wav,0.0,0.2741875,none,True,,C:\Users\muldi\Documents\Playground\University\senior-project-1\dataset\us\clear\คือมึงไม่ฉลาดหรอวะ.wav
dataset\augmented\นิสัยควยๆแบบนี้_none_1065_light_none.wav,0.0,2.499125,none,True,light_none,C:\Users\muldi\Documents\Playground\University\senior-project-1\dataset\us\clear\นิสัยควยๆแบบนี้.wav
dataset\augmented\แตด (โบท)_แตด_1066_heavy.wav,0.0,1.73,แตด,True,heavy,C:\Users\muldi\Documents\Playground\University\senior-project-1\dataset\single\แตด\แตด (โบท).wav
dataset\augmented\ทุกครั้งมันก็เป็นแบบนี้เสมออ่ะ เย็ดแม่_none_1067_nan.wav,0.0,0.9749375,none,True,,C:\Users\muldi\Documents\Playground\University\senior-project-1\dataset\us\clear\ทุกครั้งมันก็เป็นแบบนี้เสมออ่ะ เย็ดแม่.wav
dataset\augmented\Janพูดถึงอาท_none_1068_light_none.wav,0.0,14.2274375,none,True,light_none,C:\Users\muldi\Documents\Playground\University\senior-project-1\dataset\us\clear\Janพูดถึงอาท.wav
dataset\augmented\Janพูดถึงอาท_เหี้ย_1069_light.wav,0.0,0.633375,เหี้ย,True,light,C:\Users\muldi\Documents\Playground\University\senior-project-1\dataset\us\clear\Janพูดถึงอาท.wav
dataset\augmented\ก็มาดิสะไอ้สัสเป็นเหี้ยไรวะ_หี_1070_nan.wav,0.0,0.2405,หี,True,,C:\Users\muldi\Documents\Playground\University\senior-project-1\dataset\us\clear\ก็มาดิสะไอ้สัสเป็นเหี้ยไรวะ.wav
dataset\augmented\คนดีห้ามเพื่อน_none_1071_nan.wav,0.0,2.1040625,none,True,,C:\Users\muldi\Documents\Playground\University\senior-project-1\dataset\us\clear\คนดีห้ามเพื่อน.wav
dataset\augmented\เอ๊ย เป็นเหี้ยไรวะกูถามจริง_แตด_1072_nan.wav,0.0,0.16475,แตด,True,,C:\Users\muldi\Documents\Playground\University\senior-project-1\dataset\us\clear\เอ๊ย เป็นเหี้ยไรวะกูถามจริง.wav
dataset\augmented\อารมณ์แบบว่างี้ป้ะ_แตด_1073_heavy.wav,0.0,0.1524375,แตด,True,heavy,C:\Users\muldi\Documents\Playground\University\senior-project-1\dataset\us\clear\อารมณ์แบบว่างี้ป้ะ.wav
dataset\augmented\เย็ดแม่ นี่ไม่ใช่ครั้งแรกที่มึงทำแบบนี้นะ_มึง_1074_nan.wav,0.0,0.151625,มึง,True,,C:\Users\muldi\Documents\Playground\University\senior-project-1\dataset\us\clear\เย็ดแม่ นี่ไม่ใช่ครั้งแรกที่มึงทำแบบนี้นะ.wav
dataset\augmented\หีหอมพ่อง_สวะ_1075_medium.wav,0.0,0.3173125,สวะ,True,medium,C:\Users\muldi\Documents\Playground\University\senior-project-1\dataset\us\clear\หีหอมพ่อง.wav
dataset\augmented\พิ้งค์ด่าหนัง_กู_1076_nan.wav,0.0,0.172125,กู,True,,C:\Users\muldi\Documents\Playground\University\senior-project-1\dataset\us\clear\พิ้งค์ด่าหนัง.wav
dataset\augmented\ทุกครั้งที่เขาพูด มันเหมือนเขากำลังพ่นสวะออกมา_สวะ_1077_medium.wav,0.0,0.209125,สวะ,True,medium,C:\Users\muldi\Documents\Playground\University\senior-project-1\dataset\us\clear\ทุกครั้งที่เขาพูด มันเหมือนเขากำลังพ่นสวะออกมา.wav
dataset\augmented\โอ๊ยเย็ดเป็ดหีแม่มึงร่วง_หี_1078_nan.wav,0.0,0.1819375,หี,True,,C:\Users\muldi\Documents\Playground\University\senior-project-1\dataset\us\clear\โอ๊ยเย็ดเป็ดหีแม่มึงร่วง.wav
dataset\augmented\เธอทำตัวเหมือนสวะที่ไม่มีเป้าหมายในชีวิต_สวะ_1079_medium.wav,0.0,0.2616875,สวะ,True,medium,C:\Users\muldi\Documents\Playground\University\senior-project-1\dataset\us\clear\เธอทำตัวเหมือนสวะที่ไม่มีเป้าหมายในชีวิต.wav
dataset\augmented\เหี้ย (เบลล์)_เหี้ย_1080_nan.wav,0.0,1.86,เหี้ย,True,,C:\Users\muldi\Documents\Playground\University\senior-project-1\dataset\single\เหี้ย\เหี้ย (เบลล์).wav
dataset\augmented\พิ้งค์ด่าหนัง_none_1081_nan.wav,0.0,5.391375,none,True,,C:\Users\muldi\Documents\Playground\University\senior-project-1\dataset\us\clear\พิ้งค์ด่าหนัง.wav
dataset\augmented\เย็ด (โบท)_เย็ด_1082_nan.wav,0.0,1.94,เย็ด,True,,C:\Users\muldi\Documents\Playground\University\senior-project-1\dataset\single\เย็ด\เย็ด (โบท).wav
dataset\augmented\ไอ้อาร์ตพูดเหี้ย_เหี้ย_1083_nan.wav,0.0,0.3120625,เหี้ย,True,,C:\Users\muldi\Documents\Playground\University\senior-project-1\dataset\us\clear\ไอ้อาร์ตพูดเหี้ย.wav
dataset\augmented\พิ้งค์ด่าหนัง_หี_1084_nan.wav,0.0,0.2431875,หี,True,,C:\Users\muldi\Documents\Playground\University\senior-project-1\dataset\us\clear\พิ้งค์ด่าหนัง.wav
dataset\augmented\ป้าๆก๋วยเตี๋ยวถุงนึง_ควย_1085_medium.wav,0.0,0.20925,ควย,True,medium,C:\Users\muldi\Documents\Playground\University\senior-project-1\dataset\us\clear\ป้าๆก๋วยเตี๋ยวถุงนึง.wav
dataset\augmented\นิสัยควยๆแบบนี้_ควย_1086_medium.wav,0.0,0.134,ควย,True,medium,C:\Users\muldi\Documents\Playground\University\senior-project-1\dataset\us\clear\นิสัยควยๆแบบนี้.wav
dataset\augmented\ไอ้เย็ดแม่เอ๊ย โทรมาทำไม กูง่วง_none_1087_nan.wav,0.0,0.5028125,none,True,,C:\Users\muldi\Documents\Playground\University\senior-project-1\dataset\us\clear\ไอ้เย็ดแม่เอ๊ย โทรมาทำไม กูง่วง.wav
dataset\augmented\ไอ้เหี้ยทำไมนิสัยมึงสวะได้ขนาดนี้_สวะ_1088_medium.wav,0.0,0.1575625,สวะ,True,medium,C:\Users\muldi\Documents\Playground\University\senior-project-1\dataset\us\clear\ไอ้เหี้ยทำไมนิสัยมึงสวะได้ขนาดนี้.wav
dataset\augmented\เย็ดแม่ กูไม่โอเคกับสิ่งที่มึงทำเลยนะ_none_1089_nan.wav,0.0,1.468375,none,True,,C:\Users\muldi\Documents\Playground\University\senior-project-1\dataset\us\clear\เย็ดแม่ กูไม่โอเคกับสิ่งที่มึงทำเลยนะ.wav
dataset\augmented\หีหอมพ่อง_หี_1090_medium.wav,0.0,0.2011875,หี,True,medium,C:\Users\muldi\Documents\Playground\University\senior-project-1\dataset\us\clear\หีหอมพ่อง.wav
dataset\augmented\อาทโดนFBI_none_1091_nan.wav,0.0,0.717375,none,True,,C:\Users\muldi\Documents\Playground\University\senior-project-1\dataset\us\clear\อาทโดนFBI.wav
dataset\augmented\คนดีห้ามเพื่อน_กู_1092_nan.wav,0.0,0.3721875,กู,True,,C:\Users\muldi\Documents\Playground\University\senior-project-1\dataset\us\clear\คนดีห้ามเพื่อน.wav
dataset\augmented\กาลครั้งมีไอ้สวะตัวหนึ่ง_สวะ_1093_medium.wav,0.0,0.2205,สวะ,True,medium,C:\Users\muldi\Documents\Playground\University\senior-project-1\dataset\us\clear\กาลครั้งมีไอ้สวะตัวหนึ่ง.wav
dataset\augmented\กายพูดกูรัวๆ_none_1094_nan.wav,0.0,0.113375,none,True,,C:\Users\muldi\Documents\Playground\University\senior-project-1\dataset\us\clear\กายพูดกูรัวๆ.wav
dataset\augmented\คนดีห้ามเพื่อน_none_1095_light_none.wav,0.0,1.7993125,none,True,light_none,C:\Users\muldi\Documents\Playground\University\senior-project-1\dataset\us\clear\คนดีห้ามเพื่อน.wav
dataset\augmented\ไอ้อาร์ตพูดเหี้ย_none_1096_nan.wav,0.0,0.389625,none,True,,C:\Users\muldi\Documents\Playground\University\senior-project-1\dataset\us\clear\ไอ้อาร์ตพูดเหี้ย.wav
dataset\augmented\ค่ายเหี้ย_none_1097_nan.wav,0.0,3.9605,none,True,,C:\Users\muldi\Documents\Playground\University\senior-project-1\dataset\us\noise\ค่ายเหี้ย.wav
dataset\augmented\ป้าๆก๋วยเตี๋ยวถุงนึง_แตด_1098_nan.wav,0.0,0.1951875,แตด,True,,C:\Users\muldi\Documents\Playground\University\senior-project-1\dataset\us\clear\ป้าๆก๋วยเตี๋ยวถุงนึง.wav
dataset\augmented\อารมณ์แบบว่างี้ป้ะ_none_1099_nan.wav,0.0,0.2205,none,True,,C:\Users\muldi\Documents\Playground\University\senior-project-1\dataset\us\clear\อารมณ์แบบว่างี้ป้ะ.wav
dataset\augmented\เย็ดแม่ มึงไม่แคร์อะไรเลยใช่ไหมอ่ะ_เย็ด_1100_nan.wav,0.0,0.087,เย็ด,True,,C:\Users\muldi\Documents\Playground\University\senior-project-1\dataset\us\clear\เย็ดแม่ มึงไม่แคร์อะไรเลยใช่ไหมอ่ะ.wav
dataset\augmented\บารมีมารดา_หี_1101_nan.wav,0.0,0.3256875,หี,True,,C:\Users\muldi\Documents\Playground\University\senior-project-1\dataset\us\clear\บารมีมารดา.wav
dataset\augmented\เป็นสวะแล้วยังทำนิสัยหีๆอีก_none_1102_light_none.wav,0.0,1.0096875,none,True,light_none,C:\Users\muldi\Documents\Playground\University\senior-project-1\dataset\us\clear\เป็นสวะแล้วยังทำนิสัยหีๆอีก.wav
dataset\augmented\แปปนึง มึงใครเนี่ย มึงใคร มึงคือใคร_none_1103_nan.wav,0.0,2.1468125,none,True,,C:\Users\muldi\Documents\Playground\University\senior-project-1\dataset\us\clear\แปปนึง มึงใครเนี่ย มึงใคร มึงคือใคร.wav
dataset\augmented\ชอบทำตัวหัวควยใส่คนอื่น ทั้งที่ตัวเองก็ไม่ได้ดีไปกว่าใครเลย_ควย_1104_nan.wav,0.0,0.1631875,ควย,True,,C:\Users\muldi\Documents\Playground\University\senior-project-1\dataset\us\clear\ชอบทำตัวหัวควยใส่คนอื่น ทั้งที่ตัวเองก็ไม่ได้ดีไปกว่าใครเลย.wav
dataset\augmented\ป้าๆก๋วยเตี๋ยวถุงนึง_สวะ_1105_medium.wav,0.0,0.367625,สวะ,True,medium,C:\Users\muldi\Documents\Playground\University\senior-project-1\dataset\us\clear\ป้าๆก๋วยเตี๋ยวถุงนึง.wav
dataset\augmented\กล้าดียังไงมาแตะคนรัก_ควย_1106_nan.wav,0.0,0.5861875,ควย,True,,C:\Users\muldi\Documents\Playground\University\senior-project-1\dataset\us\clear\กล้าดียังไงมาแตะคนรัก.wav
dataset\augmented\ชีสเหม็น_แตด_1107_heavy.wav,0.0,0.2910625,แตด,True,heavy,C:\Users\muldi\Documents\Playground\University\senior-project-1\dataset\us\clear\ชีสเหม็น.wav
dataset\augmented\กู(หลายคำ)_กู_1108_nan.wav,0.0,0.93525,กู,True,,C:\Users\muldi\Documents\Playground\University\senior-project-1\dataset\us\clear\กู(หลายคำ).wav
dataset\augmented\กายพูดกูรัวๆ_none_1109_nan.wav,0.0,0.0913125,none,True,,C:\Users\muldi\Documents\Playground\University\senior-project-1\dataset\us\clear\กายพูดกูรัวๆ.wav
dataset\augmented\แตด (เปอร์)_แตด_1110_heavy.wav,0.0,2.3253125,แตด,True,heavy,C:\Users\muldi\Documents\Playground\University\senior-project-1\dataset\single\แตด\แตด (เปอร์).wav
dataset\augmented\นี่มึงหายหัวไปทั้งวันแบบนี้แล้วพวกเราจะทำงานยังไง_none_1111_nan.wav,0.0,0.4280625,none,True,,C:\Users\muldi\Documents\Playground\University\senior-project-1\dataset\us\clear\นี่มึงหายหัวไปทั้งวันแบบนี้แล้วพวกเราจะทำงานยังไง.wav
dataset\augmented\คนดีห้ามเพื่อน_none_1112_nan.wav,0.0,1.7993125,none,True,,C:\Users\muldi\Documents\Playground\University\senior-project-1\dataset\us\clear\คนดีห้ามเพื่อน.wav
dataset\augmented\หีหอมพ่อง_none_1113_nan.wav,0.0,1.539625,none,True,,C:\Users\muldi\Documents\Playground\University\senior-project-1\dataset\us\clear\หีหอมพ่อง.wav
dataset\augmented\มึง หิวข้าวป่าววะไอดิฟ_มึง_1114_nan.wav,0.0,0.5225625,มึง,True,,C:\Users\muldi\Documents\Playground\University\senior-project-1\dataset\us\noise\มึง หิวข้าวป่าววะไอดิฟ.wav
dataset\augmented\แตด (แทน)_แตด_1115_heavy.wav,0.0,2.112,แตด,True,heavy,C:\Users\muldi\Documents\Playground\University\senior-project-1\dataset\single\แตด\แตด (แทน).wav
dataset\augmented\ชีสเหม็น_แตด_1116_nan.wav,0.0,0.2910625,แตด,True,,C:\Users\muldi\Documents\Playground\University\senior-project-1\dataset\us\clear\ชีสเหม็น.wav
dataset\augmented\อย่าฟังความข้างเดียวสิ กูน่ะบอกอยู่เสมอแล้วว่ากูเป็นคนดี_กู_1117_nan.wav,0.0,0.1619375,กู,True,,C:\Users\muldi\Documents\Playground\University\senior-project-1\dataset\us\clear\อย่าฟังความข้างเดียวสิ กูน่ะบอกอยู่เสมอแล้วว่ากูเป็นคนดี.wav
dataset\augmented\ทุกครั้งมันก็เป็นแบบนี้เสมออ่ะ เย็ดแม่_เย็ด_1118_nan.wav,0.0,0.0625,เย็ด,True,,C:\Users\muldi\Documents\Playground\University\senior-project-1\dataset\us\clear\ทุกครั้งมันก็เป็นแบบนี้เสมออ่ะ เย็ดแม่.wav
dataset\augmented\บารมีมารดา_none_1119_nan.wav,0.0,1.074625,none,True,,C:\Users\muldi\Documents\Playground\University\senior-project-1\dataset\us\clear\บารมีมารดา.wav
dataset\augmented\อารมณ์แบบว่างี้ป้ะ_แตด_1120_heavy.wav,0.0,0.1524375,แตด,True,heavy,C:\Users\muldi\Documents\Playground\University\senior-project-1\dataset\us\clear\อารมณ์แบบว่างี้ป้ะ.wav
dataset\augmented\ถ้าแกไม่ไป กูก็ไม่ไปเหมือนกัน_none_1121_nan.wav,0.0,1.431375,none,True,,C:\Users\muldi\Documents\Playground\University\senior-project-1\dataset\us\clear\ถ้าแกไม่ไป กูก็ไม่ไปเหมือนกัน.wav
dataset\augmented\บิวพูดเหี้ย_none_1122_nan.wav,0.0,1.0534375,none,True,,C:\Users\muldi\Documents\Playground\University\senior-project-1\dataset\us\clear\บิวพูดเหี้ย.wav
dataset\augmented\เย็ด (เปอร์)_เย็ด_1123_nan.wav,0.0,2.24,เย็ด,True,,C:\Users\muldi\Documents\Playground\University\senior-project-1\dataset\single\เย็ด\เย็ด (เปอร์).wav
dataset\augmented\คือมึงไม่ฉลาดหรอวะ_แตด_1124_nan.wav,0.0,0.1149375,แตด,True,,C:\Users\muldi\Documents\Playground\University\senior-project-1\dataset\us\clear\คือมึงไม่ฉลาดหรอวะ.wav
dataset\augmented\เช้านี้สดใส_มึง_1125_light.wav,0.0,0.14625,มึง,True,light,C:\Users\muldi\Documents\Playground\University\senior-project-1\dataset\us\clear\เช้านี้สดใส.wav
dataset\augmented\กาลครั้งมีไอ้สวะตัวหนึ่ง_none_1126_nan.wav,0.0,0.3375625,none,True,,C:\Users\muldi\Documents\Playground\University\senior-project-1\dataset\us\clear\กาลครั้งมีไอ้สวะตัวหนึ่ง.wav
dataset\augmented\หยุดทำแบบนี้ซะทีดิ๊ เย็ดแม่_none_1127_nan.wav,0.0,1.182875,none,True,,C:\Users\muldi\Documents\Playground\University\senior-project-1\dataset\us\clear\หยุดทำแบบนี้ซะทีดิ๊ เย็ดแม่.wav
dataset\augmented\บิวพูดเหี้ย_กู_1128_nan.wav,0.0,0.3553125,กู,True,,C:\Users\muldi\Documents\Playground\University\senior-project-1\dataset\us\clear\บิวพูดเหี้ย.wav
dataset\augmented\เย็ดแม่ กูควรจะคาดหวังอะไรจากมึงอีกอ่ะ_none_1129_nan.wav,0.0,0.8976875,none,True,,C:\Users\muldi\Documents\Playground\University\senior-project-1\dataset\us\clear\เย็ดแม่ กูควรจะคาดหวังอะไรจากมึงอีกอ่ะ.wav
dataset\augmented\Janพูดถึงอาท_เหี้ย_1130_light.wav,0.0,0.4703125,เหี้ย,True,light,C:\Users\muldi\Documents\Playground\University\senior-project-1\dataset\us\clear\Janพูดถึงอาท.wav
dataset\augmented\เย็ดแม่ รู้ไหมว่าสิ่งนี้มันทำให้กูเสียใจแค่ไหนอ่ะ_เย็ด_1131_medium.wav,0.0,0.1029375,เย็ด,True,medium,C:\Users\muldi\Documents\Playground\University\senior-project-1\dataset\us\clear\เย็ดแม่ รู้ไหมว่าสิ่งนี้มันทำให้กูเสียใจแค่ไหนอ่ะ.wav
dataset\augmented\บิวพูดควย_none_1132_nan.wav,0.0,0.0179375,none,True,,C:\Users\muldi\Documents\Playground\University\senior-project-1\dataset\us\clear\บิวพูดควย.wav
dataset\augmented\แดนแถมควย_ควย_1133_medium.wav,0.0,0.3460625,ควย,True,medium,C:\Users\muldi\Documents\Playground\University\senior-project-1\dataset\us\clear\แดนแถมควย.wav
dataset\augmented\เมื่อวานเว้ยกูเห็นมึงกับไอกิตอะไปทำอะไรที่หลังซอย_none_1134_light_none.wav,0.0,1.28725,none,True,light_none,C:\Users\muldi\Documents\Playground\University\senior-project-1\dataset\us\clear\เมื่อวานเว้ยกูเห็นมึงกับไอกิตอะไปทำอะไรที่หลังซอย.wav
dataset\augmented\ค่ายเหี้ย2_none_1135_nan.wav,0.0,0.7300625,none,True,,C:\Users\muldi\Documents\Playground\University\senior-project-1\dataset\us\noise\ค่ายเหี้ย2.wav
dataset\augmented\อารมณ์แบบว่างี้ป้ะ_สวะ_1136_nan.wav,0.0,0.393,สวะ,True,,C:\Users\muldi\Documents\Playground\University\senior-project-1\dataset\us\clear\อารมณ์แบบว่างี้ป้ะ.wav
dataset\augmented\ทายคำเย็ดแม่_none_1137_nan.wav,0.0,35.6928125,none,True,,C:\Users\muldi\Documents\Playground\University\senior-project-1\dataset\us\clear\ทายคำเย็ดแม่.wav
dataset\augmented\บิวพูดเหี้ย_none_1138_light_none.wav,0.0,1.0243125,none,True,light_none,C:\Users\muldi\Documents\Playground\University\senior-project-1\dataset\us\clear\บิวพูดเหี้ย.wav
dataset\augmented\อาทโดนFBI_none_1139_nan.wav,0.0,13.922125,none,True,,C:\Users\muldi\Documents\Playground\University\senior-project-1\dataset\us\clear\อาทโดนFBI.wav
dataset\augmented\อาทโดนFBI_ควย_1140_medium.wav,0.0,0.232875,ควย,True,medium,C:\Users\muldi\Documents\Playground\University\senior-project-1\dataset\us\clear\อาทโดนFBI.wav
dataset\augmented\คนดีห้ามเพื่อน_none_1141_nan.wav,0.0,3.0271875,none,True,,C:\Users\muldi\Documents\Playground\University\senior-project-1\dataset\us\clear\คนดีห้ามเพื่อน.wav
dataset\augmented\แตด (เปอร์)_แตด_1142_nan.wav,0.0,2.3253125,แตด,True,,C:\Users\muldi\Documents\Playground\University\senior-project-1\dataset\single\แตด\แตด (เปอร์).wav
dataset\augmented\คือมึงไม่ฉลาดหรอวะ_แตด_1143_heavy.wav,0.0,0.1149375,แตด,True,heavy,C:\Users\muldi\Documents\Playground\University\senior-project-1\dataset\us\clear\คือมึงไม่ฉลาดหรอวะ.wav
dataset\augmented\บารมีมารดา_none_1144_nan.wav,0.0,2.416,none,True,,C:\Users\muldi\Documents\Playground\University\senior-project-1\dataset\us\clear\บารมีมารดา.wav
dataset\augmented\ควย (เปอร์)_ควย_1145_nan.wav,0.0,2.112,ควย,True,,C:\Users\muldi\Documents\Playground\University\senior-project-1\dataset\single\ควย\ควย (เปอร์).wav
dataset\augmented\นี่มันจะเกินไปแล้วนะไอเย็ดแม่_none_1146_nan.wav,0.0,1.2019375,none,True,,C:\Users\muldi\Documents\Playground\University\senior-project-1\dataset\us\clear\นี่มันจะเกินไปแล้วนะไอเย็ดแม่.wav
dataset\augmented\มึง หิวข้าวป่าววะไอดิฟ_มึง_1147_light.wav,0.0,0.5225625,มึง,True,light,C:\Users\muldi\Documents\Playground\University\senior-project-1\dataset\us\noise\มึง หิวข้าวป่าววะไอดิฟ.wav
dataset\augmented\Janพูดถึงอาท_none_1148_nan.wav,0.0,5.6976875,none,True,,C:\Users\muldi\Documents\Playground\University\senior-project-1\dataset\us\clear\Janพูดถึงอาท.wav
dataset\augmented\เป็นสวะแล้วยังทำนิสัยหีๆอีก_none_1149_nan.wav,0.0,0.8661875,none,True,,C:\Users\muldi\Documents\Playground\University\senior-project-1\dataset\us\clear\เป็นสวะแล้วยังทำนิสัยหีๆอีก.wav
dataset\augmented\บัวด่านัท_มึง_1150_nan.wav,0.0,0.1573125,มึง,True,,C:\Users\muldi\Documents\Playground\University\senior-project-1\dataset\us\clear\บัวด่านัท.wav
dataset\augmented\กล้าดียังไงมาแตะคนรัก_แตด_1151_heavy.wav,0.0,0.358875,แตด,True,heavy,C:\Users\muldi\Documents\Playground\University\senior-project-1\dataset\us\clear\กล้าดียังไงมาแตะคนรัก.wav
dataset\augmented\ทายคำเย็ดแม่_เย็ด_1152_medium.wav,0.0,0.0716875,เย็ด,True,medium,C:\Users\muldi\Documents\Playground\University\senior-project-1\dataset\us\clear\ทายคำเย็ดแม่.wav
dataset\augmented\กล้าดียังไงมาแตะคนรัก_สวะ_1153_nan.wav,0.0,0.39775,สวะ,True,,C:\Users\muldi\Documents\Playground\University\senior-project-1\dataset\us\clear\กล้าดียังไงมาแตะคนรัก.wav
dataset\augmented\สวะ (เบลล์)_สวะ_1154_medium.wav,0.0,1.96,สวะ,True,medium,C:\Users\muldi\Documents\Playground\University\senior-project-1\dataset\single\สวะ\สวะ (เบลล์).wav
dataset\augmented\คอมโครตดี_none_1155_light_none.wav,0.0,1.5181875,none,True,light_none,C:\Users\muldi\Documents\Playground\University\senior-project-1\dataset\us\clear\คอมโครตดี.wav
dataset\augmented\ทุกครั้งที่เขาพูด มันเหมือนเขากำลังพ่นสวะออกมา_สวะ_1156_medium.wav,0.0,0.209125,สวะ,True,medium,C:\Users\muldi\Documents\Playground\University\senior-project-1\dataset\us\clear\ทุกครั้งที่เขาพูด มันเหมือนเขากำลังพ่นสวะออกมา.wav
dataset\augmented\มึง (โบท)_มึง_1157_light.wav,0.0,2.17,มึง,True,light,C:\Users\muldi\Documents\Playground\University\senior-project-1\dataset\single\มึง\มึง (โบท).wav
dataset\augmented\ไอ้เหี้ยทำไมนิสัยมึงสวะได้ขนาดนี้_สวะ_1158_medium.wav,0.0,0.1575625,สวะ,True,medium,C:\Users\muldi\Documents\Playground\University\senior-project-1\dataset\us\clear\ไอ้เหี้ยทำไมนิสัยมึงสวะได้ขนาดนี้.wav
dataset\augmented\ไอ้อาร์ตพูดเหี้ย_none_1159_light_none.wav,0.0,2.260125,none,True,light_none,C:\Users\muldi\Documents\Playground\University\senior-project-1\dataset\us\clear\ไอ้อาร์ตพูดเหี้ย.wav
dataset\augmented\อาทโดนFBI_มึง_1160_nan.wav,0.0,0.283,มึง,True,,C:\Users\muldi\Documents\Playground\University\senior-project-1\dataset\us\clear\อาทโดนFBI.wav
dataset\augmented\มึง (เปอร์)_มึง_1161_nan.wav,0.0,1.9626875,มึง,True,,C:\Users\muldi\Documents\Playground\University\senior-project-1\dataset\single\มึง\มึง (เปอร์).wav
dataset\augmented\เย็ดแม่ กูไม่โอเคกับสิ่งที่มึงทำเลยนะ_เย็ด_1162_nan.wav,0.0,0.13375,เย็ด,True,,C:\Users\muldi\Documents\Playground\University\senior-project-1\dataset\us\clear\เย็ดแม่ กูไม่โอเคกับสิ่งที่มึงทำเลยนะ.wav
dataset\augmented\คอมโครตดี_กู_1163_nan.wav,0.0,0.046875,กู,True,,C:\Users\muldi\Documents\Playground\University\senior-project-1\dataset\us\clear\คอมโครตดี.wav
dataset\augmented\ไอ้เย็ดแม่เอ๊ย โทรมาทำไม กูง่วง_กู_1164_nan.wav,0.0,0.1343125,กู,True,,C:\Users\muldi\Documents\Playground\University\senior-project-1\dataset\us\clear\ไอ้เย็ดแม่เอ๊ย โทรมาทำไม กูง่วง.wav
dataset\augmented\ฉันไปเรียนภาษาใต้มา_แตด_1165_heavy.wav,0.0,0.711625,แตด,True,heavy,C:\Users\muldi\Documents\Playground\University\senior-project-1\dataset\us\clear\ฉันไปเรียนภาษาใต้มา.wav
dataset\augmented\สวะ (แทน)_สวะ_1166_nan.wav,0.0,1.7066875,สวะ,True,,C:\Users\muldi\Documents\Playground\University\senior-project-1\dataset\single\สวะ\สวะ (แทน).wav
dataset\augmented\บิวพูดเหี้ย_เหี้ย_1167_light.wav,0.0,0.5565625,เหี้ย,True,light,C:\Users\muldi\Documents\Playground\University\senior-project-1\dataset\us\clear\บิวพูดเหี้ย.wav
dataset\augmented\ความดื้อรั้นหน้าหีของมึงทำให้ทุกอย่างแย่ลงนะ_มึง_1168_light.wav,0.0,0.1065625,มึง,True,light,C:\Users\muldi\Documents\Playground\University\senior-project-1\dataset\us\clear\ความดื้อรั้นหน้าหีของมึงทำให้ทุกอย่างแย่ลงนะ.wav
dataset\augmented\เย็ดแม่ ทำไมถึงไม่ใส่ใจในสิ่งที่กูบอกบ้างอ่ะ_เย็ด_1169_nan.wav,0.0,0.0855625,เย็ด,True,,C:\Users\muldi\Documents\Playground\University\senior-project-1\dataset\us\clear\เย็ดแม่ ทำไมถึงไม่ใส่ใจในสิ่งที่กูบอกบ้างอ่ะ.wav
dataset\augmented\โต้งไล่หมา_กู_1170_nan.wav,0.0,0.1324375,กู,True,,C:\Users\muldi\Documents\Playground\University\senior-project-1\dataset\us\clear\โต้งไล่หมา.wav
dataset\augmented\อีกระเทย มึงอะอีกระเทย กูอะตุ๊แท้ มึงอะตุ๊ดเทียม_มึง_1171_nan.wav,0.0,0.2565625,มึง,True,,C:\Users\muldi\Documents\Playground\University\senior-project-1\dataset\us\clear\อีกระเทย มึงอะอีกระเทย กูอะตุ๊แท้ มึงอะตุ๊ดเทียม.wav
dataset\augmented\ก็มาดิสะไอ้สัสเป็นเหี้ยไรวะ_กู_1172_nan.wav,0.0,0.0596875,กู,True,,C:\Users\muldi\Documents\Playground\University\senior-project-1\dataset\us\clear\ก็มาดิสะไอ้สัสเป็นเหี้ยไรวะ.wav
dataset\augmented\เอ๊ย เป็นเหี้ยไรวะกูถามจริง_หี_1173_medium.wav,0.0,0.1924375,หี,True,medium,C:\Users\muldi\Documents\Playground\University\senior-project-1\dataset\us\clear\เอ๊ย เป็นเหี้ยไรวะกูถามจริง.wav
dataset\augmented\โอ๊ย เย็ดแม่ เจ็บชิบหาย_none_1174_nan.wav,0.0,1.9646875,none,True,,C:\Users\muldi\Documents\Playground\University\senior-project-1\dataset\us\noise\โอ๊ย เย็ดแม่ เจ็บชิบหาย.wav
dataset\augmented\กล้าดียังไงมาแตะคนรัก_หี_1175_medium.wav,0.0,0.2183125,หี,True,medium,C:\Users\muldi\Documents\Playground\University\senior-project-1\dataset\us\clear\กล้าดียังไงมาแตะคนรัก.wav
dataset\augmented\หีหอมพ่อง_none_1176_nan.wav,0.0,1.5380625,none,True,,C:\Users\muldi\Documents\Playground\University\senior-project-1\dataset\us\clear\หีหอมพ่อง.wav
dataset\augmented\Janพูดถึงอาท_เหี้ย_1177_nan.wav,0.0,0.633375,เหี้ย,True,,C:\Users\muldi\Documents\Playground\University\senior-project-1\dataset\us\clear\Janพูดถึงอาท.wav
dataset\augmented\คอมโครตดี_สวะ_1178_medium.wav,0.0,0.4045625,สวะ,True,medium,C:\Users\muldi\Documents\Playground\University\senior-project-1\dataset\us\clear\คอมโครตดี.wav
dataset\augmented\พฤติกรรมเห็นแก่ตัวหัวควยของมึงมันสร้างปัญหารู้ไหม_none_1179_nan.wav,0.0,1.766875,none,True,,C:\Users\muldi\Documents\Playground\University\senior-project-1\dataset\us\clear\พฤติกรรมเห็นแก่ตัวหัวควยของมึงมันสร้างปัญหารู้ไหม.wav
dataset\augmented\อาทโดนFBI_none_1180_nan.wav,0.0,0.145125,none,True,,C:\Users\muldi\Documents\Playground\University\senior-project-1\dataset\us\clear\อาทโดนFBI.wav
dataset\augmented\เย็ดแม่ นี่คือสิ่งที่มึงเรียกว่าความยุติธรรมอ่อ_เย็ด_1181_nan.wav,0.0,0.124375,เย็ด,True,,C:\Users\muldi\Documents\Playground\University\senior-project-1\dataset\us\clear\เย็ดแม่ นี่คือสิ่งที่มึงเรียกว่าความยุติธรรมอ่อ.wav
dataset\augmented\โต้งไล่หมา_กู_1182_light.wav,0.0,0.177375,กู,True,light,C:\Users\muldi\Documents\Playground\University\senior-project-1\dataset\us\clear\โต้งไล่หมา.wav
dataset\augmented\อาทโดนFBI_เหี้ย_1183_nan.wav,0.0,0.171875,เหี้ย,True,,C:\Users\muldi\Documents\Playground\University\senior-project-1\dataset\us\clear\อาทโดนFBI.wav
dataset\augmented\คือมึงไม่ฉลาดหรอวะ_ควย_1184_medium.wav,0.0,0.1511875,ควย,True,medium,C:\Users\muldi\Documents\Playground\University\senior-project-1\dataset\us\clear\คือมึงไม่ฉลาดหรอวะ.wav
dataset\augmented\ควย มึงทำแบบนี้คนจะมองว่าเป็นคนไร้ความรับผิดชอบนะ_ควย_1185_medium.wav,0.0,0.476875,ควย,True,medium,C:\Users\muldi\Documents\Playground\University\senior-project-1\dataset\us\clear\ควย มึงทำแบบนี้คนจะมองว่าเป็นคนไร้ความรับผิดชอบนะ.wav
dataset\augmented\Janพูดถึงอาท_หี_1186_medium.wav,0.0,0.17575,หี,True,medium,C:\Users\muldi\Documents\Playground\University\senior-project-1\dataset\us\clear\Janพูดถึงอาท.wav
dataset\augmented\การกระทำที่ไร้ศีลธรรมของเขาเป็นเหมือนสวะที่ปนเปื้อนในสังคม_none_1187_nan.wav,0.0,1.3915625,none,True,,C:\Users\muldi\Documents\Playground\University\senior-project-1\dataset\us\clear\การกระทำที่ไร้ศีลธรรมของเขาเป็นเหมือนสวะที่ปนเปื้อนในสังคม.wav
dataset\augmented\กายพูดกูรัวๆ_none_1188_nan.wav,0.0,0.3609375,none,True,,C:\Users\muldi\Documents\Playground\University\senior-project-1\dataset\us\clear\กายพูดกูรัวๆ.wav
dataset\augmented\บิวพูดเหี้ย_เหี้ย_1189_nan.wav,0.0,0.5565625,เหี้ย,True,,C:\Users\muldi\Documents\Playground\University\senior-project-1\dataset\us\clear\บิวพูดเหี้ย.wav
dataset\augmented\บิวพูดควย_ควย_1190_nan.wav,0.0,0.503,ควย,True,,C:\Users\muldi\Documents\Playground\University\senior-project-1\dataset\us\clear\บิวพูดควย.wav
dataset\augmented\มึงไม่เบื่อหรอวะไอดิฟ วันๆเห็นเอาแต่หลี่สาวอะ_none_1191_nan.wav,0.0,4.165,none,True,,C:\Users\muldi\Documents\Playground\University\senior-project-1\dataset\us\clear\มึงไม่เบื่อหรอวะไอดิฟ วันๆเห็นเอาแต่หลี่สาวอะ.wav
dataset\augmented\ชีสเหม็น_เหี้ย_1192_nan.wav,0.0,0.47975,เหี้ย,True,,C:\Users\muldi\Documents\Playground\University\senior-project-1\dataset\us\clear\ชีสเหม็น.wav
dataset\augmented\เราควรทิ้งความคิดเชิงลบเหมือนกำจัดสวะออกจากแม่น้ำ_สวะ_1193_medium.wav,0.0,0.28125,สวะ,True,medium,C:\Users\muldi\Documents\Playground\University\senior-project-1\dataset\us\clear\เราควรทิ้งความคิดเชิงลบเหมือนกำจัดสวะออกจากแม่น้ำ.wav
dataset\augmented\เป็นสวะแล้วยังทำนิสัยหีๆอีก_หี_1194_medium.wav,0.0,0.1648125,หี,True,medium,C:\Users\muldi\Documents\Playground\University\senior-project-1\dataset\us\clear\เป็นสวะแล้วยังทำนิสัยหีๆอีก.wav
dataset\augmented\มึง (แทน)_มึง_1195_nan.wav,0.0,1.6,มึง,True,,C:\Users\muldi\Documents\Playground\University\senior-project-1\dataset\single\มึง\มึง (แทน).wav
dataset\augmented\เย็ดแม่ นี่คือเหตุผลที่กูไม่อยากคุยกับมึง_กู_1196_nan.wav,0.0,0.0844375,กู,True,,C:\Users\muldi\Documents\Playground\University\senior-project-1\dataset\us\clear\เย็ดแม่ นี่คือเหตุผลที่กูไม่อยากคุยกับมึง.wav
dataset\augmented\เย็ดแม่ นี่ไม่ใช่ครั้งแรกที่มึงทำแบบนี้นะ_เย็ด_1197_nan.wav,0.0,0.0675625,เย็ด,True,,C:\Users\muldi\Documents\Playground\University\senior-project-1\dataset\us\clear\เย็ดแม่ นี่ไม่ใช่ครั้งแรกที่มึงทำแบบนี้นะ.wav
dataset\augmented\เอ๊ย เป็นเหี้ยไรวะกูถามจริง_มึง_1198_nan.wav,0.0,0.1,มึง,True,,C:\Users\muldi\Documents\Playground\University\senior-project-1\dataset\us\clear\เอ๊ย เป็นเหี้ยไรวะกูถามจริง.wav
dataset\augmented\ก็แล้วจะทำไม มึงจะมาหาเรื่องหรอ_มึง_1199_nan.wav,0.0,0.2466875,มึง,True,,C:\Users\muldi\Documents\Playground\University\senior-project-1\dataset\us\clear\ก็แล้วจะทำไม มึงจะมาหาเรื่องหรอ.wav
dataset\augmented\กูตั้งใจจะเรียนให้จบปีนี้_none_1200_light_none.wav,0.0,2.2600625,none,True,light_none,C:\Users\muldi\Documents\Playground\University\senior-project-1\dataset\us\clear\กูตั้งใจจะเรียนให้จบปีนี้.wav
dataset\augmented\อารมณ์แบบว่างี้ป้ะ_เหี้ย_1201_nan.wav,0.0,0.291625,เหี้ย,True,,C:\Users\muldi\Documents\Playground\University\senior-project-1\dataset\us\clear\อารมณ์แบบว่างี้ป้ะ.wav
dataset\augmented\กูว่ามันไม่ใช่เรื่องง่าย แต่กูก็จะลองดู_none_1202_light_none.wav,0.0,0.0384375,none,True,light_none,C:\Users\muldi\Documents\Playground\University\senior-project-1\dataset\us\clear\กูว่ามันไม่ใช่เรื่องง่าย แต่กูก็จะลองดู.wav
dataset\augmented\บัวด่านัท_none_1203_nan.wav,0.0,1.8999375,none,True,,C:\Users\muldi\Documents\Playground\University\senior-project-1\dataset\us\clear\บัวด่านัท.wav
dataset\augmented\กาลครั้งมีไอ้สวะตัวหนึ่ง_หี_1204_medium.wav,0.0,0.137125,หี,True,medium,C:\Users\muldi\Documents\Playground\University\senior-project-1\dataset\us\clear\กาลครั้งมีไอ้สวะตัวหนึ่ง.wav
dataset\augmented\หี (โบท)_หี_1205_medium.wav,0.0,2.04,หี,True,medium,C:\Users\muldi\Documents\Playground\University\senior-project-1\dataset\single\หี\หี (โบท).wav
dataset\augmented\ทุกครั้งมันก็เป็นแบบนี้เสมออ่ะ เย็ดแม่_เย็ด_1206_medium.wav,0.0,0.0625,เย็ด,True,medium,C:\Users\muldi\Documents\Playground\University\senior-project-1\dataset\us\clear\ทุกครั้งมันก็เป็นแบบนี้เสมออ่ะ เย็ดแม่.wav
dataset\augmented\อั้มด่าแหลก_เหี้ย_1207_light.wav,0.0,0.2385625,เหี้ย,True,light,C:\Users\muldi\Documents\Playground\University\senior-project-1\dataset\us\clear\อั้มด่าแหลก.wav
dataset\augmented\ไอ้เหี้ย ใครกินของกูหมดเนี่ย_none_1208_light_none.wav,0.0,1.3955,none,True,light_none,C:\Users\muldi\Documents\Playground\University\senior-project-1\dataset\us\clear\ไอ้เหี้ย ใครกินของกูหมดเนี่ย.wav
dataset\augmented\อารมณ์แบบว่างี้ป้ะ_none_1209_nan.wav,0.0,0.164125,none,True,,C:\Users\muldi\Documents\Playground\University\senior-project-1\dataset\us\clear\อารมณ์แบบว่างี้ป้ะ.wav
dataset\augmented\หี (แทน)_หี_1210_nan.wav,0.0,1.7066875,หี,True,,C:\Users\muldi\Documents\Playground\University\senior-project-1\dataset\single\หี\หี (แทน).wav
dataset\augmented\บัวด่านัท_none_1211_nan.wav,0.0,0.547125,none,True,,C:\Users\muldi\Documents\Playground\University\senior-project-1\dataset\us\clear\บัวด่านัท.wav
dataset\augmented\โอ๊ยเย็ดเป็ดหีแม่มึงร่วง_เย็ด_1212_medium.wav,0.0,0.1541875,เย็ด,True,medium,C:\Users\muldi\Documents\Playground\University\senior-project-1\dataset\us\clear\โอ๊ยเย็ดเป็ดหีแม่มึงร่วง.wav
dataset\augmented\ทุกครั้งมันก็เป็นแบบนี้เสมออ่ะ เย็ดแม่_none_1213_light_none.wav,0.0,0.9749375,none,True,light_none,C:\Users\muldi\Documents\Playground\University\senior-project-1\dataset\us\clear\ทุกครั้งมันก็เป็นแบบนี้เสมออ่ะ เย็ดแม่.wav
dataset\augmented\ก็มาดิสะไอ้สัสเป็นเหี้ยไรวะ_none_1214_light_none.wav,0.0,1.2978125,none,True,light_none,C:\Users\muldi\Documents\Playground\University\senior-project-1\dataset\us\clear\ก็มาดิสะไอ้สัสเป็นเหี้ยไรวะ.wav
dataset\augmented\บัวด่านัท_none_1215_nan.wav,0.0,0.32525,none,True,,C:\Users\muldi\Documents\Playground\University\senior-project-1\dataset\us\clear\บัวด่านัท.wav
dataset\augmented\เย็ดแม่ ทำไมถึงไม่คิดก่อนพูดบ้าง_none_1216_nan.wav,0.0,2.162375,none,True,,C:\Users\muldi\Documents\Playground\University\senior-project-1\dataset\us\clear\เย็ดแม่ ทำไมถึงไม่คิดก่อนพูดบ้าง.wav
dataset\augmented\กายพูดกูรัวๆ_none_1217_light_none.wav,0.0,0.0989375,none,True,light_none,C:\Users\muldi\Documents\Playground\University\senior-project-1\dataset\us\clear\กายพูดกูรัวๆ.wav
dataset\augmented\อย่าทำเหมือนกูไม่มีตัวตนนะ เย็ดแม่_กู_1218_nan.wav,0.0,0.114,กู,True,,C:\Users\muldi\Documents\Playground\University\senior-project-1\dataset\us\clear\อย่าทำเหมือนกูไม่มีตัวตนนะ เย็ดแม่.wav
dataset\augmented\กาลครั้งมีไอ้สวะตัวหนึ่ง_สวะ_1219_nan.wav,0.0,0.2205,สวะ,True,,C:\Users\muldi\Documents\Playground\University\senior-project-1\dataset\us\clear\กาลครั้งมีไอ้สวะตัวหนึ่ง.wav
dataset\augmented\ค่ายเหี้ย2_หี_1220_nan.wav,0.0,0.25525,หี,True,,C:\Users\muldi\Documents\Playground\University\senior-project-1\dataset\us\noise\ค่ายเหี้ย2.wav
dataset\augmented\เป็นสวะแล้วยังทำนิสัยหีๆอีก_มึง_1221_light.wav,0.0,0.27975,มึง,True,light,C:\Users\muldi\Documents\Playground\University\senior-project-1\dataset\us\clear\เป็นสวะแล้วยังทำนิสัยหีๆอีก.wav
dataset\augmented\สวะ (โบท)_สวะ_1222_medium.wav,0.0,1.91,สวะ,True,medium,C:\Users\muldi\Documents\Playground\University\senior-project-1\dataset\single\สวะ\สวะ (โบท).wav
dataset\augmented\คือมึงไม่ฉลาดหรอวะ_none_1223_nan.wav,0.0,0.0826875,none,True,,C:\Users\muldi\Documents\Playground\University\senior-project-1\dataset\us\clear\คือมึงไม่ฉลาดหรอวะ.wav
dataset\augmented\แดนแถมควย_none_1224_nan.wav,0.0,1.654625,none,True,,C:\Users\muldi\Documents\Playground\University\senior-project-1\dataset\us\clear\แดนแถมควย.wav
dataset\augmented\บารมีมารดา_none_1225_light_none.wav,0.0,0.77175,none,True,light_none,C:\Users\muldi\Documents\Playground\University\senior-project-1\dataset\us\clear\บารมีมารดา.wav
dataset\augmented\สวะ (เบลล์)_สวะ_1226_nan.wav,0.0,1.96,สวะ,True,,C:\Users\muldi\Documents\Playground\University\senior-project-1\dataset\single\สวะ\สวะ (เบลล์).wav
dataset\augmented\หี (เปอร์)_หี_1227_medium.wav,0.0,2.944,หี,True,medium,C:\Users\muldi\Documents\Playground\University\senior-project-1\dataset\single\หี\หี (เปอร์).wav
dataset\augmented\เย็ดแม่ ทนไม่ไหวแล้วจริงๆนะ_none_1228_nan.wav,0.0,1.9680625,none,True,,C:\Users\muldi\Documents\Playground\University\senior-project-1\dataset\us\clear\เย็ดแม่ ทนไม่ไหวแล้วจริงๆนะ.wav
dataset\augmented\คอมโครตดี_none_1229_nan.wav,0.0,2.5965625,none,True,,C:\Users\muldi\Documents\Playground\University\senior-project-1\dataset\us\clear\คอมโครตดี.wav
dataset\augmented\อั้มด่าแหลก_none_1230_nan.wav,0.0,0.5759375,none,True,,C:\Users\muldi\Documents\Playground\University\senior-project-1\dataset\us\clear\อั้มด่าแหลก.wav
dataset\augmented\ก็มาดิสะไอ้สัสเป็นเหี้ยไรวะ_เหี้ย_1231_light.wav,0.0,0.3690625,เหี้ย,True,light,C:\Users\muldi\Documents\Playground\University\senior-project-1\dataset\us\clear\ก็มาดิสะไอ้สัสเป็นเหี้ยไรวะ.wav
dataset\augmented\การกระทำที่ไร้ศีลธรรมของเขาเป็นเหมือนสวะที่ปนเปื้อนในสังคม_none_1232_nan.wav,0.0,2.961875,none,True,,C:\Users\muldi\Documents\Playground\University\senior-project-1\dataset\us\clear\การกระทำที่ไร้ศีลธรรมของเขาเป็นเหมือนสวะที่ปนเปื้อนในสังคม.wav
dataset\augmented\บิวพูดเหี้ย_เหี้ย_1233_light.wav,0.0,0.33175,เหี้ย,True,light,C:\Users\muldi\Documents\Playground\University\senior-project-1\dataset\us\clear\บิวพูดเหี้ย.wav
dataset\augmented\เลสเบี้ยน_หี_1234_medium.wav,0.0,0.213375,หี,True,medium,C:\Users\muldi\Documents\Playground\University\senior-project-1\dataset\us\clear\เลสเบี้ยน.wav
dataset\augmented\ควย (เบลล์)_ควย_1235_nan.wav,0.0,2.05,ควย,True,,C:\Users\muldi\Documents\Playground\University\senior-project-1\dataset\single\ควย\ควย (เบลล์).wav
dataset\augmented\ด้วยสัตย์สาบานแห่งพระแม่กิ้งก่า กูขอสาบานว่า_none_1236_nan.wav,0.0,1.8368125,none,True,,C:\Users\muldi\Documents\Playground\University\senior-project-1\dataset\us\clear\ด้วยสัตย์สาบานแห่งพระแม่กิ้งก่า กูขอสาบานว่า.wav
dataset\augmented\ไอ้อาร์ตพูดเหี้ย_มึง_1237_nan.wav,0.0,0.189375,มึง,True,,C:\Users\muldi\Documents\Playground\University\senior-project-1\dataset\us\clear\ไอ้อาร์ตพูดเหี้ย.wav
dataset\augmented\เลสเบี้ยน_none_1238_nan.wav,0.0,2.375875,none,True,,C:\Users\muldi\Documents\Playground\University\senior-project-1\dataset\us\clear\เลสเบี้ยน.wav
dataset\augmented\โอ๊ยเย็ดเป็ดหีแม่มึงร่วง_เย็ด_1239_nan.wav,0.0,0.1541875,เย็ด,True,,C:\Users\muldi\Documents\Playground\University\senior-project-1\dataset\us\clear\โอ๊ยเย็ดเป็ดหีแม่มึงร่วง.wav
dataset\augmented\เย็ดแม่ ทนไม่ไหวแล้วจริงๆนะ_none_1240_nan.wav,0.0,0.1330625,none,True,,C:\Users\muldi\Documents\Playground\University\senior-project-1\dataset\us\clear\เย็ดแม่ ทนไม่ไหวแล้วจริงๆนะ.wav
dataset\augmented\ไอ้เหี้ยทำไมนิสัยมึงสวะได้ขนาดนี้_เหี้ย_1241_light.wav,0.0,0.1995625,เหี้ย,True,light,C:\Users\muldi\Documents\Playground\University\senior-project-1\dataset\us\clear\ไอ้เหี้ยทำไมนิสัยมึงสวะได้ขนาดนี้.wav
dataset\augmented\เอ๊ย เป็นเหี้ยไรวะกูถามจริง_none_1242_nan.wav,0.0,0.889125,none,True,,C:\Users\muldi\Documents\Playground\University\senior-project-1\dataset\us\clear\เอ๊ย เป็นเหี้ยไรวะกูถามจริง.wav
dataset\augmented\เย็ดแม่มความคิดโครตเจ๋ง_เย็ด_1243_medium.wav,0.0,0.2344375,เย็ด,True,medium,C:\Users\muldi\Documents\Playground\University\senior-project-1\dataset\us\noise\เย็ดแม่มความคิดโครตเจ๋ง.wav
dataset\augmented\ไอดิฟ มึง มำโปรเจคเสร็จยังวะ_none_1244_nan.wav,0.0,1.413625,none,True,,C:\Users\muldi\Documents\Playground\University\senior-project-1\dataset\us\noise\ไอดิฟ มึง มำโปรเจคเสร็จยังวะ.wav
dataset\augmented\Janพูดถึงอาท_none_1245_nan.wav,0.0,1.8394375,none,True,,C:\Users\muldi\Documents\Playground\University\senior-project-1\dataset\us\clear\Janพูดถึงอาท.wav
dataset\augmented\ฮื่อ มึง ก็มันรักเขาไปแล้วอ่ะ_มึง_1246_nan.wav,0.0,0.7106875,มึง,True,,C:\Users\muldi\Documents\Playground\University\senior-project-1\dataset\us\noise\ฮื่อ มึง ก็มันรักเขาไปแล้วอ่ะ.wav
dataset\augmented\คนดีห้ามเพื่อน_none_1247_nan.wav,0.0,3.56575,none,True,,C:\Users\muldi\Documents\Playground\University\senior-project-1\dataset\us\clear\คนดีห้ามเพื่อน.wav
dataset\augmented\บัวด่านัท_มึง_1248_nan.wav,0.0,0.1665625,มึง,True,,C:\Users\muldi\Documents\Playground\University\senior-project-1\dataset\us\clear\บัวด่านัท.wav
dataset\augmented\อาทโดนFBI_สวะ_1249_nan.wav,0.0,0.339875,สวะ,True,,C:\Users\muldi\Documents\Playground\University\senior-project-1\dataset\us\clear\อาทโดนFBI.wav
dataset\augmented\โต้งไล่หมา_กู_1250_nan.wav,0.0,0.163125,กู,True,,C:\Users\muldi\Documents\Playground\University\senior-project-1\dataset\us\clear\โต้งไล่หมา.wav
dataset\augmented\เย็ดแม่ นี่คือสิ่งที่มึงเรียกว่าความยุติธรรมอ่อ_เย็ด_1251_medium.wav,0.0,0.124375,เย็ด,True,medium,C:\Users\muldi\Documents\Playground\University\senior-project-1\dataset\us\clear\เย็ดแม่ นี่คือสิ่งที่มึงเรียกว่าความยุติธรรมอ่อ.wav
dataset\augmented\ความดื้อรั้นหน้าหีของมึงทำให้ทุกอย่างแย่ลงนะ_หี_1252_medium.wav,0.0,0.1643125,หี,True,medium,C:\Users\muldi\Documents\Playground\University\senior-project-1\dataset\us\clear\ความดื้อรั้นหน้าหีของมึงทำให้ทุกอย่างแย่ลงนะ.wav
dataset\augmented\หีหอมพ่อง_หี_1253_nan.wav,0.0,0.1509375,หี,True,,C:\Users\muldi\Documents\Playground\University\senior-project-1\dataset\us\clear\หีหอมพ่อง.wav
dataset\augmented\เป็นสวะแล้วยังทำนิสัยหีๆอีก_none_1254_light_none.wav,0.0,0.6464375,none,True,light_none,C:\Users\muldi\Documents\Playground\University\senior-project-1\dataset\us\clear\เป็นสวะแล้วยังทำนิสัยหีๆอีก.wav
dataset\augmented\หมากัด_none_1255_nan.wav,0.0,0.3553125,none,True,,C:\Users\muldi\Documents\Playground\University\senior-project-1\dataset\us\clear\หมากัด.wav
dataset\augmented\อั้มด่าแหลก_เหี้ย_1256_light.wav,0.0,0.181875,เหี้ย,True,light,C:\Users\muldi\Documents\Playground\University\senior-project-1\dataset\us\clear\อั้มด่าแหลก.wav
dataset\augmented\กายพูดกูรัวๆ_none_1257_nan.wav,0.0,0.3335625,none,True,,C:\Users\muldi\Documents\Playground\University\senior-project-1\dataset\us\clear\กายพูดกูรัวๆ.wav
dataset\augmented\อารมณ์แบบว่างี้ป้ะ_แตด_1258_nan.wav,0.0,0.2063125,แตด,True,,C:\Users\muldi\Documents\Playground\University\senior-project-1\dataset\us\clear\อารมณ์แบบว่างี้ป้ะ.wav
dataset\augmented\เดินตกท่อ_none_1259_light_none.wav,0.0,1.10375,none,True,light_none,C:\Users\muldi\Documents\Playground\University\senior-project-1\dataset\us\clear\เดินตกท่อ.wav
dataset\augmented\ชอบทำตัวหัวควยใส่คนอื่น ทั้งที่ตัวเองก็ไม่ได้ดีไปกว่าใครเลย_ควย_1260_medium.wav,0.0,0.1631875,ควย,True,medium,C:\Users\muldi\Documents\Playground\University\senior-project-1\dataset\us\clear\ชอบทำตัวหัวควยใส่คนอื่น ทั้งที่ตัวเองก็ไม่ได้ดีไปกว่าใครเลย.wav
dataset\augmented\โต้งไล่หมา_กู_1261_nan.wav,0.0,0.1594375,กู,True,,C:\Users\muldi\Documents\Playground\University\senior-project-1\dataset\us\clear\โต้งไล่หมา.wav
dataset\augmented\อั้มด่าแหลก_เหี้ย_1262_nan.wav,0.0,0.257,เหี้ย,True,,C:\Users\muldi\Documents\Playground\University\senior-project-1\dataset\us\clear\อั้มด่าแหลก.wav
dataset\augmented\เดินตกท่อ_none_1263_light_none.wav,0.0,2.1606875,none,True,light_none,C:\Users\muldi\Documents\Playground\University\senior-project-1\dataset\us\clear\เดินตกท่อ.wav
dataset\augmented\บารมีมารดา_none_1264_nan.wav,0.0,0.77175,none,True,,C:\Users\muldi\Documents\Playground\University\senior-project-1\dataset\us\clear\บารมีมารดา.wav
dataset\augmented\พอเหอะเย็ดแม่ เหนื่อยที่จะต้องพูดซ้ำๆอ่ะ_none_1265_light_none.wav,0.0,2.7736875,none,True,light_none,C:\Users\muldi\Documents\Playground\University\senior-project-1\dataset\us\clear\พอเหอะเย็ดแม่ เหนื่อยที่จะต้องพูดซ้ำๆอ่ะ.wav
dataset\augmented\บัวด่านัท_กู_1266_nan.wav,0.0,0.1054375,กู,True,,C:\Users\muldi\Documents\Playground\University\senior-project-1\dataset\us\clear\บัวด่านัท.wav
dataset\augmented\เย็ดแม่ มึงไม่แคร์อะไรเลยใช่ไหมอ่ะ_none_1267_light_none.wav,0.0,0.2614375,none,True,light_none,C:\Users\muldi\Documents\Playground\University\senior-project-1\dataset\us\clear\เย็ดแม่ มึงไม่แคร์อะไรเลยใช่ไหมอ่ะ.wav
dataset\augmented\เป็นสวะแล้วยังทำนิสัยหีๆอีก_none_1268_nan.wav,0.0,0.364,none,True,,C:\Users\muldi\Documents\Playground\University\senior-project-1\dataset\us\clear\เป็นสวะแล้วยังทำนิสัยหีๆอีก.wav
dataset\augmented\พูดควยๆแบบนี้ใครจะอยากอยู่ใกล้_ควย_1269_nan.wav,0.0,0.1220625,ควย,True,,C:\Users\muldi\Documents\Playground\University\senior-project-1\dataset\us\clear\พูดควยๆแบบนี้ใครจะอยากอยู่ใกล้.wav
dataset\augmented\ก็เอาสิ มาดูกันว่ากูน่ะจะอยู่รอดเป็นคนสุดท้ายหรือเปล่า_none_1270_light_none.wav,0.0,2.162125,none,True,light_none,C:\Users\muldi\Documents\Playground\University\senior-project-1\dataset\us\clear\ก็เอาสิ มาดูกันว่ากูน่ะจะอยู่รอดเป็นคนสุดท้ายหรือเปล่า.wav
dataset\augmented\เป็นสวะแล้วยังทำนิสัยหีๆอีก_มึง_1271_nan.wav,0.0,0.27975,มึง,True,,C:\Users\muldi\Documents\Playground\University\senior-project-1\dataset\us\clear\เป็นสวะแล้วยังทำนิสัยหีๆอีก.wav
dataset\augmented\กล้าดียังไงมาแตะคนรัก_สวะ_1272_medium.wav,0.0,0.3469375,สวะ,True,medium,C:\Users\muldi\Documents\Playground\University\senior-project-1\dataset\us\clear\กล้าดียังไงมาแตะคนรัก.wav
dataset\augmented\พิ้งค์ด่าหนัง_เหี้ย_1273_nan.wav,0.0,0.1690625,เหี้ย,True,,C:\Users\muldi\Documents\Playground\University\senior-project-1\dataset\us\clear\พิ้งค์ด่าหนัง.wav
dataset\augmented\ดูถูกหีไม่มีวันเจริญ_แตด_1274_heavy.wav,0.0,0.19975,แตด,True,heavy,C:\Users\muldi\Documents\Playground\University\senior-project-1\dataset\us\clear\ดูถูกหีไม่มีวันเจริญ.wav
dataset\augmented\โต้งไล่หมา_กู_1275_nan.wav,0.0,0.177375,กู,True,,C:\Users\muldi\Documents\Playground\University\senior-project-1\dataset\us\clear\โต้งไล่หมา.wav
dataset\augmented\ฉันไปเรียนภาษาใต้มา_แตด_1276_heavy.wav,0.0,0.711625,แตด,True,heavy,C:\Users\muldi\Documents\Playground\University\senior-project-1\dataset\us\clear\ฉันไปเรียนภาษาใต้มา.wav
dataset\augmented\เมื่อวานเว้ยกูเห็นมึงกับไอกิตอะไปทำอะไรที่หลังซอย_มึง_1277_nan.wav,0.0,0.2951875,มึง,True,,C:\Users\muldi\Documents\Playground\University\senior-project-1\dataset\us\clear\เมื่อวานเว้ยกูเห็นมึงกับไอกิตอะไปทำอะไรที่หลังซอย.wav
dataset\augmented\เย็ด (โบท)_เย็ด_1278_medium.wav,0.0,1.94,เย็ด,True,medium,C:\Users\muldi\Documents\Playground\University\senior-project-1\dataset\single\เย็ด\เย็ด (โบท).wav
dataset\augmented\ก็มาดิสะไอ้สัสเป็นเหี้ยไรวะ_none_1279_nan.wav,0.0,0.2915625,none,True,,C:\Users\muldi\Documents\Playground\University\senior-project-1\dataset\us\clear\ก็มาดิสะไอ้สัสเป็นเหี้ยไรวะ.wav
dataset\augmented\เย็ดแม่ ทำไมถึงไม่คิดก่อนพูดบ้าง_เย็ด_1280_medium.wav,0.0,0.144375,เย็ด,True,medium,C:\Users\muldi\Documents\Playground\University\senior-project-1\dataset\us\clear\เย็ดแม่ ทำไมถึงไม่คิดก่อนพูดบ้าง.wav
dataset\augmented\บัวด่านัท_มึง_1281_nan.wav,0.0,0.065375,มึง,True,,C:\Users\muldi\Documents\Playground\University\senior-project-1\dataset\us\clear\บัวด่านัท.wav
dataset\augmented\เย็ดแม่ กูไม่โอเคกับสิ่งที่มึงทำเลยนะ_none_1282_light_none.wav,0.0,1.468375,none,True,light_none,C:\Users\muldi\Documents\Playground\University\senior-project-1\dataset\us\clear\เย็ดแม่ กูไม่โอเคกับสิ่งที่มึงทำเลยนะ.wav
dataset\augmented\หมากัด_หี_1283_nan.wav,0.0,0.236125,หี,True,,C:\Users\muldi\Documents\Playground\University\senior-project-1\dataset\us\clear\หมากัด.wav
dataset\augmented\กล้าดียังไงมาแตะคนรัก_none_1284_nan.wav,0.0,0.8524375,none,True,,C:\Users\muldi\Documents\Playground\University\senior-project-1\dataset\us\clear\กล้าดียังไงมาแตะคนรัก.wav
dataset\augmented\แม่งใช้เส้นสายหัวควยของมัน เพื่อให้ได้สิ่งที่ต้องการ_ควย_1285_nan.wav,0.0,0.1488125,ควย,True,,C:\Users\muldi\Documents\Playground\University\senior-project-1\dataset\us\clear\แม่งใช้เส้นสายหัวควยของมัน เพื่อให้ได้สิ่งที่ต้องการ.wav
dataset\augmented\ไอ้เหี้ย ใครกินของกูหมดเนี่ย_เหี้ย_1286_light.wav,0.0,0.4106875,เหี้ย,True,light,C:\Users\muldi\Documents\Playground\University\senior-project-1\dataset\us\clear\ไอ้เหี้ย ใครกินของกูหมดเนี่ย.wav
dataset\augmented\คอมโครตดี_none_1287_nan.wav,0.0,2.4160625,none,True,,C:\Users\muldi\Documents\Playground\University\senior-project-1\dataset\us\clear\คอมโครตดี.wav
dataset\augmented\ไอ้เหี้ยทำไมนิสัยมึงสวะได้ขนาดนี้_none_1288_nan.wav,0.0,0.811875,none,True,,C:\Users\muldi\Documents\Playground\University\senior-project-1\dataset\us\clear\ไอ้เหี้ยทำไมนิสัยมึงสวะได้ขนาดนี้.wav
dataset\augmented\ค่ายเหี้ย2_none_1289_nan.wav,0.0,0.030875,none,True,,C:\Users\muldi\Documents\Playground\University\senior-project-1\dataset\us\noise\ค่ายเหี้ย2.wav
dataset\augmented\ดูถูกหีไม่มีวันเจริญ_สวะ_1290_medium.wav,0.0,0.3165,สวะ,True,medium,C:\Users\muldi\Documents\Playground\University\senior-project-1\dataset\us\clear\ดูถูกหีไม่มีวันเจริญ.wav
dataset\augmented\เย็ดแม่ ทำไมถึงไม่คิดก่อนพูดบ้าง_none_1291_light_none.wav,0.0,0.1924375,none,True,light_none,C:\Users\muldi\Documents\Playground\University\senior-project-1\dataset\us\clear\เย็ดแม่ ทำไมถึงไม่คิดก่อนพูดบ้าง.wav
dataset\augmented\เย็ด (เปอร์)_เย็ด_1292_medium.wav,0.0,2.24,เย็ด,True,medium,C:\Users\muldi\Documents\Playground\University\senior-project-1\dataset\single\เย็ด\เย็ด (เปอร์).wav
dataset\augmented\พิ้งค์ด่าหนัง_สวะ_1293_medium.wav,0.0,0.2275,สวะ,True,medium,C:\Users\muldi\Documents\Playground\University\senior-project-1\dataset\us\clear\พิ้งค์ด่าหนัง.wav
dataset\augmented\ก็มาดิสะไอ้สัสเป็นเหี้ยไรวะ_none_1294_nan.wav,0.0,0.088125,none,True,,C:\Users\muldi\Documents\Playground\University\senior-project-1\dataset\us\clear\ก็มาดิสะไอ้สัสเป็นเหี้ยไรวะ.wav
dataset\augmented\อารมณ์แบบว่างี้ป้ะ_เหี้ย_1295_light.wav,0.0,0.291625,เหี้ย,True,light,C:\Users\muldi\Documents\Playground\University\senior-project-1\dataset\us\clear\อารมณ์แบบว่างี้ป้ะ.wav
dataset\augmented\บิวพูดควย_none_1296_nan.wav,0.0,1.17425,none,True,,C:\Users\muldi\Documents\Playground\University\senior-project-1\dataset\us\clear\บิวพูดควย.wav
dataset\augmented\ป้าๆก๋วยเตี๋ยวถุงนึง_เหี้ย_1297_light.wav,0.0,0.3106875,เหี้ย,True,light,C:\Users\muldi\Documents\Playground\University\senior-project-1\dataset\us\clear\ป้าๆก๋วยเตี๋ยวถุงนึง.wav
dataset\augmented\เอ๊ย เป็นเหี้ยไรวะกูถามจริง_none_1298_nan.wav,0.0,0.2055,none,True,,C:\Users\muldi\Documents\Playground\University\senior-project-1\dataset\us\clear\เอ๊ย เป็นเหี้ยไรวะกูถามจริง.wav
dataset\augmented\บิวพูดควย_ควย_1299_medium.wav,0.0,0.503,ควย,True,medium,C:\Users\muldi\Documents\Playground\University\senior-project-1\dataset\us\clear\บิวพูดควย.wav
dataset\augmented\พูดจาไม่มีสาระเหมือนสวะลอยน้ำไปวัน ๆ_สวะ_1300_nan.wav,0.0,0.224625,สวะ,True,,C:\Users\muldi\Documents\Playground\University\senior-project-1\dataset\us\clear\พูดจาไม่มีสาระเหมือนสวะลอยน้ำไปวัน ๆ.wav
dataset\augmented\ค่ายเหี้ย_none_1301_nan.wav,0.0,1.170125,none,True,,C:\Users\muldi\Documents\Playground\University\senior-project-1\dataset\us\noise\ค่ายเหี้ย.wav
dataset\augmented\เย็ดแม่ มึงไม่แคร์อะไรเลยใช่ไหมอ่ะ_none_1302_nan.wav,0.0,2.0548125,none,True,,C:\Users\muldi\Documents\Playground\University\senior-project-1\dataset\us\clear\เย็ดแม่ มึงไม่แคร์อะไรเลยใช่ไหมอ่ะ.wav
dataset\augmented\ชีสเหม็น_แตด_1303_heavy.wav,0.0,0.2910625,แตด,True,heavy,C:\Users\muldi\Documents\Playground\University\senior-project-1\dataset\us\clear\ชีสเหม็น.wav
dataset\augmented\โหเย็ดแม่ ไม่คิดจะแก้ไขอะไรหน่อยอ่อ_none_1304_nan.wav,0.0,2.5620625,none,True,,C:\Users\muldi\Documents\Playground\University\senior-project-1\dataset\us\clear\โหเย็ดแม่ ไม่คิดจะแก้ไขอะไรหน่อยอ่อ.wav
dataset\augmented\บิวพูดเหี้ย_none_1305_nan.wav,0.0,1.0243125,none,True,,C:\Users\muldi\Documents\Playground\University\senior-project-1\dataset\us\clear\บิวพูดเหี้ย.wav
dataset\augmented\มึงก็ไม่เคยฟังใครเลย คงจะฟังแต่หีตัวเองสินะ_หี_1306_medium.wav,0.0,0.19375,หี,True,medium,C:\Users\muldi\Documents\Playground\University\senior-project-1\dataset\us\clear\มึงก็ไม่เคยฟังใครเลย คงจะฟังแต่หีตัวเองสินะ.wav
dataset\augmented\ไอ้อาร์ตพูดเหี้ย_หี_1307_medium.wav,0.0,0.1605625,หี,True,medium,C:\Users\muldi\Documents\Playground\University\senior-project-1\dataset\us\clear\ไอ้อาร์ตพูดเหี้ย.wav
dataset\augmented\อาทโดนFBI_สวะ_1308_medium.wav,0.0,0.339875,สวะ,True,medium,C:\Users\muldi\Documents\Playground\University\senior-project-1\dataset\us\clear\อาทโดนFBI.wav
dataset\augmented\อารมณ์แบบว่างี้ป้ะ_แตด_1309_heavy.wav,0.0,0.2063125,แตด,True,heavy,C:\Users\muldi\Documents\Playground\University\senior-project-1\dataset\us\clear\อารมณ์แบบว่างี้ป้ะ.wav
dataset\augmented\ก็มาดิสะไอ้สัสเป็นเหี้ยไรวะ_ควย_1310_nan.wav,0.0,0.2526875,ควย,True,,C:\Users\muldi\Documents\Playground\University\senior-project-1\dataset\us\clear\ก็มาดิสะไอ้สัสเป็นเหี้ยไรวะ.wav
dataset\augmented\อาทโดนFBI_สวะ_1311_nan.wav,0.0,0.333375,สวะ,True,,C:\Users\muldi\Documents\Playground\University\senior-project-1\dataset\us\clear\อาทโดนFBI.wav
