label,accuracy,samples
เย็ด,0.3333333333333333,12
กู,1.0,4
มึง,0.6666666666666666,3
