file_path,start_time,end_time,label
C:\Users\muldi\Documents\Playground\University\senior-project-1\mix_dataset_split\train_val\Horror movie for WOKE!!!!!.wav,0.0,0.068542,เย็ด
C:\Users\muldi\Documents\Playground\University\senior-project-1\mix_dataset_split\train_val\Horror movie for WOKE!!!!!.wav,0.068542,0.930448,none
C:\Users\muldi\Documents\Playground\University\senior-project-1\mix_dataset_split\train_val\Horror movie for WOKE!!!!!.wav,454.402405,456.88147,none
C:\Users\muldi\Documents\Playground\University\senior-project-1\mix_dataset_split\train_val\Horror movie for WOKE!!!!!.wav,468.024553,468.164987,มึง
C:\Users\muldi\Documents\Playground\University\senior-project-1\mix_dataset_split\train_val\Horror movie for WOKE!!!!!.wav,598.370179,598.556977,เหี้ย
C:\Users\muldi\Documents\Playground\University\senior-project-1\mix_dataset_split\train_val\Horror movie for WOKE!!!!!.wav,631.166923,631.369226,เหี้ย
C:\Users\muldi\Documents\Playground\University\senior-project-1\mix_dataset_split\train_val\Horror movie for WOKE!!!!!.wav,758.350311,758.499584,มึง
C:\Users\muldi\Documents\Playground\University\senior-project-1\mix_dataset_split\train_val\Yo mama & แซนวิชบลูเบอร์รี่.wav,74.089154,75.465556,none
C:\Users\muldi\Documents\Playground\University\senior-project-1\mix_dataset_split\train_val\Yo mama & แซนวิชบลูเบอร์รี่.wav,75.465556,75.708614,มึง
C:\Users\muldi\Documents\Playground\University\senior-project-1\mix_dataset_split\train_val\Yo mama & แซนวิชบลูเบอร์รี่.wav,75.708614,79.568686,none
C:\Users\muldi\Documents\Playground\University\senior-project-1\mix_dataset_split\train_val\Yo mama & แซนวิชบลูเบอร์รี่.wav,79.781013,80.658259,none
C:\Users\muldi\Documents\Playground\University\senior-project-1\mix_dataset_split\train_val\Yo mama & แซนวิชบลูเบอร์รี่.wav,80.658259,80.837061,มึง
C:\Users\muldi\Documents\Playground\University\senior-project-1\mix_dataset_split\train_val\Yo mama & แซนวิชบลูเบอร์รี่.wav,80.837061,83.715585,none
C:\Users\muldi\Documents\Playground\University\senior-project-1\mix_dataset_split\train_val\Yo mama & แซนวิชบลูเบอร์รี่.wav,118.448281,132.010667,none
C:\Users\muldi\Documents\Playground\University\senior-project-1\mix_dataset_split\train_val\กฤต.wav,0.041907,0.25637,เย็ด
C:\Users\muldi\Documents\Playground\University\senior-project-1\mix_dataset_split\train_val\กฤต.wav,0.510275,0.763564,หี
C:\Users\muldi\Documents\Playground\University\senior-project-1\mix_dataset_split\train_val\กฤต.wav,1.03634,1.28285,ควย
C:\Users\muldi\Documents\Playground\University\senior-project-1\mix_dataset_split\train_val\กฤต.wav,1.468583,1.662709,แตด
C:\Users\muldi\Documents\Playground\University\senior-project-1\mix_dataset_split\train_val\กฤต.wav,1.726802,2.072532,สวะ
C:\Users\muldi\Documents\Playground\University\senior-project-1\mix_dataset_split\train_val\กฤต.wav,2.405462,2.841234,เหี้ย
C:\Users\muldi\Documents\Playground\University\senior-project-1\mix_dataset_split\train_val\กล้าดียังไงมาแตะคนรัก.wav,0.0,2.699132,none
C:\Users\muldi\Documents\Playground\University\senior-project-1\mix_dataset_split\train_val\กล้าดียังไงมาแตะคนรัก.wav,2.699132,3.046038,สวะ
C:\Users\muldi\Documents\Playground\University\senior-project-1\mix_dataset_split\train_val\กล้าดียังไงมาแตะคนรัก.wav,3.046038,4.775945,none
C:\Users\muldi\Documents\Playground\University\senior-project-1\mix_dataset_split\train_val\กล้าดียังไงมาแตะคนรัก.wav,4.775945,4.994257,หี
C:\Users\muldi\Documents\Playground\University\senior-project-1\mix_dataset_split\train_val\กล้าดียังไงมาแตะคนรัก.wav,4.994257,7.246159,none
C:\Users\muldi\Documents\Playground\University\senior-project-1\mix_dataset_split\train_val\กล้าดียังไงมาแตะคนรัก.wav,7.246159,7.643905,สวะ
C:\Users\muldi\Documents\Playground\University\senior-project-1\mix_dataset_split\train_val\กล้าดียังไงมาแตะคนรัก.wav,7.643905,8.280897,none
C:\Users\muldi\Documents\Playground\University\senior-project-1\mix_dataset_split\train_val\กล้าดียังไงมาแตะคนรัก.wav,8.280897,8.639766,แตด
C:\Users\muldi\Documents\Playground\University\senior-project-1\mix_dataset_split\train_val\กล้าดียังไงมาแตะคนรัก.wav,8.639766,9.701419,none
C:\Users\muldi\Documents\Playground\University\senior-project-1\mix_dataset_split\train_val\กล้าดียังไงมาแตะคนรัก.wav,9.701419,10.287571,ควย
C:\Users\muldi\Documents\Playground\University\senior-project-1\mix_dataset_split\train_val\กล้าดียังไงมาแตะคนรัก.wav,10.287571,11.14,none
C:\Users\muldi\Documents\Playground\University\senior-project-1\mix_dataset_split\train_val\กายพูดกูรัวๆ.wav,0.0,0.949056,none
C:\Users\muldi\Documents\Playground\University\senior-project-1\mix_dataset_split\train_val\กายพูดกูรัวๆ.wav,1.073442,2.284142,none
C:\Users\muldi\Documents\Playground\University\senior-project-1\mix_dataset_split\train_val\กายพูดกูรัวๆ.wav,2.591512,2.702934,none
C:\Users\muldi\Documents\Playground\University\senior-project-1\mix_dataset_split\train_val\กายพูดกูรัวๆ.wav,2.923856,3.017027,none
C:\Users\muldi\Documents\Playground\University\senior-project-1\mix_dataset_split\train_val\กายพูดกูรัวๆ.wav,3.222581,3.321516,none
C:\Users\muldi\Documents\Playground\University\senior-project-1\mix_dataset_split\train_val\กายพูดกูรัวๆ.wav,3.478082,3.591425,none
C:\Users\muldi\Documents\Playground\University\senior-project-1\mix_dataset_split\train_val\กายพูดกูรัวๆ.wav,4.930829,5.037553,none
C:\Users\muldi\Documents\Playground\University\senior-project-1\mix_dataset_split\train_val\กายพูดกูรัวๆ.wav,5.201742,5.295125,none
C:\Users\muldi\Documents\Playground\University\senior-project-1\mix_dataset_split\train_val\กายพูดกูรัวๆ.wav,5.460339,5.55167,none
C:\Users\muldi\Documents\Playground\University\senior-project-1\mix_dataset_split\train_val\กายพูดกูรัวๆ.wav,5.679943,11.247006,none
C:\Users\muldi\Documents\Playground\University\senior-project-1\mix_dataset_split\train_val\กายพูดกูรัวๆ.wav,11.247006,11.731366,ควย
C:\Users\muldi\Documents\Playground\University\senior-project-1\mix_dataset_split\train_val\กายพูดกูรัวๆ.wav,11.731366,12.737029,none
C:\Users\muldi\Documents\Playground\University\senior-project-1\mix_dataset_split\train_val\กายพูดกูรัวๆ.wav,12.739082,13.153661,กู
C:\Users\muldi\Documents\Playground\University\senior-project-1\mix_dataset_split\train_val\กายพูดกูรัวๆ.wav,13.153661,17.592945,none
C:\Users\muldi\Documents\Playground\University\senior-project-1\mix_dataset_split\train_val\กายพูดกูรัวๆ.wav,17.593941,19.027974,none
C:\Users\muldi\Documents\Playground\University\senior-project-1\mix_dataset_split\train_val\กายพูดกูรัวๆ.wav,19.027974,19.110184,กู
C:\Users\muldi\Documents\Playground\University\senior-project-1\mix_dataset_split\train_val\กายพูดกูรัวๆ.wav,19.110178,19.587647,none
C:\Users\muldi\Documents\Playground\University\senior-project-1\mix_dataset_split\train_val\กายพูดกูรัวๆ.wav,19.878926,20.239883,none
C:\Users\muldi\Documents\Playground\University\senior-project-1\mix_dataset_split\train_val\กายพูดกูรัวๆ.wav,20.554008,22.035532,none
C:\Users\muldi\Documents\Playground\University\senior-project-1\mix_dataset_split\train_val\กายพูดกูรัวๆ.wav,22.471879,23.569601,none
C:\Users\muldi\Documents\Playground\University\senior-project-1\mix_dataset_split\train_val\กายพูดกูรัวๆ.wav,23.569601,23.642706,เย็ด
C:\Users\muldi\Documents\Playground\University\senior-project-1\mix_dataset_split\train_val\กายพูดกูรัวๆ.wav,23.642706,23.976249,none
C:\Users\muldi\Documents\Playground\University\senior-project-1\mix_dataset_split\train_val\กายพูดกูรัวๆ.wav,24.422876,27.879386,none
C:\Users\muldi\Documents\Playground\University\senior-project-1\mix_dataset_split\train_val\กายพูดกูรัวๆ.wav,27.879386,27.96734,เย็ด
C:\Users\muldi\Documents\Playground\University\senior-project-1\mix_dataset_split\train_val\กายพูดกูรัวๆ.wav,27.96734,30.812735,none
C:\Users\muldi\Documents\Playground\University\senior-project-1\mix_dataset_split\train_val\กายพูดกูรัวๆ.wav,30.812735,30.989787,มึง
C:\Users\muldi\Documents\Playground\University\senior-project-1\mix_dataset_split\train_val\กายพูดกูรัวๆ.wav,30.989787,32.604957,none
C:\Users\muldi\Documents\Playground\University\senior-project-1\mix_dataset_split\train_val\กายพูดกูรัวๆ.wav,32.695167,34.033246,none
C:\Users\muldi\Documents\Playground\University\senior-project-1\mix_dataset_split\train_val\กิตหีควยแตด.wav,0.161685,0.686726,none
C:\Users\muldi\Documents\Playground\University\senior-project-1\mix_dataset_split\train_val\กิตหีควยแตด.wav,0.95707,1.223937,none
C:\Users\muldi\Documents\Playground\University\senior-project-1\mix_dataset_split\train_val\กิตหีควยแตด.wav,1.428216,1.672482,none
C:\Users\muldi\Documents\Playground\University\senior-project-1\mix_dataset_split\train_val\กิตหีควยแตด.wav,2.195785,2.563488,หี
C:\Users\muldi\Documents\Playground\University\senior-project-1\mix_dataset_split\train_val\กิตหีควยแตด.wav,2.732996,3.241521,ควย
C:\Users\muldi\Documents\Playground\University\senior-project-1\mix_dataset_split\train_val\กิตหีควยแตด.wav,3.288462,3.431892,แตด
C:\Users\muldi\Documents\Playground\University\senior-project-1\mix_dataset_split\train_val\กิตหีควยแตด.wav,3.524035,3.758739,none
C:\Users\muldi\Documents\Playground\University\senior-project-1\mix_dataset_split\train_val\กิตหีควยแตด.wav,3.819588,4.006482,none
C:\Users\muldi\Documents\Playground\University\senior-project-1\mix_dataset_split\train_val\กิตหีควยแตด.wav,4.382877,4.754057,หี
C:\Users\muldi\Documents\Playground\University\senior-project-1\mix_dataset_split\train_val\กิตหีควยแตด.wav,4.871409,5.295614,ควย
C:\Users\muldi\Documents\Playground\University\senior-project-1\mix_dataset_split\train_val\กิตหีควยแตด.wav,5.37298,5.538142,แตด
C:\Users\muldi\Documents\Playground\University\senior-project-1\mix_dataset_split\train_val\กิตหีควยแตด.wav,5.621592,6.074483,none
C:\Users\muldi\Documents\Playground\University\senior-project-1\mix_dataset_split\train_val\กิตหีควยแตด.wav,6.408284,6.710792,หี
C:\Users\muldi\Documents\Playground\University\senior-project-1\mix_dataset_split\train_val\กิตหีควยแตด.wav,6.839444,7.367962,ควย
C:\Users\muldi\Documents\Playground\University\senior-project-1\mix_dataset_split\train_val\กิตหีควยแตด.wav,7.400995,7.601797,แตด
C:\Users\muldi\Documents\Playground\University\senior-project-1\mix_dataset_split\train_val\กิตหีควยแตด.wav,7.601797,8.043388,none
C:\Users\muldi\Documents\Playground\University\senior-project-1\mix_dataset_split\train_val\กิตหีควยแตด.wav,8.367627,8.777924,หี
C:\Users\muldi\Documents\Playground\University\senior-project-1\mix_dataset_split\train_val\กิตหีควยแตด.wav,8.796179,9.230816,ควย
C:\Users\muldi\Documents\Playground\University\senior-project-1\mix_dataset_split\train_val\กิตหีควยแตด.wav,9.298619,9.431618,แตด
C:\Users\muldi\Documents\Playground\University\senior-project-1\mix_dataset_split\train_val\กิตหีควยแตด.wav,9.514199,9.709785,none
C:\Users\muldi\Documents\Playground\University\senior-project-1\mix_dataset_split\train_val\กิตหีควยแตด.wav,9.97926,10.173108,none
C:\Users\muldi\Documents\Playground\University\senior-project-1\mix_dataset_split\train_val\กิตหีควยแตด.wav,10.256558,10.510386,none
C:\Users\muldi\Documents\Playground\University\senior-project-1\mix_dataset_split\train_val\กิตหีควยแตด.wav,10.756391,11.181465,หี
C:\Users\muldi\Documents\Playground\University\senior-project-1\mix_dataset_split\train_val\กิตหีควยแตด.wav,11.196243,11.570031,ควย
C:\Users\muldi\Documents\Playground\University\senior-project-1\mix_dataset_split\train_val\กิตหีควยแตด.wav,11.643919,11.787349,แตด
C:\Users\muldi\Documents\Playground\University\senior-project-1\mix_dataset_split\train_val\กิตหีควยแตด.wav,11.892531,12.08551,none
C:\Users\muldi\Documents\Playground\University\senior-project-1\mix_dataset_split\train_val\กิตหีควยแตด.wav,12.350638,12.700086,หี
C:\Users\muldi\Documents\Playground\University\senior-project-1\mix_dataset_split\train_val\กิตหีควยแตด.wav,12.868725,13.182533,ควย
C:\Users\muldi\Documents\Playground\University\senior-project-1\mix_dataset_split\train_val\กิตหีควยแตด.wav,13.24599,13.397244,แตด
C:\Users\muldi\Documents\Playground\University\senior-project-1\mix_dataset_split\train_val\กิตหีควยแตด.wav,13.495471,13.734522,none
C:\Users\muldi\Documents\Playground\University\senior-project-1\mix_dataset_split\train_val\กิตหีควยแตด.wav,14.201322,14.536861,หี
C:\Users\muldi\Documents\Playground\University\senior-project-1\mix_dataset_split\train_val\กิตหีควยแตด.wav,14.68203,15.008877,ควย
C:\Users\muldi\Documents\Playground\University\senior-project-1\mix_dataset_split\train_val\กิตหีควยแตด.wav,15.114059,15.286175,แตด
C:\Users\muldi\Documents\Playground\University\senior-project-1\mix_dataset_split\train_val\กิตหีควยแตด.wav,15.317469,15.506101,none
C:\Users\muldi\Documents\Playground\University\senior-project-1\mix_dataset_split\train_val\กิตหีควยแตด.wav,15.7947,16.058959,none
C:\Users\muldi\Documents\Playground\University\senior-project-1\mix_dataset_split\train_val\กิตหีควยแตด.wav,16.270193,16.541406,none
C:\Users\muldi\Documents\Playground\University\senior-project-1\mix_dataset_split\train_val\กิตหีควยแตด.wav,16.769156,16.924756,none
C:\Users\muldi\Documents\Playground\University\senior-project-1\mix_dataset_split\train_val\กิตหีควยแตด.wav,17.06297,17.368954,หี
C:\Users\muldi\Documents\Playground\University\senior-project-1\mix_dataset_split\train_val\กิตหีควยแตด.wav,17.5176,17.867917,ควย
C:\Users\muldi\Documents\Playground\University\senior-project-1\mix_dataset_split\train_val\กิตหีควยแตด.wav,17.958322,18.132176,แตด
C:\Users\muldi\Documents\Playground\University\senior-project-1\mix_dataset_split\train_val\กิตหีควยแตด.wav,18.188679,18.353841,none
C:\Users\muldi\Documents\Playground\University\senior-project-1\mix_dataset_split\train_val\กิตหีควยแตด.wav,18.502487,18.685469,none
C:\Users\muldi\Documents\Playground\University\senior-project-1\mix_dataset_split\train_val\กิตหีควยแตด.wav,18.685469,18.879752,none
C:\Users\muldi\Documents\Playground\University\senior-project-1\mix_dataset_split\train_val\กิตหีควยแตด.wav,18.95364,19.268317,หี
C:\Users\muldi\Documents\Playground\University\senior-project-1\mix_dataset_split\train_val\กิตหีควยแตด.wav,19.386538,19.787273,ควย
C:\Users\muldi\Documents\Playground\University\senior-project-1\mix_dataset_split\train_val\กิตหีควยแตด.wav,19.867246,20.052402,แตด
C:\Users\muldi\Documents\Playground\University\senior-project-1\mix_dataset_split\train_val\กิตหีควยแตด.wav,20.124551,20.279282,none
C:\Users\muldi\Documents\Playground\University\senior-project-1\mix_dataset_split\train_val\กิตหีควยแตด.wav,20.543541,20.801715,none
C:\Users\muldi\Documents\Playground\University\senior-project-1\mix_dataset_split\train_val\กิตหีควยแตด.wav,20.851264,21.121608,หี
C:\Users\muldi\Documents\Playground\University\senior-project-1\mix_dataset_split\train_val\กิตหีควยแตด.wav,21.284162,21.642303,ควย
C:\Users\muldi\Documents\Playground\University\senior-project-1\mix_dataset_split\train_val\กิตหีควยแตด.wav,21.697067,21.877876,แตด
C:\Users\muldi\Documents\Playground\University\senior-project-1\mix_dataset_split\train_val\กิตหีควยแตด.wav,21.941333,22.113449,none
C:\Users\muldi\Documents\Playground\University\senior-project-1\mix_dataset_split\train_val\กิตหีควยแตด.wav,22.409872,22.622844,none
C:\Users\muldi\Documents\Playground\University\senior-project-1\mix_dataset_split\train_val\กิตหีควยแตด.wav,22.909704,23.083558,none
C:\Users\muldi\Documents\Playground\University\senior-project-1\mix_dataset_split\train_val\กิตหีควยแตด.wav,23.180048,23.826787,none
C:\Users\muldi\Documents\Playground\University\senior-project-1\mix_dataset_split\train_val\กิตหีควยแตด.wav,23.920669,24.076269,none
C:\Users\muldi\Documents\Playground\University\senior-project-1\mix_dataset_split\train_val\กิตหีควยแตด.wav,24.399639,24.775165,หี
C:\Users\muldi\Documents\Playground\University\senior-project-1\mix_dataset_split\train_val\กิตหีควยแตด.wav,24.947281,25.281082,ควย
C:\Users\muldi\Documents\Playground\University\senior-project-1\mix_dataset_split\train_val\กิตหีควยแตด.wav,25.347147,25.563596,แตด
C:\Users\muldi\Documents\Playground\University\senior-project-1\mix_dataset_split\train_val\กิตหีควยแตด.wav,25.61836,25.873057,none
C:\Users\muldi\Documents\Playground\University\senior-project-1\mix_dataset_split\train_val\กิตหีควยแตด.wav,26.326818,26.697129,หี
C:\Users\muldi\Documents\Playground\University\senior-project-1\mix_dataset_split\train_val\กิตหีควยแตด.wav,26.751023,27.123073,ควย
C:\Users\muldi\Documents\Playground\University\senior-project-1\mix_dataset_split\train_val\กิตหีควยแตด.wav,27.194353,27.405586,แตด
C:\Users\muldi\Documents\Playground\University\senior-project-1\mix_dataset_split\train_val\กิตหีควยแตด.wav,27.449919,27.747211,none
C:\Users\muldi\Documents\Playground\University\senior-project-1\mix_dataset_split\train_val\กิตหีควยแตด.wav,28.102744,28.52608,หี
C:\Users\muldi\Documents\Playground\University\senior-project-1\mix_dataset_split\train_val\กิตหีควยแตด.wav,28.537381,28.966802,ควย
C:\Users\muldi\Documents\Playground\University\senior-project-1\mix_dataset_split\train_val\กิตหีควยแตด.wav,29.01635,29.21976,แตด
C:\Users\muldi\Documents\Playground\University\senior-project-1\mix_dataset_split\train_val\กิตหีควยแตด.wav,29.25627,29.426647,หี
C:\Users\muldi\Documents\Playground\University\senior-project-1\mix_dataset_split\train_val\กิตหีควยแตด.wav,29.463157,29.597894,ควย
C:\Users\muldi\Documents\Playground\University\senior-project-1\mix_dataset_split\train_val\กิตหีควยแตด.wav,29.660482,29.833467,แตด
C:\Users\muldi\Documents\Playground\University\senior-project-1\mix_dataset_split\train_val\กิตหีควยแตด.wav,29.883016,30.073387,หี
C:\Users\muldi\Documents\Playground\University\senior-project-1\mix_dataset_split\train_val\กิตหีควยแตด.wav,30.091642,30.395018,ควย
C:\Users\muldi\Documents\Playground\University\senior-project-1\mix_dataset_split\train_val\กิตหีควยแตด.wav,30.469776,30.951353,แตด
C:\Users\muldi\Documents\Playground\University\senior-project-1\mix_dataset_split\train_val\กิตหีควยแตด.wav,31.49378,31.902338,หี
C:\Users\muldi\Documents\Playground\University\senior-project-1\mix_dataset_split\train_val\กิตหีควยแตด.wav,31.961449,32.328282,ควย
C:\Users\muldi\Documents\Playground\University\senior-project-1\mix_dataset_split\train_val\กิตหีควยแตด.wav,32.380439,32.577764,แตด
C:\Users\muldi\Documents\Playground\University\senior-project-1\mix_dataset_split\train_val\กิตหีควยแตด.wav,32.657737,32.931558,none
C:\Users\muldi\Documents\Playground\University\senior-project-1\mix_dataset_split\train_val\กิตหีควยแตด.wav,33.3123,33.684349,หี
C:\Users\muldi\Documents\Playground\University\senior-project-1\mix_dataset_split\train_val\กิตหีควยแตด.wav,33.691303,34.126809,ควย
C:\Users\muldi\Documents\Playground\University\senior-project-1\mix_dataset_split\train_val\กิตหีควยแตด.wav,34.158972,34.368467,แตด
C:\Users\muldi\Documents\Playground\University\senior-project-1\mix_dataset_split\train_val\กิตหีควยแตด.wav,34.433663,34.723131,none
C:\Users\muldi\Documents\Playground\University\senior-project-1\mix_dataset_split\train_val\กิตหีควยแตด.wav,35.090834,35.508954,none
C:\Users\muldi\Documents\Playground\University\senior-project-1\mix_dataset_split\train_val\กิตหีควยแตด.wav,35.589797,35.907951,none
C:\Users\muldi\Documents\Playground\University\senior-project-1\mix_dataset_split\train_val\กิตหีควยแตด.wav,35.941852,36.873714,none
C:\Users\muldi\Documents\Playground\University\senior-project-1\mix_dataset_split\train_val\กิตหีควยแตด.wav,36.971942,38.204571,none
C:\Users\muldi\Documents\Playground\University\senior-project-1\mix_dataset_split\train_val\กู (มูเซอร์).wav,0.49457,0.90763,กู
C:\Users\muldi\Documents\Playground\University\senior-project-1\mix_dataset_split\train_val\กู (อาร์ต).wav,0.665638,1.075881,กู
C:\Users\muldi\Documents\Playground\University\senior-project-1\mix_dataset_split\train_val\กู (อาร์ต).wav,1.743869,2.199218,กู
C:\Users\muldi\Documents\Playground\University\senior-project-1\mix_dataset_split\train_val\กู (อาร์ต).wav,3.08649,3.410819,กู
C:\Users\muldi\Documents\Playground\University\senior-project-1\mix_dataset_split\train_val\กู (อาร์ต).wav,4.222714,4.637253,กู
C:\Users\muldi\Documents\Playground\University\senior-project-1\mix_dataset_split\train_val\กู (อาร์ต).wav,5.384712,5.812139,กู
C:\Users\muldi\Documents\Playground\University\senior-project-1\mix_dataset_split\train_val\กู (อาร์ต).wav,6.529527,6.944066,กู
C:\Users\muldi\Documents\Playground\University\senior-project-1\mix_dataset_split\train_val\กู (อาร์ต).wav,7.64491,8.022941,กู
C:\Users\muldi\Documents\Playground\University\senior-project-1\mix_dataset_split\train_val\กู (อาร์ต).wav,8.856908,9.176191,กู
C:\Users\muldi\Documents\Playground\University\senior-project-1\mix_dataset_split\train_val\กู (อาร์ต).wav,9.92459,10.261753,กู
C:\Users\muldi\Documents\Playground\University\senior-project-1\mix_dataset_split\train_val\กู (อาร์ต).wav,11.689586,12.086774,กู
C:\Users\muldi\Documents\Playground\University\senior-project-1\mix_dataset_split\train_val\กู (อาร์ต).wav,12.795582,13.177444,กู
C:\Users\muldi\Documents\Playground\University\senior-project-1\mix_dataset_split\train_val\กู (อาร์ต).wav,13.685743,14.015243,กู
C:\Users\muldi\Documents\Playground\University\senior-project-1\mix_dataset_split\train_val\กู (อาร์ต).wav,14.589952,14.918175,กู
C:\Users\muldi\Documents\Playground\University\senior-project-1\mix_dataset_split\train_val\กู (อาร์ต).wav,15.674237,16.073979,กู
C:\Users\muldi\Documents\Playground\University\senior-project-1\mix_dataset_split\train_val\กู (อาร์ต).wav,16.48777,16.729147,กู
C:\Users\muldi\Documents\Playground\University\senior-project-1\mix_dataset_split\train_val\กู (เปอร์).wav,0.742212,1.279611,กู
C:\Users\muldi\Documents\Playground\University\senior-project-1\mix_dataset_split\train_val\กู (แทน).wav,0.817713,1.30271,กู
C:\Users\muldi\Documents\Playground\University\senior-project-1\mix_dataset_split\train_val\กู (โบท).wav,0.877912,1.435011,กู
C:\Users\muldi\Documents\Playground\University\senior-project-1\mix_dataset_split\train_val\กู (โบท2).wav,0.729992,1.204487,กู
C:\Users\muldi\Documents\Playground\University\senior-project-1\mix_dataset_split\train_val\กู(หลายคำ).wav,0.0,0.529478,none
C:\Users\muldi\Documents\Playground\University\senior-project-1\mix_dataset_split\train_val\กู(หลายคำ).wav,1.508135,2.35517,none
C:\Users\muldi\Documents\Playground\University\senior-project-1\mix_dataset_split\train_val\กู(หลายคำ).wav,2.35517,3.425326,กู
C:\Users\muldi\Documents\Playground\University\senior-project-1\mix_dataset_split\train_val\กู(หลายคำ).wav,3.425326,4.354999,none
C:\Users\muldi\Documents\Playground\University\senior-project-1\mix_dataset_split\train_val\กู(หลายคำ).wav,4.354999,5.29026,กู
C:\Users\muldi\Documents\Playground\University\senior-project-1\mix_dataset_split\train_val\กู(หลายคำ).wav,5.29026,6.38375,none
C:\Users\muldi\Documents\Playground\University\senior-project-1\mix_dataset_split\train_val\กู(หลายคำ).wav,7.486961,8.288546,none
C:\Users\muldi\Documents\Playground\University\senior-project-1\mix_dataset_split\train_val\กู(หลายคำ).wav,8.288546,8.916591,กู
C:\Users\muldi\Documents\Playground\University\senior-project-1\mix_dataset_split\train_val\กู(หลายคำ).wav,8.916591,9.789268,none
C:\Users\muldi\Documents\Playground\University\senior-project-1\mix_dataset_split\train_val\กู(หลายคำ).wav,9.789268,10.478486,กู
C:\Users\muldi\Documents\Playground\University\senior-project-1\mix_dataset_split\train_val\กู(หลายคำ).wav,10.478486,11.275893,none
C:\Users\muldi\Documents\Playground\University\senior-project-1\mix_dataset_split\train_val\กู(หลายคำ).wav,11.275893,12.06095,กู
C:\Users\muldi\Documents\Playground\University\senior-project-1\mix_dataset_split\train_val\กู(หลายคำ).wav,12.061033,12.52,none
C:\Users\muldi\Documents\Playground\University\senior-project-1\mix_dataset_split\train_val\กู1.wav,0.0,0.524632,none
C:\Users\muldi\Documents\Playground\University\senior-project-1\mix_dataset_split\train_val\กู1.wav,0.524632,1.209643,กู
C:\Users\muldi\Documents\Playground\University\senior-project-1\mix_dataset_split\train_val\กู1.wav,1.209643,1.784563,none
C:\Users\muldi\Documents\Playground\University\senior-project-1\mix_dataset_split\train_val\กู10.wav,0.0,0.648778,none
C:\Users\muldi\Documents\Playground\University\senior-project-1\mix_dataset_split\train_val\กู10.wav,0.648778,1.409628,กู
C:\Users\muldi\Documents\Playground\University\senior-project-1\mix_dataset_split\train_val\กู10.wav,1.409628,1.637509,none
C:\Users\muldi\Documents\Playground\University\senior-project-1\mix_dataset_split\train_val\กู2.wav,0.0,0.396872,none
C:\Users\muldi\Documents\Playground\University\senior-project-1\mix_dataset_split\train_val\กู2.wav,0.396872,0.91063,กู
C:\Users\muldi\Documents\Playground\University\senior-project-1\mix_dataset_split\train_val\กู2.wav,0.91063,1.317016,none
C:\Users\muldi\Documents\Playground\University\senior-project-1\mix_dataset_split\train_val\กู3.wav,0.0,0.418618,none
C:\Users\muldi\Documents\Playground\University\senior-project-1\mix_dataset_split\train_val\กู3.wav,0.418618,1.143045,กู
C:\Users\muldi\Documents\Playground\University\senior-project-1\mix_dataset_split\train_val\กู3.wav,1.143045,1.446135,none
C:\Users\muldi\Documents\Playground\University\senior-project-1\mix_dataset_split\train_val\กู4.wav,0.0,0.54328,none
C:\Users\muldi\Documents\Playground\University\senior-project-1\mix_dataset_split\train_val\กู4.wav,0.54328,1.341686,กู
C:\Users\muldi\Documents\Playground\University\senior-project-1\mix_dataset_split\train_val\กู4.wav,1.341686,1.497722,none
C:\Users\muldi\Documents\Playground\University\senior-project-1\mix_dataset_split\train_val\กู7.wav,0.0,0.147335,none
C:\Users\muldi\Documents\Playground\University\senior-project-1\mix_dataset_split\train_val\กู7.wav,0.147335,0.499301,กู
C:\Users\muldi\Documents\Playground\University\senior-project-1\mix_dataset_split\train_val\กู7.wav,0.499301,0.77,none
C:\Users\muldi\Documents\Playground\University\senior-project-1\mix_dataset_split\train_val\กู8.wav,0.0,0.295216,none
C:\Users\muldi\Documents\Playground\University\senior-project-1\mix_dataset_split\train_val\กู8.wav,0.295216,0.764692,กู
C:\Users\muldi\Documents\Playground\University\senior-project-1\mix_dataset_split\train_val\กู8.wav,0.764692,0.896583,none
C:\Users\muldi\Documents\Playground\University\senior-project-1\mix_dataset_split\train_val\กูตั้งใจจะเรียนให้จบปีนี้.wav,0.0,0.168345,none
C:\Users\muldi\Documents\Playground\University\senior-project-1\mix_dataset_split\train_val\กูตั้งใจจะเรียนให้จบปีนี้.wav,0.168345,0.299953,กู
C:\Users\muldi\Documents\Playground\University\senior-project-1\mix_dataset_split\train_val\กูตั้งใจจะเรียนให้จบปีนี้.wav,0.299953,2.560136,none
C:\Users\muldi\Documents\Playground\University\senior-project-1\mix_dataset_split\train_val\กูว่านะพรุ่งนี้ตื่นสายวะ.wav,0.0,1.279592,none
C:\Users\muldi\Documents\Playground\University\senior-project-1\mix_dataset_split\train_val\กูว่านะพรุ่งนี้ตื่นสายวะ.wav,1.279636,1.942576,กู
C:\Users\muldi\Documents\Playground\University\senior-project-1\mix_dataset_split\train_val\กูว่านะพรุ่งนี้ตื่นสายวะ.wav,1.942576,3.8,none
C:\Users\muldi\Documents\Playground\University\senior-project-1\mix_dataset_split\train_val\กูว่าฝนจะตกแล้ว รีบกลับเถอะ.wav,0.0,0.226401,none
C:\Users\muldi\Documents\Playground\University\senior-project-1\mix_dataset_split\train_val\กูว่าฝนจะตกแล้ว รีบกลับเถอะ.wav,0.226401,0.401115,กู
C:\Users\muldi\Documents\Playground\University\senior-project-1\mix_dataset_split\train_val\กูว่าฝนจะตกแล้ว รีบกลับเถอะ.wav,0.401115,2.749956,none
C:\Users\muldi\Documents\Playground\University\senior-project-1\mix_dataset_split\train_val\กูว่ามันไม่ใช่เรื่องง่าย แต่กูก็จะลองดู.wav,0.0,0.038405,none
C:\Users\muldi\Documents\Playground\University\senior-project-1\mix_dataset_split\train_val\กูว่ามันไม่ใช่เรื่องง่าย แต่กูก็จะลองดู.wav,0.038405,0.161167,กู
C:\Users\muldi\Documents\Playground\University\senior-project-1\mix_dataset_split\train_val\กูว่ามันไม่ใช่เรื่องง่าย แต่กูก็จะลองดู.wav,0.161167,1.721012,none
C:\Users\muldi\Documents\Playground\University\senior-project-1\mix_dataset_split\train_val\กูว่ามันไม่ใช่เรื่องง่าย แต่กูก็จะลองดู.wav,1.720837,1.804326,กู
C:\Users\muldi\Documents\Playground\University\senior-project-1\mix_dataset_split\train_val\กูว่ามันไม่ใช่เรื่องง่าย แต่กูก็จะลองดู.wav,1.804326,3.11,none
C:\Users\muldi\Documents\Playground\University\senior-project-1\mix_dataset_split\train_val\กูเป็นคนคิดไอเดียโปรเจคนี่หว่า เออกูแม่งสุดยอดวะ.wav,0.0,2.249246,none
C:\Users\muldi\Documents\Playground\University\senior-project-1\mix_dataset_split\train_val\กูเป็นคนคิดไอเดียโปรเจคนี่หว่า เออกูแม่งสุดยอดวะ.wav,2.249246,2.561429,กู
C:\Users\muldi\Documents\Playground\University\senior-project-1\mix_dataset_split\train_val\กูเป็นคนคิดไอเดียโปรเจคนี่หว่า เออกูแม่งสุดยอดวะ.wav,2.561429,5.097268,none
C:\Users\muldi\Documents\Playground\University\senior-project-1\mix_dataset_split\train_val\กูเป็นคนคิดไอเดียโปรเจคนี่หว่า เออกูแม่งสุดยอดวะ.wav,5.097268,5.329871,กู
C:\Users\muldi\Documents\Playground\University\senior-project-1\mix_dataset_split\train_val\กูเป็นคนคิดไอเดียโปรเจคนี่หว่า เออกูแม่งสุดยอดวะ.wav,5.329785,6.518924,none
C:\Users\muldi\Documents\Playground\University\senior-project-1\mix_dataset_split\train_val\ก็มาดิสะไอ้สัสเป็นเหี้ยไรวะ.wav,0.0,2.222779,none
C:\Users\muldi\Documents\Playground\University\senior-project-1\mix_dataset_split\train_val\ก็มาดิสะไอ้สัสเป็นเหี้ยไรวะ.wav,2.222779,2.438565,เหี้ย
C:\Users\muldi\Documents\Playground\University\senior-project-1\mix_dataset_split\train_val\ก็มาดิสะไอ้สัสเป็นเหี้ยไรวะ.wav,2.438565,2.909606,none
C:\Users\muldi\Documents\Playground\University\senior-project-1\mix_dataset_split\train_val\ก็มาดิสะไอ้สัสเป็นเหี้ยไรวะ.wav,2.909606,3.140448,เหี้ย
C:\Users\muldi\Documents\Playground\University\senior-project-1\mix_dataset_split\train_val\ก็มาดิสะไอ้สัสเป็นเหี้ยไรวะ.wav,3.140448,3.370285,มึง
C:\Users\muldi\Documents\Playground\University\senior-project-1\mix_dataset_split\train_val\ก็มาดิสะไอ้สัสเป็นเหี้ยไรวะ.wav,3.370285,3.872425,none
C:\Users\muldi\Documents\Playground\University\senior-project-1\mix_dataset_split\train_val\ก็มาดิสะไอ้สัสเป็นเหี้ยไรวะ.wav,3.872425,4.112927,หี
C:\Users\muldi\Documents\Playground\University\senior-project-1\mix_dataset_split\train_val\ก็มาดิสะไอ้สัสเป็นเหี้ยไรวะ.wav,4.112927,5.410723,none
C:\Users\muldi\Documents\Playground\University\senior-project-1\mix_dataset_split\train_val\ก็มาดิสะไอ้สัสเป็นเหี้ยไรวะ.wav,5.410723,5.667882,ควย
C:\Users\muldi\Documents\Playground\University\senior-project-1\mix_dataset_split\train_val\ก็มาดิสะไอ้สัสเป็นเหี้ยไรวะ.wav,5.667882,5.959434,none
C:\Users\muldi\Documents\Playground\University\senior-project-1\mix_dataset_split\train_val\ก็มาดิสะไอ้สัสเป็นเหี้ยไรวะ.wav,5.959434,6.019095,กู
C:\Users\muldi\Documents\Playground\University\senior-project-1\mix_dataset_split\train_val\ก็มาดิสะไอ้สัสเป็นเหี้ยไรวะ.wav,6.019095,6.680347,none
C:\Users\muldi\Documents\Playground\University\senior-project-1\mix_dataset_split\train_val\ก็มาดิสะไอ้สัสเป็นเหี้ยไรวะ.wav,6.680347,7.049388,เหี้ย
C:\Users\muldi\Documents\Playground\University\senior-project-1\mix_dataset_split\train_val\ก็มาดิสะไอ้สัสเป็นเหี้ยไรวะ.wav,7.049388,9.367063,none
C:\Users\muldi\Documents\Playground\University\senior-project-1\mix_dataset_split\train_val\ก็มาดิสะไอ้สัสเป็นเหี้ยไรวะ.wav,9.367063,9.750196,สวะ
C:\Users\muldi\Documents\Playground\University\senior-project-1\mix_dataset_split\train_val\ก็มาดิสะไอ้สัสเป็นเหี้ยไรวะ.wav,9.750196,9.8383,none
C:\Users\muldi\Documents\Playground\University\senior-project-1\mix_dataset_split\train_val\ก็มาดิสะไอ้สัสเป็นเหี้ยไรวะ.wav,9.8383,9.92523,กู
C:\Users\muldi\Documents\Playground\University\senior-project-1\mix_dataset_split\train_val\ก็มาดิสะไอ้สัสเป็นเหี้ยไรวะ.wav,9.92523,10.69093,none
C:\Users\muldi\Documents\Playground\University\senior-project-1\mix_dataset_split\train_val\ก็มาดิสะไอ้สัสเป็นเหี้ยไรวะ.wav,10.69093,10.864061,เหี้ย
C:\Users\muldi\Documents\Playground\University\senior-project-1\mix_dataset_split\train_val\ก็มาดิสะไอ้สัสเป็นเหี้ยไรวะ.wav,10.864061,12.803295,none
C:\Users\muldi\Documents\Playground\University\senior-project-1\mix_dataset_split\train_val\ก็มาดิสะไอ้สัสเป็นเหี้ยไรวะ.wav,12.803295,13.056,ควย
C:\Users\muldi\Documents\Playground\University\senior-project-1\mix_dataset_split\train_val\ก็เอาสิ มาดูกันว่ากูน่ะจะอยู่รอดเป็นคนสุดท้ายหรือเปล่า.wav,0.0,2.245867,none
C:\Users\muldi\Documents\Playground\University\senior-project-1\mix_dataset_split\train_val\ก็เอาสิ มาดูกันว่ากูน่ะจะอยู่รอดเป็นคนสุดท้ายหรือเปล่า.wav,2.245867,2.467927,กู
C:\Users\muldi\Documents\Playground\University\senior-project-1\mix_dataset_split\train_val\ก็เอาสิ มาดูกันว่ากูน่ะจะอยู่รอดเป็นคนสุดท้ายหรือเปล่า.wav,2.467927,4.665156,none
C:\Users\muldi\Documents\Playground\University\senior-project-1\mix_dataset_split\train_val\ก็แล้วจะให้ทำยังไงล่ะมึงก็เสนอมาสิ.wav,0.002802,2.181592,none
C:\Users\muldi\Documents\Playground\University\senior-project-1\mix_dataset_split\train_val\ก็แล้วจะให้ทำยังไงล่ะมึงก็เสนอมาสิ.wav,2.181592,2.407332,มึง
C:\Users\muldi\Documents\Playground\University\senior-project-1\mix_dataset_split\train_val\ก็แล้วจะให้ทำยังไงล่ะมึงก็เสนอมาสิ.wav,2.409053,3.688384,none
C:\Users\muldi\Documents\Playground\University\senior-project-1\mix_dataset_split\train_val\ก็ไม่ต้องแดกชาตินี้ อดตายซะ ไปแดกชาติหน้า.wav,0.0,13.15127,none
C:\Users\muldi\Documents\Playground\University\senior-project-1\mix_dataset_split\train_val\ก็ไม่ต้องแดกชาตินี้ อดตายซะ ไปแดกชาติหน้า.wav,13.150601,13.251036,มึง
C:\Users\muldi\Documents\Playground\University\senior-project-1\mix_dataset_split\train_val\ก็ไม่ต้องแดกชาตินี้ อดตายซะ ไปแดกชาติหน้า.wav,13.251036,23.071781,none
C:\Users\muldi\Documents\Playground\University\senior-project-1\mix_dataset_split\train_val\ก็ไม่ต้องแดกชาตินี้ อดตายซะ ไปแดกชาติหน้า.wav,23.071781,23.347844,มึง
C:\Users\muldi\Documents\Playground\University\senior-project-1\mix_dataset_split\train_val\ก็ไม่ต้องแดกชาตินี้ อดตายซะ ไปแดกชาติหน้า.wav,23.347844,27.742118,none
C:\Users\muldi\Documents\Playground\University\senior-project-1\mix_dataset_split\train_val\ก็ไม่ต้องแดกชาตินี้ อดตายซะ ไปแดกชาติหน้า.wav,27.742118,27.860981,มึง
C:\Users\muldi\Documents\Playground\University\senior-project-1\mix_dataset_split\train_val\ก็ไม่ต้องแดกชาตินี้ อดตายซะ ไปแดกชาติหน้า.wav,27.860981,29.546893,none
C:\Users\muldi\Documents\Playground\University\senior-project-1\mix_dataset_split\train_val\ก็ไม่ต้องแดกชาตินี้ อดตายซะ ไปแดกชาติหน้า.wav,29.546893,29.748579,มึง
C:\Users\muldi\Documents\Playground\University\senior-project-1\mix_dataset_split\train_val\ก็ไม่ต้องแดกชาตินี้ อดตายซะ ไปแดกชาติหน้า.wav,29.748579,32.161536,none
C:\Users\muldi\Documents\Playground\University\senior-project-1\mix_dataset_split\train_val\ก็ไม่ต้องแดกชาตินี้ อดตายซะ ไปแดกชาติหน้า.wav,32.161536,32.188247,มึง
C:\Users\muldi\Documents\Playground\University\senior-project-1\mix_dataset_split\train_val\ก็ไม่ต้องแดกชาตินี้ อดตายซะ ไปแดกชาติหน้า.wav,32.188247,32.835827,none
C:\Users\muldi\Documents\Playground\University\senior-project-1\mix_dataset_split\train_val\ก็ไม่ต้องแดกชาตินี้ อดตายซะ ไปแดกชาติหน้า.wav,32.835827,32.869155,มึง
C:\Users\muldi\Documents\Playground\University\senior-project-1\mix_dataset_split\train_val\ก็ไม่ต้องแดกชาตินี้ อดตายซะ ไปแดกชาติหน้า.wav,32.869155,45.908614,none
C:\Users\muldi\Documents\Playground\University\senior-project-1\mix_dataset_split\train_val\ก็ไม่ต้องแดกชาตินี้ อดตายซะ ไปแดกชาติหน้า.wav,45.908614,46.032295,มึง
C:\Users\muldi\Documents\Playground\University\senior-project-1\mix_dataset_split\train_val\ก็ไม่ต้องแดกชาตินี้ อดตายซะ ไปแดกชาติหน้า.wav,46.032295,48.805454,none
C:\Users\muldi\Documents\Playground\University\senior-project-1\mix_dataset_split\train_val\ก็ไม่ต้องแดกชาตินี้ อดตายซะ ไปแดกชาติหน้า.wav,48.805454,48.86422,มึง
C:\Users\muldi\Documents\Playground\University\senior-project-1\mix_dataset_split\train_val\ก็ไม่ต้องแดกชาตินี้ อดตายซะ ไปแดกชาติหน้า.wav,48.86422,66.702818,none
C:\Users\muldi\Documents\Playground\University\senior-project-1\mix_dataset_split\train_val\ก็ไม่ต้องแดกชาตินี้ อดตายซะ ไปแดกชาติหน้า.wav,66.702818,66.822336,มึง
C:\Users\muldi\Documents\Playground\University\senior-project-1\mix_dataset_split\train_val\ก็ไม่ต้องแดกชาตินี้ อดตายซะ ไปแดกชาติหน้า.wav,66.822336,67.803853,none
C:\Users\muldi\Documents\Playground\University\senior-project-1\mix_dataset_split\train_val\ก็ไม่ต้องแดกชาตินี้ อดตายซะ ไปแดกชาติหน้า.wav,67.803853,67.863302,มึง
C:\Users\muldi\Documents\Playground\University\senior-project-1\mix_dataset_split\train_val\ก็ไม่ต้องแดกชาตินี้ อดตายซะ ไปแดกชาติหน้า.wav,67.863302,70.412903,none
C:\Users\muldi\Documents\Playground\University\senior-project-1\mix_dataset_split\train_val\ก็ไม่ต้องแดกชาตินี้ อดตายซะ ไปแดกชาติหน้า.wav,70.412903,70.556409,มึง
C:\Users\muldi\Documents\Playground\University\senior-project-1\mix_dataset_split\train_val\ก็ไม่ต้องแดกชาตินี้ อดตายซะ ไปแดกชาติหน้า.wav,70.556409,74.355667,none
C:\Users\muldi\Documents\Playground\University\senior-project-1\mix_dataset_split\train_val\ก็ไม่ต้องแดกชาตินี้ อดตายซะ ไปแดกชาติหน้า.wav,74.355667,74.460245,มึง
C:\Users\muldi\Documents\Playground\University\senior-project-1\mix_dataset_split\train_val\ก็ไม่ต้องแดกชาตินี้ อดตายซะ ไปแดกชาติหน้า.wav,74.460245,75.311236,none
C:\Users\muldi\Documents\Playground\University\senior-project-1\mix_dataset_split\train_val\ก็ไม่ต้องแดกชาตินี้ อดตายซะ ไปแดกชาติหน้า.wav,75.311236,75.407769,มึง
C:\Users\muldi\Documents\Playground\University\senior-project-1\mix_dataset_split\train_val\ก็ไม่ต้องแดกชาตินี้ อดตายซะ ไปแดกชาติหน้า.wav,75.407769,78.119332,none
C:\Users\muldi\Documents\Playground\University\senior-project-1\mix_dataset_split\train_val\ก็ไม่ต้องแดกชาตินี้ อดตายซะ ไปแดกชาติหน้า.wav,78.119332,78.199893,กู
C:\Users\muldi\Documents\Playground\University\senior-project-1\mix_dataset_split\train_val\ก็ไม่ต้องแดกชาตินี้ อดตายซะ ไปแดกชาติหน้า.wav,78.199893,78.712875,none
C:\Users\muldi\Documents\Playground\University\senior-project-1\mix_dataset_split\train_val\ก็ไม่ต้องแดกชาตินี้ อดตายซะ ไปแดกชาติหน้า.wav,78.712875,78.744765,มึง
C:\Users\muldi\Documents\Playground\University\senior-project-1\mix_dataset_split\train_val\ก็ไม่ต้องแดกชาตินี้ อดตายซะ ไปแดกชาติหน้า.wav,78.744765,81.453167,none
C:\Users\muldi\Documents\Playground\University\senior-project-1\mix_dataset_split\train_val\ก่อนจะถามกูเนี่ย เฝ้าถามตัวเองเถอะว่าดีพอยัง.wav,0.0,1.060501,none
C:\Users\muldi\Documents\Playground\University\senior-project-1\mix_dataset_split\train_val\ก่อนจะถามกูเนี่ย เฝ้าถามตัวเองเถอะว่าดีพอยัง.wav,1.063933,1.235535,กู
C:\Users\muldi\Documents\Playground\University\senior-project-1\mix_dataset_split\train_val\ก่อนจะถามกูเนี่ย เฝ้าถามตัวเองเถอะว่าดีพอยัง.wav,1.235535,4.55432,none
C:\Users\muldi\Documents\Playground\University\senior-project-1\mix_dataset_split\train_val\ขอโทษสิ พูดมาสิว่าขอโทษ.wav,0.0,41.292261,none
C:\Users\muldi\Documents\Playground\University\senior-project-1\mix_dataset_split\train_val\ขอโทษสิ พูดมาสิว่าขอโทษ.wav,41.293276,41.395775,มึง
C:\Users\muldi\Documents\Playground\University\senior-project-1\mix_dataset_split\train_val\ขอโทษสิ พูดมาสิว่าขอโทษ.wav,41.395775,41.59475,none
C:\Users\muldi\Documents\Playground\University\senior-project-1\mix_dataset_split\train_val\ขอโทษสิ พูดมาสิว่าขอโทษ.wav,41.59475,41.72777,มึง
C:\Users\muldi\Documents\Playground\University\senior-project-1\mix_dataset_split\train_val\ขอโทษสิ พูดมาสิว่าขอโทษ.wav,41.72777,49.572464,none
C:\Users\muldi\Documents\Playground\University\senior-project-1\mix_dataset_split\train_val\ขอโทษสิ พูดมาสิว่าขอโทษ.wav,49.572464,49.665545,กู
C:\Users\muldi\Documents\Playground\University\senior-project-1\mix_dataset_split\train_val\ขอโทษสิ พูดมาสิว่าขอโทษ.wav,49.665545,49.887745,none
C:\Users\muldi\Documents\Playground\University\senior-project-1\mix_dataset_split\train_val\ขอโทษสิ พูดมาสิว่าขอโทษ.wav,49.887745,49.96892,มึง
C:\Users\muldi\Documents\Playground\University\senior-project-1\mix_dataset_split\train_val\ขอโทษสิ พูดมาสิว่าขอโทษ.wav,49.96892,50.743464,none
C:\Users\muldi\Documents\Playground\University\senior-project-1\mix_dataset_split\train_val\ขอโทษสิ พูดมาสิว่าขอโทษ.wav,50.743464,50.835268,กู
C:\Users\muldi\Documents\Playground\University\senior-project-1\mix_dataset_split\train_val\ขอโทษสิ พูดมาสิว่าขอโทษ.wav,50.835268,59.921136,none
C:\Users\muldi\Documents\Playground\University\senior-project-1\mix_dataset_split\train_val\ขอโทษสิ พูดมาสิว่าขอโทษ.wav,59.921136,59.985776,กู
C:\Users\muldi\Documents\Playground\University\senior-project-1\mix_dataset_split\train_val\ขอโทษสิ พูดมาสิว่าขอโทษ.wav,59.985776,60.462604,none
C:\Users\muldi\Documents\Playground\University\senior-project-1\mix_dataset_split\train_val\ขอโทษสิ พูดมาสิว่าขอโทษ.wav,60.462604,60.520299,กู
C:\Users\muldi\Documents\Playground\University\senior-project-1\mix_dataset_split\train_val\ขอโทษสิ พูดมาสิว่าขอโทษ.wav,60.520299,61.412188,none
C:\Users\muldi\Documents\Playground\University\senior-project-1\mix_dataset_split\train_val\ขอโทษสิ พูดมาสิว่าขอโทษ.wav,61.412188,61.487233,กู
C:\Users\muldi\Documents\Playground\University\senior-project-1\mix_dataset_split\train_val\ขอโทษสิ พูดมาสิว่าขอโทษ.wav,61.487233,61.797621,none
C:\Users\muldi\Documents\Playground\University\senior-project-1\mix_dataset_split\train_val\ขอโทษสิ พูดมาสิว่าขอโทษ.wav,61.797621,61.839672,กู
C:\Users\muldi\Documents\Playground\University\senior-project-1\mix_dataset_split\train_val\ขอโทษสิ พูดมาสิว่าขอโทษ.wav,61.839672,77.832916,none
C:\Users\muldi\Documents\Playground\University\senior-project-1\mix_dataset_split\train_val\ขึ้นมาสิไอ้เย็ดแม่ เราจะไปเที่ยวทะเลกัน.wav,0.0,1.175032,none
C:\Users\muldi\Documents\Playground\University\senior-project-1\mix_dataset_split\train_val\ขึ้นมาสิไอ้เย็ดแม่ เราจะไปเที่ยวทะเลกัน.wav,1.176853,1.30519,เย็ด
C:\Users\muldi\Documents\Playground\University\senior-project-1\mix_dataset_split\train_val\ขึ้นมาสิไอ้เย็ดแม่ เราจะไปเที่ยวทะเลกัน.wav,1.30519,4.02,none
C:\Users\muldi\Documents\Playground\University\senior-project-1\mix_dataset_split\train_val\คนดีห้ามเพื่อน.wav,0.0,1.006384,none
C:\Users\muldi\Documents\Playground\University\senior-project-1\mix_dataset_split\train_val\คนดีห้ามเพื่อน.wav,1.007224,1.138831,กู
C:\Users\muldi\Documents\Playground\University\senior-project-1\mix_dataset_split\train_val\คนดีห้ามเพื่อน.wav,1.138831,3.242874,none
C:\Users\muldi\Documents\Playground\University\senior-project-1\mix_dataset_split\train_val\คนดีห้ามเพื่อน.wav,3.242874,3.395044,มึง
C:\Users\muldi\Documents\Playground\University\senior-project-1\mix_dataset_split\train_val\คนดีห้ามเพื่อน.wav,3.395044,6.960765,none
C:\Users\muldi\Documents\Playground\University\senior-project-1\mix_dataset_split\train_val\คนดีห้ามเพื่อน.wav,6.960765,7.332966,กู
C:\Users\muldi\Documents\Playground\University\senior-project-1\mix_dataset_split\train_val\คนดีห้ามเพื่อน.wav,7.332966,10.156042,none
C:\Users\muldi\Documents\Playground\University\senior-project-1\mix_dataset_split\train_val\คนดีห้ามเพื่อน.wav,10.156042,10.234288,เย็ด
C:\Users\muldi\Documents\Playground\University\senior-project-1\mix_dataset_split\train_val\คนดีห้ามเพื่อน.wav,10.234288,13.261441,none
C:\Users\muldi\Documents\Playground\University\senior-project-1\mix_dataset_split\train_val\คนดีห้ามเพื่อน.wav,13.261441,13.425949,กู
C:\Users\muldi\Documents\Playground\University\senior-project-1\mix_dataset_split\train_val\คนดีห้ามเพื่อน.wav,13.425949,14.540494,none
C:\Users\muldi\Documents\Playground\University\senior-project-1\mix_dataset_split\train_val\คนดีห้ามเพื่อน.wav,14.540494,14.61041,กู
C:\Users\muldi\Documents\Playground\University\senior-project-1\mix_dataset_split\train_val\คนดีห้ามเพื่อน.wav,14.61041,16.339806,none
C:\Users\muldi\Documents\Playground\University\senior-project-1\mix_dataset_split\train_val\คนดีห้ามเพื่อน.wav,16.339806,16.413835,กู
C:\Users\muldi\Documents\Playground\University\senior-project-1\mix_dataset_split\train_val\คนดีห้ามเพื่อน.wav,16.413835,18.213146,none
C:\Users\muldi\Documents\Playground\University\senior-project-1\mix_dataset_split\train_val\คนน่ากลัวกว่าผีบอกเลย!.wav,43.185581,45.158615,none
C:\Users\muldi\Documents\Playground\University\senior-project-1\mix_dataset_split\train_val\คนน่ากลัวกว่าผีบอกเลย!.wav,45.158615,45.194149,กู
C:\Users\muldi\Documents\Playground\University\senior-project-1\mix_dataset_split\train_val\คนน่ากลัวกว่าผีบอกเลย!.wav,45.194149,46.307452,none
C:\Users\muldi\Documents\Playground\University\senior-project-1\mix_dataset_split\train_val\คนน่ากลัวกว่าผีบอกเลย!.wav,46.360844,46.662161,none
C:\Users\muldi\Documents\Playground\University\senior-project-1\mix_dataset_split\train_val\คนน่ากลัวกว่าผีบอกเลย!.wav,46.713473,47.971366,none
C:\Users\muldi\Documents\Playground\University\senior-project-1\mix_dataset_split\train_val\คนน่ากลัวกว่าผีบอกเลย!.wav,47.971366,48.012196,กู
C:\Users\muldi\Documents\Playground\University\senior-project-1\mix_dataset_split\train_val\คนน่ากลัวกว่าผีบอกเลย!.wav,48.012586,53.478635,none
C:\Users\muldi\Documents\Playground\University\senior-project-1\mix_dataset_split\train_val\คนหายไปไหนหมดเนี่ยช่วงนี้.wav,0.0,59.454943,none
C:\Users\muldi\Documents\Playground\University\senior-project-1\mix_dataset_split\train_val\คนหายไปไหนหมดเนี่ยช่วงนี้.wav,59.454943,59.50244,กู
C:\Users\muldi\Documents\Playground\University\senior-project-1\mix_dataset_split\train_val\คนหายไปไหนหมดเนี่ยช่วงนี้.wav,59.50244,67.93315,none
C:\Users\muldi\Documents\Playground\University\senior-project-1\mix_dataset_split\train_val\คนหายไปไหนหมดเนี่ยช่วงนี้.wav,67.93315,68.000021,กู
C:\Users\muldi\Documents\Playground\University\senior-project-1\mix_dataset_split\train_val\ควย (มูเซอร์).wav,0.322381,0.956112,ควย
C:\Users\muldi\Documents\Playground\University\senior-project-1\mix_dataset_split\train_val\ควย (อาร์ต).wav,0.952271,1.336521,ควย
C:\Users\muldi\Documents\Playground\University\senior-project-1\mix_dataset_split\train_val\ควย (อาร์ต).wav,1.814935,2.34195,ควย
C:\Users\muldi\Documents\Playground\University\senior-project-1\mix_dataset_split\train_val\ควย (อาร์ต).wav,2.84922,3.409648,ควย
C:\Users\muldi\Documents\Playground\University\senior-project-1\mix_dataset_split\train_val\ควย (อาร์ต).wav,3.847055,4.42267,ควย
C:\Users\muldi\Documents\Playground\University\senior-project-1\mix_dataset_split\train_val\ควย (อาร์ต).wav,5.151682,5.586051,ควย
C:\Users\muldi\Documents\Playground\University\senior-project-1\mix_dataset_split\train_val\ควย (อาร์ต).wav,6.067502,6.463902,ควย
C:\Users\muldi\Documents\Playground\University\senior-project-1\mix_dataset_split\train_val\ควย (อาร์ต).wav,7.168613,7.604502,ควย
C:\Users\muldi\Documents\Playground\University\senior-project-1\mix_dataset_split\train_val\ควย (อาร์ต).wav,8.167967,8.489947,ควย
C:\Users\muldi\Documents\Playground\University\senior-project-1\mix_dataset_split\train_val\ควย (อาร์ต).wav,9.139982,9.484744,ควย
C:\Users\muldi\Documents\Playground\University\senior-project-1\mix_dataset_split\train_val\ควย (อาร์ต).wav,10.163636,10.350445,ควย
C:\Users\muldi\Documents\Playground\University\senior-project-1\mix_dataset_split\train_val\ควย (อาร์ต).wav,11.141533,11.452189,ควย
C:\Users\muldi\Documents\Playground\University\senior-project-1\mix_dataset_split\train_val\ควย (อาร์ต).wav,12.109245,12.532784,ควย
C:\Users\muldi\Documents\Playground\University\senior-project-1\mix_dataset_split\train_val\ควย (อาร์ต).wav,13.131518,13.472878,ควย
C:\Users\muldi\Documents\Playground\University\senior-project-1\mix_dataset_split\train_val\ควย (อาร์ต).wav,14.183593,14.572816,ควย
C:\Users\muldi\Documents\Playground\University\senior-project-1\mix_dataset_split\train_val\ควย (อาร์ต).wav,15.266372,15.391899,ควย
C:\Users\muldi\Documents\Playground\University\senior-project-1\mix_dataset_split\train_val\ควย (อาร์ต).wav,16.221819,16.499964,ควย
C:\Users\muldi\Documents\Playground\University\senior-project-1\mix_dataset_split\train_val\ควย (อาร์ต).wav,17.159204,17.532171,ควย
C:\Users\muldi\Documents\Playground\University\senior-project-1\mix_dataset_split\train_val\ควย (อาร์ต).wav,18.111941,18.360285,ควย
C:\Users\muldi\Documents\Playground\University\senior-project-1\mix_dataset_split\train_val\ควย (เปอร์).wav,1.037558,1.323007,ควย
C:\Users\muldi\Documents\Playground\University\senior-project-1\mix_dataset_split\train_val\ควย (แทน).wav,1.102861,1.693011,ควย
C:\Users\muldi\Documents\Playground\University\senior-project-1\mix_dataset_split\train_val\ควย (โบท2).wav,0.57631,0.950911,ควย
C:\Users\muldi\Documents\Playground\University\senior-project-1\mix_dataset_split\train_val\ควย มึงทำแบบนี้คนจะมองว่าเป็นคนไร้ความรับผิดชอบนะ.wav,0.0,0.022561,none
C:\Users\muldi\Documents\Playground\University\senior-project-1\mix_dataset_split\train_val\ควย มึงทำแบบนี้คนจะมองว่าเป็นคนไร้ความรับผิดชอบนะ.wav,0.022561,0.499415,ควย
C:\Users\muldi\Documents\Playground\University\senior-project-1\mix_dataset_split\train_val\ควย มึงทำแบบนี้คนจะมองว่าเป็นคนไร้ความรับผิดชอบนะ.wav,0.499415,0.665955,none
C:\Users\muldi\Documents\Playground\University\senior-project-1\mix_dataset_split\train_val\ควย มึงทำแบบนี้คนจะมองว่าเป็นคนไร้ความรับผิดชอบนะ.wav,0.665955,0.784526,มึง
C:\Users\muldi\Documents\Playground\University\senior-project-1\mix_dataset_split\train_val\ควย มึงทำแบบนี้คนจะมองว่าเป็นคนไร้ความรับผิดชอบนะ.wav,0.784526,3.82,none
C:\Users\muldi\Documents\Playground\University\senior-project-1\mix_dataset_split\train_val\ความดื้อรั้นหน้าหีของมึงทำให้ทุกอย่างแย่ลงนะ.wav,0.0,1.429544,none
C:\Users\muldi\Documents\Playground\University\senior-project-1\mix_dataset_split\train_val\ความดื้อรั้นหน้าหีของมึงทำให้ทุกอย่างแย่ลงนะ.wav,1.429544,1.593864,หี
C:\Users\muldi\Documents\Playground\University\senior-project-1\mix_dataset_split\train_val\ความดื้อรั้นหน้าหีของมึงทำให้ทุกอย่างแย่ลงนะ.wav,1.593864,1.833679,none
C:\Users\muldi\Documents\Playground\University\senior-project-1\mix_dataset_split\train_val\ความดื้อรั้นหน้าหีของมึงทำให้ทุกอย่างแย่ลงนะ.wav,1.833679,1.940261,มึง
C:\Users\muldi\Documents\Playground\University\senior-project-1\mix_dataset_split\train_val\ความดื้อรั้นหน้าหีของมึงทำให้ทุกอย่างแย่ลงนะ.wav,1.940261,3.77,none
C:\Users\muldi\Documents\Playground\University\senior-project-1\mix_dataset_split\train_val\คอมโครตดี.wav,0.0,1.518206,none
C:\Users\muldi\Documents\Playground\University\senior-project-1\mix_dataset_split\train_val\คอมโครตดี.wav,1.519623,1.566463,กู
C:\Users\muldi\Documents\Playground\University\senior-project-1\mix_dataset_split\train_val\คอมโครตดี.wav,1.566463,2.445045,none
C:\Users\muldi\Documents\Playground\University\senior-project-1\mix_dataset_split\train_val\คอมโครตดี.wav,2.445045,2.550429,กู
C:\Users\muldi\Documents\Playground\University\senior-project-1\mix_dataset_split\train_val\คอมโครตดี.wav,2.550429,5.232411,none
C:\Users\muldi\Documents\Playground\University\senior-project-1\mix_dataset_split\train_val\คอมโครตดี.wav,5.232411,5.458234,เหี้ย
C:\Users\muldi\Documents\Playground\University\senior-project-1\mix_dataset_split\train_val\คอมโครตดี.wav,5.458234,5.595736,none
C:\Users\muldi\Documents\Playground\University\senior-project-1\mix_dataset_split\train_val\คอมโครตดี.wav,5.595736,5.883786,เหี้ย
C:\Users\muldi\Documents\Playground\University\senior-project-1\mix_dataset_split\train_val\คอมโครตดี.wav,5.883786,11.399811,none
C:\Users\muldi\Documents\Playground\University\senior-project-1\mix_dataset_split\train_val\คอมโครตดี.wav,11.399811,11.903393,หี
C:\Users\muldi\Documents\Playground\University\senior-project-1\mix_dataset_split\train_val\คอมโครตดี.wav,11.903393,12.906096,none
C:\Users\muldi\Documents\Playground\University\senior-project-1\mix_dataset_split\train_val\คอมโครตดี.wav,12.906096,13.068983,เหี้ย
C:\Users\muldi\Documents\Playground\University\senior-project-1\mix_dataset_split\train_val\คอมโครตดี.wav,13.068983,14.926504,none
C:\Users\muldi\Documents\Playground\University\senior-project-1\mix_dataset_split\train_val\คอมโครตดี.wav,14.926504,15.010479,กู
C:\Users\muldi\Documents\Playground\University\senior-project-1\mix_dataset_split\train_val\คอมโครตดี.wav,15.010479,17.42653,none
C:\Users\muldi\Documents\Playground\University\senior-project-1\mix_dataset_split\train_val\คอมโครตดี.wav,17.42653,17.61247,ควย
C:\Users\muldi\Documents\Playground\University\senior-project-1\mix_dataset_split\train_val\คอมโครตดี.wav,17.61247,20.209013,none
C:\Users\muldi\Documents\Playground\University\senior-project-1\mix_dataset_split\train_val\คอมโครตดี.wav,20.209013,20.322401,กู
C:\Users\muldi\Documents\Playground\University\senior-project-1\mix_dataset_split\train_val\คอมโครตดี.wav,20.322401,22.850665,none
C:\Users\muldi\Documents\Playground\University\senior-project-1\mix_dataset_split\train_val\คอมโครตดี.wav,22.850665,23.046409,แตด
C:\Users\muldi\Documents\Playground\University\senior-project-1\mix_dataset_split\train_val\คอมโครตดี.wav,23.046409,25.21252,none
C:\Users\muldi\Documents\Playground\University\senior-project-1\mix_dataset_split\train_val\คอมโครตดี.wav,25.21252,25.361911,กู
C:\Users\muldi\Documents\Playground\University\senior-project-1\mix_dataset_split\train_val\คอมโครตดี.wav,25.361911,27.791607,none
C:\Users\muldi\Documents\Playground\University\senior-project-1\mix_dataset_split\train_val\คอมโครตดี.wav,27.791607,28.196133,สวะ
C:\Users\muldi\Documents\Playground\University\senior-project-1\mix_dataset_split\train_val\คอมโครตดี.wav,28.196133,29.909333,none
C:\Users\muldi\Documents\Playground\University\senior-project-1\mix_dataset_split\train_val\จะว่าไปแล้วมึงติดเงินกูอยู่50อะดิฟ.wav,0.0,1.493846,none
C:\Users\muldi\Documents\Playground\University\senior-project-1\mix_dataset_split\train_val\จะว่าไปแล้วมึงติดเงินกูอยู่50อะดิฟ.wav,1.493846,1.738254,มึง
C:\Users\muldi\Documents\Playground\University\senior-project-1\mix_dataset_split\train_val\จะว่าไปแล้วมึงติดเงินกูอยู่50อะดิฟ.wav,1.738254,2.278462,none
C:\Users\muldi\Documents\Playground\University\senior-project-1\mix_dataset_split\train_val\จะว่าไปแล้วมึงติดเงินกูอยู่50อะดิฟ.wav,2.278462,2.478462,กู
C:\Users\muldi\Documents\Playground\University\senior-project-1\mix_dataset_split\train_val\จะว่าไปแล้วมึงติดเงินกูอยู่50อะดิฟ.wav,2.478462,3.92,none
C:\Users\muldi\Documents\Playground\University\senior-project-1\mix_dataset_split\train_val\จารย์แดง1.wav,0.0,0.113714,none
C:\Users\muldi\Documents\Playground\University\senior-project-1\mix_dataset_split\train_val\จารย์แดง1.wav,0.194503,2.572296,none
C:\Users\muldi\Documents\Playground\University\senior-project-1\mix_dataset_split\train_val\จารย์แดง1.wav,2.775387,3.472544,none
C:\Users\muldi\Documents\Playground\University\senior-project-1\mix_dataset_split\train_val\จารย์แดง1.wav,3.657632,4.661521,none
C:\Users\muldi\Documents\Playground\University\senior-project-1\mix_dataset_split\train_val\จารย์แดง1.wav,4.793888,6.532306,none
C:\Users\muldi\Documents\Playground\University\senior-project-1\mix_dataset_split\train_val\จารย์แดง1.wav,6.669085,7.40837,none
C:\Users\muldi\Documents\Playground\University\senior-project-1\mix_dataset_split\train_val\จารย์แดง1.wav,7.649822,7.697617,none
C:\Users\muldi\Documents\Playground\University\senior-project-1\mix_dataset_split\train_val\จารย์แดง1.wav,7.913764,8.525175,none
C:\Users\muldi\Documents\Playground\University\senior-project-1\mix_dataset_split\train_val\จารย์แดง1.wav,8.880846,9.145259,none
C:\Users\muldi\Documents\Playground\University\senior-project-1\mix_dataset_split\train_val\จารย์แดง1.wav,9.308274,10.891632,none
C:\Users\muldi\Documents\Playground\University\senior-project-1\mix_dataset_split\train_val\จารย์แดง1.wav,10.891632,11.191145,เหี้ย
C:\Users\muldi\Documents\Playground\University\senior-project-1\mix_dataset_split\train_val\จารย์แดง1.wav,11.191145,12.283356,none
C:\Users\muldi\Documents\Playground\University\senior-project-1\mix_dataset_split\train_val\จารย์แดง2.wav,0.0,2.556823,none
C:\Users\muldi\Documents\Playground\University\senior-project-1\mix_dataset_split\train_val\จารย์แดง2.wav,2.556823,3.076616,หี
C:\Users\muldi\Documents\Playground\University\senior-project-1\mix_dataset_split\train_val\จารย์แดง2.wav,3.076616,4.295322,none
C:\Users\muldi\Documents\Playground\University\senior-project-1\mix_dataset_split\train_val\จารย์แดง2.wav,4.295322,4.892382,หี
C:\Users\muldi\Documents\Playground\University\senior-project-1\mix_dataset_split\train_val\จารย์แดง2.wav,4.892382,5.755192,none
C:\Users\muldi\Documents\Playground\University\senior-project-1\mix_dataset_split\train_val\จารย์แดง2.wav,5.755192,6.010406,หี
C:\Users\muldi\Documents\Playground\University\senior-project-1\mix_dataset_split\train_val\จารย์แดง2.wav,6.010406,7.785197,none
C:\Users\muldi\Documents\Playground\University\senior-project-1\mix_dataset_split\train_val\จารย์แดง2.wav,7.785197,8.046265,หี
C:\Users\muldi\Documents\Playground\University\senior-project-1\mix_dataset_split\train_val\จารย์แดง2.wav,8.046265,9.218322,none
C:\Users\muldi\Documents\Playground\University\senior-project-1\mix_dataset_split\train_val\ชอบทำตัวหัวควยใส่คนอื่น ทั้งที่ตัวเองก็ไม่ได้ดีไปกว่าใครเลย.wav,0.0,2.337409,none
C:\Users\muldi\Documents\Playground\University\senior-project-1\mix_dataset_split\train_val\ชอบทำตัวหัวควยใส่คนอื่น ทั้งที่ตัวเองก็ไม่ได้ดีไปกว่าใครเลย.wav,2.337409,2.500583,ควย
C:\Users\muldi\Documents\Playground\University\senior-project-1\mix_dataset_split\train_val\ชอบทำตัวหัวควยใส่คนอื่น ทั้งที่ตัวเองก็ไม่ได้ดีไปกว่าใครเลย.wav,2.500583,5.6,none
C:\Users\muldi\Documents\Playground\University\senior-project-1\mix_dataset_split\train_val\ชีวิตมันจะสู้ก็ต้องสู้ #honkaistarrail.wav,3.514832,3.739324,มึง
C:\Users\muldi\Documents\Playground\University\senior-project-1\mix_dataset_split\train_val\ชีวิตมันจะสู้ก็ต้องสู้ #honkaistarrail.wav,6.264837,6.429226,มึง
C:\Users\muldi\Documents\Playground\University\senior-project-1\mix_dataset_split\train_val\ชีวิตมันจะสู้ก็ต้องสู้ #honkaistarrail.wav,11.123742,11.785848,มึง
C:\Users\muldi\Documents\Playground\University\senior-project-1\mix_dataset_split\train_val\ชีวิตมันจะสู้ก็ต้องสู้ #honkaistarrail.wav,17.212415,17.374221,เหี้ย
C:\Users\muldi\Documents\Playground\University\senior-project-1\mix_dataset_split\train_val\ชีวิตมันจะสู้ก็ต้องสู้ #honkaistarrail.wav,24.387903,24.435408,มึง
C:\Users\muldi\Documents\Playground\University\senior-project-1\mix_dataset_split\train_val\ชีสเหม็น.wav,0.0,7.102098,none
C:\Users\muldi\Documents\Playground\University\senior-project-1\mix_dataset_split\train_val\ชีสเหม็น.wav,7.102098,7.393144,แตด
C:\Users\muldi\Documents\Playground\University\senior-project-1\mix_dataset_split\train_val\ชีสเหม็น.wav,7.393144,7.831683,none
C:\Users\muldi\Documents\Playground\University\senior-project-1\mix_dataset_split\train_val\ชีสเหม็น.wav,7.831683,7.966568,มึง
C:\Users\muldi\Documents\Playground\University\senior-project-1\mix_dataset_split\train_val\ชีสเหม็น.wav,7.966568,9.421103,none
C:\Users\muldi\Documents\Playground\University\senior-project-1\mix_dataset_split\train_val\ชีสเหม็น.wav,9.421103,9.900849,เหี้ย
C:\Users\muldi\Documents\Playground\University\senior-project-1\mix_dataset_split\train_val\ชีสเหม็น.wav,9.900849,10.753268,none
C:\Users\muldi\Documents\Playground\University\senior-project-1\mix_dataset_split\train_val\ชีสเหม็น.wav,10.753268,11.087004,ควย
C:\Users\muldi\Documents\Playground\University\senior-project-1\mix_dataset_split\train_val\ชีสเหม็น.wav,11.087004,11.138455,none
C:\Users\muldi\Documents\Playground\University\senior-project-1\mix_dataset_split\train_val\ชีสเหม็น.wav,11.138455,11.245529,กู
C:\Users\muldi\Documents\Playground\University\senior-project-1\mix_dataset_split\train_val\ชีสเหม็น.wav,11.245529,12.32,none
C:\Users\muldi\Documents\Playground\University\senior-project-1\mix_dataset_split\train_val\ช่วยกูด้วย.wav,0.0,1.05134,none
C:\Users\muldi\Documents\Playground\University\senior-project-1\mix_dataset_split\train_val\ช่วยกูด้วย.wav,1.05134,1.173977,กู
C:\Users\muldi\Documents\Playground\University\senior-project-1\mix_dataset_split\train_val\ช่วยกูด้วย.wav,1.174375,2.489705,none
C:\Users\muldi\Documents\Playground\University\senior-project-1\mix_dataset_split\train_val\ช่วยด้วย!! นวยจะมาอยู่ด้วย!!.wav,33.945743,34.622351,none
C:\Users\muldi\Documents\Playground\University\senior-project-1\mix_dataset_split\train_val\ช่วยด้วย!! นวยจะมาอยู่ด้วย!!.wav,34.622351,35.502242,เหี้ย
C:\Users\muldi\Documents\Playground\University\senior-project-1\mix_dataset_split\train_val\ช่วยด้วย!! นวยจะมาอยู่ด้วย!!.wav,35.502242,51.733333,none
C:\Users\muldi\Documents\Playground\University\senior-project-1\mix_dataset_split\train_val\ซามามาเท.wav,0.0,0.057347,กู
C:\Users\muldi\Documents\Playground\University\senior-project-1\mix_dataset_split\train_val\ซามามาเท.wav,18.194695,18.362159,เหี้ย
C:\Users\muldi\Documents\Playground\University\senior-project-1\mix_dataset_split\train_val\ดูถูกหีไม่มีวันเจริญ.wav,0.0,0.970043,none
C:\Users\muldi\Documents\Playground\University\senior-project-1\mix_dataset_split\train_val\ดูถูกหีไม่มีวันเจริญ.wav,0.971687,1.373789,ควย
C:\Users\muldi\Documents\Playground\University\senior-project-1\mix_dataset_split\train_val\ดูถูกหีไม่มีวันเจริญ.wav,1.373789,2.375798,none
C:\Users\muldi\Documents\Playground\University\senior-project-1\mix_dataset_split\train_val\ดูถูกหีไม่มีวันเจริญ.wav,2.375798,2.519377,หี
C:\Users\muldi\Documents\Playground\University\senior-project-1\mix_dataset_split\train_val\ดูถูกหีไม่มีวันเจริญ.wav,2.519377,4.168719,none
C:\Users\muldi\Documents\Playground\University\senior-project-1\mix_dataset_split\train_val\ดูถูกหีไม่มีวันเจริญ.wav,4.168719,4.368482,แตด
C:\Users\muldi\Documents\Playground\University\senior-project-1\mix_dataset_split\train_val\ดูถูกหีไม่มีวันเจริญ.wav,4.368482,4.925846,none
C:\Users\muldi\Documents\Playground\University\senior-project-1\mix_dataset_split\train_val\ดูถูกหีไม่มีวันเจริญ.wav,4.925846,5.242343,สวะ
C:\Users\muldi\Documents\Playground\University\senior-project-1\mix_dataset_split\train_val\ดูถูกหีไม่มีวันเจริญ.wav,5.242343,5.952,none
C:\Users\muldi\Documents\Playground\University\senior-project-1\mix_dataset_split\train_val\ถามจริงนะมึง เรื่องแบบนี้พูดออกมาได้ยังไง.wav,0.0,1.118109,none
C:\Users\muldi\Documents\Playground\University\senior-project-1\mix_dataset_split\train_val\ถามจริงนะมึง เรื่องแบบนี้พูดออกมาได้ยังไง.wav,1.118109,1.436163,มึง
C:\Users\muldi\Documents\Playground\University\senior-project-1\mix_dataset_split\train_val\ถามจริงนะมึง เรื่องแบบนี้พูดออกมาได้ยังไง.wav,1.436163,4.248815,none
C:\Users\muldi\Documents\Playground\University\senior-project-1\mix_dataset_split\train_val\ถามอะไรแปลกๆกูก็ต้องกินมาม่าอยู่แล้วสิ.wav,0.0,1.138659,none
C:\Users\muldi\Documents\Playground\University\senior-project-1\mix_dataset_split\train_val\ถามอะไรแปลกๆกูก็ต้องกินมาม่าอยู่แล้วสิ.wav,1.13823,1.293457,กู
C:\Users\muldi\Documents\Playground\University\senior-project-1\mix_dataset_split\train_val\ถามอะไรแปลกๆกูก็ต้องกินมาม่าอยู่แล้วสิ.wav,1.293457,2.947875,none
C:\Users\muldi\Documents\Playground\University\senior-project-1\mix_dataset_split\train_val\ถ้าจะมาหลอกแค่นี้ อย่ามาดีกว่าไอ้น้อง.wav,20.74965,20.838711,กู
C:\Users\muldi\Documents\Playground\University\senior-project-1\mix_dataset_split\train_val\ถ้าจะมาหลอกแค่นี้ อย่ามาดีกว่าไอ้น้อง.wav,22.340301,22.478756,เหี้ย
C:\Users\muldi\Documents\Playground\University\senior-project-1\mix_dataset_split\train_val\ถ้าจะมาหลอกแค่นี้ อย่ามาดีกว่าไอ้น้อง.wav,22.478388,23.305712,none
C:\Users\muldi\Documents\Playground\University\senior-project-1\mix_dataset_split\train_val\ถ้าจะมาหลอกแค่นี้ อย่ามาดีกว่าไอ้น้อง.wav,24.589997,24.786981,มึง
C:\Users\muldi\Documents\Playground\University\senior-project-1\mix_dataset_split\train_val\ถ้าจะมาหลอกแค่นี้ อย่ามาดีกว่าไอ้น้อง.wav,26.860726,27.992335,none
C:\Users\muldi\Documents\Playground\University\senior-project-1\mix_dataset_split\train_val\ถ้ามึงจะทำอย่างนี้นะ ไปเหอะ อย่ากลับมาเลย.wav,0.0,0.893702,none
C:\Users\muldi\Documents\Playground\University\senior-project-1\mix_dataset_split\train_val\ถ้ามึงจะทำอย่างนี้นะ ไปเหอะ อย่ากลับมาเลย.wav,0.893702,1.213614,มึง
C:\Users\muldi\Documents\Playground\University\senior-project-1\mix_dataset_split\train_val\ถ้ามึงจะทำอย่างนี้นะ ไปเหอะ อย่ากลับมาเลย.wav,1.213614,5.676356,none
C:\Users\muldi\Documents\Playground\University\senior-project-1\mix_dataset_split\train_val\ถ้าวันนึงหีมึงเหี่ยว.wav,5.294268,5.558295,หี
C:\Users\muldi\Documents\Playground\University\senior-project-1\mix_dataset_split\train_val\ถ้าวันนึงหีมึงเหี่ยว.wav,5.570895,5.802535,มึง
C:\Users\muldi\Documents\Playground\University\senior-project-1\mix_dataset_split\train_val\ถ้าวันนึงหีมึงเหี่ยว.wav,7.282757,7.473012,มึง
C:\Users\muldi\Documents\Playground\University\senior-project-1\mix_dataset_split\train_val\ถ้าวันนึงหีมึงเหี่ยว.wav,7.887292,7.996571,กู
C:\Users\muldi\Documents\Playground\University\senior-project-1\mix_dataset_split\train_val\ถ้าวันนึงหีมึงเหี่ยว.wav,8.195119,8.340567,กู
C:\Users\muldi\Documents\Playground\University\senior-project-1\mix_dataset_split\train_val\ถ้าวันนึงหีมึงเหี่ยว.wav,8.387511,8.645316,หี
C:\Users\muldi\Documents\Playground\University\senior-project-1\mix_dataset_split\train_val\ถ้าวันนึงหีมึงเหี่ยว.wav,11.203356,11.441152,หี
C:\Users\muldi\Documents\Playground\University\senior-project-1\mix_dataset_split\train_val\ถ้าวันนึงหีมึงเหี่ยว.wav,11.512722,11.625848,มึง
C:\Users\muldi\Documents\Playground\University\senior-project-1\mix_dataset_split\train_val\ถ้าวันนึงหีมึงเหี่ยว.wav,12.928725,13.001065,กู
C:\Users\muldi\Documents\Playground\University\senior-project-1\mix_dataset_split\train_val\ถ้าวันนึงหีมึงเหี่ยว.wav,13.908701,14.008097,มึง
C:\Users\muldi\Documents\Playground\University\senior-project-1\mix_dataset_split\train_val\ถ้าวันนึงหีมึงเหี่ยว.wav,14.849203,15.102784,หี
C:\Users\muldi\Documents\Playground\University\senior-project-1\mix_dataset_split\train_val\ถ้าวันนึงหีมึงเหี่ยว.wav,15.714563,15.849237,มึง
C:\Users\muldi\Documents\Playground\University\senior-project-1\mix_dataset_split\train_val\ถ้าวันนึงหีมึงเหี่ยว.wav,15.976985,16.152446,มึง
C:\Users\muldi\Documents\Playground\University\senior-project-1\mix_dataset_split\train_val\ถ้าแกไม่ไป กูก็ไม่ไปเหมือนกัน.wav,0.0,1.431357,none
C:\Users\muldi\Documents\Playground\University\senior-project-1\mix_dataset_split\train_val\ถ้าแกไม่ไป กูก็ไม่ไปเหมือนกัน.wav,1.431357,1.59603,กู
C:\Users\muldi\Documents\Playground\University\senior-project-1\mix_dataset_split\train_val\ถ้าแกไม่ไป กูก็ไม่ไปเหมือนกัน.wav,1.595768,3.669565,none
C:\Users\muldi\Documents\Playground\University\senior-project-1\mix_dataset_split\train_val\ทายคำเย็ดแม่.wav,0.0,35.692788,none
C:\Users\muldi\Documents\Playground\University\senior-project-1\mix_dataset_split\train_val\ทายคำเย็ดแม่.wav,35.692788,35.782934,เย็ด
C:\Users\muldi\Documents\Playground\University\senior-project-1\mix_dataset_split\train_val\ทายคำเย็ดแม่.wav,35.782934,49.36401,none
C:\Users\muldi\Documents\Playground\University\senior-project-1\mix_dataset_split\train_val\ทายคำเย็ดแม่.wav,49.36401,49.435061,เย็ด
C:\Users\muldi\Documents\Playground\University\senior-project-1\mix_dataset_split\train_val\ทายคำเย็ดแม่.wav,49.435061,54.498565,none
C:\Users\muldi\Documents\Playground\University\senior-project-1\mix_dataset_split\train_val\ทายคำเย็ดแม่.wav,54.498565,54.570637,เย็ด
C:\Users\muldi\Documents\Playground\University\senior-project-1\mix_dataset_split\train_val\ทายคำเย็ดแม่.wav,54.570637,62.959681,none
C:\Users\muldi\Documents\Playground\University\senior-project-1\mix_dataset_split\train_val\ทายคำเย็ดแม่.wav,62.959681,63.043642,มึง
C:\Users\muldi\Documents\Playground\University\senior-project-1\mix_dataset_split\train_val\ทายคำเย็ดแม่.wav,63.043642,64.120833,none
C:\Users\muldi\Documents\Playground\University\senior-project-1\mix_dataset_split\train_val\ทายคำเย็ดแม่.wav,64.120833,64.192486,เย็ด
C:\Users\muldi\Documents\Playground\University\senior-project-1\mix_dataset_split\train_val\ทายคำเย็ดแม่.wav,64.192486,74.86,none
C:\Users\muldi\Documents\Playground\University\senior-project-1\mix_dataset_split\train_val\ทำไมกูต้องทำงานหนักขนาดนี้ด้วยวะ.wav,0.0,0.48031,none
C:\Users\muldi\Documents\Playground\University\senior-project-1\mix_dataset_split\train_val\ทำไมกูต้องทำงานหนักขนาดนี้ด้วยวะ.wav,0.480342,0.591976,กู
C:\Users\muldi\Documents\Playground\University\senior-project-1\mix_dataset_split\train_val\ทำไมกูต้องทำงานหนักขนาดนี้ด้วยวะ.wav,0.591945,3.718453,none
C:\Users\muldi\Documents\Playground\University\senior-project-1\mix_dataset_split\train_val\ทำไมมึงถึงทำอย่างนี้เนี่ย ดูดีๆ.wav,0.0,0.532094,none
C:\Users\muldi\Documents\Playground\University\senior-project-1\mix_dataset_split\train_val\ทำไมมึงถึงทำอย่างนี้เนี่ย ดูดีๆ.wav,0.532094,0.746469,มึง
C:\Users\muldi\Documents\Playground\University\senior-project-1\mix_dataset_split\train_val\ทำไมมึงถึงทำอย่างนี้เนี่ย ดูดีๆ.wav,0.746469,3.01,none
C:\Users\muldi\Documents\Playground\University\senior-project-1\mix_dataset_split\train_val\ทุกครั้งที่เขาพูด มันเหมือนเขากำลังพ่นสวะออกมา.wav,0.0,3.112623,none
C:\Users\muldi\Documents\Playground\University\senior-project-1\mix_dataset_split\train_val\ทุกครั้งที่เขาพูด มันเหมือนเขากำลังพ่นสวะออกมา.wav,3.112623,3.321756,สวะ
C:\Users\muldi\Documents\Playground\University\senior-project-1\mix_dataset_split\train_val\ทุกครั้งที่เขาพูด มันเหมือนเขากำลังพ่นสวะออกมา.wav,3.321756,4.34,none
C:\Users\muldi\Documents\Playground\University\senior-project-1\mix_dataset_split\train_val\ทุกครั้งมันก็เป็นแบบนี้เสมออ่ะ เย็ดแม่.wav,0.0,1.59731,none
C:\Users\muldi\Documents\Playground\University\senior-project-1\mix_dataset_split\train_val\ทุกครั้งมันก็เป็นแบบนี้เสมออ่ะ เย็ดแม่.wav,1.59731,1.659816,เย็ด
C:\Users\muldi\Documents\Playground\University\senior-project-1\mix_dataset_split\train_val\ทุกครั้งมันก็เป็นแบบนี้เสมออ่ะ เย็ดแม่.wav,1.659816,2.634765,none
C:\Users\muldi\Documents\Playground\University\senior-project-1\mix_dataset_split\train_val\นกนางนวลขโมยขนมปัง.wav,0.0,0.807056,none
C:\Users\muldi\Documents\Playground\University\senior-project-1\mix_dataset_split\train_val\นกนางนวลขโมยขนมปัง.wav,0.807056,0.888023,กู
C:\Users\muldi\Documents\Playground\University\senior-project-1\mix_dataset_split\train_val\นกนางนวลขโมยขนมปัง.wav,0.888023,2.22914,none
C:\Users\muldi\Documents\Playground\University\senior-project-1\mix_dataset_split\train_val\นกนางนวลขโมยขนมปัง.wav,2.229224,3.304087,none
C:\Users\muldi\Documents\Playground\University\senior-project-1\mix_dataset_split\train_val\นกนางนวลขโมยขนมปัง.wav,3.304003,3.457291,กู
C:\Users\muldi\Documents\Playground\University\senior-project-1\mix_dataset_split\train_val\นกนางนวลขโมยขนมปัง.wav,3.457291,7.615599,none
C:\Users\muldi\Documents\Playground\University\senior-project-1\mix_dataset_split\train_val\นกนางนวลขโมยขนมปัง.wav,7.615599,7.699163,กู
C:\Users\muldi\Documents\Playground\University\senior-project-1\mix_dataset_split\train_val\นกนางนวลขโมยขนมปัง.wav,7.699058,9.739401,none
C:\Users\muldi\Documents\Playground\University\senior-project-1\mix_dataset_split\train_val\นกนางนวลขโมยขนมปัง.wav,9.739401,9.877767,กู
C:\Users\muldi\Documents\Playground\University\senior-project-1\mix_dataset_split\train_val\นกนางนวลขโมยขนมปัง.wav,9.87748,11.568701,none
C:\Users\muldi\Documents\Playground\University\senior-project-1\mix_dataset_split\train_val\นิสัยควยๆแบบนี้.wav,0.0,1.531654,none
C:\Users\muldi\Documents\Playground\University\senior-project-1\mix_dataset_split\train_val\นิสัยควยๆแบบนี้.wav,1.53145,1.665415,ควย
C:\Users\muldi\Documents\Playground\University\senior-project-1\mix_dataset_split\train_val\นิสัยควยๆแบบนี้.wav,1.665415,1.801096,none
C:\Users\muldi\Documents\Playground\University\senior-project-1\mix_dataset_split\train_val\นิสัยควยๆแบบนี้.wav,1.801096,2.028478,ควย
C:\Users\muldi\Documents\Playground\University\senior-project-1\mix_dataset_split\train_val\นิสัยควยๆแบบนี้.wav,2.028478,4.527586,none
C:\Users\muldi\Documents\Playground\University\senior-project-1\mix_dataset_split\train_val\นิสัยควยๆแบบนี้.wav,4.527586,4.898545,สวะ
C:\Users\muldi\Documents\Playground\University\senior-project-1\mix_dataset_split\train_val\นิสัยควยๆแบบนี้.wav,4.898545,6.055232,none
C:\Users\muldi\Documents\Playground\University\senior-project-1\mix_dataset_split\train_val\นิสัยควยๆแบบนี้.wav,6.055232,6.169297,มึง
C:\Users\muldi\Documents\Playground\University\senior-project-1\mix_dataset_split\train_val\นิสัยควยๆแบบนี้.wav,6.169297,6.779837,none
C:\Users\muldi\Documents\Playground\University\senior-project-1\mix_dataset_split\train_val\นิสัยควยๆแบบนี้.wav,6.779837,7.065872,หี
C:\Users\muldi\Documents\Playground\University\senior-project-1\mix_dataset_split\train_val\นิสัยควยๆแบบนี้.wav,7.065872,8.661333,none
C:\Users\muldi\Documents\Playground\University\senior-project-1\mix_dataset_split\train_val\นี่มันจะเกินไปแล้วนะไอเย็ดแม่.wav,0.0,1.52459,none
C:\Users\muldi\Documents\Playground\University\senior-project-1\mix_dataset_split\train_val\นี่มันจะเกินไปแล้วนะไอเย็ดแม่.wav,1.52459,1.627274,เย็ด
C:\Users\muldi\Documents\Playground\University\senior-project-1\mix_dataset_split\train_val\นี่มันจะเกินไปแล้วนะไอเย็ดแม่.wav,1.627274,2.829213,none
C:\Users\muldi\Documents\Playground\University\senior-project-1\mix_dataset_split\train_val\บารมีมารดา.wav,0.0,1.074638,none
C:\Users\muldi\Documents\Playground\University\senior-project-1\mix_dataset_split\train_val\บารมีมารดา.wav,1.074638,1.414432,มึง
C:\Users\muldi\Documents\Playground\University\senior-project-1\mix_dataset_split\train_val\บารมีมารดา.wav,1.414432,7.012152,none
C:\Users\muldi\Documents\Playground\University\senior-project-1\mix_dataset_split\train_val\บารมีมารดา.wav,7.012152,7.337837,หี
C:\Users\muldi\Documents\Playground\University\senior-project-1\mix_dataset_split\train_val\บารมีมารดา.wav,7.337837,8.134891,none
C:\Users\muldi\Documents\Playground\University\senior-project-1\mix_dataset_split\train_val\บารมีมารดา.wav,8.134891,8.281751,มึง
C:\Users\muldi\Documents\Playground\University\senior-project-1\mix_dataset_split\train_val\บารมีมารดา.wav,8.281751,9.272336,none
C:\Users\muldi\Documents\Playground\University\senior-project-1\mix_dataset_split\train_val\บารมีมารดา.wav,9.272336,9.591972,มึง
C:\Users\muldi\Documents\Playground\University\senior-project-1\mix_dataset_split\train_val\บารมีมารดา.wav,9.591972,10.254282,none
C:\Users\muldi\Documents\Playground\University\senior-project-1\mix_dataset_split\train_val\บารมีมารดา.wav,10.254282,10.533604,แตด
C:\Users\muldi\Documents\Playground\University\senior-project-1\mix_dataset_split\train_val\บารมีมารดา.wav,10.533604,11.305338,none
C:\Users\muldi\Documents\Playground\University\senior-project-1\mix_dataset_split\train_val\บารมีมารดา.wav,11.305338,11.469476,มึง
C:\Users\muldi\Documents\Playground\University\senior-project-1\mix_dataset_split\train_val\บารมีมารดา.wav,11.469476,13.885466,none
C:\Users\muldi\Documents\Playground\University\senior-project-1\mix_dataset_split\train_val\บารมีมารดา.wav,13.885466,14.046724,มึง
C:\Users\muldi\Documents\Playground\University\senior-project-1\mix_dataset_split\train_val\บารมีมารดา.wav,14.046724,14.844376,none
C:\Users\muldi\Documents\Playground\University\senior-project-1\mix_dataset_split\train_val\บารมีมารดา.wav,14.844376,15.221604,สวะ
C:\Users\muldi\Documents\Playground\University\senior-project-1\mix_dataset_split\train_val\บารมีมารดา.wav,15.221604,18.04,none
C:\Users\muldi\Documents\Playground\University\senior-project-1\mix_dataset_split\train_val\บิวพูดควย.wav,0.0,1.082726,none
C:\Users\muldi\Documents\Playground\University\senior-project-1\mix_dataset_split\train_val\บิวพูดควย.wav,1.654963,2.412185,none
C:\Users\muldi\Documents\Playground\University\senior-project-1\mix_dataset_split\train_val\บิวพูดควย.wav,2.412185,3.03642,ควย
C:\Users\muldi\Documents\Playground\University\senior-project-1\mix_dataset_split\train_val\บิวพูดควย.wav,3.03642,3.758445,none
C:\Users\muldi\Documents\Playground\University\senior-project-1\mix_dataset_split\train_val\บิวพูดควย.wav,4.15287,5.419267,none
C:\Users\muldi\Documents\Playground\University\senior-project-1\mix_dataset_split\train_val\บิวพูดควย.wav,5.419267,5.83977,ควย
C:\Users\muldi\Documents\Playground\University\senior-project-1\mix_dataset_split\train_val\บิวพูดควย.wav,5.83977,7.014002,none
C:\Users\muldi\Documents\Playground\University\senior-project-1\mix_dataset_split\train_val\บิวพูดควย.wav,7.508741,8.753633,none
C:\Users\muldi\Documents\Playground\University\senior-project-1\mix_dataset_split\train_val\บิวพูดควย.wav,8.753633,9.256621,ควย
C:\Users\muldi\Documents\Playground\University\senior-project-1\mix_dataset_split\train_val\บิวพูดควย.wav,9.256621,10.209146,none
C:\Users\muldi\Documents\Playground\University\senior-project-1\mix_dataset_split\train_val\บิวพูดควย.wav,10.209146,10.442137,ควย
C:\Users\muldi\Documents\Playground\University\senior-project-1\mix_dataset_split\train_val\บิวพูดควย.wav,10.442137,10.536497,กู
C:\Users\muldi\Documents\Playground\University\senior-project-1\mix_dataset_split\train_val\บิวพูดควย.wav,10.536497,12.170126,none
C:\Users\muldi\Documents\Playground\University\senior-project-1\mix_dataset_split\train_val\บิวพูดควย.wav,12.170126,12.358374,ควย
C:\Users\muldi\Documents\Playground\University\senior-project-1\mix_dataset_split\train_val\บิวพูดควย.wav,12.358374,12.376303,none
C:\Users\muldi\Documents\Playground\University\senior-project-1\mix_dataset_split\train_val\บิวพูดควย.wav,12.376303,12.455351,กู
C:\Users\muldi\Documents\Playground\University\senior-project-1\mix_dataset_split\train_val\บิวพูดควย.wav,12.455351,14.44,none
C:\Users\muldi\Documents\Playground\University\senior-project-1\mix_dataset_split\train_val\บิวพูดเหี้ย.wav,0.0,0.989688,none
C:\Users\muldi\Documents\Playground\University\senior-project-1\mix_dataset_split\train_val\บิวพูดเหี้ย.wav,0.989688,1.43318,เหี้ย
C:\Users\muldi\Documents\Playground\University\senior-project-1\mix_dataset_split\train_val\บิวพูดเหี้ย.wav,1.43318,2.497561,none
C:\Users\muldi\Documents\Playground\University\senior-project-1\mix_dataset_split\train_val\บิวพูดเหี้ย.wav,2.497561,2.922379,เหี้ย
C:\Users\muldi\Documents\Playground\University\senior-project-1\mix_dataset_split\train_val\บิวพูดเหี้ย.wav,2.922379,4.187769,none
C:\Users\muldi\Documents\Playground\University\senior-project-1\mix_dataset_split\train_val\บิวพูดเหี้ย.wav,4.187769,4.389015,เหี้ย
C:\Users\muldi\Documents\Playground\University\senior-project-1\mix_dataset_split\train_val\บิวพูดเหี้ย.wav,4.389015,4.455634,none
C:\Users\muldi\Documents\Playground\University\senior-project-1\mix_dataset_split\train_val\บิวพูดเหี้ย.wav,4.455634,4.87617,เหี้ย
C:\Users\muldi\Documents\Playground\University\senior-project-1\mix_dataset_split\train_val\บิวพูดเหี้ย.wav,4.87617,6.752158,none
C:\Users\muldi\Documents\Playground\University\senior-project-1\mix_dataset_split\train_val\บิวพูดเหี้ย.wav,6.752158,7.137996,เหี้ย
C:\Users\muldi\Documents\Playground\University\senior-project-1\mix_dataset_split\train_val\บิวพูดเหี้ย.wav,7.137996,8.642485,none
C:\Users\muldi\Documents\Playground\University\senior-project-1\mix_dataset_split\train_val\บิวพูดเหี้ย.wav,8.642485,8.974194,เหี้ย
C:\Users\muldi\Documents\Playground\University\senior-project-1\mix_dataset_split\train_val\บิวพูดเหี้ย.wav,8.974194,10.239964,none
C:\Users\muldi\Documents\Playground\University\senior-project-1\mix_dataset_split\train_val\บิวพูดเหี้ย.wav,10.239964,10.367651,เหี้ย
C:\Users\muldi\Documents\Playground\University\senior-project-1\mix_dataset_split\train_val\บิวพูดเหี้ย.wav,10.367651,10.979717,none
C:\Users\muldi\Documents\Playground\University\senior-project-1\mix_dataset_split\train_val\บิวพูดเหี้ย.wav,10.979717,11.335021,กู
C:\Users\muldi\Documents\Playground\University\senior-project-1\mix_dataset_split\train_val\บิวพูดเหี้ย.wav,11.335021,12.359295,none
C:\Users\muldi\Documents\Playground\University\senior-project-1\mix_dataset_split\train_val\บิวพูดเหี้ย.wav,12.359295,12.915845,เหี้ย
C:\Users\muldi\Documents\Playground\University\senior-project-1\mix_dataset_split\train_val\บิวพูดเหี้ย.wav,12.915845,13.865172,none
C:\Users\muldi\Documents\Playground\University\senior-project-1\mix_dataset_split\train_val\บิวพูดเหี้ย.wav,14.281544,15.043503,none
C:\Users\muldi\Documents\Playground\University\senior-project-1\mix_dataset_split\train_val\บิวพูดเหี้ย.wav,15.043503,15.697207,เหี้ย
C:\Users\muldi\Documents\Playground\University\senior-project-1\mix_dataset_split\train_val\บิวพูดเหี้ย.wav,15.697207,16.638206,none
C:\Users\muldi\Documents\Playground\University\senior-project-1\mix_dataset_split\train_val\บิวพูดเหี้ย.wav,16.638206,17.203084,เหี้ย
C:\Users\muldi\Documents\Playground\University\senior-project-1\mix_dataset_split\train_val\บิวพูดเหี้ย.wav,17.203084,18.256504,none
C:\Users\muldi\Documents\Playground\University\senior-project-1\mix_dataset_split\train_val\บิวพูดเหี้ย.wav,18.843588,20.68,none
C:\Users\muldi\Documents\Playground\University\senior-project-1\mix_dataset_split\train_val\ประชุมรวมญาติเชลซี.wav,142.941353,143.029457,กู
C:\Users\muldi\Documents\Playground\University\senior-project-1\mix_dataset_split\train_val\ประชุมรวมญาติเชลซี.wav,143.633679,143.746699,เหี้ย
C:\Users\muldi\Documents\Playground\University\senior-project-1\mix_dataset_split\train_val\ประชุมรวมญาติเชลซี.wav,144.797836,144.835388,กู
C:\Users\muldi\Documents\Playground\University\senior-project-1\mix_dataset_split\train_val\ประชุมรวมญาติเชลซี.wav,180.565019,180.615698,กู
C:\Users\muldi\Documents\Playground\University\senior-project-1\mix_dataset_split\train_val\ประชุมรวมญาติเชลซี.wav,181.523369,181.735847,กู
C:\Users\muldi\Documents\Playground\University\senior-project-1\mix_dataset_split\train_val\ประโยคศักดิ์สิทธิ์.wav,0.0,2.274848,none
C:\Users\muldi\Documents\Playground\University\senior-project-1\mix_dataset_split\train_val\ประโยคศักดิ์สิทธิ์.wav,2.274848,2.350967,กู
C:\Users\muldi\Documents\Playground\University\senior-project-1\mix_dataset_split\train_val\ประโยคศักดิ์สิทธิ์.wav,2.350967,3.063611,none
C:\Users\muldi\Documents\Playground\University\senior-project-1\mix_dataset_split\train_val\ประโยคศักดิ์สิทธิ์.wav,3.063611,3.191627,หี
C:\Users\muldi\Documents\Playground\University\senior-project-1\mix_dataset_split\train_val\ประโยคศักดิ์สิทธิ์.wav,3.191627,5.148597,none
C:\Users\muldi\Documents\Playground\University\senior-project-1\mix_dataset_split\train_val\ประโยคศักดิ์สิทธิ์.wav,5.148597,5.247519,ควย
C:\Users\muldi\Documents\Playground\University\senior-project-1\mix_dataset_split\train_val\ประโยคศักดิ์สิทธิ์.wav,5.247519,6.830852,none
C:\Users\muldi\Documents\Playground\University\senior-project-1\mix_dataset_split\train_val\ประโยคศักดิ์สิทธิ์.wav,6.830852,6.904752,มึง
C:\Users\muldi\Documents\Playground\University\senior-project-1\mix_dataset_split\train_val\ประโยคศักดิ์สิทธิ์.wav,6.904752,7.695546,none
C:\Users\muldi\Documents\Playground\University\senior-project-1\mix_dataset_split\train_val\ประโยคศักดิ์สิทธิ์.wav,7.695546,7.906773,สวะ
C:\Users\muldi\Documents\Playground\University\senior-project-1\mix_dataset_split\train_val\ประโยคศักดิ์สิทธิ์.wav,7.906773,8.226233,none
C:\Users\muldi\Documents\Playground\University\senior-project-1\mix_dataset_split\train_val\ประโยคศักดิ์สิทธิ์.wav,8.226233,8.343776,แตด
C:\Users\muldi\Documents\Playground\University\senior-project-1\mix_dataset_split\train_val\ประโยคศักดิ์สิทธิ์.wav,8.343776,9.92129,none
C:\Users\muldi\Documents\Playground\University\senior-project-1\mix_dataset_split\train_val\ประโยคศักดิ์สิทธิ์.wav,9.92129,10.060362,หี
C:\Users\muldi\Documents\Playground\University\senior-project-1\mix_dataset_split\train_val\ประโยคศักดิ์สิทธิ์.wav,10.060362,12.233736,none
C:\Users\muldi\Documents\Playground\University\senior-project-1\mix_dataset_split\train_val\ประโยคศักดิ์สิทธิ์.wav,12.233736,12.490933,สวะ
C:\Users\muldi\Documents\Playground\University\senior-project-1\mix_dataset_split\train_val\ประโยคศักดิ์สิทธิ์.wav,12.490933,15.707063,none
C:\Users\muldi\Documents\Playground\University\senior-project-1\mix_dataset_split\train_val\ประโยคศักดิ์สิทธิ์.wav,15.707063,15.836673,เหี้ย
C:\Users\muldi\Documents\Playground\University\senior-project-1\mix_dataset_split\train_val\ประโยคศักดิ์สิทธิ์.wav,15.836673,16.702579,none
C:\Users\muldi\Documents\Playground\University\senior-project-1\mix_dataset_split\train_val\ประโยคศักดิ์สิทธิ์.wav,16.702579,16.820503,หี
C:\Users\muldi\Documents\Playground\University\senior-project-1\mix_dataset_split\train_val\ประโยคศักดิ์สิทธิ์.wav,16.820503,19.186337,none
C:\Users\muldi\Documents\Playground\University\senior-project-1\mix_dataset_split\train_val\ประโยคศักดิ์สิทธิ์.wav,19.186337,19.400854,ควย
C:\Users\muldi\Documents\Playground\University\senior-project-1\mix_dataset_split\train_val\ประโยคศักดิ์สิทธิ์.wav,19.400854,19.705331,none
C:\Users\muldi\Documents\Playground\University\senior-project-1\mix_dataset_split\train_val\ประโยคศักดิ์สิทธิ์.wav,19.705331,19.850649,แตด
C:\Users\muldi\Documents\Playground\University\senior-project-1\mix_dataset_split\train_val\ประโยคศักดิ์สิทธิ์.wav,19.850649,21.666068,none
C:\Users\muldi\Documents\Playground\University\senior-project-1\mix_dataset_split\train_val\ประโยคศักดิ์สิทธิ์.wav,21.666068,21.787102,กู
C:\Users\muldi\Documents\Playground\University\senior-project-1\mix_dataset_split\train_val\ประโยคศักดิ์สิทธิ์.wav,21.787102,23.613751,none
C:\Users\muldi\Documents\Playground\University\senior-project-1\mix_dataset_split\train_val\ประโยคศักดิ์สิทธิ์.wav,23.613751,23.899305,เหี้ย
C:\Users\muldi\Documents\Playground\University\senior-project-1\mix_dataset_split\train_val\ประโยคศักดิ์สิทธิ์.wav,23.899305,24.4,none
C:\Users\muldi\Documents\Playground\University\senior-project-1\mix_dataset_split\train_val\ป้าๆก๋วยเตี๋ยวถุงนึง.wav,0.0,5.663924,none
C:\Users\muldi\Documents\Playground\University\senior-project-1\mix_dataset_split\train_val\ป้าๆก๋วยเตี๋ยวถุงนึง.wav,6.504191,8.748338,none
C:\Users\muldi\Documents\Playground\University\senior-project-1\mix_dataset_split\train_val\ป้าๆก๋วยเตี๋ยวถุงนึง.wav,8.748338,8.96372,มึง
C:\Users\muldi\Documents\Playground\University\senior-project-1\mix_dataset_split\train_val\ป้าๆก๋วยเตี๋ยวถุงนึง.wav,8.96372,10.292289,none
C:\Users\muldi\Documents\Playground\University\senior-project-1\mix_dataset_split\train_val\ป้าๆก๋วยเตี๋ยวถุงนึง.wav,10.292289,10.602994,เหี้ย
C:\Users\muldi\Documents\Playground\University\senior-project-1\mix_dataset_split\train_val\ป้าๆก๋วยเตี๋ยวถุงนึง.wav,10.602994,11.608491,none
C:\Users\muldi\Documents\Playground\University\senior-project-1\mix_dataset_split\train_val\ป้าๆก๋วยเตี๋ยวถุงนึง.wav,11.608491,11.817709,ควย
C:\Users\muldi\Documents\Playground\University\senior-project-1\mix_dataset_split\train_val\ป้าๆก๋วยเตี๋ยวถุงนึง.wav,11.817709,12.306592,none
C:\Users\muldi\Documents\Playground\University\senior-project-1\mix_dataset_split\train_val\ป้าๆก๋วยเตี๋ยวถุงนึง.wav,12.306592,12.443491,มึง
C:\Users\muldi\Documents\Playground\University\senior-project-1\mix_dataset_split\train_val\ป้าๆก๋วยเตี๋ยวถุงนึง.wav,12.443491,13.629217,none
C:\Users\muldi\Documents\Playground\University\senior-project-1\mix_dataset_split\train_val\ป้าๆก๋วยเตี๋ยวถุงนึง.wav,13.629217,13.996858,สวะ
C:\Users\muldi\Documents\Playground\University\senior-project-1\mix_dataset_split\train_val\ป้าๆก๋วยเตี๋ยวถุงนึง.wav,13.996858,15.779628,none
C:\Users\muldi\Documents\Playground\University\senior-project-1\mix_dataset_split\train_val\ป้าๆก๋วยเตี๋ยวถุงนึง.wav,15.779628,15.959181,มึง
C:\Users\muldi\Documents\Playground\University\senior-project-1\mix_dataset_split\train_val\ป้าๆก๋วยเตี๋ยวถุงนึง.wav,15.959181,16.227687,none
C:\Users\muldi\Documents\Playground\University\senior-project-1\mix_dataset_split\train_val\ป้าๆก๋วยเตี๋ยวถุงนึง.wav,16.227687,16.422853,แตด
C:\Users\muldi\Documents\Playground\University\senior-project-1\mix_dataset_split\train_val\ป้าๆก๋วยเตี๋ยวถุงนึง.wav,16.422853,16.789766,none
C:\Users\muldi\Documents\Playground\University\senior-project-1\mix_dataset_split\train_val\ป้าๆก๋วยเตี๋ยวถุงนึง.wav,16.789766,16.949802,มึง
C:\Users\muldi\Documents\Playground\University\senior-project-1\mix_dataset_split\train_val\ป้าๆก๋วยเตี๋ยวถุงนึง.wav,16.949802,19.562667,none
C:\Users\muldi\Documents\Playground\University\senior-project-1\mix_dataset_split\train_val\พรุ่งนี้กูไม่ว่างนะ นัดไว้แล้ว.wav,0.0,0.456964,none
C:\Users\muldi\Documents\Playground\University\senior-project-1\mix_dataset_split\train_val\พรุ่งนี้กูไม่ว่างนะ นัดไว้แล้ว.wav,0.456954,0.610757,กู
C:\Users\muldi\Documents\Playground\University\senior-project-1\mix_dataset_split\train_val\พรุ่งนี้กูไม่ว่างนะ นัดไว้แล้ว.wav,0.610907,2.46797,none
C:\Users\muldi\Documents\Playground\University\senior-project-1\mix_dataset_split\train_val\พฤติกรรมเห็นแก่ตัวหัวควยของมึงมันสร้างปัญหารู้ไหม.wav,0.0,1.931482,none
C:\Users\muldi\Documents\Playground\University\senior-project-1\mix_dataset_split\train_val\พฤติกรรมเห็นแก่ตัวหัวควยของมึงมันสร้างปัญหารู้ไหม.wav,1.931482,2.076266,ควย
C:\Users\muldi\Documents\Playground\University\senior-project-1\mix_dataset_split\train_val\พฤติกรรมเห็นแก่ตัวหัวควยของมึงมันสร้างปัญหารู้ไหม.wav,2.076266,2.31461,none
C:\Users\muldi\Documents\Playground\University\senior-project-1\mix_dataset_split\train_val\พฤติกรรมเห็นแก่ตัวหัวควยของมึงมันสร้างปัญหารู้ไหม.wav,2.31461,2.463156,มึง
C:\Users\muldi\Documents\Playground\University\senior-project-1\mix_dataset_split\train_val\พฤติกรรมเห็นแก่ตัวหัวควยของมึงมันสร้างปัญหารู้ไหม.wav,2.463156,4.23,none
C:\Users\muldi\Documents\Playground\University\senior-project-1\mix_dataset_split\train_val\พอเหอะเย็ดแม่ เหนื่อยที่จะต้องพูดซ้ำๆอ่ะ.wav,0.0,0.560904,none
C:\Users\muldi\Documents\Playground\University\senior-project-1\mix_dataset_split\train_val\พอเหอะเย็ดแม่ เหนื่อยที่จะต้องพูดซ้ำๆอ่ะ.wav,0.560904,0.683724,เย็ด
C:\Users\muldi\Documents\Playground\University\senior-project-1\mix_dataset_split\train_val\พอเหอะเย็ดแม่ เหนื่อยที่จะต้องพูดซ้ำๆอ่ะ.wav,0.683724,3.457373,none
C:\Users\muldi\Documents\Playground\University\senior-project-1\mix_dataset_split\train_val\พากย์สุดโต่ง VS พากย์สุขุม.wav,32.452874,32.641612,มึง
C:\Users\muldi\Documents\Playground\University\senior-project-1\mix_dataset_split\train_val\พากย์สุดโต่ง VS พากย์สุขุม.wav,56.540153,56.668495,กู
C:\Users\muldi\Documents\Playground\University\senior-project-1\mix_dataset_split\train_val\พากย์สุดโต่ง VS พากย์สุขุม.wav,116.467457,116.575307,มึง
C:\Users\muldi\Documents\Playground\University\senior-project-1\mix_dataset_split\train_val\พากย์สุดโต่ง VS พากย์สุขุม.wav,118.800997,118.94333,มึง
C:\Users\muldi\Documents\Playground\University\senior-project-1\mix_dataset_split\train_val\พิ้งค์ด่าหนัง.wav,0.0,5.391381,none
C:\Users\muldi\Documents\Playground\University\senior-project-1\mix_dataset_split\train_val\พิ้งค์ด่าหนัง.wav,5.391381,5.542865,มึง
C:\Users\muldi\Documents\Playground\University\senior-project-1\mix_dataset_split\train_val\พิ้งค์ด่าหนัง.wav,5.542865,5.814375,none
C:\Users\muldi\Documents\Playground\University\senior-project-1\mix_dataset_split\train_val\พิ้งค์ด่าหนัง.wav,5.814375,6.041885,สวะ
C:\Users\muldi\Documents\Playground\University\senior-project-1\mix_dataset_split\train_val\พิ้งค์ด่าหนัง.wav,6.041885,7.224934,none
C:\Users\muldi\Documents\Playground\University\senior-project-1\mix_dataset_split\train_val\พิ้งค์ด่าหนัง.wav,7.224934,7.497945,มึง
C:\Users\muldi\Documents\Playground\University\senior-project-1\mix_dataset_split\train_val\พิ้งค์ด่าหนัง.wav,7.497945,9.015207,none
C:\Users\muldi\Documents\Playground\University\senior-project-1\mix_dataset_split\train_val\พิ้งค์ด่าหนัง.wav,9.015207,9.258381,หี
C:\Users\muldi\Documents\Playground\University\senior-project-1\mix_dataset_split\train_val\พิ้งค์ด่าหนัง.wav,9.258381,9.52096,none
C:\Users\muldi\Documents\Playground\University\senior-project-1\mix_dataset_split\train_val\พิ้งค์ด่าหนัง.wav,9.52096,9.731537,มึง
C:\Users\muldi\Documents\Playground\University\senior-project-1\mix_dataset_split\train_val\พิ้งค์ด่าหนัง.wav,9.731537,12.769092,none
C:\Users\muldi\Documents\Playground\University\senior-project-1\mix_dataset_split\train_val\พิ้งค์ด่าหนัง.wav,12.769092,13.201982,กู
C:\Users\muldi\Documents\Playground\University\senior-project-1\mix_dataset_split\train_val\พิ้งค์ด่าหนัง.wav,13.201982,14.686948,none
C:\Users\muldi\Documents\Playground\University\senior-project-1\mix_dataset_split\train_val\พิ้งค์ด่าหนัง.wav,14.686948,14.84211,หี
C:\Users\muldi\Documents\Playground\University\senior-project-1\mix_dataset_split\train_val\พิ้งค์ด่าหนัง.wav,14.84211,16.298451,none
C:\Users\muldi\Documents\Playground\University\senior-project-1\mix_dataset_split\train_val\พิ้งค์ด่าหนัง.wav,16.298451,16.388164,เหี้ย
C:\Users\muldi\Documents\Playground\University\senior-project-1\mix_dataset_split\train_val\พิ้งค์ด่าหนัง.wav,16.388164,16.557209,เหี้ย
C:\Users\muldi\Documents\Playground\University\senior-project-1\mix_dataset_split\train_val\พิ้งค์ด่าหนัง.wav,16.557209,16.728178,none
C:\Users\muldi\Documents\Playground\University\senior-project-1\mix_dataset_split\train_val\พิ้งค์ด่าหนัง.wav,16.728178,17.009817,มึง
C:\Users\muldi\Documents\Playground\University\senior-project-1\mix_dataset_split\train_val\พิ้งค์ด่าหนัง.wav,17.009817,18.097908,none
C:\Users\muldi\Documents\Playground\University\senior-project-1\mix_dataset_split\train_val\พิ้งค์ด่าหนัง.wav,18.097908,18.270021,กู
C:\Users\muldi\Documents\Playground\University\senior-project-1\mix_dataset_split\train_val\พิ้งค์ด่าหนัง.wav,18.270021,18.941521,none
C:\Users\muldi\Documents\Playground\University\senior-project-1\mix_dataset_split\train_val\พิ้งค์ด่าหนัง.wav,18.941521,19.111678,แตด
C:\Users\muldi\Documents\Playground\University\senior-project-1\mix_dataset_split\train_val\พิ้งค์ด่าหนัง.wav,19.111678,21.343275,none
C:\Users\muldi\Documents\Playground\University\senior-project-1\mix_dataset_split\train_val\พิ้งค์ด่าหนัง.wav,21.343275,21.591013,มึง
C:\Users\muldi\Documents\Playground\University\senior-project-1\mix_dataset_split\train_val\พิ้งค์ด่าหนัง.wav,21.591013,23.104,none
C:\Users\muldi\Documents\Playground\University\senior-project-1\mix_dataset_split\train_val\พูดควยๆแบบนี้ใครจะอยากอยู่ใกล้.wav,0.0,0.491809,none
C:\Users\muldi\Documents\Playground\University\senior-project-1\mix_dataset_split\train_val\พูดควยๆแบบนี้ใครจะอยากอยู่ใกล้.wav,0.491809,0.572943,ควย
C:\Users\muldi\Documents\Playground\University\senior-project-1\mix_dataset_split\train_val\พูดควยๆแบบนี้ใครจะอยากอยู่ใกล้.wav,0.572943,0.706462,none
C:\Users\muldi\Documents\Playground\University\senior-project-1\mix_dataset_split\train_val\พูดควยๆแบบนี้ใครจะอยากอยู่ใกล้.wav,0.706462,0.828483,ควย
C:\Users\muldi\Documents\Playground\University\senior-project-1\mix_dataset_split\train_val\พูดควยๆแบบนี้ใครจะอยากอยู่ใกล้.wav,0.827948,2.823712,none
C:\Users\muldi\Documents\Playground\University\senior-project-1\mix_dataset_split\train_val\พูดจาไม่มีสาระเหมือนสวะลอยน้ำไปวัน ๆ.wav,0.0,2.439818,none
C:\Users\muldi\Documents\Playground\University\senior-project-1\mix_dataset_split\train_val\พูดจาไม่มีสาระเหมือนสวะลอยน้ำไปวัน ๆ.wav,2.439818,2.664448,สวะ
C:\Users\muldi\Documents\Playground\University\senior-project-1\mix_dataset_split\train_val\พูดจาไม่มีสาระเหมือนสวะลอยน้ำไปวัน ๆ.wav,2.664448,4.33,none
C:\Users\muldi\Documents\Playground\University\senior-project-1\mix_dataset_split\train_val\พูดอะไรเนี่ย เย็ดแม่ ฟังไม่รู้เรื่อง.wav,0.0,1.25836,none
C:\Users\muldi\Documents\Playground\University\senior-project-1\mix_dataset_split\train_val\พูดอะไรเนี่ย เย็ดแม่ ฟังไม่รู้เรื่อง.wav,1.25836,1.428601,เย็ด
C:\Users\muldi\Documents\Playground\University\senior-project-1\mix_dataset_split\train_val\พูดอะไรเนี่ย เย็ดแม่ ฟังไม่รู้เรื่อง.wav,1.428601,3.41,none
C:\Users\muldi\Documents\Playground\University\senior-project-1\mix_dataset_split\train_val\มันไปเล่นเอไอเอสชั่วโมงละ60บาท.wav,38.299925,38.453961,เหี้ย
C:\Users\muldi\Documents\Playground\University\senior-project-1\mix_dataset_split\train_val\มิ้นท์เบลล์ทะเลาะกันหน้าร้านไอ้แทน.wav,0.0,12.478549,none
C:\Users\muldi\Documents\Playground\University\senior-project-1\mix_dataset_split\train_val\มิ้นท์เบลล์ทะเลาะกันหน้าร้านไอ้แทน.wav,12.478549,12.695032,เหี้ย
C:\Users\muldi\Documents\Playground\University\senior-project-1\mix_dataset_split\train_val\มิ้นท์เบลล์ทะเลาะกันหน้าร้านไอ้แทน.wav,12.695032,13.25543,none
C:\Users\muldi\Documents\Playground\University\senior-project-1\mix_dataset_split\train_val\มิ้นท์เบลล์ทะเลาะกันหน้าร้านไอ้แทน.wav,13.25543,13.342119,เย็ด
C:\Users\muldi\Documents\Playground\University\senior-project-1\mix_dataset_split\train_val\มิ้นท์เบลล์ทะเลาะกันหน้าร้านไอ้แทน.wav,13.342119,13.667597,none
C:\Users\muldi\Documents\Playground\University\senior-project-1\mix_dataset_split\train_val\มิ้นท์เบลล์ทะเลาะกันหน้าร้านไอ้แทน.wav,13.667597,13.745165,กู
C:\Users\muldi\Documents\Playground\University\senior-project-1\mix_dataset_split\train_val\มิ้นท์เบลล์ทะเลาะกันหน้าร้านไอ้แทน.wav,13.745165,16.12327,none
C:\Users\muldi\Documents\Playground\University\senior-project-1\mix_dataset_split\train_val\มิ้นท์เบลล์ทะเลาะกันหน้าร้านไอ้แทน.wav,16.12327,16.356977,มึง
C:\Users\muldi\Documents\Playground\University\senior-project-1\mix_dataset_split\train_val\มิ้นท์เบลล์ทะเลาะกันหน้าร้านไอ้แทน.wav,16.356977,19.730787,none
C:\Users\muldi\Documents\Playground\University\senior-project-1\mix_dataset_split\train_val\มิ้นท์เบลล์ทะเลาะกันหน้าร้านไอ้แทน.wav,19.730787,19.921587,มึง
C:\Users\muldi\Documents\Playground\University\senior-project-1\mix_dataset_split\train_val\มิ้นท์เบลล์ทะเลาะกันหน้าร้านไอ้แทน.wav,19.921587,20.407169,none
C:\Users\muldi\Documents\Playground\University\senior-project-1\mix_dataset_split\train_val\มิ้นท์เบลล์ทะเลาะกันหน้าร้านไอ้แทน.wav,20.407169,20.529766,กู
C:\Users\muldi\Documents\Playground\University\senior-project-1\mix_dataset_split\train_val\มิ้นท์เบลล์ทะเลาะกันหน้าร้านไอ้แทน.wav,20.529766,22.138489,none
C:\Users\muldi\Documents\Playground\University\senior-project-1\mix_dataset_split\train_val\มิ้นท์เบลล์ทะเลาะกันหน้าร้านไอ้แทน.wav,22.138489,22.187676,กู
C:\Users\muldi\Documents\Playground\University\senior-project-1\mix_dataset_split\train_val\มิ้นท์เบลล์ทะเลาะกันหน้าร้านไอ้แทน.wav,22.187676,22.715939,none
C:\Users\muldi\Documents\Playground\University\senior-project-1\mix_dataset_split\train_val\มิ้นท์เบลล์ทะเลาะกันหน้าร้านไอ้แทน.wav,22.715939,22.845551,แตด
C:\Users\muldi\Documents\Playground\University\senior-project-1\mix_dataset_split\train_val\มิ้นท์เบลล์ทะเลาะกันหน้าร้านไอ้แทน.wav,22.845551,28.133892,none
C:\Users\muldi\Documents\Playground\University\senior-project-1\mix_dataset_split\train_val\มิ้นท์เบลล์ทะเลาะกันหน้าร้านไอ้แทน.wav,28.133892,28.420447,สวะ
C:\Users\muldi\Documents\Playground\University\senior-project-1\mix_dataset_split\train_val\มิ้นท์เบลล์ทะเลาะกันหน้าร้านไอ้แทน.wav,28.420447,32.157394,none
C:\Users\muldi\Documents\Playground\University\senior-project-1\mix_dataset_split\train_val\มิ้นท์เบลล์ทะเลาะกันหน้าร้านไอ้แทน.wav,32.157394,32.262599,กู
C:\Users\muldi\Documents\Playground\University\senior-project-1\mix_dataset_split\train_val\มิ้นท์เบลล์ทะเลาะกันหน้าร้านไอ้แทน.wav,32.262599,32.74616,none
C:\Users\muldi\Documents\Playground\University\senior-project-1\mix_dataset_split\train_val\มิ้นท์เบลล์ทะเลาะกันหน้าร้านไอ้แทน.wav,32.74616,33.07945,มึง
C:\Users\muldi\Documents\Playground\University\senior-project-1\mix_dataset_split\train_val\มิ้นท์เบลล์ทะเลาะกันหน้าร้านไอ้แทน.wav,33.07945,33.313372,none
C:\Users\muldi\Documents\Playground\University\senior-project-1\mix_dataset_split\train_val\มิ้นท์เบลล์ทะเลาะกันหน้าร้านไอ้แทน.wav,33.313372,33.381515,กู
C:\Users\muldi\Documents\Playground\University\senior-project-1\mix_dataset_split\train_val\มิ้นท์เบลล์ทะเลาะกันหน้าร้านไอ้แทน.wav,33.38171,35.322963,none
C:\Users\muldi\Documents\Playground\University\senior-project-1\mix_dataset_split\train_val\มิ้นท์เบลล์ทะเลาะกันหน้าร้านไอ้แทน.wav,35.322963,35.382412,กู
C:\Users\muldi\Documents\Playground\University\senior-project-1\mix_dataset_split\train_val\มิ้นท์เบลล์ทะเลาะกันหน้าร้านไอ้แทน.wav,35.382412,36.6074,none
C:\Users\muldi\Documents\Playground\University\senior-project-1\mix_dataset_split\train_val\มิ้นท์เบลล์ทะเลาะกันหน้าร้านไอ้แทน.wav,36.6074,36.753425,แตด
C:\Users\muldi\Documents\Playground\University\senior-project-1\mix_dataset_split\train_val\มิ้นท์เบลล์ทะเลาะกันหน้าร้านไอ้แทน.wav,36.753425,38.160944,none
C:\Users\muldi\Documents\Playground\University\senior-project-1\mix_dataset_split\train_val\มิ้นท์เบลล์ทะเลาะกันหน้าร้านไอ้แทน.wav,38.160944,38.457319,กู
C:\Users\muldi\Documents\Playground\University\senior-project-1\mix_dataset_split\train_val\มิ้นท์เบลล์ทะเลาะกันหน้าร้านไอ้แทน.wav,38.457319,39.797471,none
C:\Users\muldi\Documents\Playground\University\senior-project-1\mix_dataset_split\train_val\มิ้นท์เบลล์ทะเลาะกันหน้าร้านไอ้แทน.wav,39.797471,40.001298,กู
C:\Users\muldi\Documents\Playground\University\senior-project-1\mix_dataset_split\train_val\มิ้นท์เบลล์ทะเลาะกันหน้าร้านไอ้แทน.wav,40.001298,41.437425,none
C:\Users\muldi\Documents\Playground\University\senior-project-1\mix_dataset_split\train_val\มิ้นท์เบลล์ทะเลาะกันหน้าร้านไอ้แทน.wav,41.437425,41.604823,มึง
C:\Users\muldi\Documents\Playground\University\senior-project-1\mix_dataset_split\train_val\มิ้นท์เบลล์ทะเลาะกันหน้าร้านไอ้แทน.wav,41.604823,44.678827,none
C:\Users\muldi\Documents\Playground\University\senior-project-1\mix_dataset_split\train_val\มิ้นท์เบลล์ทะเลาะกันหน้าร้านไอ้แทน.wav,44.678827,44.847977,หี
C:\Users\muldi\Documents\Playground\University\senior-project-1\mix_dataset_split\train_val\มิ้นท์เบลล์ทะเลาะกันหน้าร้านไอ้แทน.wav,44.847977,47.202759,none
C:\Users\muldi\Documents\Playground\University\senior-project-1\mix_dataset_split\train_val\มิ้นท์เบลล์ทะเลาะกันหน้าร้านไอ้แทน.wav,47.202759,47.594355,เหี้ย
C:\Users\muldi\Documents\Playground\University\senior-project-1\mix_dataset_split\train_val\มิ้นท์เบลล์ทะเลาะกันหน้าร้านไอ้แทน.wav,47.594355,50.449492,none
C:\Users\muldi\Documents\Playground\University\senior-project-1\mix_dataset_split\train_val\มิ้นท์เบลล์ทะเลาะกันหน้าร้านไอ้แทน.wav,50.449492,50.565978,มึง
C:\Users\muldi\Documents\Playground\University\senior-project-1\mix_dataset_split\train_val\มิ้นท์เบลล์ทะเลาะกันหน้าร้านไอ้แทน.wav,50.565978,54.658292,none
C:\Users\muldi\Documents\Playground\University\senior-project-1\mix_dataset_split\train_val\มิ้นท์เบลล์ทะเลาะกันหน้าร้านไอ้แทน.wav,54.658292,54.741614,กู
C:\Users\muldi\Documents\Playground\University\senior-project-1\mix_dataset_split\train_val\มิ้นท์เบลล์ทะเลาะกันหน้าร้านไอ้แทน.wav,54.741614,56.565937,none
C:\Users\muldi\Documents\Playground\University\senior-project-1\mix_dataset_split\train_val\มิ้นท์เบลล์ทะเลาะกันหน้าร้านไอ้แทน.wav,56.565937,56.860389,มึง
C:\Users\muldi\Documents\Playground\University\senior-project-1\mix_dataset_split\train_val\มิ้นท์เบลล์ทะเลาะกันหน้าร้านไอ้แทน.wav,56.860389,59.222052,none
C:\Users\muldi\Documents\Playground\University\senior-project-1\mix_dataset_split\train_val\มิ้นท์เบลล์ทะเลาะกันหน้าร้านไอ้แทน.wav,59.222052,59.414377,มึง
C:\Users\muldi\Documents\Playground\University\senior-project-1\mix_dataset_split\train_val\มิ้นท์เบลล์ทะเลาะกันหน้าร้านไอ้แทน.wav,59.414377,60.646494,none
C:\Users\muldi\Documents\Playground\University\senior-project-1\mix_dataset_split\train_val\มิ้นท์เบลล์ทะเลาะกันหน้าร้านไอ้แทน.wav,60.646494,60.85768,มึง
C:\Users\muldi\Documents\Playground\University\senior-project-1\mix_dataset_split\train_val\มิ้นท์เบลล์ทะเลาะกันหน้าร้านไอ้แทน.wav,60.85768,61.483125,none
C:\Users\muldi\Documents\Playground\University\senior-project-1\mix_dataset_split\train_val\มิ้นท์เบลล์ทะเลาะกันหน้าร้านไอ้แทน.wav,61.483125,61.629676,แตด
C:\Users\muldi\Documents\Playground\University\senior-project-1\mix_dataset_split\train_val\มิ้นท์เบลล์ทะเลาะกันหน้าร้านไอ้แทน.wav,61.629676,62.775168,none
C:\Users\muldi\Documents\Playground\University\senior-project-1\mix_dataset_split\train_val\มิ้นท์เบลล์ทะเลาะกันหน้าร้านไอ้แทน.wav,62.775168,62.9161,กู
C:\Users\muldi\Documents\Playground\University\senior-project-1\mix_dataset_split\train_val\มิ้นท์เบลล์ทะเลาะกันหน้าร้านไอ้แทน.wav,62.9161,66.441737,none
C:\Users\muldi\Documents\Playground\University\senior-project-1\mix_dataset_split\train_val\มิ้นท์เบลล์ทะเลาะกันหน้าร้านไอ้แทน.wav,66.441737,66.547897,เย็ด
C:\Users\muldi\Documents\Playground\University\senior-project-1\mix_dataset_split\train_val\มิ้นท์เบลล์ทะเลาะกันหน้าร้านไอ้แทน.wav,66.547897,66.660537,none
C:\Users\muldi\Documents\Playground\University\senior-project-1\mix_dataset_split\train_val\มิ้นท์เบลล์ทะเลาะกันหน้าร้านไอ้แทน.wav,66.660537,66.812346,หี
C:\Users\muldi\Documents\Playground\University\senior-project-1\mix_dataset_split\train_val\มิ้นท์เบลล์ทะเลาะกันหน้าร้านไอ้แทน.wav,66.812346,69.803491,none
C:\Users\muldi\Documents\Playground\University\senior-project-1\mix_dataset_split\train_val\มิ้นท์เบลล์ทะเลาะกันหน้าร้านไอ้แทน.wav,69.803491,69.997111,แตด
C:\Users\muldi\Documents\Playground\University\senior-project-1\mix_dataset_split\train_val\มิ้นท์เบลล์ทะเลาะกันหน้าร้านไอ้แทน.wav,69.997111,71.858449,none
C:\Users\muldi\Documents\Playground\University\senior-project-1\mix_dataset_split\train_val\มิ้นท์เบลล์ทะเลาะกันหน้าร้านไอ้แทน.wav,71.858449,71.967617,มึง
C:\Users\muldi\Documents\Playground\University\senior-project-1\mix_dataset_split\train_val\มิ้นท์เบลล์ทะเลาะกันหน้าร้านไอ้แทน.wav,71.967617,73.310625,none
C:\Users\muldi\Documents\Playground\University\senior-project-1\mix_dataset_split\train_val\มิ้นท์เบลล์ทะเลาะกันหน้าร้านไอ้แทน.wav,73.310625,73.359546,กู
C:\Users\muldi\Documents\Playground\University\senior-project-1\mix_dataset_split\train_val\มิ้นท์เบลล์ทะเลาะกันหน้าร้านไอ้แทน.wav,73.359546,74.898694,none
C:\Users\muldi\Documents\Playground\University\senior-project-1\mix_dataset_split\train_val\มิ้นท์เบลล์ทะเลาะกันหน้าร้านไอ้แทน.wav,74.898694,75.193767,สวะ
C:\Users\muldi\Documents\Playground\University\senior-project-1\mix_dataset_split\train_val\มิ้นท์เบลล์ทะเลาะกันหน้าร้านไอ้แทน.wav,75.193767,77.502072,none
C:\Users\muldi\Documents\Playground\University\senior-project-1\mix_dataset_split\train_val\มิ้นท์เบลล์ทะเลาะกันหน้าร้านไอ้แทน.wav,77.502072,77.758071,ควย
C:\Users\muldi\Documents\Playground\University\senior-project-1\mix_dataset_split\train_val\มิ้นท์เบลล์ทะเลาะกันหน้าร้านไอ้แทน.wav,77.758071,79.591916,none
C:\Users\muldi\Documents\Playground\University\senior-project-1\mix_dataset_split\train_val\มิ้นท์เบลล์ทะเลาะกันหน้าร้านไอ้แทน.wav,79.591916,79.735205,มึง
C:\Users\muldi\Documents\Playground\University\senior-project-1\mix_dataset_split\train_val\มิ้นท์เบลล์ทะเลาะกันหน้าร้านไอ้แทน.wav,79.735205,80.943138,none
C:\Users\muldi\Documents\Playground\University\senior-project-1\mix_dataset_split\train_val\มิ้นท์เบลล์ทะเลาะกันหน้าร้านไอ้แทน.wav,80.943138,81.054655,กู
C:\Users\muldi\Documents\Playground\University\senior-project-1\mix_dataset_split\train_val\มิ้นท์เบลล์ทะเลาะกันหน้าร้านไอ้แทน.wav,81.054655,82.157902,none
C:\Users\muldi\Documents\Playground\University\senior-project-1\mix_dataset_split\train_val\มิ้นท์เบลล์ทะเลาะกันหน้าร้านไอ้แทน.wav,82.157902,82.299277,แตด
C:\Users\muldi\Documents\Playground\University\senior-project-1\mix_dataset_split\train_val\มิ้นท์เบลล์ทะเลาะกันหน้าร้านไอ้แทน.wav,82.299277,82.307051,none
C:\Users\muldi\Documents\Playground\University\senior-project-1\mix_dataset_split\train_val\มิ้นท์เบลล์ทะเลาะกันหน้าร้านไอ้แทน.wav,82.307051,82.760275,สวะ
C:\Users\muldi\Documents\Playground\University\senior-project-1\mix_dataset_split\train_val\มิ้นท์เบลล์ทะเลาะกันหน้าร้านไอ้แทน.wav,82.760275,86.122236,none
C:\Users\muldi\Documents\Playground\University\senior-project-1\mix_dataset_split\train_val\มิ้นท์เบลล์ทะเลาะกันหน้าร้านไอ้แทน.wav,86.122236,86.532103,ควย
C:\Users\muldi\Documents\Playground\University\senior-project-1\mix_dataset_split\train_val\มิ้นท์เบลล์ทะเลาะกันหน้าร้านไอ้แทน.wav,86.532103,96.140158,none
C:\Users\muldi\Documents\Playground\University\senior-project-1\mix_dataset_split\train_val\มิ้นท์เบลล์ทะเลาะกันหน้าร้านไอ้แทน.wav,96.140158,96.471645,เหี้ย
C:\Users\muldi\Documents\Playground\University\senior-project-1\mix_dataset_split\train_val\มิ้นท์เบลล์ทะเลาะกันหน้าร้านไอ้แทน.wav,96.471645,98.007841,none
C:\Users\muldi\Documents\Playground\University\senior-project-1\mix_dataset_split\train_val\มิ้นท์เบลล์ทะเลาะกันหน้าร้านไอ้แทน.wav,98.007841,98.262557,เหี้ย
C:\Users\muldi\Documents\Playground\University\senior-project-1\mix_dataset_split\train_val\มิ้นท์เบลล์ทะเลาะกันหน้าร้านไอ้แทน.wav,98.262557,99.502833,none
C:\Users\muldi\Documents\Playground\University\senior-project-1\mix_dataset_split\train_val\มิ้นท์เบลล์ทะเลาะกันหน้าร้านไอ้แทน.wav,99.502833,99.572368,กู
C:\Users\muldi\Documents\Playground\University\senior-project-1\mix_dataset_split\train_val\มิ้นท์เบลล์ทะเลาะกันหน้าร้านไอ้แทน.wav,99.572368,103.399981,none
C:\Users\muldi\Documents\Playground\University\senior-project-1\mix_dataset_split\train_val\มิ้นท์เบลล์ทะเลาะกันหน้าร้านไอ้แทน.wav,103.399981,103.648702,ควย
C:\Users\muldi\Documents\Playground\University\senior-project-1\mix_dataset_split\train_val\มิ้นท์เบลล์ทะเลาะกันหน้าร้านไอ้แทน.wav,103.648702,106.419705,none
C:\Users\muldi\Documents\Playground\University\senior-project-1\mix_dataset_split\train_val\มิ้นท์เบลล์ทะเลาะกันหน้าร้านไอ้แทน.wav,106.419705,106.498803,กู
C:\Users\muldi\Documents\Playground\University\senior-project-1\mix_dataset_split\train_val\มิ้นท์เบลล์ทะเลาะกันหน้าร้านไอ้แทน.wav,106.498803,108.444797,none
C:\Users\muldi\Documents\Playground\University\senior-project-1\mix_dataset_split\train_val\มิ้นท์เบลล์ทะเลาะกันหน้าร้านไอ้แทน.wav,108.444797,108.55355,แตด
C:\Users\muldi\Documents\Playground\University\senior-project-1\mix_dataset_split\train_val\มิ้นท์เบลล์ทะเลาะกันหน้าร้านไอ้แทน.wav,108.55355,109.420503,none
C:\Users\muldi\Documents\Playground\University\senior-project-1\mix_dataset_split\train_val\มิ้นท์เบลล์ทะเลาะกันหน้าร้านไอ้แทน.wav,109.420503,109.505785,กู
C:\Users\muldi\Documents\Playground\University\senior-project-1\mix_dataset_split\train_val\มิ้นท์เบลล์ทะเลาะกันหน้าร้านไอ้แทน.wav,109.505785,111.295504,none
C:\Users\muldi\Documents\Playground\University\senior-project-1\mix_dataset_split\train_val\มิ้นท์เบลล์ทะเลาะกันหน้าร้านไอ้แทน.wav,111.295504,111.65282,มึง
C:\Users\muldi\Documents\Playground\University\senior-project-1\mix_dataset_split\train_val\มิ้นท์เบลล์ทะเลาะกันหน้าร้านไอ้แทน.wav,111.65282,114.012356,none
C:\Users\muldi\Documents\Playground\University\senior-project-1\mix_dataset_split\train_val\มิ้นท์เบลล์ทะเลาะกันหน้าร้านไอ้แทน.wav,114.012356,114.189513,เหี้ย
C:\Users\muldi\Documents\Playground\University\senior-project-1\mix_dataset_split\train_val\มิ้นท์เบลล์ทะเลาะกันหน้าร้านไอ้แทน.wav,114.189513,116.620642,none
C:\Users\muldi\Documents\Playground\University\senior-project-1\mix_dataset_split\train_val\มิ้นท์เบลล์ทะเลาะกันหน้าร้านไอ้แทน.wav,116.620642,116.750157,มึง
C:\Users\muldi\Documents\Playground\University\senior-project-1\mix_dataset_split\train_val\มิ้นท์เบลล์ทะเลาะกันหน้าร้านไอ้แทน.wav,116.750157,118.489042,none
C:\Users\muldi\Documents\Playground\University\senior-project-1\mix_dataset_split\train_val\มิ้นท์เบลล์ทะเลาะกันหน้าร้านไอ้แทน.wav,118.489042,118.556984,กู
C:\Users\muldi\Documents\Playground\University\senior-project-1\mix_dataset_split\train_val\มิ้นท์เบลล์ทะเลาะกันหน้าร้านไอ้แทน.wav,118.556984,121.794009,none
C:\Users\muldi\Documents\Playground\University\senior-project-1\mix_dataset_split\train_val\มิ้นท์เบลล์ทะเลาะกันหน้าร้านไอ้แทน.wav,121.794009,121.979689,แตด
C:\Users\muldi\Documents\Playground\University\senior-project-1\mix_dataset_split\train_val\มิ้นท์เบลล์ทะเลาะกันหน้าร้านไอ้แทน.wav,121.979689,124.929571,none
C:\Users\muldi\Documents\Playground\University\senior-project-1\mix_dataset_split\train_val\มิ้นท์เบลล์ทะเลาะกันหน้าร้านไอ้แทน.wav,124.929571,125.344438,เหี้ย
C:\Users\muldi\Documents\Playground\University\senior-project-1\mix_dataset_split\train_val\มิ้นท์เบลล์ทะเลาะกันหน้าร้านไอ้แทน.wav,125.344438,128.908995,none
C:\Users\muldi\Documents\Playground\University\senior-project-1\mix_dataset_split\train_val\มิ้นท์เบลล์ทะเลาะกันหน้าร้านไอ้แทน.wav,128.908995,129.388046,ควย
C:\Users\muldi\Documents\Playground\University\senior-project-1\mix_dataset_split\train_val\มิ้นท์เบลล์ทะเลาะกันหน้าร้านไอ้แทน.wav,129.388046,131.827142,none
C:\Users\muldi\Documents\Playground\University\senior-project-1\mix_dataset_split\train_val\มิ้นท์เบลล์ทะเลาะกันหน้าร้านไอ้แทน.wav,131.827142,131.991682,แตด
C:\Users\muldi\Documents\Playground\University\senior-project-1\mix_dataset_split\train_val\มิ้นท์เบลล์ทะเลาะกันหน้าร้านไอ้แทน.wav,131.991682,133.152626,none
C:\Users\muldi\Documents\Playground\University\senior-project-1\mix_dataset_split\train_val\มิ้นท์เบลล์ทะเลาะกันหน้าร้านไอ้แทน.wav,133.152626,133.351399,มึง
C:\Users\muldi\Documents\Playground\University\senior-project-1\mix_dataset_split\train_val\มิ้นท์เบลล์ทะเลาะกันหน้าร้านไอ้แทน.wav,133.351399,134.155102,none
C:\Users\muldi\Documents\Playground\University\senior-project-1\mix_dataset_split\train_val\มิ้นท์เบลล์ทะเลาะกันหน้าร้านไอ้แทน.wav,134.155102,134.228746,กู
C:\Users\muldi\Documents\Playground\University\senior-project-1\mix_dataset_split\train_val\มิ้นท์เบลล์ทะเลาะกันหน้าร้านไอ้แทน.wav,134.228746,147.859203,none
C:\Users\muldi\Documents\Playground\University\senior-project-1\mix_dataset_split\train_val\มิ้นท์เบลล์ทะเลาะกันหน้าร้านไอ้แทน.wav,147.859203,147.920869,กู
C:\Users\muldi\Documents\Playground\University\senior-project-1\mix_dataset_split\train_val\มิ้นท์เบลล์ทะเลาะกันหน้าร้านไอ้แทน.wav,147.920869,150.358802,none
C:\Users\muldi\Documents\Playground\University\senior-project-1\mix_dataset_split\train_val\มิ้นท์เบลล์ทะเลาะกันหน้าร้านไอ้แทน.wav,150.358802,150.45517,กู
C:\Users\muldi\Documents\Playground\University\senior-project-1\mix_dataset_split\train_val\มิ้นท์เบลล์ทะเลาะกันหน้าร้านไอ้แทน.wav,150.45517,150.877541,none
C:\Users\muldi\Documents\Playground\University\senior-project-1\mix_dataset_split\train_val\มิ้นท์เบลล์ทะเลาะกันหน้าร้านไอ้แทน.wav,150.877541,151.311427,เหี้ย
C:\Users\muldi\Documents\Playground\University\senior-project-1\mix_dataset_split\train_val\มิ้นท์เบลล์ทะเลาะกันหน้าร้านไอ้แทน.wav,151.311427,152.946699,none
C:\Users\muldi\Documents\Playground\University\senior-project-1\mix_dataset_split\train_val\มิ้นท์เบลล์ทะเลาะกันหน้าร้านไอ้แทน.wav,152.946699,153.380549,ควย
C:\Users\muldi\Documents\Playground\University\senior-project-1\mix_dataset_split\train_val\มิ้นท์เบลล์ทะเลาะกันหน้าร้านไอ้แทน.wav,153.380549,159.014662,none
C:\Users\muldi\Documents\Playground\University\senior-project-1\mix_dataset_split\train_val\มิ้นท์เบลล์ทะเลาะกันหน้าร้านไอ้แทน.wav,159.014662,159.189723,แตด
C:\Users\muldi\Documents\Playground\University\senior-project-1\mix_dataset_split\train_val\มิ้นท์เบลล์ทะเลาะกันหน้าร้านไอ้แทน.wav,159.189723,160.39285,none
C:\Users\muldi\Documents\Playground\University\senior-project-1\mix_dataset_split\train_val\มิ้นท์เบลล์ทะเลาะกันหน้าร้านไอ้แทน.wav,160.39285,160.464389,กู
C:\Users\muldi\Documents\Playground\University\senior-project-1\mix_dataset_split\train_val\มิ้นท์เบลล์ทะเลาะกันหน้าร้านไอ้แทน.wav,160.464389,164.904652,none
C:\Users\muldi\Documents\Playground\University\senior-project-1\mix_dataset_split\train_val\มิ้นท์เบลล์ทะเลาะกันหน้าร้านไอ้แทน.wav,164.904652,165.048078,กู
C:\Users\muldi\Documents\Playground\University\senior-project-1\mix_dataset_split\train_val\มิ้นท์เบลล์ทะเลาะกันหน้าร้านไอ้แทน.wav,165.048078,168.725333,none
C:\Users\muldi\Documents\Playground\University\senior-project-1\mix_dataset_split\train_val\มิ้นท์แทนนินทาไอ้เบลล์ซื้อไก่.wav,0.0,4.259844,none
C:\Users\muldi\Documents\Playground\University\senior-project-1\mix_dataset_split\train_val\มิ้นท์แทนนินทาไอ้เบลล์ซื้อไก่.wav,4.259844,4.42841,หี
C:\Users\muldi\Documents\Playground\University\senior-project-1\mix_dataset_split\train_val\มิ้นท์แทนนินทาไอ้เบลล์ซื้อไก่.wav,4.42841,7.513802,none
C:\Users\muldi\Documents\Playground\University\senior-project-1\mix_dataset_split\train_val\มิ้นท์แทนนินทาไอ้เบลล์ซื้อไก่.wav,7.513802,7.832008,เหี้ย
C:\Users\muldi\Documents\Playground\University\senior-project-1\mix_dataset_split\train_val\มิ้นท์แทนนินทาไอ้เบลล์ซื้อไก่.wav,7.832008,8.980809,none
C:\Users\muldi\Documents\Playground\University\senior-project-1\mix_dataset_split\train_val\มิ้นท์แทนนินทาไอ้เบลล์ซื้อไก่.wav,8.980809,9.146389,สวะ
C:\Users\muldi\Documents\Playground\University\senior-project-1\mix_dataset_split\train_val\มิ้นท์แทนนินทาไอ้เบลล์ซื้อไก่.wav,9.146389,10.326836,none
C:\Users\muldi\Documents\Playground\University\senior-project-1\mix_dataset_split\train_val\มิ้นท์แทนนินทาไอ้เบลล์ซื้อไก่.wav,10.326836,10.578425,มึง
C:\Users\muldi\Documents\Playground\University\senior-project-1\mix_dataset_split\train_val\มิ้นท์แทนนินทาไอ้เบลล์ซื้อไก่.wav,10.578425,12.668088,none
C:\Users\muldi\Documents\Playground\University\senior-project-1\mix_dataset_split\train_val\มิ้นท์แทนนินทาไอ้เบลล์ซื้อไก่.wav,12.668088,13.191613,มึง
C:\Users\muldi\Documents\Playground\University\senior-project-1\mix_dataset_split\train_val\มิ้นท์แทนนินทาไอ้เบลล์ซื้อไก่.wav,13.191613,15.408008,none
C:\Users\muldi\Documents\Playground\University\senior-project-1\mix_dataset_split\train_val\มิ้นท์แทนนินทาไอ้เบลล์ซื้อไก่.wav,15.408008,15.5021,กู
C:\Users\muldi\Documents\Playground\University\senior-project-1\mix_dataset_split\train_val\มิ้นท์แทนนินทาไอ้เบลล์ซื้อไก่.wav,15.5021,22.428987,none
C:\Users\muldi\Documents\Playground\University\senior-project-1\mix_dataset_split\train_val\มิ้นท์แทนนินทาไอ้เบลล์ซื้อไก่.wav,22.428987,22.483008,กู
C:\Users\muldi\Documents\Playground\University\senior-project-1\mix_dataset_split\train_val\มิ้นท์แทนนินทาไอ้เบลล์ซื้อไก่.wav,22.483008,24.81972,none
C:\Users\muldi\Documents\Playground\University\senior-project-1\mix_dataset_split\train_val\มิ้นท์แทนนินทาไอ้เบลล์ซื้อไก่.wav,24.81972,24.864767,กู
C:\Users\muldi\Documents\Playground\University\senior-project-1\mix_dataset_split\train_val\มิ้นท์แทนนินทาไอ้เบลล์ซื้อไก่.wav,24.864767,25.487032,none
C:\Users\muldi\Documents\Playground\University\senior-project-1\mix_dataset_split\train_val\มิ้นท์แทนนินทาไอ้เบลล์ซื้อไก่.wav,25.487032,25.607584,หี
C:\Users\muldi\Documents\Playground\University\senior-project-1\mix_dataset_split\train_val\มิ้นท์แทนนินทาไอ้เบลล์ซื้อไก่.wav,25.607584,25.661333,none
C:\Users\muldi\Documents\Playground\University\senior-project-1\mix_dataset_split\train_val\มิ้นท์แทนนินทาไอ้เบลล์ซื้อไก่.wav,25.661333,25.810806,หี
C:\Users\muldi\Documents\Playground\University\senior-project-1\mix_dataset_split\train_val\มิ้นท์แทนนินทาไอ้เบลล์ซื้อไก่.wav,25.810806,25.900644,none
C:\Users\muldi\Documents\Playground\University\senior-project-1\mix_dataset_split\train_val\มิ้นท์แทนนินทาไอ้เบลล์ซื้อไก่.wav,25.900644,26.00891,แตด
C:\Users\muldi\Documents\Playground\University\senior-project-1\mix_dataset_split\train_val\มิ้นท์แทนนินทาไอ้เบลล์ซื้อไก่.wav,26.00891,26.12511,none
C:\Users\muldi\Documents\Playground\University\senior-project-1\mix_dataset_split\train_val\มิ้นท์แทนนินทาไอ้เบลล์ซื้อไก่.wav,26.12511,26.254876,แตด
C:\Users\muldi\Documents\Playground\University\senior-project-1\mix_dataset_split\train_val\มิ้นท์แทนนินทาไอ้เบลล์ซื้อไก่.wav,26.254876,26.418938,none
C:\Users\muldi\Documents\Playground\University\senior-project-1\mix_dataset_split\train_val\มิ้นท์แทนนินทาไอ้เบลล์ซื้อไก่.wav,26.418938,26.515687,ควย
C:\Users\muldi\Documents\Playground\University\senior-project-1\mix_dataset_split\train_val\มิ้นท์แทนนินทาไอ้เบลล์ซื้อไก่.wav,26.515687,26.668487,none
C:\Users\muldi\Documents\Playground\University\senior-project-1\mix_dataset_split\train_val\มิ้นท์แทนนินทาไอ้เบลล์ซื้อไก่.wav,26.668487,26.796205,ควย
C:\Users\muldi\Documents\Playground\University\senior-project-1\mix_dataset_split\train_val\มิ้นท์แทนนินทาไอ้เบลล์ซื้อไก่.wav,26.796205,32.28171,none
C:\Users\muldi\Documents\Playground\University\senior-project-1\mix_dataset_split\train_val\มิ้นท์แทนนินทาไอ้เบลล์ซื้อไก่.wav,32.28171,32.435115,ควย
C:\Users\muldi\Documents\Playground\University\senior-project-1\mix_dataset_split\train_val\มิ้นท์แทนนินทาไอ้เบลล์ซื้อไก่.wav,32.435115,35.118076,none
C:\Users\muldi\Documents\Playground\University\senior-project-1\mix_dataset_split\train_val\มิ้นท์แทนนินทาไอ้เบลล์ซื้อไก่.wav,35.118076,35.184115,กู
C:\Users\muldi\Documents\Playground\University\senior-project-1\mix_dataset_split\train_val\มิ้นท์แทนนินทาไอ้เบลล์ซื้อไก่.wav,35.184115,35.680857,none
C:\Users\muldi\Documents\Playground\University\senior-project-1\mix_dataset_split\train_val\มิ้นท์แทนนินทาไอ้เบลล์ซื้อไก่.wav,35.680857,35.805688,เหี้ย
C:\Users\muldi\Documents\Playground\University\senior-project-1\mix_dataset_split\train_val\มิ้นท์แทนนินทาไอ้เบลล์ซื้อไก่.wav,35.805688,35.993795,เหี้ย
C:\Users\muldi\Documents\Playground\University\senior-project-1\mix_dataset_split\train_val\มิ้นท์แทนนินทาไอ้เบลล์ซื้อไก่.wav,35.993795,36.175513,none
C:\Users\muldi\Documents\Playground\University\senior-project-1\mix_dataset_split\train_val\มิ้นท์แทนนินทาไอ้เบลล์ซื้อไก่.wav,36.175513,36.431784,กู
C:\Users\muldi\Documents\Playground\University\senior-project-1\mix_dataset_split\train_val\มิ้นท์แทนนินทาไอ้เบลล์ซื้อไก่.wav,36.431784,38.283681,none
C:\Users\muldi\Documents\Playground\University\senior-project-1\mix_dataset_split\train_val\มิ้นท์แทนนินทาไอ้เบลล์ซื้อไก่.wav,38.283681,38.560053,หี
C:\Users\muldi\Documents\Playground\University\senior-project-1\mix_dataset_split\train_val\มิ้นท์แทนนินทาไอ้เบลล์ซื้อไก่.wav,38.560053,39.992885,none
C:\Users\muldi\Documents\Playground\University\senior-project-1\mix_dataset_split\train_val\มิ้นท์แทนนินทาไอ้เบลล์ซื้อไก่.wav,39.992885,40.271818,มึง
C:\Users\muldi\Documents\Playground\University\senior-project-1\mix_dataset_split\train_val\มิ้นท์แทนนินทาไอ้เบลล์ซื้อไก่.wav,40.271818,42.094554,none
C:\Users\muldi\Documents\Playground\University\senior-project-1\mix_dataset_split\train_val\มิ้นท์แทนนินทาไอ้เบลล์ซื้อไก่.wav,42.094554,42.185589,กู
C:\Users\muldi\Documents\Playground\University\senior-project-1\mix_dataset_split\train_val\มิ้นท์แทนนินทาไอ้เบลล์ซื้อไก่.wav,42.185589,46.587421,none
C:\Users\muldi\Documents\Playground\University\senior-project-1\mix_dataset_split\train_val\มิ้นท์แทนนินทาไอ้เบลล์ซื้อไก่.wav,46.587421,46.794465,เหี้ย
C:\Users\muldi\Documents\Playground\University\senior-project-1\mix_dataset_split\train_val\มิ้นท์แทนนินทาไอ้เบลล์ซื้อไก่.wav,46.794465,47.198056,none
C:\Users\muldi\Documents\Playground\University\senior-project-1\mix_dataset_split\train_val\มิ้นท์แทนนินทาไอ้เบลล์ซื้อไก่.wav,47.198056,47.266105,เหี้ย
C:\Users\muldi\Documents\Playground\University\senior-project-1\mix_dataset_split\train_val\มิ้นท์แทนนินทาไอ้เบลล์ซื้อไก่.wav,47.266105,47.956011,none
C:\Users\muldi\Documents\Playground\University\senior-project-1\mix_dataset_split\train_val\มิ้นท์แทนนินทาไอ้เบลล์ซื้อไก่.wav,47.956011,48.282503,เหี้ย
C:\Users\muldi\Documents\Playground\University\senior-project-1\mix_dataset_split\train_val\มิ้นท์แทนนินทาไอ้เบลล์ซื้อไก่.wav,48.282503,52.311717,none
C:\Users\muldi\Documents\Playground\University\senior-project-1\mix_dataset_split\train_val\มิ้นท์แทนนินทาไอ้เบลล์ซื้อไก่.wav,52.311717,52.526904,เย็ด
C:\Users\muldi\Documents\Playground\University\senior-project-1\mix_dataset_split\train_val\มิ้นท์แทนนินทาไอ้เบลล์ซื้อไก่.wav,52.526904,54.469288,none
C:\Users\muldi\Documents\Playground\University\senior-project-1\mix_dataset_split\train_val\มิ้นท์แทนนินทาไอ้เบลล์ซื้อไก่.wav,54.469288,54.602893,เหี้ย
C:\Users\muldi\Documents\Playground\University\senior-project-1\mix_dataset_split\train_val\มิ้นท์แทนนินทาไอ้เบลล์ซื้อไก่.wav,54.602893,54.848872,none
C:\Users\muldi\Documents\Playground\University\senior-project-1\mix_dataset_split\train_val\มิ้นท์แทนนินทาไอ้เบลล์ซื้อไก่.wav,54.848872,55.056571,มึง
C:\Users\muldi\Documents\Playground\University\senior-project-1\mix_dataset_split\train_val\มิ้นท์แทนนินทาไอ้เบลล์ซื้อไก่.wav,55.056571,64.548003,none
C:\Users\muldi\Documents\Playground\University\senior-project-1\mix_dataset_split\train_val\มิ้นท์แทนนินทาไอ้เบลล์ซื้อไก่.wav,64.548003,64.794619,หี
C:\Users\muldi\Documents\Playground\University\senior-project-1\mix_dataset_split\train_val\มิ้นท์แทนนินทาไอ้เบลล์ซื้อไก่.wav,64.794619,64.858724,none
C:\Users\muldi\Documents\Playground\University\senior-project-1\mix_dataset_split\train_val\มิ้นท์แทนนินทาไอ้เบลล์ซื้อไก่.wav,64.858724,65.043006,แตด
C:\Users\muldi\Documents\Playground\University\senior-project-1\mix_dataset_split\train_val\มิ้นท์แทนนินทาไอ้เบลล์ซื้อไก่.wav,65.043006,68.805952,none
C:\Users\muldi\Documents\Playground\University\senior-project-1\mix_dataset_split\train_val\มิ้นท์แทนนินทาไอ้เบลล์ซื้อไก่.wav,68.805952,68.995353,มึง
C:\Users\muldi\Documents\Playground\University\senior-project-1\mix_dataset_split\train_val\มิ้นท์แทนนินทาไอ้เบลล์ซื้อไก่.wav,68.995353,71.271541,none
C:\Users\muldi\Documents\Playground\University\senior-project-1\mix_dataset_split\train_val\มิ้นท์แทนนินทาไอ้เบลล์ซื้อไก่.wav,71.271541,71.429816,แตด
C:\Users\muldi\Documents\Playground\University\senior-project-1\mix_dataset_split\train_val\มิ้นท์แทนนินทาไอ้เบลล์ซื้อไก่.wav,71.429816,72.94799,none
C:\Users\muldi\Documents\Playground\University\senior-project-1\mix_dataset_split\train_val\มิ้นท์แทนนินทาไอ้เบลล์ซื้อไก่.wav,72.94799,73.039205,กู
C:\Users\muldi\Documents\Playground\University\senior-project-1\mix_dataset_split\train_val\มิ้นท์แทนนินทาไอ้เบลล์ซื้อไก่.wav,73.039205,73.745343,none
C:\Users\muldi\Documents\Playground\University\senior-project-1\mix_dataset_split\train_val\มิ้นท์แทนนินทาไอ้เบลล์ซื้อไก่.wav,73.745343,74.04709,สวะ
C:\Users\muldi\Documents\Playground\University\senior-project-1\mix_dataset_split\train_val\มิ้นท์แทนนินทาไอ้เบลล์ซื้อไก่.wav,74.04709,77.103294,none
C:\Users\muldi\Documents\Playground\University\senior-project-1\mix_dataset_split\train_val\มิ้นท์แทนนินทาไอ้เบลล์ซื้อไก่.wav,77.103294,77.50017,เหี้ย
C:\Users\muldi\Documents\Playground\University\senior-project-1\mix_dataset_split\train_val\มิ้นท์แทนนินทาไอ้เบลล์ซื้อไก่.wav,77.50017,79.11178,none
C:\Users\muldi\Documents\Playground\University\senior-project-1\mix_dataset_split\train_val\มิ้นท์แทนนินทาไอ้เบลล์ซื้อไก่.wav,79.11178,79.360088,มึง
C:\Users\muldi\Documents\Playground\University\senior-project-1\mix_dataset_split\train_val\มิ้นท์แทนนินทาไอ้เบลล์ซื้อไก่.wav,79.360088,83.494543,none
C:\Users\muldi\Documents\Playground\University\senior-project-1\mix_dataset_split\train_val\มิ้นท์แทนนินทาไอ้เบลล์ซื้อไก่.wav,83.494543,83.688808,มึง
C:\Users\muldi\Documents\Playground\University\senior-project-1\mix_dataset_split\train_val\มิ้นท์แทนนินทาไอ้เบลล์ซื้อไก่.wav,83.688808,86.293333,none
C:\Users\muldi\Documents\Playground\University\senior-project-1\mix_dataset_split\train_val\มึง (มูเซอร์).wav,0.647678,1.068448,มึง
C:\Users\muldi\Documents\Playground\University\senior-project-1\mix_dataset_split\train_val\มึง (อาร์ต).wav,0.173266,0.64767,มึง
C:\Users\muldi\Documents\Playground\University\senior-project-1\mix_dataset_split\train_val\มึง (อาร์ต).wav,1.057799,1.520726,มึง
C:\Users\muldi\Documents\Playground\University\senior-project-1\mix_dataset_split\train_val\มึง (อาร์ต).wav,1.985889,2.34147,มึง
C:\Users\muldi\Documents\Playground\University\senior-project-1\mix_dataset_split\train_val\มึง (อาร์ต).wav,3.167436,3.531146,มึง
C:\Users\muldi\Documents\Playground\University\senior-project-1\mix_dataset_split\train_val\มึง (อาร์ต).wav,4.19373,4.611205,มึง
C:\Users\muldi\Documents\Playground\University\senior-project-1\mix_dataset_split\train_val\มึง (อาร์ต).wav,5.243744,5.597965,มึง
C:\Users\muldi\Documents\Playground\University\senior-project-1\mix_dataset_split\train_val\มึง (อาร์ต).wav,6.130587,6.62141,มึง
C:\Users\muldi\Documents\Playground\University\senior-project-1\mix_dataset_split\train_val\มึง (อาร์ต).wav,7.115994,7.593653,มึง
C:\Users\muldi\Documents\Playground\University\senior-project-1\mix_dataset_split\train_val\มึง (อาร์ต).wav,7.943435,8.359036,มึง
C:\Users\muldi\Documents\Playground\University\senior-project-1\mix_dataset_split\train_val\มึง (อาร์ต).wav,9.017228,9.40086,มึง
C:\Users\muldi\Documents\Playground\University\senior-project-1\mix_dataset_split\train_val\มึง (อาร์ต).wav,9.91613,10.286598,มึง
C:\Users\muldi\Documents\Playground\University\senior-project-1\mix_dataset_split\train_val\มึง (อาร์ต).wav,10.845121,11.215588,มึง
C:\Users\muldi\Documents\Playground\University\senior-project-1\mix_dataset_split\train_val\มึง (อาร์ต).wav,11.775992,12.155862,มึง
C:\Users\muldi\Documents\Playground\University\senior-project-1\mix_dataset_split\train_val\มึง (อาร์ต).wav,12.631641,13.035959,มึง
C:\Users\muldi\Documents\Playground\University\senior-project-1\mix_dataset_split\train_val\มึง (โบท).wav,0.67555,1.171503,มึง
C:\Users\muldi\Documents\Playground\University\senior-project-1\mix_dataset_split\train_val\มึง (โบท2).wav,0.371481,0.800774,มึง
C:\Users\muldi\Documents\Playground\University\senior-project-1\mix_dataset_split\train_val\มึง กูหิวข้าววะ อยากกินตีนอะ.wav,0.0,0.530361,none
C:\Users\muldi\Documents\Playground\University\senior-project-1\mix_dataset_split\train_val\มึง กูหิวข้าววะ อยากกินตีนอะ.wav,0.530361,0.91843,มึง
C:\Users\muldi\Documents\Playground\University\senior-project-1\mix_dataset_split\train_val\มึง กูหิวข้าววะ อยากกินตีนอะ.wav,0.91843,1.112465,none
C:\Users\muldi\Documents\Playground\University\senior-project-1\mix_dataset_split\train_val\มึง กูหิวข้าววะ อยากกินตีนอะ.wav,1.112465,1.303265,กู
C:\Users\muldi\Documents\Playground\University\senior-project-1\mix_dataset_split\train_val\มึง กูหิวข้าววะ อยากกินตีนอะ.wav,1.303265,4.132936,none
C:\Users\muldi\Documents\Playground\University\senior-project-1\mix_dataset_split\train_val\มึง หิวข้าวป่าววะไอดิฟ.wav,0.0,0.790738,none
C:\Users\muldi\Documents\Playground\University\senior-project-1\mix_dataset_split\train_val\มึง หิวข้าวป่าววะไอดิฟ.wav,0.790738,1.313312,มึง
C:\Users\muldi\Documents\Playground\University\senior-project-1\mix_dataset_split\train_val\มึง หิวข้าวป่าววะไอดิฟ.wav,1.313312,2.92,none
C:\Users\muldi\Documents\Playground\University\senior-project-1\mix_dataset_split\train_val\มึงก็ไม่เคยฟังใครเลย คงจะฟังแต่หีตัวเองสินะ.wav,0.0,0.942239,none
C:\Users\muldi\Documents\Playground\University\senior-project-1\mix_dataset_split\train_val\มึงก็ไม่เคยฟังใครเลย คงจะฟังแต่หีตัวเองสินะ.wav,0.942239,1.106817,มึง
C:\Users\muldi\Documents\Playground\University\senior-project-1\mix_dataset_split\train_val\มึงก็ไม่เคยฟังใครเลย คงจะฟังแต่หีตัวเองสินะ.wav,1.106817,3.584718,none
C:\Users\muldi\Documents\Playground\University\senior-project-1\mix_dataset_split\train_val\มึงก็ไม่เคยฟังใครเลย คงจะฟังแต่หีตัวเองสินะ.wav,3.584718,3.778441,หี
C:\Users\muldi\Documents\Playground\University\senior-project-1\mix_dataset_split\train_val\มึงก็ไม่เคยฟังใครเลย คงจะฟังแต่หีตัวเองสินะ.wav,3.778441,5.37,none
C:\Users\muldi\Documents\Playground\University\senior-project-1\mix_dataset_split\train_val\มึงนี่มัน ไอ้เย็ดแม่.wav,0.0,0.328646,none
C:\Users\muldi\Documents\Playground\University\senior-project-1\mix_dataset_split\train_val\มึงนี่มัน ไอ้เย็ดแม่.wav,0.328646,0.664128,มึง
C:\Users\muldi\Documents\Playground\University\senior-project-1\mix_dataset_split\train_val\มึงนี่มัน ไอ้เย็ดแม่.wav,0.664128,1.710652,none
C:\Users\muldi\Documents\Playground\University\senior-project-1\mix_dataset_split\train_val\มึงนี่มัน ไอ้เย็ดแม่.wav,1.710652,1.882577,เย็ด
C:\Users\muldi\Documents\Playground\University\senior-project-1\mix_dataset_split\train_val\มึงนี่มัน ไอ้เย็ดแม่.wav,1.882577,2.72,none
C:\Users\muldi\Documents\Playground\University\senior-project-1\mix_dataset_split\train_val\มึงนี่มันอะควรไปคุยกับรากมะม่วง.wav,0.0,0.640314,none
C:\Users\muldi\Documents\Playground\University\senior-project-1\mix_dataset_split\train_val\มึงนี่มันอะควรไปคุยกับรากมะม่วง.wav,0.640314,0.979612,มึง
C:\Users\muldi\Documents\Playground\University\senior-project-1\mix_dataset_split\train_val\มึงนี่มันอะควรไปคุยกับรากมะม่วง.wav,0.979612,3.96,none
C:\Users\muldi\Documents\Playground\University\senior-project-1\mix_dataset_split\train_val\มึงไม่มีสิทธิ์มาทำแบบนี้กับกู เย็ดแม่.wav,0.0,0.194688,none
C:\Users\muldi\Documents\Playground\University\senior-project-1\mix_dataset_split\train_val\มึงไม่มีสิทธิ์มาทำแบบนี้กับกู เย็ดแม่.wav,0.194688,0.325109,มึง
C:\Users\muldi\Documents\Playground\University\senior-project-1\mix_dataset_split\train_val\มึงไม่มีสิทธิ์มาทำแบบนี้กับกู เย็ดแม่.wav,0.325109,1.534819,none
C:\Users\muldi\Documents\Playground\University\senior-project-1\mix_dataset_split\train_val\มึงไม่มีสิทธิ์มาทำแบบนี้กับกู เย็ดแม่.wav,1.534819,1.756098,กู
C:\Users\muldi\Documents\Playground\University\senior-project-1\mix_dataset_split\train_val\มึงไม่มีสิทธิ์มาทำแบบนี้กับกู เย็ดแม่.wav,1.756098,1.904453,เย็ด
C:\Users\muldi\Documents\Playground\University\senior-project-1\mix_dataset_split\train_val\มึงไม่มีสิทธิ์มาทำแบบนี้กับกู เย็ดแม่.wav,1.904453,2.960359,none
C:\Users\muldi\Documents\Playground\University\senior-project-1\mix_dataset_split\train_val\มึงไม่เคยฟังใครเลยใช่ไหม เย็ดแม่.wav,0.0,0.33246,none
C:\Users\muldi\Documents\Playground\University\senior-project-1\mix_dataset_split\train_val\มึงไม่เคยฟังใครเลยใช่ไหม เย็ดแม่.wav,0.33246,0.469019,มึง
C:\Users\muldi\Documents\Playground\University\senior-project-1\mix_dataset_split\train_val\มึงไม่เคยฟังใครเลยใช่ไหม เย็ดแม่.wav,0.468843,1.776392,none
C:\Users\muldi\Documents\Playground\University\senior-project-1\mix_dataset_split\train_val\มึงไม่เคยฟังใครเลยใช่ไหม เย็ดแม่.wav,1.776392,1.865085,เย็ด
C:\Users\muldi\Documents\Playground\University\senior-project-1\mix_dataset_split\train_val\มึงไม่เคยฟังใครเลยใช่ไหม เย็ดแม่.wav,1.865085,2.715171,none
C:\Users\muldi\Documents\Playground\University\senior-project-1\mix_dataset_split\train_val\มึงไม่เบื่อหรอวะไอดิฟ วันๆเห็นเอาแต่หลี่สาวอะ.wav,0.0,0.839381,none
C:\Users\muldi\Documents\Playground\University\senior-project-1\mix_dataset_split\train_val\มึงไม่เบื่อหรอวะไอดิฟ วันๆเห็นเอาแต่หลี่สาวอะ.wav,0.839381,1.035019,มึง
C:\Users\muldi\Documents\Playground\University\senior-project-1\mix_dataset_split\train_val\มึงไม่เบื่อหรอวะไอดิฟ วันๆเห็นเอาแต่หลี่สาวอะ.wav,1.035019,5.2,none
C:\Users\muldi\Documents\Playground\University\senior-project-1\mix_dataset_split\train_val\รถติดบนทางด่วน.wav,0.0,0.603054,none
C:\Users\muldi\Documents\Playground\University\senior-project-1\mix_dataset_split\train_val\รถติดบนทางด่วน.wav,0.604732,0.781553,ควย
C:\Users\muldi\Documents\Playground\University\senior-project-1\mix_dataset_split\train_val\รถติดบนทางด่วน.wav,0.781553,3.106011,none
C:\Users\muldi\Documents\Playground\University\senior-project-1\mix_dataset_split\train_val\รถติดบนทางด่วน.wav,3.106011,3.304746,สวะ
C:\Users\muldi\Documents\Playground\University\senior-project-1\mix_dataset_split\train_val\รถติดบนทางด่วน.wav,3.304746,5.347308,none
C:\Users\muldi\Documents\Playground\University\senior-project-1\mix_dataset_split\train_val\รถติดบนทางด่วน.wav,5.347308,5.504605,หี
C:\Users\muldi\Documents\Playground\University\senior-project-1\mix_dataset_split\train_val\รถติดบนทางด่วน.wav,5.504605,5.813721,none
C:\Users\muldi\Documents\Playground\University\senior-project-1\mix_dataset_split\train_val\รถติดบนทางด่วน.wav,5.813721,5.991365,แตด
C:\Users\muldi\Documents\Playground\University\senior-project-1\mix_dataset_split\train_val\รถติดบนทางด่วน.wav,5.991365,6.933333,none
C:\Users\muldi\Documents\Playground\University\senior-project-1\mix_dataset_split\train_val\รายการเย็ดแม่.wav,0.0,0.151098,มึง
C:\Users\muldi\Documents\Playground\University\senior-project-1\mix_dataset_split\train_val\รายการเย็ดแม่.wav,35.545259,35.728337,มึง
C:\Users\muldi\Documents\Playground\University\senior-project-1\mix_dataset_split\train_val\รายการเย็ดแม่.wav,392.197718,392.272189,กู
C:\Users\muldi\Documents\Playground\University\senior-project-1\mix_dataset_split\train_val\ลิ้นจระเข้ กินอะไรก็อร่อย.wav,0.0,3.114908,none
C:\Users\muldi\Documents\Playground\University\senior-project-1\mix_dataset_split\train_val\ลิ้นจระเข้ กินอะไรก็อร่อย.wav,3.114908,3.344441,กู
C:\Users\muldi\Documents\Playground\University\senior-project-1\mix_dataset_split\train_val\ลิ้นจระเข้ กินอะไรก็อร่อย.wav,3.344441,6.109426,none
C:\Users\muldi\Documents\Playground\University\senior-project-1\mix_dataset_split\train_val\ลิ้นจระเข้ กินอะไรก็อร่อย.wav,6.109426,6.219232,กู
C:\Users\muldi\Documents\Playground\University\senior-project-1\mix_dataset_split\train_val\ลิ้นจระเข้ กินอะไรก็อร่อย.wav,6.219232,12.082587,none
C:\Users\muldi\Documents\Playground\University\senior-project-1\mix_dataset_split\train_val\ลิ้นจระเข้ กินอะไรก็อร่อย.wav,12.082587,12.34321,กู
C:\Users\muldi\Documents\Playground\University\senior-project-1\mix_dataset_split\train_val\ลิ้นจระเข้ กินอะไรก็อร่อย.wav,12.34321,18.205243,none
C:\Users\muldi\Documents\Playground\University\senior-project-1\mix_dataset_split\train_val\ลิ้นจระเข้ กินอะไรก็อร่อย.wav,18.205243,18.344153,กู
C:\Users\muldi\Documents\Playground\University\senior-project-1\mix_dataset_split\train_val\ลิ้นจระเข้ กินอะไรก็อร่อย.wav,18.344153,19.292715,none
C:\Users\muldi\Documents\Playground\University\senior-project-1\mix_dataset_split\train_val\ลิ้นจระเข้ กินอะไรก็อร่อย.wav,19.292715,19.410459,กู
C:\Users\muldi\Documents\Playground\University\senior-project-1\mix_dataset_split\train_val\ลิ้นจระเข้ กินอะไรก็อร่อย.wav,19.410459,20.167191,none
C:\Users\muldi\Documents\Playground\University\senior-project-1\mix_dataset_split\train_val\ลิ้นจระเข้ กินอะไรก็อร่อย.wav,20.167191,20.286258,กู
C:\Users\muldi\Documents\Playground\University\senior-project-1\mix_dataset_split\train_val\ลิ้นจระเข้ กินอะไรก็อร่อย.wav,20.286258,39.736405,none
C:\Users\muldi\Documents\Playground\University\senior-project-1\mix_dataset_split\train_val\ลิ้นจระเข้ กินอะไรก็อร่อย.wav,39.736405,39.81446,กู
C:\Users\muldi\Documents\Playground\University\senior-project-1\mix_dataset_split\train_val\ลิ้นจระเข้ กินอะไรก็อร่อย.wav,39.81446,40.202087,none
C:\Users\muldi\Documents\Playground\University\senior-project-1\mix_dataset_split\train_val\ลิ้นจระเข้ กินอะไรก็อร่อย.wav,40.202087,40.296876,กู
C:\Users\muldi\Documents\Playground\University\senior-project-1\mix_dataset_split\train_val\ลิ้นจระเข้ กินอะไรก็อร่อย.wav,40.296876,41.355024,none
C:\Users\muldi\Documents\Playground\University\senior-project-1\mix_dataset_split\train_val\ลิ้นจระเข้ กินอะไรก็อร่อย.wav,41.355024,41.494083,มึง
C:\Users\muldi\Documents\Playground\University\senior-project-1\mix_dataset_split\train_val\ลิ้นจระเข้ กินอะไรก็อร่อย.wav,41.494083,41.640929,none
C:\Users\muldi\Documents\Playground\University\senior-project-1\mix_dataset_split\train_val\ลิ้นจระเข้ กินอะไรก็อร่อย.wav,41.640929,41.80335,กู
C:\Users\muldi\Documents\Playground\University\senior-project-1\mix_dataset_split\train_val\ลิ้นจระเข้ กินอะไรก็อร่อย.wav,41.80335,53.828056,none
C:\Users\muldi\Documents\Playground\University\senior-project-1\mix_dataset_split\train_val\ลิ้นจระเข้ กินอะไรก็อร่อย.wav,53.828056,53.949316,กู
C:\Users\muldi\Documents\Playground\University\senior-project-1\mix_dataset_split\train_val\ลิ้นจระเข้ กินอะไรก็อร่อย.wav,53.949316,58.714533,none
C:\Users\muldi\Documents\Playground\University\senior-project-1\mix_dataset_split\train_val\ลิ้นจระเข้ กินอะไรก็อร่อย.wav,58.714533,58.819942,กู
C:\Users\muldi\Documents\Playground\University\senior-project-1\mix_dataset_split\train_val\ลิ้นจระเข้ กินอะไรก็อร่อย.wav,58.819942,58.993002,เหี้ย
C:\Users\muldi\Documents\Playground\University\senior-project-1\mix_dataset_split\train_val\ลิ้นจระเข้ กินอะไรก็อร่อย.wav,58.993002,59.809531,none
C:\Users\muldi\Documents\Playground\University\senior-project-1\mix_dataset_split\train_val\ลิ้นจระเข้ กินอะไรก็อร่อย.wav,59.809531,59.887408,กู
C:\Users\muldi\Documents\Playground\University\senior-project-1\mix_dataset_split\train_val\ลิ้นจระเข้ กินอะไรก็อร่อย.wav,59.887408,60.657525,none
C:\Users\muldi\Documents\Playground\University\senior-project-1\mix_dataset_split\train_val\ลิ้นจระเข้ กินอะไรก็อร่อย.wav,60.657525,60.766867,กู
C:\Users\muldi\Documents\Playground\University\senior-project-1\mix_dataset_split\train_val\ลิ้นจระเข้ กินอะไรก็อร่อย.wav,60.766867,66.304,none
C:\Users\muldi\Documents\Playground\University\senior-project-1\mix_dataset_split\train_val\วันนี้กูไปวันเดอร์แลนมาแหละทุกคน.wav,0.0,0.96954,none
C:\Users\muldi\Documents\Playground\University\senior-project-1\mix_dataset_split\train_val\วันนี้กูไปวันเดอร์แลนมาแหละทุกคน.wav,0.96954,1.124752,กู
C:\Users\muldi\Documents\Playground\University\senior-project-1\mix_dataset_split\train_val\วันนี้กูไปวันเดอร์แลนมาแหละทุกคน.wav,1.124752,3.328542,none
C:\Users\muldi\Documents\Playground\University\senior-project-1\mix_dataset_split\train_val\วิ่งหนี or วิ่งใส่.wav,13.437043,13.628517,มึง
C:\Users\muldi\Documents\Playground\University\senior-project-1\mix_dataset_split\train_val\วิ่งหนี or วิ่งใส่.wav,14.971602,15.16002,มึง
C:\Users\muldi\Documents\Playground\University\senior-project-1\mix_dataset_split\train_val\วิ่งหนี or วิ่งใส่.wav,16.930132,17.437333,มึง
C:\Users\muldi\Documents\Playground\University\senior-project-1\mix_dataset_split\train_val\ศาลเจ้าทางม้าลายอยู่ไหน!!.wav,41.261914,41.362465,มึง
C:\Users\muldi\Documents\Playground\University\senior-project-1\mix_dataset_split\train_val\ศาลเจ้าทางม้าลายอยู่ไหน!!.wav,41.852381,41.999893,มึง
C:\Users\muldi\Documents\Playground\University\senior-project-1\mix_dataset_split\train_val\ศาลเจ้าทางม้าลายอยู่ไหน!!.wav,45.016244,45.135471,มึง
C:\Users\muldi\Documents\Playground\University\senior-project-1\mix_dataset_split\train_val\ศาลเจ้าทางม้าลายอยู่ไหน!!.wav,47.25126,47.498415,เหี้ย
C:\Users\muldi\Documents\Playground\University\senior-project-1\mix_dataset_split\train_val\ศาลเจ้าทางม้าลายอยู่ไหน!!.wav,47.561825,47.656756,มึง
C:\Users\muldi\Documents\Playground\University\senior-project-1\mix_dataset_split\train_val\ศาลเจ้าทางม้าลายอยู่ไหน!!.wav,58.228747,58.395559,เหี้ย
C:\Users\muldi\Documents\Playground\University\senior-project-1\mix_dataset_split\train_val\ศาลเจ้าทางม้าลายอยู่ไหน!!.wav,60.644559,61.032852,มึง
C:\Users\muldi\Documents\Playground\University\senior-project-1\mix_dataset_split\train_val\ศาลเจ้าทางม้าลายอยู่ไหน!!.wav,61.197698,61.421624,กู
C:\Users\muldi\Documents\Playground\University\senior-project-1\mix_dataset_split\train_val\ศาลเจ้าทางม้าลายอยู่ไหน!!.wav,62.517111,62.6825,มึง
C:\Users\muldi\Documents\Playground\University\senior-project-1\mix_dataset_split\train_val\สวะ (มูเซอร์).wav,0.470386,0.877518,สวะ
C:\Users\muldi\Documents\Playground\University\senior-project-1\mix_dataset_split\train_val\สวะ (อาร์ต).wav,0.603739,0.867777,สวะ
C:\Users\muldi\Documents\Playground\University\senior-project-1\mix_dataset_split\train_val\สวะ (อาร์ต).wav,1.141732,1.573118,สวะ
C:\Users\muldi\Documents\Playground\University\senior-project-1\mix_dataset_split\train_val\สวะ (อาร์ต).wav,1.83711,2.430886,สวะ
C:\Users\muldi\Documents\Playground\University\senior-project-1\mix_dataset_split\train_val\สวะ (อาร์ต).wav,2.727154,3.368035,สวะ
C:\Users\muldi\Documents\Playground\University\senior-project-1\mix_dataset_split\train_val\สวะ (อาร์ต).wav,3.836609,4.354768,สวะ
C:\Users\muldi\Documents\Playground\University\senior-project-1\mix_dataset_split\train_val\สวะ (อาร์ต).wav,4.843177,5.169196,สวะ
C:\Users\muldi\Documents\Playground\University\senior-project-1\mix_dataset_split\train_val\สวะ (อาร์ต).wav,5.770409,6.08899,สวะ
C:\Users\muldi\Documents\Playground\University\senior-project-1\mix_dataset_split\train_val\สวะ (อาร์ต).wav,6.961679,7.2815,สวะ
C:\Users\muldi\Documents\Playground\University\senior-project-1\mix_dataset_split\train_val\สวะ (อาร์ต).wav,8.338892,8.628962,สวะ
C:\Users\muldi\Documents\Playground\University\senior-project-1\mix_dataset_split\train_val\สวะ (อาร์ต).wav,9.426034,9.709906,สวะ
C:\Users\muldi\Documents\Playground\University\senior-project-1\mix_dataset_split\train_val\สวะ (อาร์ต).wav,10.430283,10.673087,สวะ
C:\Users\muldi\Documents\Playground\University\senior-project-1\mix_dataset_split\train_val\สวะ (อาร์ต).wav,11.468353,11.748755,สวะ
C:\Users\muldi\Documents\Playground\University\senior-project-1\mix_dataset_split\train_val\สวะ (อาร์ต).wav,12.551394,12.811991,สวะ
C:\Users\muldi\Documents\Playground\University\senior-project-1\mix_dataset_split\train_val\สวะ (อาร์ต).wav,13.620884,13.948194,สวะ
C:\Users\muldi\Documents\Playground\University\senior-project-1\mix_dataset_split\train_val\สวะ (อาร์ต).wav,14.740409,15.161534,สวะ
C:\Users\muldi\Documents\Playground\University\senior-project-1\mix_dataset_split\train_val\สวะ (อาร์ต).wav,15.80156,16.071539,สวะ
C:\Users\muldi\Documents\Playground\University\senior-project-1\mix_dataset_split\train_val\สวะ (อาร์ต).wav,16.839779,17.152495,สวะ
C:\Users\muldi\Documents\Playground\University\senior-project-1\mix_dataset_split\train_val\สวะ (อาร์ต).wav,17.928032,18.142147,สวะ
C:\Users\muldi\Documents\Playground\University\senior-project-1\mix_dataset_split\train_val\สวะ (เปอร์).wav,1.25797,1.523462,สวะ
C:\Users\muldi\Documents\Playground\University\senior-project-1\mix_dataset_split\train_val\สวะ (โบท).wav,0.53877,0.942847,สวะ
C:\Users\muldi\Documents\Playground\University\senior-project-1\mix_dataset_split\train_val\สวะ (โบท2).wav,0.889339,1.391207,สวะ
C:\Users\muldi\Documents\Playground\University\senior-project-1\mix_dataset_split\train_val\สวัสดีทุกคนสมรมคนชอบหี.wav,0.0,2.597574,none
C:\Users\muldi\Documents\Playground\University\senior-project-1\mix_dataset_split\train_val\สวัสดีทุกคนสมรมคนชอบหี.wav,2.901545,3.143484,หี
C:\Users\muldi\Documents\Playground\University\senior-project-1\mix_dataset_split\train_val\สวัสดีทุกคนสมรมคนชอบหี.wav,5.160234,5.460492,หี
C:\Users\muldi\Documents\Playground\University\senior-project-1\mix_dataset_split\train_val\สวัสดีทุกคนสมรมคนชอบหี.wav,9.35965,9.702878,ควย
C:\Users\muldi\Documents\Playground\University\senior-project-1\mix_dataset_split\train_val\สวัสดีทุกคนสมรมคนชอบหี.wav,10.073786,10.292456,ควย
C:\Users\muldi\Documents\Playground\University\senior-project-1\mix_dataset_split\train_val\สวัสดีทุกคนสมรมคนชอบหี.wav,12.926416,13.031599,เหี้ย
C:\Users\muldi\Documents\Playground\University\senior-project-1\mix_dataset_split\train_val\สวัสดีทุกคนสมรมคนชอบหี.wav,16.32694,16.375871,เย็ด
C:\Users\muldi\Documents\Playground\University\senior-project-1\mix_dataset_split\train_val\สวัสดีทุกคนสมรมคนชอบหี.wav,18.685863,18.997066,หี
C:\Users\muldi\Documents\Playground\University\senior-project-1\mix_dataset_split\train_val\สวัสดีทุกคนสมรมคนชอบหี.wav,19.408088,19.834769,ควย
C:\Users\muldi\Documents\Playground\University\senior-project-1\mix_dataset_split\train_val\สวัสดีทุกคนสมรมคนชอบหี.wav,23.074017,23.289314,สวะ
C:\Users\muldi\Documents\Playground\University\senior-project-1\mix_dataset_split\train_val\หมากัด.wav,0.0,2.901837,none
C:\Users\muldi\Documents\Playground\University\senior-project-1\mix_dataset_split\train_val\หมากัด.wav,2.901837,3.188707,สวะ
C:\Users\muldi\Documents\Playground\University\senior-project-1\mix_dataset_split\train_val\หมากัด.wav,3.188707,12.183128,none
C:\Users\muldi\Documents\Playground\University\senior-project-1\mix_dataset_split\train_val\หมากัด.wav,12.183128,12.569298,ควย
C:\Users\muldi\Documents\Playground\University\senior-project-1\mix_dataset_split\train_val\หมากัด.wav,12.569298,13.043736,none
C:\Users\muldi\Documents\Playground\University\senior-project-1\mix_dataset_split\train_val\หมากัด.wav,13.043736,13.279852,หี
C:\Users\muldi\Documents\Playground\University\senior-project-1\mix_dataset_split\train_val\หมากัด.wav,13.279852,13.635129,none
C:\Users\muldi\Documents\Playground\University\senior-project-1\mix_dataset_split\train_val\หมากัด.wav,13.635129,13.899931,ควย
C:\Users\muldi\Documents\Playground\University\senior-project-1\mix_dataset_split\train_val\หมากัด.wav,13.899931,16.44,none
C:\Users\muldi\Documents\Playground\University\senior-project-1\mix_dataset_split\train_val\หยุดทำแบบนี้ซะทีดิ๊ เย็ดแม่.wav,0.0,1.182845,none
C:\Users\muldi\Documents\Playground\University\senior-project-1\mix_dataset_split\train_val\หยุดทำแบบนี้ซะทีดิ๊ เย็ดแม่.wav,1.182845,1.28045,เย็ด
C:\Users\muldi\Documents\Playground\University\senior-project-1\mix_dataset_split\train_val\หยุดทำแบบนี้ซะทีดิ๊ เย็ดแม่.wav,1.28045,2.49,none
C:\Users\muldi\Documents\Playground\University\senior-project-1\mix_dataset_split\train_val\หาสัญลักษณ์ตามฉบับ New World Order ในเพลง จี่หอย.wav,0.0,101.013916,none
C:\Users\muldi\Documents\Playground\University\senior-project-1\mix_dataset_split\train_val\หาสัญลักษณ์ตามฉบับ New World Order ในเพลง จี่หอย.wav,101.013916,101.158069,มึง
C:\Users\muldi\Documents\Playground\University\senior-project-1\mix_dataset_split\train_val\หาสัญลักษณ์ตามฉบับ New World Order ในเพลง จี่หอย.wav,101.158069,105.984,none
C:\Users\muldi\Documents\Playground\University\senior-project-1\mix_dataset_split\train_val\หี (มูเซอร์).wav,0.519516,0.968861,หี
C:\Users\muldi\Documents\Playground\University\senior-project-1\mix_dataset_split\train_val\หี (อาร์ต).wav,0.107768,0.511899,หี
C:\Users\muldi\Documents\Playground\University\senior-project-1\mix_dataset_split\train_val\หี (อาร์ต).wav,1.233662,1.63921,หี
C:\Users\muldi\Documents\Playground\University\senior-project-1\mix_dataset_split\train_val\หี (อาร์ต).wav,2.365227,2.89556,หี
C:\Users\muldi\Documents\Playground\University\senior-project-1\mix_dataset_split\train_val\หี (อาร์ต).wav,3.563438,3.978913,หี
C:\Users\muldi\Documents\Playground\University\senior-project-1\mix_dataset_split\train_val\หี (อาร์ต).wav,4.714856,5.150182,หี
C:\Users\muldi\Documents\Playground\University\senior-project-1\mix_dataset_split\train_val\หี (อาร์ต).wav,5.856347,6.291674,หี
C:\Users\muldi\Documents\Playground\University\senior-project-1\mix_dataset_split\train_val\หี (อาร์ต).wav,7.227555,7.630267,หี
C:\Users\muldi\Documents\Playground\University\senior-project-1\mix_dataset_split\train_val\หี (อาร์ต).wav,8.551969,8.983041,หี
C:\Users\muldi\Documents\Playground\University\senior-project-1\mix_dataset_split\train_val\หี (อาร์ต).wav,9.689382,10.054254,หี
C:\Users\muldi\Documents\Playground\University\senior-project-1\mix_dataset_split\train_val\หี (อาร์ต).wav,10.87462,11.235915,หี
C:\Users\muldi\Documents\Playground\University\senior-project-1\mix_dataset_split\train_val\หี (อาร์ต).wav,11.988315,12.384189,หี
C:\Users\muldi\Documents\Playground\University\senior-project-1\mix_dataset_split\train_val\หี (อาร์ต).wav,13.262983,13.63024,หี
C:\Users\muldi\Documents\Playground\University\senior-project-1\mix_dataset_split\train_val\หี (อาร์ต).wav,14.464915,14.807131,หี
C:\Users\muldi\Documents\Playground\University\senior-project-1\mix_dataset_split\train_val\หี (อาร์ต).wav,15.552377,15.825434,หี
C:\Users\muldi\Documents\Playground\University\senior-project-1\mix_dataset_split\train_val\หี (เปอร์).wav,1.511119,1.926901,หี
C:\Users\muldi\Documents\Playground\University\senior-project-1\mix_dataset_split\train_val\หี (โบท).wav,0.873197,1.217236,หี
C:\Users\muldi\Documents\Playground\University\senior-project-1\mix_dataset_split\train_val\หี (โบท2).wav,0.754442,1.107213,หี
C:\Users\muldi\Documents\Playground\University\senior-project-1\mix_dataset_split\train_val\หีหอมพ่อง.wav,0.0,0.255756,none
C:\Users\muldi\Documents\Playground\University\senior-project-1\mix_dataset_split\train_val\หีหอมพ่อง.wav,0.255756,0.347329,หี
C:\Users\muldi\Documents\Playground\University\senior-project-1\mix_dataset_split\train_val\หีหอมพ่อง.wav,0.347329,1.201148,none
C:\Users\muldi\Documents\Playground\University\senior-project-1\mix_dataset_split\train_val\หีหอมพ่อง.wav,1.201148,1.40235,หี
C:\Users\muldi\Documents\Playground\University\senior-project-1\mix_dataset_split\train_val\หีหอมพ่อง.wav,1.40235,1.570019,มึง
C:\Users\muldi\Documents\Playground\University\senior-project-1\mix_dataset_split\train_val\หีหอมพ่อง.wav,1.570019,2.530504,none
C:\Users\muldi\Documents\Playground\University\senior-project-1\mix_dataset_split\train_val\หีหอมพ่อง.wav,2.530504,2.681406,หี
C:\Users\muldi\Documents\Playground\University\senior-project-1\mix_dataset_split\train_val\หีหอมพ่อง.wav,2.681406,2.743314,none
C:\Users\muldi\Documents\Playground\University\senior-project-1\mix_dataset_split\train_val\หีหอมพ่อง.wav,2.743314,3.060595,สวะ
C:\Users\muldi\Documents\Playground\University\senior-project-1\mix_dataset_split\train_val\หีหอมพ่อง.wav,3.060595,4.262649,none
C:\Users\muldi\Documents\Playground\University\senior-project-1\mix_dataset_split\train_val\หีหอมพ่อง.wav,4.262649,4.386466,หี
C:\Users\muldi\Documents\Playground\University\senior-project-1\mix_dataset_split\train_val\หีหอมพ่อง.wav,4.386466,4.652156,none
C:\Users\muldi\Documents\Playground\University\senior-project-1\mix_dataset_split\train_val\หีหอมพ่อง.wav,4.652156,4.871414,ควย
C:\Users\muldi\Documents\Playground\University\senior-project-1\mix_dataset_split\train_val\หีหอมพ่อง.wav,4.871414,6.40945,none
C:\Users\muldi\Documents\Playground\University\senior-project-1\mix_dataset_split\train_val\หีหอมพ่อง.wav,6.40945,6.540361,ควย
C:\Users\muldi\Documents\Playground\University\senior-project-1\mix_dataset_split\train_val\หีหอมพ่อง.wav,6.540361,8.08,none
C:\Users\muldi\Documents\Playground\University\senior-project-1\mix_dataset_split\train_val\อย่าทำเหมือนกูไม่มีตัวตนนะ เย็ดแม่.wav,0.0,0.545171,none
C:\Users\muldi\Documents\Playground\University\senior-project-1\mix_dataset_split\train_val\อย่าทำเหมือนกูไม่มีตัวตนนะ เย็ดแม่.wav,0.545171,0.65918,กู
C:\Users\muldi\Documents\Playground\University\senior-project-1\mix_dataset_split\train_val\อย่าทำเหมือนกูไม่มีตัวตนนะ เย็ดแม่.wav,0.65918,1.460124,none
C:\Users\muldi\Documents\Playground\University\senior-project-1\mix_dataset_split\train_val\อย่าทำเหมือนกูไม่มีตัวตนนะ เย็ดแม่.wav,1.460124,1.542007,เย็ด
C:\Users\muldi\Documents\Playground\University\senior-project-1\mix_dataset_split\train_val\อย่าทำเหมือนกูไม่มีตัวตนนะ เย็ดแม่.wav,1.542007,2.256344,none
C:\Users\muldi\Documents\Playground\University\senior-project-1\mix_dataset_split\train_val\อย่าฟังความข้างเดียวสิ กูน่ะบอกอยู่เสมอแล้วว่ากูเป็นคนดี.wav,0.0,2.583806,none
C:\Users\muldi\Documents\Playground\University\senior-project-1\mix_dataset_split\train_val\อย่าฟังความข้างเดียวสิ กูน่ะบอกอยู่เสมอแล้วว่ากูเป็นคนดี.wav,2.583806,2.758516,กู
C:\Users\muldi\Documents\Playground\University\senior-project-1\mix_dataset_split\train_val\อย่าฟังความข้างเดียวสิ กูน่ะบอกอยู่เสมอแล้วว่ากูเป็นคนดี.wav,2.758516,4.17339,none
C:\Users\muldi\Documents\Playground\University\senior-project-1\mix_dataset_split\train_val\อย่าฟังความข้างเดียวสิ กูน่ะบอกอยู่เสมอแล้วว่ากูเป็นคนดี.wav,4.17339,4.335323,กู
C:\Users\muldi\Documents\Playground\University\senior-project-1\mix_dataset_split\train_val\อย่าฟังความข้างเดียวสิ กูน่ะบอกอยู่เสมอแล้วว่ากูเป็นคนดี.wav,4.335323,5.35,none
C:\Users\muldi\Documents\Playground\University\senior-project-1\mix_dataset_split\train_val\อะชิมะหม๋า.wav,0.0,10.18111,none
C:\Users\muldi\Documents\Playground\University\senior-project-1\mix_dataset_split\train_val\อะชิมะหม๋า.wav,10.181355,10.256798,กู
C:\Users\muldi\Documents\Playground\University\senior-project-1\mix_dataset_split\train_val\อะชิมะหม๋า.wav,10.256798,12.014889,none
C:\Users\muldi\Documents\Playground\University\senior-project-1\mix_dataset_split\train_val\อะชิมะหม๋า.wav,18.663428,18.765268,กู
C:\Users\muldi\Documents\Playground\University\senior-project-1\mix_dataset_split\train_val\อะชิมะหม๋า.wav,18.765268,19.118072,none
C:\Users\muldi\Documents\Playground\University\senior-project-1\mix_dataset_split\train_val\อะชิมะหม๋า.wav,19.118072,19.305991,มึง
C:\Users\muldi\Documents\Playground\University\senior-project-1\mix_dataset_split\train_val\อะชิมะหม๋า.wav,19.305991,21.482667,none
C:\Users\muldi\Documents\Playground\University\senior-project-1\mix_dataset_split\train_val\อะไรคือสิ่งที่ถูก.wav,1.506835,1.590017,มึง
C:\Users\muldi\Documents\Playground\University\senior-project-1\mix_dataset_split\train_val\อะไรคือสิ่งที่ถูก.wav,2.227271,2.298155,กู
C:\Users\muldi\Documents\Playground\University\senior-project-1\mix_dataset_split\train_val\อะไรคือสิ่งที่ถูก.wav,9.832852,9.919234,กู
C:\Users\muldi\Documents\Playground\University\senior-project-1\mix_dataset_split\train_val\อะไรคือสิ่งที่ถูก.wav,25.36253,25.412865,กู
C:\Users\muldi\Documents\Playground\University\senior-project-1\mix_dataset_split\train_val\อะไรคือสิ่งที่ถูก.wav,51.471081,51.543976,กู
C:\Users\muldi\Documents\Playground\University\senior-project-1\mix_dataset_split\train_val\อะไรหายากสุด.wav,27.592042,27.728963,มึง
C:\Users\muldi\Documents\Playground\University\senior-project-1\mix_dataset_split\train_val\อั้มด่าแหลก.wav,0.0,0.123006,none
C:\Users\muldi\Documents\Playground\University\senior-project-1\mix_dataset_split\train_val\อั้มด่าแหลก.wav,0.123006,0.258299,ควย
C:\Users\muldi\Documents\Playground\University\senior-project-1\mix_dataset_split\train_val\อั้มด่าแหลก.wav,0.258299,0.571231,none
C:\Users\muldi\Documents\Playground\University\senior-project-1\mix_dataset_split\train_val\อั้มด่าแหลก.wav,0.571231,0.764354,เหี้ย
C:\Users\muldi\Documents\Playground\University\senior-project-1\mix_dataset_split\train_val\อั้มด่าแหลก.wav,0.764354,1.340255,none
C:\Users\muldi\Documents\Playground\University\senior-project-1\mix_dataset_split\train_val\อั้มด่าแหลก.wav,1.340255,1.498397,เย็ด
C:\Users\muldi\Documents\Playground\University\senior-project-1\mix_dataset_split\train_val\อั้มด่าแหลก.wav,1.498397,2.372132,none
C:\Users\muldi\Documents\Playground\University\senior-project-1\mix_dataset_split\train_val\อั้มด่าแหลก.wav,2.372132,2.553996,เหี้ย
C:\Users\muldi\Documents\Playground\University\senior-project-1\mix_dataset_split\train_val\อั้มด่าแหลก.wav,2.553996,3.592463,none
C:\Users\muldi\Documents\Playground\University\senior-project-1\mix_dataset_split\train_val\อั้มด่าแหลก.wav,3.592463,3.849444,เหี้ย
C:\Users\muldi\Documents\Playground\University\senior-project-1\mix_dataset_split\train_val\อั้มด่าแหลก.wav,3.849444,4.976207,none
C:\Users\muldi\Documents\Playground\University\senior-project-1\mix_dataset_split\train_val\อั้มด่าแหลก.wav,4.976207,5.214738,เหี้ย
C:\Users\muldi\Documents\Playground\University\senior-project-1\mix_dataset_split\train_val\อั้มด่าแหลก.wav,5.214738,6.632087,none
C:\Users\muldi\Documents\Playground\University\senior-project-1\mix_dataset_split\train_val\อั้มด่าแหลก.wav,6.838331,7.190197,none
C:\Users\muldi\Documents\Playground\University\senior-project-1\mix_dataset_split\train_val\อิ้นกับเทนนิส1.wav,0.0,2.307538,none
C:\Users\muldi\Documents\Playground\University\senior-project-1\mix_dataset_split\train_val\อิ้นกับเทนนิส1.wav,3.066436,3.767406,none
C:\Users\muldi\Documents\Playground\University\senior-project-1\mix_dataset_split\train_val\อิ้นกับเทนนิส1.wav,3.767406,3.899922,กู
C:\Users\muldi\Documents\Playground\University\senior-project-1\mix_dataset_split\train_val\อิ้นกับเทนนิส1.wav,3.899922,9.939908,none
C:\Users\muldi\Documents\Playground\University\senior-project-1\mix_dataset_split\train_val\อิ้นกับเทนนิส1.wav,9.939908,10.097193,กู
C:\Users\muldi\Documents\Playground\University\senior-project-1\mix_dataset_split\train_val\อิ้นกับเทนนิส1.wav,10.097193,10.412382,none
C:\Users\muldi\Documents\Playground\University\senior-project-1\mix_dataset_split\train_val\อิ้นกับเทนนิส1.wav,10.412382,10.545387,กู
C:\Users\muldi\Documents\Playground\University\senior-project-1\mix_dataset_split\train_val\อิ้นกับเทนนิส1.wav,10.545387,13.791202,none
C:\Users\muldi\Documents\Playground\University\senior-project-1\mix_dataset_split\train_val\อีกระเทย มึงอะอีกระเทย กูอะตุ๊แท้ มึงอะตุ๊ดเทียม.wav,0.0,2.014317,none
C:\Users\muldi\Documents\Playground\University\senior-project-1\mix_dataset_split\train_val\อีกระเทย มึงอะอีกระเทย กูอะตุ๊แท้ มึงอะตุ๊ดเทียม.wav,2.014317,2.270874,มึง
C:\Users\muldi\Documents\Playground\University\senior-project-1\mix_dataset_split\train_val\อีกระเทย มึงอะอีกระเทย กูอะตุ๊แท้ มึงอะตุ๊ดเทียม.wav,2.270874,4.050235,none
C:\Users\muldi\Documents\Playground\University\senior-project-1\mix_dataset_split\train_val\อีกระเทย มึงอะอีกระเทย กูอะตุ๊แท้ มึงอะตุ๊ดเทียม.wav,4.050235,4.226211,กู
C:\Users\muldi\Documents\Playground\University\senior-project-1\mix_dataset_split\train_val\อีกระเทย มึงอะอีกระเทย กูอะตุ๊แท้ มึงอะตุ๊ดเทียม.wav,4.226211,5.254505,none
C:\Users\muldi\Documents\Playground\University\senior-project-1\mix_dataset_split\train_val\อีกระเทย มึงอะอีกระเทย กูอะตุ๊แท้ มึงอะตุ๊ดเทียม.wav,5.254505,5.524374,มึง
C:\Users\muldi\Documents\Playground\University\senior-project-1\mix_dataset_split\train_val\อีกระเทย มึงอะอีกระเทย กูอะตุ๊แท้ มึงอะตุ๊ดเทียม.wav,5.524374,6.88,none
C:\Users\muldi\Documents\Playground\University\senior-project-1\mix_dataset_split\train_val\ฮือฮืมเป็นวันที่ดี.wav,0.0,5.288453,none
C:\Users\muldi\Documents\Playground\University\senior-project-1\mix_dataset_split\train_val\ฮือฮืมเป็นวันที่ดี.wav,5.288453,5.853686,เหี้ย
C:\Users\muldi\Documents\Playground\University\senior-project-1\mix_dataset_split\train_val\ฮือฮืมเป็นวันที่ดี.wav,5.853686,5.958988,none
C:\Users\muldi\Documents\Playground\University\senior-project-1\mix_dataset_split\train_val\ฮือฮืมเป็นวันที่ดี.wav,5.958988,6.119998,มึง
C:\Users\muldi\Documents\Playground\University\senior-project-1\mix_dataset_split\train_val\ฮือฮืมเป็นวันที่ดี.wav,6.119998,9.235999,none
C:\Users\muldi\Documents\Playground\University\senior-project-1\mix_dataset_split\train_val\ฮือฮืมเป็นวันที่ดี.wav,9.235999,9.510688,แตด
C:\Users\muldi\Documents\Playground\University\senior-project-1\mix_dataset_split\train_val\ฮือฮืมเป็นวันที่ดี.wav,9.510688,9.979992,none
C:\Users\muldi\Documents\Playground\University\senior-project-1\mix_dataset_split\train_val\ฮือฮืมเป็นวันที่ดี.wav,9.979992,10.145245,ควย
C:\Users\muldi\Documents\Playground\University\senior-project-1\mix_dataset_split\train_val\ฮือฮืมเป็นวันที่ดี.wav,10.145245,10.644845,none
C:\Users\muldi\Documents\Playground\University\senior-project-1\mix_dataset_split\train_val\ฮือฮืมเป็นวันที่ดี.wav,10.644845,10.815381,มึง
C:\Users\muldi\Documents\Playground\University\senior-project-1\mix_dataset_split\train_val\ฮือฮืมเป็นวันที่ดี.wav,10.815381,13.514663,none
C:\Users\muldi\Documents\Playground\University\senior-project-1\mix_dataset_split\train_val\ฮือฮืมเป็นวันที่ดี.wav,13.514663,13.721709,แตด
C:\Users\muldi\Documents\Playground\University\senior-project-1\mix_dataset_split\train_val\ฮือฮืมเป็นวันที่ดี.wav,13.721709,14.091605,none
C:\Users\muldi\Documents\Playground\University\senior-project-1\mix_dataset_split\train_val\ฮือฮืมเป็นวันที่ดี.wav,14.091605,14.317386,มึง
C:\Users\muldi\Documents\Playground\University\senior-project-1\mix_dataset_split\train_val\ฮือฮืมเป็นวันที่ดี.wav,14.317386,15.939645,none
C:\Users\muldi\Documents\Playground\University\senior-project-1\mix_dataset_split\train_val\ฮือฮืมเป็นวันที่ดี.wav,15.939645,16.211063,สวะ
C:\Users\muldi\Documents\Playground\University\senior-project-1\mix_dataset_split\train_val\ฮือฮืมเป็นวันที่ดี.wav,16.211063,20.245333,none
C:\Users\muldi\Documents\Playground\University\senior-project-1\mix_dataset_split\train_val\ฮื่อ มึง ก็มันรักเขาไปแล้วอ่ะ.wav,0.0,1.930391,none
C:\Users\muldi\Documents\Playground\University\senior-project-1\mix_dataset_split\train_val\ฮื่อ มึง ก็มันรักเขาไปแล้วอ่ะ.wav,1.930524,2.64123,มึง
C:\Users\muldi\Documents\Playground\University\senior-project-1\mix_dataset_split\train_val\ฮื่อ มึง ก็มันรักเขาไปแล้วอ่ะ.wav,2.64123,4.809615,none
C:\Users\muldi\Documents\Playground\University\senior-project-1\mix_dataset_split\train_val\เกิดแต่กับคีร์มากค่ะ.wav,15.593968,15.733406,มึง
C:\Users\muldi\Documents\Playground\University\senior-project-1\mix_dataset_split\train_val\เข้ามาสิ ไอ้เย็ดแม่.wav,0.0,1.54287,none
C:\Users\muldi\Documents\Playground\University\senior-project-1\mix_dataset_split\train_val\เข้ามาสิ ไอ้เย็ดแม่.wav,1.54287,1.708489,เย็ด
C:\Users\muldi\Documents\Playground\University\senior-project-1\mix_dataset_split\train_val\เข้ามาสิ ไอ้เย็ดแม่.wav,1.708489,2.87,none
C:\Users\muldi\Documents\Playground\University\senior-project-1\mix_dataset_split\train_val\เข้ามาเลยไอ้พวกเด็กเปรต กูคนนี้จะลงทัณฑ์เอง.wav,0.0,2.807768,none
C:\Users\muldi\Documents\Playground\University\senior-project-1\mix_dataset_split\train_val\เข้ามาเลยไอ้พวกเด็กเปรต กูคนนี้จะลงทัณฑ์เอง.wav,2.807768,3.149977,กู
C:\Users\muldi\Documents\Playground\University\senior-project-1\mix_dataset_split\train_val\เข้ามาเลยไอ้พวกเด็กเปรต กูคนนี้จะลงทัณฑ์เอง.wav,3.149977,5.47123,none
C:\Users\muldi\Documents\Playground\University\senior-project-1\mix_dataset_split\train_val\เคยอยากเป็นวีค่ายกระต่าย.wav,11.862371,11.899454,กู
C:\Users\muldi\Documents\Playground\University\senior-project-1\mix_dataset_split\train_val\เจ็บคอมาสองวันเพราะฝุ่น.wav,0.0,3.345673,none
C:\Users\muldi\Documents\Playground\University\senior-project-1\mix_dataset_split\train_val\เจ็บคอมาสองวันเพราะฝุ่น.wav,3.350579,3.603006,หี
C:\Users\muldi\Documents\Playground\University\senior-project-1\mix_dataset_split\train_val\เจ็บคอมาสองวันเพราะฝุ่น.wav,3.603006,8.701151,none
C:\Users\muldi\Documents\Playground\University\senior-project-1\mix_dataset_split\train_val\เจ็บคอมาสองวันเพราะฝุ่น.wav,8.701151,8.997805,ควย
C:\Users\muldi\Documents\Playground\University\senior-project-1\mix_dataset_split\train_val\เจ็บคอมาสองวันเพราะฝุ่น.wav,8.997805,9.557333,none
C:\Users\muldi\Documents\Playground\University\senior-project-1\mix_dataset_split\train_val\เจ๊อยากกลับบ้านแล้ว....wav,15.342018,15.659347,เหี้ย
C:\Users\muldi\Documents\Playground\University\senior-project-1\mix_dataset_split\train_val\เดินตกท่อ.wav,0.0,2.160697,none
C:\Users\muldi\Documents\Playground\University\senior-project-1\mix_dataset_split\train_val\เดินตกท่อ.wav,2.160697,2.402815,กู
C:\Users\muldi\Documents\Playground\University\senior-project-1\mix_dataset_split\train_val\เดินตกท่อ.wav,2.402815,3.506541,none
C:\Users\muldi\Documents\Playground\University\senior-project-1\mix_dataset_split\train_val\เดินตกท่อ.wav,3.504667,3.885377,กู
C:\Users\muldi\Documents\Playground\University\senior-project-1\mix_dataset_split\train_val\เดินตกท่อ.wav,3.887251,7.432535,none
C:\Users\muldi\Documents\Playground\University\senior-project-1\mix_dataset_split\train_val\เดินตกท่อ.wav,7.432535,7.702592,กู
C:\Users\muldi\Documents\Playground\University\senior-project-1\mix_dataset_split\train_val\เดินตกท่อ.wav,7.702592,9.955889,none
C:\Users\muldi\Documents\Playground\University\senior-project-1\mix_dataset_split\train_val\เดินตกท่อ.wav,9.955889,10.228335,กู
C:\Users\muldi\Documents\Playground\University\senior-project-1\mix_dataset_split\train_val\เดินตกท่อ.wav,10.228335,12.438819,none
C:\Users\muldi\Documents\Playground\University\senior-project-1\mix_dataset_split\train_val\เดินเตะทุกอย่างบนโลก!.wav,3.035611,3.178815,กู
C:\Users\muldi\Documents\Playground\University\senior-project-1\mix_dataset_split\train_val\เดินเตะทุกอย่างบนโลก!.wav,5.004079,5.059272,กู
C:\Users\muldi\Documents\Playground\University\senior-project-1\mix_dataset_split\train_val\เดินเตะทุกอย่างบนโลก!.wav,9.521606,9.623394,กู
C:\Users\muldi\Documents\Playground\University\senior-project-1\mix_dataset_split\train_val\เดินเตะทุกอย่างบนโลก!.wav,11.70444,11.758234,กู
C:\Users\muldi\Documents\Playground\University\senior-project-1\mix_dataset_split\train_val\เดินเตะทุกอย่างบนโลก!.wav,15.789596,15.85552,กู
C:\Users\muldi\Documents\Playground\University\senior-project-1\mix_dataset_split\train_val\เดินเตะทุกอย่างบนโลก!.wav,16.122258,16.224024,กู
C:\Users\muldi\Documents\Playground\University\senior-project-1\mix_dataset_split\train_val\เดินเตะทุกอย่างบนโลก!.wav,16.893305,16.965558,กู
C:\Users\muldi\Documents\Playground\University\senior-project-1\mix_dataset_split\train_val\เดินเตะทุกอย่างบนโลก!.wav,20.497368,20.574535,กู
C:\Users\muldi\Documents\Playground\University\senior-project-1\mix_dataset_split\train_val\เดินเตะทุกอย่างบนโลก!.wav,21.529066,21.662097,กู
C:\Users\muldi\Documents\Playground\University\senior-project-1\mix_dataset_split\train_val\เดินเตะทุกอย่างบนโลก!.wav,27.473708,27.567175,กู
C:\Users\muldi\Documents\Playground\University\senior-project-1\mix_dataset_split\train_val\เดินเตะทุกอย่างบนโลก!.wav,29.356449,29.435105,กู
C:\Users\muldi\Documents\Playground\University\senior-project-1\mix_dataset_split\train_val\เดินเตะทุกอย่างบนโลก!.wav,32.091262,32.144963,กู
C:\Users\muldi\Documents\Playground\University\senior-project-1\mix_dataset_split\train_val\เดินเตะทุกอย่างบนโลก!.wav,33.693795,33.789264,กู
C:\Users\muldi\Documents\Playground\University\senior-project-1\mix_dataset_split\train_val\เดินเตะทุกอย่างบนโลก!.wav,35.039413,35.166954,กู
C:\Users\muldi\Documents\Playground\University\senior-project-1\mix_dataset_split\train_val\เดินเตะทุกอย่างบนโลก!.wav,44.130655,44.363041,กู
C:\Users\muldi\Documents\Playground\University\senior-project-1\mix_dataset_split\train_val\เบลล์-กู.wav,0.474753,1.128512,กู
C:\Users\muldi\Documents\Playground\University\senior-project-1\mix_dataset_split\train_val\เบลล์-ควย.wav,0.921488,1.575247,ควย
C:\Users\muldi\Documents\Playground\University\senior-project-1\mix_dataset_split\train_val\เบลล์-มึง.wav,0.704829,1.431412,มึง
C:\Users\muldi\Documents\Playground\University\senior-project-1\mix_dataset_split\train_val\เบลล์-สวะ.wav,1.008667,1.377218,สวะ
C:\Users\muldi\Documents\Playground\University\senior-project-1\mix_dataset_split\train_val\เบลล์-หี.wav,0.750149,1.129679,หี
C:\Users\muldi\Documents\Playground\University\senior-project-1\mix_dataset_split\train_val\เบลล์-เย็ด.wav,1.081944,1.25309,เย็ด
C:\Users\muldi\Documents\Playground\University\senior-project-1\mix_dataset_split\train_val\เบลล์-แตด.wav,0.784594,1.184867,แตด
C:\Users\muldi\Documents\Playground\University\senior-project-1\mix_dataset_split\train_val\เป็นสวะแล้วยังทำนิสัยหีๆอีก.wav,0.0,1.566109,none
C:\Users\muldi\Documents\Playground\University\senior-project-1\mix_dataset_split\train_val\เป็นสวะแล้วยังทำนิสัยหีๆอีก.wav,1.566109,1.827762,สวะ
C:\Users\muldi\Documents\Playground\University\senior-project-1\mix_dataset_split\train_val\เป็นสวะแล้วยังทำนิสัยหีๆอีก.wav,1.827762,2.837444,none
C:\Users\muldi\Documents\Playground\University\senior-project-1\mix_dataset_split\train_val\เป็นสวะแล้วยังทำนิสัยหีๆอีก.wav,2.837444,3.002222,หี
C:\Users\muldi\Documents\Playground\University\senior-project-1\mix_dataset_split\train_val\เป็นสวะแล้วยังทำนิสัยหีๆอีก.wav,3.002222,3.097075,none
C:\Users\muldi\Documents\Playground\University\senior-project-1\mix_dataset_split\train_val\เป็นสวะแล้วยังทำนิสัยหีๆอีก.wav,3.097075,3.371404,หี
C:\Users\muldi\Documents\Playground\University\senior-project-1\mix_dataset_split\train_val\เป็นสวะแล้วยังทำนิสัยหีๆอีก.wav,3.371404,3.988175,none
C:\Users\muldi\Documents\Playground\University\senior-project-1\mix_dataset_split\train_val\เป็นสวะแล้วยังทำนิสัยหีๆอีก.wav,3.988175,4.267936,มึง
C:\Users\muldi\Documents\Playground\University\senior-project-1\mix_dataset_split\train_val\เป็นสวะแล้วยังทำนิสัยหีๆอีก.wav,4.267936,4.631896,none
C:\Users\muldi\Documents\Playground\University\senior-project-1\mix_dataset_split\train_val\เป็นสวะแล้วยังทำนิสัยหีๆอีก.wav,4.631896,4.838322,เหี้ย
C:\Users\muldi\Documents\Playground\University\senior-project-1\mix_dataset_split\train_val\เป็นสวะแล้วยังทำนิสัยหีๆอีก.wav,4.838322,6.009877,none
C:\Users\muldi\Documents\Playground\University\senior-project-1\mix_dataset_split\train_val\เป็นสวะแล้วยังทำนิสัยหีๆอีก.wav,6.009877,6.167412,แตด
C:\Users\muldi\Documents\Playground\University\senior-project-1\mix_dataset_split\train_val\เป็นสวะแล้วยังทำนิสัยหีๆอีก.wav,6.167412,6.813849,none
C:\Users\muldi\Documents\Playground\University\senior-project-1\mix_dataset_split\train_val\เป็นสวะแล้วยังทำนิสัยหีๆอีก.wav,6.813849,7.155175,ควย
C:\Users\muldi\Documents\Playground\University\senior-project-1\mix_dataset_split\train_val\เป็นสวะแล้วยังทำนิสัยหีๆอีก.wav,7.155175,8.021333,none
C:\Users\muldi\Documents\Playground\University\senior-project-1\mix_dataset_split\train_val\เพื่อนบ้านหรรษาของจริงๆ.wav,29.512519,29.646186,มึง
C:\Users\muldi\Documents\Playground\University\senior-project-1\mix_dataset_split\train_val\เพื่อนบ้านหรรษาของจริงๆ.wav,29.646186,30.793568,none
C:\Users\muldi\Documents\Playground\University\senior-project-1\mix_dataset_split\train_val\เพื่อนบ้านหรรษาของจริงๆ.wav,30.85264,32.656733,none
C:\Users\muldi\Documents\Playground\University\senior-project-1\mix_dataset_split\train_val\เพื่อนบ้านหรรษาของจริงๆ.wav,32.656733,32.79642,เหี้ย
C:\Users\muldi\Documents\Playground\University\senior-project-1\mix_dataset_split\train_val\เพื่อนบ้านหรรษาของจริงๆ.wav,32.79642,33.644128,none
C:\Users\muldi\Documents\Playground\University\senior-project-1\mix_dataset_split\train_val\เพื่อนบ้านหรรษาของจริงๆ.wav,33.644128,33.8368,มึง
C:\Users\muldi\Documents\Playground\University\senior-project-1\mix_dataset_split\train_val\เพื่อนบ้านหรรษาของจริงๆ.wav,33.8368,36.211314,none
C:\Users\muldi\Documents\Playground\University\senior-project-1\mix_dataset_split\train_val\เมื่อวานเว้ยกูเห็นมึงกับไอกิตอะไปทำอะไรที่หลังซอย.wav,0.0,2.11369,none
C:\Users\muldi\Documents\Playground\University\senior-project-1\mix_dataset_split\train_val\เมื่อวานเว้ยกูเห็นมึงกับไอกิตอะไปทำอะไรที่หลังซอย.wav,2.11369,2.359367,กู
C:\Users\muldi\Documents\Playground\University\senior-project-1\mix_dataset_split\train_val\เมื่อวานเว้ยกูเห็นมึงกับไอกิตอะไปทำอะไรที่หลังซอย.wav,2.359367,3.646591,none
C:\Users\muldi\Documents\Playground\University\senior-project-1\mix_dataset_split\train_val\เมื่อวานเว้ยกูเห็นมึงกับไอกิตอะไปทำอะไรที่หลังซอย.wav,3.646591,3.941746,มึง
C:\Users\muldi\Documents\Playground\University\senior-project-1\mix_dataset_split\train_val\เมื่อวานเว้ยกูเห็นมึงกับไอกิตอะไปทำอะไรที่หลังซอย.wav,3.941746,8.16,none
C:\Users\muldi\Documents\Playground\University\senior-project-1\mix_dataset_split\train_val\เย็ด (อาร์ต).wav,0.086975,0.246185,เย็ด
C:\Users\muldi\Documents\Playground\University\senior-project-1\mix_dataset_split\train_val\เย็ด (อาร์ต).wav,0.757718,1.074662,เย็ด
C:\Users\muldi\Documents\Playground\University\senior-project-1\mix_dataset_split\train_val\เย็ด (อาร์ต).wav,1.547867,1.894295,เย็ด
C:\Users\muldi\Documents\Playground\University\senior-project-1\mix_dataset_split\train_val\เย็ด (อาร์ต).wav,2.360129,2.628426,เย็ด
C:\Users\muldi\Documents\Playground\University\senior-project-1\mix_dataset_split\train_val\เย็ด (อาร์ต).wav,3.21809,3.439214,เย็ด
C:\Users\muldi\Documents\Playground\University\senior-project-1\mix_dataset_split\train_val\เย็ด (อาร์ต).wav,4.109956,4.255898,เย็ด
C:\Users\muldi\Documents\Playground\University\senior-project-1\mix_dataset_split\train_val\เย็ด (อาร์ต).wav,5.047521,5.165454,เย็ด
C:\Users\muldi\Documents\Playground\University\senior-project-1\mix_dataset_split\train_val\เย็ด (อาร์ต).wav,5.976242,6.123658,เย็ด
C:\Users\muldi\Documents\Playground\University\senior-project-1\mix_dataset_split\train_val\เย็ด (อาร์ต).wav,6.950661,7.171785,เย็ด
C:\Users\muldi\Documents\Playground\University\senior-project-1\mix_dataset_split\train_val\เย็ด (อาร์ต).wav,8.035642,8.194851,เย็ด
C:\Users\muldi\Documents\Playground\University\senior-project-1\mix_dataset_split\train_val\เย็ด (อาร์ต).wav,9.07345,9.176642,เย็ด
C:\Users\muldi\Documents\Playground\University\senior-project-1\mix_dataset_split\train_val\เย็ด (อาร์ต).wav,10.018386,10.149587,เย็ด
C:\Users\muldi\Documents\Playground\University\senior-project-1\mix_dataset_split\train_val\เย็ด (อาร์ต).wav,11.028186,11.21393,เย็ด
C:\Users\muldi\Documents\Playground\University\senior-project-1\mix_dataset_split\train_val\เย็ด (อาร์ต).wav,12.096951,12.223729,เย็ด
C:\Users\muldi\Documents\Playground\University\senior-project-1\mix_dataset_split\train_val\เย็ด (อาร์ต).wav,13.019775,13.180458,เย็ด
C:\Users\muldi\Documents\Playground\University\senior-project-1\mix_dataset_split\train_val\เย็ด (อาร์ต).wav,13.883632,14.125394,เย็ด
C:\Users\muldi\Documents\Playground\University\senior-project-1\mix_dataset_split\train_val\เย็ด (อาร์ต).wav,14.943553,15.151409,เย็ด
C:\Users\muldi\Documents\Playground\University\senior-project-1\mix_dataset_split\train_val\เย็ด (อาร์ต).wav,15.962197,16.156786,เย็ด
C:\Users\muldi\Documents\Playground\University\senior-project-1\mix_dataset_split\train_val\เย็ด (เปอร์).wav,0.852799,0.992283,เย็ด
C:\Users\muldi\Documents\Playground\University\senior-project-1\mix_dataset_split\train_val\เย็ด (แทน).wav,0.536492,0.828955,เย็ด
C:\Users\muldi\Documents\Playground\University\senior-project-1\mix_dataset_split\train_val\เย็ด (โบท2).wav,0.885421,1.188261,เย็ด
C:\Users\muldi\Documents\Playground\University\senior-project-1\mix_dataset_split\train_val\เย็ดเข้บริษัทหีแตดสวะ.wav,0.0,3.126605,none
C:\Users\muldi\Documents\Playground\University\senior-project-1\mix_dataset_split\train_val\เย็ดเข้บริษัทหีแตดสวะ.wav,3.125789,3.212441,เย็ด
C:\Users\muldi\Documents\Playground\University\senior-project-1\mix_dataset_split\train_val\เย็ดเข้บริษัทหีแตดสวะ.wav,3.212441,4.372821,none
C:\Users\muldi\Documents\Playground\University\senior-project-1\mix_dataset_split\train_val\เย็ดเข้บริษัทหีแตดสวะ.wav,4.372821,4.698282,หี
C:\Users\muldi\Documents\Playground\University\senior-project-1\mix_dataset_split\train_val\เย็ดเข้บริษัทหีแตดสวะ.wav,4.698282,4.820032,none
C:\Users\muldi\Documents\Playground\University\senior-project-1\mix_dataset_split\train_val\เย็ดเข้บริษัทหีแตดสวะ.wav,4.820032,5.008398,แตด
C:\Users\muldi\Documents\Playground\University\senior-project-1\mix_dataset_split\train_val\เย็ดเข้บริษัทหีแตดสวะ.wav,5.008398,5.137257,none
C:\Users\muldi\Documents\Playground\University\senior-project-1\mix_dataset_split\train_val\เย็ดเข้บริษัทหีแตดสวะ.wav,5.137257,5.50522,สวะ
C:\Users\muldi\Documents\Playground\University\senior-project-1\mix_dataset_split\train_val\เย็ดเข้บริษัทหีแตดสวะ.wav,5.50522,6.165455,none
C:\Users\muldi\Documents\Playground\University\senior-project-1\mix_dataset_split\train_val\เย็ดเข้บริษัทหีแตดสวะ.wav,6.165455,6.803645,มึง
C:\Users\muldi\Documents\Playground\University\senior-project-1\mix_dataset_split\train_val\เย็ดเข้บริษัทหีแตดสวะ.wav,6.803645,8.384,none
C:\Users\muldi\Documents\Playground\University\senior-project-1\mix_dataset_split\train_val\เย็ดแม่ กูควรจะคาดหวังอะไรจากมึงอีกอ่ะ.wav,0.0,0.027407,none
C:\Users\muldi\Documents\Playground\University\senior-project-1\mix_dataset_split\train_val\เย็ดแม่ กูควรจะคาดหวังอะไรจากมึงอีกอ่ะ.wav,0.027407,0.148967,เย็ด
C:\Users\muldi\Documents\Playground\University\senior-project-1\mix_dataset_split\train_val\เย็ดแม่ กูควรจะคาดหวังอะไรจากมึงอีกอ่ะ.wav,0.148967,0.717333,none
C:\Users\muldi\Documents\Playground\University\senior-project-1\mix_dataset_split\train_val\เย็ดแม่ กูควรจะคาดหวังอะไรจากมึงอีกอ่ะ.wav,0.717333,0.793414,กู
C:\Users\muldi\Documents\Playground\University\senior-project-1\mix_dataset_split\train_val\เย็ดแม่ กูควรจะคาดหวังอะไรจากมึงอีกอ่ะ.wav,0.793414,1.84496,none
C:\Users\muldi\Documents\Playground\University\senior-project-1\mix_dataset_split\train_val\เย็ดแม่ กูควรจะคาดหวังอะไรจากมึงอีกอ่ะ.wav,1.84496,2.062334,มึง
C:\Users\muldi\Documents\Playground\University\senior-project-1\mix_dataset_split\train_val\เย็ดแม่ กูควรจะคาดหวังอะไรจากมึงอีกอ่ะ.wav,2.062334,2.960359,none
C:\Users\muldi\Documents\Playground\University\senior-project-1\mix_dataset_split\train_val\เย็ดแม่ กูไม่โอเคกับสิ่งที่มึงทำเลยนะ.wav,0.0,0.539579,none
C:\Users\muldi\Documents\Playground\University\senior-project-1\mix_dataset_split\train_val\เย็ดแม่ กูไม่โอเคกับสิ่งที่มึงทำเลยนะ.wav,0.539579,0.673335,เย็ด
C:\Users\muldi\Documents\Playground\University\senior-project-1\mix_dataset_split\train_val\เย็ดแม่ กูไม่โอเคกับสิ่งที่มึงทำเลยนะ.wav,0.673335,1.307442,none
C:\Users\muldi\Documents\Playground\University\senior-project-1\mix_dataset_split\train_val\เย็ดแม่ กูไม่โอเคกับสิ่งที่มึงทำเลยนะ.wav,1.307442,1.366505,กู
C:\Users\muldi\Documents\Playground\University\senior-project-1\mix_dataset_split\train_val\เย็ดแม่ กูไม่โอเคกับสิ่งที่มึงทำเลยนะ.wav,1.366505,2.192847,none
C:\Users\muldi\Documents\Playground\University\senior-project-1\mix_dataset_split\train_val\เย็ดแม่ กูไม่โอเคกับสิ่งที่มึงทำเลยนะ.wav,2.192847,2.320188,มึง
C:\Users\muldi\Documents\Playground\University\senior-project-1\mix_dataset_split\train_val\เย็ดแม่ กูไม่โอเคกับสิ่งที่มึงทำเลยนะ.wav,2.320188,3.788561,none
C:\Users\muldi\Documents\Playground\University\senior-project-1\mix_dataset_split\train_val\เย็ดแม่ ทำไมถึงไม่ใส่ใจในสิ่งที่กูบอกบ้างอ่ะ.wav,0.0,0.085523,เย็ด
C:\Users\muldi\Documents\Playground\University\senior-project-1\mix_dataset_split\train_val\เย็ดแม่ ทำไมถึงไม่ใส่ใจในสิ่งที่กูบอกบ้างอ่ะ.wav,0.085523,1.645526,none
C:\Users\muldi\Documents\Playground\University\senior-project-1\mix_dataset_split\train_val\เย็ดแม่ ทำไมถึงไม่ใส่ใจในสิ่งที่กูบอกบ้างอ่ะ.wav,1.645526,1.747162,กู
C:\Users\muldi\Documents\Playground\University\senior-project-1\mix_dataset_split\train_val\เย็ดแม่ ทำไมถึงไม่ใส่ใจในสิ่งที่กูบอกบ้างอ่ะ.wav,1.747162,3.000666,none
C:\Users\muldi\Documents\Playground\University\senior-project-1\mix_dataset_split\train_val\เย็ดแม่ นี่คือสิ่งที่มึงเรียกว่าความยุติธรรมอ่อ.wav,0.0,0.342479,none
C:\Users\muldi\Documents\Playground\University\senior-project-1\mix_dataset_split\train_val\เย็ดแม่ นี่คือสิ่งที่มึงเรียกว่าความยุติธรรมอ่อ.wav,0.342479,0.466839,เย็ด
C:\Users\muldi\Documents\Playground\University\senior-project-1\mix_dataset_split\train_val\เย็ดแม่ นี่คือสิ่งที่มึงเรียกว่าความยุติธรรมอ่อ.wav,0.466839,1.296168,none
C:\Users\muldi\Documents\Playground\University\senior-project-1\mix_dataset_split\train_val\เย็ดแม่ นี่คือสิ่งที่มึงเรียกว่าความยุติธรรมอ่อ.wav,1.296168,1.528633,มึง
C:\Users\muldi\Documents\Playground\University\senior-project-1\mix_dataset_split\train_val\เย็ดแม่ นี่คือสิ่งที่มึงเรียกว่าความยุติธรรมอ่อ.wav,1.528633,3.426093,none
C:\Users\muldi\Documents\Playground\University\senior-project-1\mix_dataset_split\train_val\เย็ดแม่ นี่คือเหตุผลที่กูไม่อยากคุยกับมึง.wav,0.0,0.309398,none
C:\Users\muldi\Documents\Playground\University\senior-project-1\mix_dataset_split\train_val\เย็ดแม่ นี่คือเหตุผลที่กูไม่อยากคุยกับมึง.wav,0.309398,0.402008,เย็ด
C:\Users\muldi\Documents\Playground\University\senior-project-1\mix_dataset_split\train_val\เย็ดแม่ นี่คือเหตุผลที่กูไม่อยากคุยกับมึง.wav,0.402008,1.425392,none
C:\Users\muldi\Documents\Playground\University\senior-project-1\mix_dataset_split\train_val\เย็ดแม่ นี่คือเหตุผลที่กูไม่อยากคุยกับมึง.wav,1.425392,1.509833,กู
C:\Users\muldi\Documents\Playground\University\senior-project-1\mix_dataset_split\train_val\เย็ดแม่ นี่คือเหตุผลที่กูไม่อยากคุยกับมึง.wav,1.509833,2.112231,none
C:\Users\muldi\Documents\Playground\University\senior-project-1\mix_dataset_split\train_val\เย็ดแม่ นี่คือเหตุผลที่กูไม่อยากคุยกับมึง.wav,2.112231,2.308586,มึง
C:\Users\muldi\Documents\Playground\University\senior-project-1\mix_dataset_split\train_val\เย็ดแม่ นี่คือเหตุผลที่กูไม่อยากคุยกับมึง.wav,2.309394,3.009161,none
C:\Users\muldi\Documents\Playground\University\senior-project-1\mix_dataset_split\train_val\เย็ดแม่ นี่ไม่ใช่ครั้งแรกที่มึงทำแบบนี้นะ.wav,0.0,0.067542,เย็ด
C:\Users\muldi\Documents\Playground\University\senior-project-1\mix_dataset_split\train_val\เย็ดแม่ นี่ไม่ใช่ครั้งแรกที่มึงทำแบบนี้นะ.wav,0.067542,1.224519,none
C:\Users\muldi\Documents\Playground\University\senior-project-1\mix_dataset_split\train_val\เย็ดแม่ นี่ไม่ใช่ครั้งแรกที่มึงทำแบบนี้นะ.wav,1.224519,1.376159,มึง
C:\Users\muldi\Documents\Playground\University\senior-project-1\mix_dataset_split\train_val\เย็ดแม่ นี่ไม่ใช่ครั้งแรกที่มึงทำแบบนี้นะ.wav,1.376159,2.718098,none
C:\Users\muldi\Documents\Playground\University\senior-project-1\mix_dataset_split\train_val\เย็ดแม่.wav,0.378915,0.795891,เย็ด
C:\Users\muldi\Documents\Playground\University\senior-project-1\mix_dataset_split\train_val\เย็ดแม่.wav,0.795891,1.532576,none
C:\Users\muldi\Documents\Playground\University\senior-project-1\mix_dataset_split\train_val\เย็ดแม่2.wav,0.35378,0.754156,เย็ด
C:\Users\muldi\Documents\Playground\University\senior-project-1\mix_dataset_split\train_val\เย็ดแม่2.wav,0.829227,1.584246,none
C:\Users\muldi\Documents\Playground\University\senior-project-1\mix_dataset_split\train_val\เย็ดแม่3.wav,0.208087,0.634575,เย็ด
C:\Users\muldi\Documents\Playground\University\senior-project-1\mix_dataset_split\train_val\เย็ดแม่3.wav,0.697548,1.40317,none
C:\Users\muldi\Documents\Playground\University\senior-project-1\mix_dataset_split\train_val\เย็ดแม่4.wav,0.136188,0.599949,เย็ด
C:\Users\muldi\Documents\Playground\University\senior-project-1\mix_dataset_split\train_val\เย็ดแม่4.wav,0.680461,1.208338,none
C:\Users\muldi\Documents\Playground\University\senior-project-1\mix_dataset_split\train_val\เย็ดแม่5.wav,0.294047,0.52833,เย็ด
C:\Users\muldi\Documents\Playground\University\senior-project-1\mix_dataset_split\train_val\เย็ดแม่5.wav,0.569543,1.192892,none
C:\Users\muldi\Documents\Playground\University\senior-project-1\mix_dataset_split\train_val\เย็ดแม่6.wav,0.26858,0.596173,เย็ด
C:\Users\muldi\Documents\Playground\University\senior-project-1\mix_dataset_split\train_val\เย็ดแม่6.wav,0.658761,1.332695,none
C:\Users\muldi\Documents\Playground\University\senior-project-1\mix_dataset_split\train_val\เย็ดแม่7.wav,0.487997,1.20082,เย็ด
C:\Users\muldi\Documents\Playground\University\senior-project-1\mix_dataset_split\train_val\เย็ดแม่7.wav,1.20082,2.04,none
C:\Users\muldi\Documents\Playground\University\senior-project-1\mix_dataset_split\train_val\เย็ดแม่8.wav,0.429714,0.775754,เย็ด
C:\Users\muldi\Documents\Playground\University\senior-project-1\mix_dataset_split\train_val\เย็ดแม่8.wav,0.775754,1.354378,none
C:\Users\muldi\Documents\Playground\University\senior-project-1\mix_dataset_split\train_val\เย็ดแม่9.wav,0.345323,1.307006,เย็ด
C:\Users\muldi\Documents\Playground\University\senior-project-1\mix_dataset_split\train_val\เย็ดแม่9.wav,1.354186,1.958501,none
C:\Users\muldi\Documents\Playground\University\senior-project-1\mix_dataset_split\train_val\เย็ดแม่มความคิดโครตเจ๋ง.wav,0.0,0.244814,none
C:\Users\muldi\Documents\Playground\University\senior-project-1\mix_dataset_split\train_val\เย็ดแม่มความคิดโครตเจ๋ง.wav,0.244814,0.47921,เย็ด
C:\Users\muldi\Documents\Playground\University\senior-project-1\mix_dataset_split\train_val\เย็ดแม่มความคิดโครตเจ๋ง.wav,0.47921,3.43,none
C:\Users\muldi\Documents\Playground\University\senior-project-1\mix_dataset_split\train_val\เราควรทิ้งความคิดเชิงลบเหมือนกำจัดสวะออกจากแม่น้ำ.wav,0.0,2.914356,none
C:\Users\muldi\Documents\Playground\University\senior-project-1\mix_dataset_split\train_val\เราควรทิ้งความคิดเชิงลบเหมือนกำจัดสวะออกจากแม่น้ำ.wav,2.914356,3.19558,สวะ
C:\Users\muldi\Documents\Playground\University\senior-project-1\mix_dataset_split\train_val\เราควรทิ้งความคิดเชิงลบเหมือนกำจัดสวะออกจากแม่น้ำ.wav,3.19558,4.6,none
C:\Users\muldi\Documents\Playground\University\senior-project-1\mix_dataset_split\train_val\เรื่องมีอยู่ว่า นักเรียนกลุ่มนึงทำsenior project.wav,0.327433,11.962867,none
C:\Users\muldi\Documents\Playground\University\senior-project-1\mix_dataset_split\train_val\เรื่องมีอยู่ว่า นักเรียนกลุ่มนึงทำsenior project.wav,12.211609,12.556479,หี
C:\Users\muldi\Documents\Playground\University\senior-project-1\mix_dataset_split\train_val\เรื่องมีอยู่ว่า นักเรียนกลุ่มนึงทำsenior project.wav,13.173389,13.645643,ควย
C:\Users\muldi\Documents\Playground\University\senior-project-1\mix_dataset_split\train_val\เรื่องมีอยู่ว่า นักเรียนกลุ่มนึงทำsenior project.wav,14.336935,14.646075,แตด
C:\Users\muldi\Documents\Playground\University\senior-project-1\mix_dataset_split\train_val\เรื่องมีอยู่ว่า นักเรียนกลุ่มนึงทำsenior project.wav,15.784765,15.884187,เย็ด
C:\Users\muldi\Documents\Playground\University\senior-project-1\mix_dataset_split\train_val\เรื่องมีอยู่ว่า นักเรียนกลุ่มนึงทำsenior project.wav,17.103657,17.487363,สวะ
C:\Users\muldi\Documents\Playground\University\senior-project-1\mix_dataset_split\train_val\เรื่องมีอยู่ว่า นักเรียนกลุ่มนึงทำsenior project.wav,18.36389,18.727029,เหี้ย
C:\Users\muldi\Documents\Playground\University\senior-project-1\mix_dataset_split\train_val\เรื่องมีอยู่ว่า นักเรียนกลุ่มนึงทำsenior project.wav,19.380994,19.718143,กู
C:\Users\muldi\Documents\Playground\University\senior-project-1\mix_dataset_split\train_val\เรื่องมีอยู่ว่า นักเรียนกลุ่มนึงทำsenior project.wav,20.378586,20.776699,มึง
C:\Users\muldi\Documents\Playground\University\senior-project-1\mix_dataset_split\train_val\เรื่องมีอยู่ว่า นักเรียนกลุ่มนึงทำsenior project.wav,21.120208,21.84,none
C:\Users\muldi\Documents\Playground\University\senior-project-1\mix_dataset_split\train_val\เลสเบี้ยน.wav,0.0,0.919096,none
C:\Users\muldi\Documents\Playground\University\senior-project-1\mix_dataset_split\train_val\เลสเบี้ยน.wav,0.919096,1.158468,สวะ
C:\Users\muldi\Documents\Playground\University\senior-project-1\mix_dataset_split\train_val\เลสเบี้ยน.wav,1.158468,6.214393,none
C:\Users\muldi\Documents\Playground\University\senior-project-1\mix_dataset_split\train_val\เลสเบี้ยน.wav,6.214393,6.331295,หี
C:\Users\muldi\Documents\Playground\University\senior-project-1\mix_dataset_split\train_val\เลสเบี้ยน.wav,6.331295,8.329773,none
C:\Users\muldi\Documents\Playground\University\senior-project-1\mix_dataset_split\train_val\เลสเบี้ยน.wav,8.329773,8.478221,ควย
C:\Users\muldi\Documents\Playground\University\senior-project-1\mix_dataset_split\train_val\เลสเบี้ยน.wav,8.478221,8.804806,none
C:\Users\muldi\Documents\Playground\University\senior-project-1\mix_dataset_split\train_val\เลสเบี้ยน.wav,8.804806,8.927275,แตด
C:\Users\muldi\Documents\Playground\University\senior-project-1\mix_dataset_split\train_val\เลสเบี้ยน.wav,8.927275,9.964553,none
C:\Users\muldi\Documents\Playground\University\senior-project-1\mix_dataset_split\train_val\เลสเบี้ยน.wav,9.964553,10.042488,เย็ด
C:\Users\muldi\Documents\Playground\University\senior-project-1\mix_dataset_split\train_val\เลสเบี้ยน.wav,10.042488,10.270727,none
C:\Users\muldi\Documents\Playground\University\senior-project-1\mix_dataset_split\train_val\เลสเบี้ยน.wav,10.270727,10.48412,หี
C:\Users\muldi\Documents\Playground\University\senior-project-1\mix_dataset_split\train_val\เลสเบี้ยน.wav,10.48412,12.86,none
C:\Users\muldi\Documents\Playground\University\senior-project-1\mix_dataset_split\train_val\เหี้ย (มูเซอร์).wav,0.519516,1.216308,เหี้ย
C:\Users\muldi\Documents\Playground\University\senior-project-1\mix_dataset_split\train_val\เหี้ย (อาร์ต).wav,0.747534,1.178285,เหี้ย
C:\Users\muldi\Documents\Playground\University\senior-project-1\mix_dataset_split\train_val\เหี้ย (อาร์ต).wav,1.728421,2.23661,เหี้ย
C:\Users\muldi\Documents\Playground\University\senior-project-1\mix_dataset_split\train_val\เหี้ย (อาร์ต).wav,2.779711,3.218578,เหี้ย
C:\Users\muldi\Documents\Playground\University\senior-project-1\mix_dataset_split\train_val\เหี้ย (อาร์ต).wav,3.833202,4.192968,เหี้ย
C:\Users\muldi\Documents\Playground\University\senior-project-1\mix_dataset_split\train_val\เหี้ย (อาร์ต).wav,4.924185,5.247061,เหี้ย
C:\Users\muldi\Documents\Playground\University\senior-project-1\mix_dataset_split\train_val\เหี้ย (อาร์ต).wav,6.081721,6.385604,เหี้ย
C:\Users\muldi\Documents\Playground\University\senior-project-1\mix_dataset_split\train_val\เหี้ย (อาร์ต).wav,7.225253,7.609922,เหี้ย
C:\Users\muldi\Documents\Playground\University\senior-project-1\mix_dataset_split\train_val\เหี้ย (อาร์ต).wav,8.354319,8.743784,เหี้ย
C:\Users\muldi\Documents\Playground\University\senior-project-1\mix_dataset_split\train_val\เหี้ย (อาร์ต).wav,9.528471,9.873809,เหี้ย
C:\Users\muldi\Documents\Playground\University\senior-project-1\mix_dataset_split\train_val\เหี้ย (อาร์ต).wav,10.693989,10.961626,เหี้ย
C:\Users\muldi\Documents\Playground\University\senior-project-1\mix_dataset_split\train_val\เหี้ย (อาร์ต).wav,11.922819,12.328592,เหี้ย
C:\Users\muldi\Documents\Playground\University\senior-project-1\mix_dataset_split\train_val\เหี้ย (อาร์ต).wav,13.027903,13.317604,เหี้ย
C:\Users\muldi\Documents\Playground\University\senior-project-1\mix_dataset_split\train_val\เหี้ย (อาร์ต).wav,14.134905,14.452425,เหี้ย
C:\Users\muldi\Documents\Playground\University\senior-project-1\mix_dataset_split\train_val\เหี้ย (อาร์ต).wav,15.144062,15.428007,เหี้ย
C:\Users\muldi\Documents\Playground\University\senior-project-1\mix_dataset_split\train_val\เหี้ย (เปอร์).wav,0.943397,1.343563,เหี้ย
C:\Users\muldi\Documents\Playground\University\senior-project-1\mix_dataset_split\train_val\เหี้ย (แทน).wav,0.636274,1.233672,เหี้ย
C:\Users\muldi\Documents\Playground\University\senior-project-1\mix_dataset_split\train_val\เหี้ย (โบท).wav,0.664017,1.008056,เหี้ย
C:\Users\muldi\Documents\Playground\University\senior-project-1\mix_dataset_split\train_val\เหี้ย (โบท2).wav,0.717175,1.061215,เหี้ย
C:\Users\muldi\Documents\Playground\University\senior-project-1\mix_dataset_split\train_val\เอลซ่าเถื่อน.wav,3.426196,3.609892,กู
C:\Users\muldi\Documents\Playground\University\senior-project-1\mix_dataset_split\train_val\เอลซ่าเถื่อน.wav,5.5702,6.126013,หี
C:\Users\muldi\Documents\Playground\University\senior-project-1\mix_dataset_split\train_val\เอลซ่าเถื่อน.wav,12.901787,12.993111,กู
C:\Users\muldi\Documents\Playground\University\senior-project-1\mix_dataset_split\train_val\เอลซ่าเถื่อน.wav,19.988271,20.420744,เหี้ย
C:\Users\muldi\Documents\Playground\University\senior-project-1\mix_dataset_split\train_val\เอลซ่าเถื่อน.wav,21.954347,22.206274,หี
C:\Users\muldi\Documents\Playground\University\senior-project-1\mix_dataset_split\train_val\เอลซ่าเถื่อน.wav,26.40295,26.64228,หี
C:\Users\muldi\Documents\Playground\University\senior-project-1\mix_dataset_split\train_val\เอลซ่าเถื่อน.wav,29.840697,29.941468,หี
C:\Users\muldi\Documents\Playground\University\senior-project-1\mix_dataset_split\train_val\เอลซ่าเถื่อน.wav,53.638349,53.76318,เย็ด
C:\Users\muldi\Documents\Playground\University\senior-project-1\mix_dataset_split\train_val\เอลซ่าเถื่อน.wav,60.211915,60.470314,เหี้ย
C:\Users\muldi\Documents\Playground\University\senior-project-1\mix_dataset_split\train_val\เอลซ่าเถื่อน.wav,74.576142,74.72469,หี
C:\Users\muldi\Documents\Playground\University\senior-project-1\mix_dataset_split\train_val\เออใช่ กูเห็นไอกายมันลงสตอรี่ ชวนสาวมาดูแมวที่.wav,0.0,2.189978,none
C:\Users\muldi\Documents\Playground\University\senior-project-1\mix_dataset_split\train_val\เออใช่ กูเห็นไอกายมันลงสตอรี่ ชวนสาวมาดูแมวที่.wav,2.189978,2.281602,กู
C:\Users\muldi\Documents\Playground\University\senior-project-1\mix_dataset_split\train_val\เออใช่ กูเห็นไอกายมันลงสตอรี่ ชวนสาวมาดูแมวที่.wav,2.281602,5.84,none
C:\Users\muldi\Documents\Playground\University\senior-project-1\mix_dataset_split\train_val\เอ๊ย เป็นเหี้ยไรวะกูถามจริง.wav,0.0,4.075642,none
C:\Users\muldi\Documents\Playground\University\senior-project-1\mix_dataset_split\train_val\เอ๊ย เป็นเหี้ยไรวะกูถามจริง.wav,4.075642,4.175647,มึง
C:\Users\muldi\Documents\Playground\University\senior-project-1\mix_dataset_split\train_val\เอ๊ย เป็นเหี้ยไรวะกูถามจริง.wav,4.175647,4.381112,none
C:\Users\muldi\Documents\Playground\University\senior-project-1\mix_dataset_split\train_val\เอ๊ย เป็นเหี้ยไรวะกูถามจริง.wav,4.381112,4.63567,เหี้ย
C:\Users\muldi\Documents\Playground\University\senior-project-1\mix_dataset_split\train_val\เอ๊ย เป็นเหี้ยไรวะกูถามจริง.wav,4.63567,4.893427,none
C:\Users\muldi\Documents\Playground\University\senior-project-1\mix_dataset_split\train_val\เอ๊ย เป็นเหี้ยไรวะกูถามจริง.wav,4.893427,4.958884,กู
C:\Users\muldi\Documents\Playground\University\senior-project-1\mix_dataset_split\train_val\เอ๊ย เป็นเหี้ยไรวะกูถามจริง.wav,4.958884,5.930998,none
C:\Users\muldi\Documents\Playground\University\senior-project-1\mix_dataset_split\train_val\เอ๊ย เป็นเหี้ยไรวะกูถามจริง.wav,5.930998,5.997855,กู
C:\Users\muldi\Documents\Playground\University\senior-project-1\mix_dataset_split\train_val\เอ๊ย เป็นเหี้ยไรวะกูถามจริง.wav,5.997855,6.713067,none
C:\Users\muldi\Documents\Playground\University\senior-project-1\mix_dataset_split\train_val\เอ๊ย เป็นเหี้ยไรวะกูถามจริง.wav,6.713067,6.866729,มึง
C:\Users\muldi\Documents\Playground\University\senior-project-1\mix_dataset_split\train_val\เอ๊ย เป็นเหี้ยไรวะกูถามจริง.wav,6.866729,7.552929,none
C:\Users\muldi\Documents\Playground\University\senior-project-1\mix_dataset_split\train_val\เอ๊ย เป็นเหี้ยไรวะกูถามจริง.wav,7.552929,7.745374,หี
C:\Users\muldi\Documents\Playground\University\senior-project-1\mix_dataset_split\train_val\เอ๊ย เป็นเหี้ยไรวะกูถามจริง.wav,7.745374,7.919439,หี
C:\Users\muldi\Documents\Playground\University\senior-project-1\mix_dataset_split\train_val\เอ๊ย เป็นเหี้ยไรวะกูถามจริง.wav,7.919439,7.973497,none
C:\Users\muldi\Documents\Playground\University\senior-project-1\mix_dataset_split\train_val\เอ๊ย เป็นเหี้ยไรวะกูถามจริง.wav,7.973497,8.092423,ควย
C:\Users\muldi\Documents\Playground\University\senior-project-1\mix_dataset_split\train_val\เอ๊ย เป็นเหี้ยไรวะกูถามจริง.wav,8.092423,8.200282,none
C:\Users\muldi\Documents\Playground\University\senior-project-1\mix_dataset_split\train_val\เอ๊ย เป็นเหี้ยไรวะกูถามจริง.wav,8.200282,8.321371,ควย
C:\Users\muldi\Documents\Playground\University\senior-project-1\mix_dataset_split\train_val\เอ๊ย เป็นเหี้ยไรวะกูถามจริง.wav,8.321371,10.054282,none
C:\Users\muldi\Documents\Playground\University\senior-project-1\mix_dataset_split\train_val\เอ๊ย เป็นเหี้ยไรวะกูถามจริง.wav,10.054282,10.14729,มึง
C:\Users\muldi\Documents\Playground\University\senior-project-1\mix_dataset_split\train_val\เอ๊ย เป็นเหี้ยไรวะกูถามจริง.wav,10.14729,11.036401,none
C:\Users\muldi\Documents\Playground\University\senior-project-1\mix_dataset_split\train_val\เอ๊ย เป็นเหี้ยไรวะกูถามจริง.wav,11.036401,11.337383,สวะ
C:\Users\muldi\Documents\Playground\University\senior-project-1\mix_dataset_split\train_val\เอ๊ย เป็นเหี้ยไรวะกูถามจริง.wav,11.337383,12.591915,none
C:\Users\muldi\Documents\Playground\University\senior-project-1\mix_dataset_split\train_val\เอ๊ย เป็นเหี้ยไรวะกูถามจริง.wav,12.591915,12.740226,มึง
C:\Users\muldi\Documents\Playground\University\senior-project-1\mix_dataset_split\train_val\เอ๊ย เป็นเหี้ยไรวะกูถามจริง.wav,12.740226,14.304754,none
C:\Users\muldi\Documents\Playground\University\senior-project-1\mix_dataset_split\train_val\เอ๊ย เป็นเหี้ยไรวะกูถามจริง.wav,14.304754,14.454977,หี
C:\Users\muldi\Documents\Playground\University\senior-project-1\mix_dataset_split\train_val\เอ๊ย เป็นเหี้ยไรวะกูถามจริง.wav,14.454977,14.553978,none
C:\Users\muldi\Documents\Playground\University\senior-project-1\mix_dataset_split\train_val\เอ๊ย เป็นเหี้ยไรวะกูถามจริง.wav,14.553978,14.718726,แตด
C:\Users\muldi\Documents\Playground\University\senior-project-1\mix_dataset_split\train_val\เอ๊ย เป็นเหี้ยไรวะกูถามจริง.wav,14.718726,16.541993,none
C:\Users\muldi\Documents\Playground\University\senior-project-1\mix_dataset_split\train_val\เอ๊ย เป็นเหี้ยไรวะกูถามจริง.wav,16.541993,16.657708,ควย
C:\Users\muldi\Documents\Playground\University\senior-project-1\mix_dataset_split\train_val\เอ๊ย เป็นเหี้ยไรวะกูถามจริง.wav,16.657708,16.756708,none
C:\Users\muldi\Documents\Playground\University\senior-project-1\mix_dataset_split\train_val\เอ๊ย เป็นเหี้ยไรวะกูถามจริง.wav,16.756708,17.142422,ควย
C:\Users\muldi\Documents\Playground\University\senior-project-1\mix_dataset_split\train_val\เอ๊ย เป็นเหี้ยไรวะกูถามจริง.wav,17.142422,19.157333,none
C:\Users\muldi\Documents\Playground\University\senior-project-1\mix_dataset_split\train_val\แคทเธอร์รีนยิงมันสิ!.wav,12.690808,12.951327,กู
C:\Users\muldi\Documents\Playground\University\senior-project-1\mix_dataset_split\train_val\แคทเธอร์รีนยิงมันสิ!.wav,22.086253,22.476127,กู
C:\Users\muldi\Documents\Playground\University\senior-project-1\mix_dataset_split\train_val\แดนแถมควย.wav,0.0,1.654639,none
C:\Users\muldi\Documents\Playground\University\senior-project-1\mix_dataset_split\train_val\แดนแถมควย.wav,1.654639,2.000685,ควย
C:\Users\muldi\Documents\Playground\University\senior-project-1\mix_dataset_split\train_val\แดนแถมควย.wav,2.000685,3.072,none
C:\Users\muldi\Documents\Playground\University\senior-project-1\mix_dataset_split\train_val\แตด (มูเซอร์).wav,0.51268,0.956112,แตด
C:\Users\muldi\Documents\Playground\University\senior-project-1\mix_dataset_split\train_val\แตด (อาร์ต).wav,0.791902,0.923452,แตด
C:\Users\muldi\Documents\Playground\University\senior-project-1\mix_dataset_split\train_val\แตด (อาร์ต).wav,1.844482,1.998266,แตด
C:\Users\muldi\Documents\Playground\University\senior-project-1\mix_dataset_split\train_val\แตด (อาร์ต).wav,3.032139,3.205378,แตด
C:\Users\muldi\Documents\Playground\University\senior-project-1\mix_dataset_split\train_val\แตด (อาร์ต).wav,4.120267,4.243883,แตด
C:\Users\muldi\Documents\Playground\University\senior-project-1\mix_dataset_split\train_val\แตด (อาร์ต).wav,5.256012,5.344819,แตด
C:\Users\muldi\Documents\Playground\University\senior-project-1\mix_dataset_split\train_val\แตด (อาร์ต).wav,5.453881,5.513865,แตด
C:\Users\muldi\Documents\Playground\University\senior-project-1\mix_dataset_split\train_val\แตด (อาร์ต).wav,7.345329,7.450496,แตด
C:\Users\muldi\Documents\Playground\University\senior-project-1\mix_dataset_split\train_val\แตด (อาร์ต).wav,8.381418,8.64862,แตด
C:\Users\muldi\Documents\Playground\University\senior-project-1\mix_dataset_split\train_val\แตด (อาร์ต).wav,9.440099,9.722881,แตด
C:\Users\muldi\Documents\Playground\University\senior-project-1\mix_dataset_split\train_val\แตด (อาร์ต).wav,10.530719,10.76754,แตด
C:\Users\muldi\Documents\Playground\University\senior-project-1\mix_dataset_split\train_val\แตด (อาร์ต).wav,11.583947,11.851149,แตด
C:\Users\muldi\Documents\Playground\University\senior-project-1\mix_dataset_split\train_val\แตด (อาร์ต).wav,12.590434,12.853741,แตด
C:\Users\muldi\Documents\Playground\University\senior-project-1\mix_dataset_split\train_val\แตด (อาร์ต).wav,13.371007,13.623407,แตด
C:\Users\muldi\Documents\Playground\University\senior-project-1\mix_dataset_split\train_val\แตด (อาร์ต).wav,14.438257,14.655602,แตด
C:\Users\muldi\Documents\Playground\University\senior-project-1\mix_dataset_split\train_val\แตด (อาร์ต).wav,15.420594,15.609116,แตด
C:\Users\muldi\Documents\Playground\University\senior-project-1\mix_dataset_split\train_val\แตด (เปอร์).wav,1.034983,1.303229,แตด
C:\Users\muldi\Documents\Playground\University\senior-project-1\mix_dataset_split\train_val\แตด (แทน).wav,0.987845,1.30271,แตด
C:\Users\muldi\Documents\Playground\University\senior-project-1\mix_dataset_split\train_val\แตด (โบท).wav,0.587175,0.86697,แตด
C:\Users\muldi\Documents\Playground\University\senior-project-1\mix_dataset_split\train_val\แทนเบลล์ขโมยปลาบู่.wav,0.0,2.790131,none
C:\Users\muldi\Documents\Playground\University\senior-project-1\mix_dataset_split\train_val\แทนเบลล์ขโมยปลาบู่.wav,2.787705,3.087981,เหี้ย
C:\Users\muldi\Documents\Playground\University\senior-project-1\mix_dataset_split\train_val\แทนเบลล์ขโมยปลาบู่.wav,3.087981,3.642267,none
C:\Users\muldi\Documents\Playground\University\senior-project-1\mix_dataset_split\train_val\แทนเบลล์ขโมยปลาบู่.wav,3.642267,3.804159,มึง
C:\Users\muldi\Documents\Playground\University\senior-project-1\mix_dataset_split\train_val\แทนเบลล์ขโมยปลาบู่.wav,3.804159,4.784749,none
C:\Users\muldi\Documents\Playground\University\senior-project-1\mix_dataset_split\train_val\แทนเบลล์ขโมยปลาบู่.wav,4.784749,4.968047,แตด
C:\Users\muldi\Documents\Playground\University\senior-project-1\mix_dataset_split\train_val\แทนเบลล์ขโมยปลาบู่.wav,4.968047,8.873064,none
C:\Users\muldi\Documents\Playground\University\senior-project-1\mix_dataset_split\train_val\แทนเบลล์ขโมยปลาบู่.wav,8.873064,9.171282,สวะ
C:\Users\muldi\Documents\Playground\University\senior-project-1\mix_dataset_split\train_val\แทนเบลล์ขโมยปลาบู่.wav,9.171282,13.039227,none
C:\Users\muldi\Documents\Playground\University\senior-project-1\mix_dataset_split\train_val\แทนเบลล์ขโมยปลาบู่.wav,13.039227,13.147842,กู
C:\Users\muldi\Documents\Playground\University\senior-project-1\mix_dataset_split\train_val\แทนเบลล์ขโมยปลาบู่.wav,13.147842,13.351211,none
C:\Users\muldi\Documents\Playground\University\senior-project-1\mix_dataset_split\train_val\แทนเบลล์ขโมยปลาบู่.wav,13.351211,13.497338,มึง
C:\Users\muldi\Documents\Playground\University\senior-project-1\mix_dataset_split\train_val\แทนเบลล์ขโมยปลาบู่.wav,13.497338,14.499529,none
C:\Users\muldi\Documents\Playground\University\senior-project-1\mix_dataset_split\train_val\แทนเบลล์ขโมยปลาบู่.wav,14.499529,14.710491,แตด
C:\Users\muldi\Documents\Playground\University\senior-project-1\mix_dataset_split\train_val\แทนเบลล์ขโมยปลาบู่.wav,14.710491,14.95365,none
C:\Users\muldi\Documents\Playground\University\senior-project-1\mix_dataset_split\train_val\แทนเบลล์ขโมยปลาบู่.wav,14.95365,15.124064,เหี้ย
C:\Users\muldi\Documents\Playground\University\senior-project-1\mix_dataset_split\train_val\แทนเบลล์ขโมยปลาบู่.wav,15.124064,18.239157,none
C:\Users\muldi\Documents\Playground\University\senior-project-1\mix_dataset_split\train_val\แทนเบลล์ขโมยปลาบู่.wav,18.239157,18.411491,แตด
C:\Users\muldi\Documents\Playground\University\senior-project-1\mix_dataset_split\train_val\แทนเบลล์ขโมยปลาบู่.wav,18.411491,21.970995,none
C:\Users\muldi\Documents\Playground\University\senior-project-1\mix_dataset_split\train_val\แทนเบลล์ขโมยปลาบู่.wav,21.970995,22.073244,มึง
C:\Users\muldi\Documents\Playground\University\senior-project-1\mix_dataset_split\train_val\แทนเบลล์ขโมยปลาบู่.wav,22.073244,22.615434,none
C:\Users\muldi\Documents\Playground\University\senior-project-1\mix_dataset_split\train_val\แทนเบลล์ขโมยปลาบู่.wav,22.615434,22.723715,กู
C:\Users\muldi\Documents\Playground\University\senior-project-1\mix_dataset_split\train_val\แทนเบลล์ขโมยปลาบู่.wav,22.723715,23.231712,none
C:\Users\muldi\Documents\Playground\University\senior-project-1\mix_dataset_split\train_val\แทนเบลล์ขโมยปลาบู่.wav,23.231712,23.59824,เหี้ย
C:\Users\muldi\Documents\Playground\University\senior-project-1\mix_dataset_split\train_val\แทนเบลล์ขโมยปลาบู่.wav,23.59824,25.456495,none
C:\Users\muldi\Documents\Playground\University\senior-project-1\mix_dataset_split\train_val\แทนเบลล์ขโมยปลาบู่.wav,25.456495,25.558436,กู
C:\Users\muldi\Documents\Playground\University\senior-project-1\mix_dataset_split\train_val\แทนเบลล์ขโมยปลาบู่.wav,25.558436,26.386609,none
C:\Users\muldi\Documents\Playground\University\senior-project-1\mix_dataset_split\train_val\แทนเบลล์ขโมยปลาบู่.wav,26.386609,26.517052,กู
C:\Users\muldi\Documents\Playground\University\senior-project-1\mix_dataset_split\train_val\แทนเบลล์ขโมยปลาบู่.wav,26.517052,26.911577,none
C:\Users\muldi\Documents\Playground\University\senior-project-1\mix_dataset_split\train_val\แทนเบลล์ขโมยปลาบู่.wav,26.911577,27.122632,หี
C:\Users\muldi\Documents\Playground\University\senior-project-1\mix_dataset_split\train_val\แทนเบลล์ขโมยปลาบู่.wav,27.122632,35.109056,none
C:\Users\muldi\Documents\Playground\University\senior-project-1\mix_dataset_split\train_val\แทนเบลล์ขโมยปลาบู่.wav,35.109056,35.322191,แตด
C:\Users\muldi\Documents\Playground\University\senior-project-1\mix_dataset_split\train_val\แทนเบลล์ขโมยปลาบู่.wav,35.322191,35.618746,none
C:\Users\muldi\Documents\Playground\University\senior-project-1\mix_dataset_split\train_val\แทนเบลล์ขโมยปลาบู่.wav,35.618746,35.869928,เหี้ย
C:\Users\muldi\Documents\Playground\University\senior-project-1\mix_dataset_split\train_val\แทนเบลล์ขโมยปลาบู่.wav,35.869928,39.083134,none
C:\Users\muldi\Documents\Playground\University\senior-project-1\mix_dataset_split\train_val\แทนเบลล์ขโมยปลาบู่.wav,39.083134,39.251157,แตด
C:\Users\muldi\Documents\Playground\University\senior-project-1\mix_dataset_split\train_val\แทนเบลล์ขโมยปลาบู่.wav,39.251157,42.979314,none
C:\Users\muldi\Documents\Playground\University\senior-project-1\mix_dataset_split\train_val\แทนเบลล์ขโมยปลาบู่.wav,42.979314,43.224329,ควย
C:\Users\muldi\Documents\Playground\University\senior-project-1\mix_dataset_split\train_val\แทนเบลล์ขโมยปลาบู่.wav,43.224329,44.29292,none
C:\Users\muldi\Documents\Playground\University\senior-project-1\mix_dataset_split\train_val\แทนเบลล์ขโมยปลาบู่.wav,44.29292,44.482642,ควย
C:\Users\muldi\Documents\Playground\University\senior-project-1\mix_dataset_split\train_val\แทนเบลล์ขโมยปลาบู่.wav,44.482642,44.638091,มึง
C:\Users\muldi\Documents\Playground\University\senior-project-1\mix_dataset_split\train_val\แทนเบลล์ขโมยปลาบู่.wav,44.638091,47.538457,none
C:\Users\muldi\Documents\Playground\University\senior-project-1\mix_dataset_split\train_val\แทนเบลล์ขโมยปลาบู่.wav,47.538457,47.836082,เหี้ย
C:\Users\muldi\Documents\Playground\University\senior-project-1\mix_dataset_split\train_val\แทนเบลล์ขโมยปลาบู่.wav,47.836082,48.182968,none
C:\Users\muldi\Documents\Playground\University\senior-project-1\mix_dataset_split\train_val\แทนเบลล์ขโมยปลาบู่.wav,48.182968,48.335377,เย็ด
C:\Users\muldi\Documents\Playground\University\senior-project-1\mix_dataset_split\train_val\แทนเบลล์ขโมยปลาบู่.wav,48.335377,51.104871,none
C:\Users\muldi\Documents\Playground\University\senior-project-1\mix_dataset_split\train_val\แทนเบลล์ขโมยปลาบู่.wav,51.104871,51.556327,สวะ
C:\Users\muldi\Documents\Playground\University\senior-project-1\mix_dataset_split\train_val\แทนเบลล์ขโมยปลาบู่.wav,51.556327,53.581245,none
C:\Users\muldi\Documents\Playground\University\senior-project-1\mix_dataset_split\train_val\แทนเบลล์ขโมยปลาบู่.wav,53.581245,53.716473,มึง
C:\Users\muldi\Documents\Playground\University\senior-project-1\mix_dataset_split\train_val\แทนเบลล์ขโมยปลาบู่.wav,53.716473,54.94193,none
C:\Users\muldi\Documents\Playground\University\senior-project-1\mix_dataset_split\train_val\แทนเบลล์ขโมยปลาบู่.wav,54.94193,55.009411,กู
C:\Users\muldi\Documents\Playground\University\senior-project-1\mix_dataset_split\train_val\แทนเบลล์ขโมยปลาบู่.wav,55.009411,56.501862,none
C:\Users\muldi\Documents\Playground\University\senior-project-1\mix_dataset_split\train_val\แทนเบลล์ขโมยปลาบู่.wav,56.501862,56.530375,กู
C:\Users\muldi\Documents\Playground\University\senior-project-1\mix_dataset_split\train_val\แทนเบลล์ขโมยปลาบู่.wav,56.530375,58.885619,none
C:\Users\muldi\Documents\Playground\University\senior-project-1\mix_dataset_split\train_val\แทนเบลล์ขโมยปลาบู่.wav,58.885619,59.439361,เหี้ย
C:\Users\muldi\Documents\Playground\University\senior-project-1\mix_dataset_split\train_val\แทนเบลล์ขโมยปลาบู่.wav,59.439361,59.837443,none
C:\Users\muldi\Documents\Playground\University\senior-project-1\mix_dataset_split\train_val\แทนเบลล์ขโมยปลาบู่.wav,59.837443,60.136587,ควย
C:\Users\muldi\Documents\Playground\University\senior-project-1\mix_dataset_split\train_val\แทนเบลล์ขโมยปลาบู่.wav,60.136587,61.906336,none
C:\Users\muldi\Documents\Playground\University\senior-project-1\mix_dataset_split\train_val\แทนเบลล์ขโมยปลาบู่.wav,61.906336,61.974903,เย็ด
C:\Users\muldi\Documents\Playground\University\senior-project-1\mix_dataset_split\train_val\แทนเบลล์ขโมยปลาบู่.wav,61.974903,64.466971,none
C:\Users\muldi\Documents\Playground\University\senior-project-1\mix_dataset_split\train_val\แทนเบลล์ขโมยปลาบู่.wav,64.466971,64.583227,เย็ด
C:\Users\muldi\Documents\Playground\University\senior-project-1\mix_dataset_split\train_val\แทนเบลล์ขโมยปลาบู่.wav,64.583227,64.920995,none
C:\Users\muldi\Documents\Playground\University\senior-project-1\mix_dataset_split\train_val\แทนเบลล์ขโมยปลาบู่.wav,64.920995,65.02837,แตด
C:\Users\muldi\Documents\Playground\University\senior-project-1\mix_dataset_split\train_val\แทนเบลล์ขโมยปลาบู่.wav,65.02837,67.731623,none
C:\Users\muldi\Documents\Playground\University\senior-project-1\mix_dataset_split\train_val\แทนเบลล์ขโมยปลาบู่.wav,67.731623,68.022765,เหี้ย
C:\Users\muldi\Documents\Playground\University\senior-project-1\mix_dataset_split\train_val\แทนเบลล์ขโมยปลาบู่.wav,68.022765,68.709748,none
C:\Users\muldi\Documents\Playground\University\senior-project-1\mix_dataset_split\train_val\แทนเบลล์ขโมยปลาบู่.wav,68.709748,68.860711,มึง
C:\Users\muldi\Documents\Playground\University\senior-project-1\mix_dataset_split\train_val\แทนเบลล์ขโมยปลาบู่.wav,68.860711,70.965189,none
C:\Users\muldi\Documents\Playground\University\senior-project-1\mix_dataset_split\train_val\แทนเบลล์ขโมยปลาบู่.wav,70.965189,71.195249,ควย
C:\Users\muldi\Documents\Playground\University\senior-project-1\mix_dataset_split\train_val\แทนเบลล์ขโมยปลาบู่.wav,71.195249,72.133356,none
C:\Users\muldi\Documents\Playground\University\senior-project-1\mix_dataset_split\train_val\แทนเบลล์ขโมยปลาบู่.wav,72.133356,72.257687,เย็ด
C:\Users\muldi\Documents\Playground\University\senior-project-1\mix_dataset_split\train_val\แทนเบลล์ขโมยปลาบู่.wav,72.257687,76.729748,none
C:\Users\muldi\Documents\Playground\University\senior-project-1\mix_dataset_split\train_val\แทนเบลล์ขโมยปลาบู่.wav,76.729748,77.024493,เหี้ย
C:\Users\muldi\Documents\Playground\University\senior-project-1\mix_dataset_split\train_val\แทนเบลล์ขโมยปลาบู่.wav,77.024493,81.508789,none
C:\Users\muldi\Documents\Playground\University\senior-project-1\mix_dataset_split\train_val\แทนเบลล์ขโมยปลาบู่.wav,81.508789,81.951206,กู
C:\Users\muldi\Documents\Playground\University\senior-project-1\mix_dataset_split\train_val\แทนเบลล์ขโมยปลาบู่.wav,81.951206,84.693906,none
C:\Users\muldi\Documents\Playground\University\senior-project-1\mix_dataset_split\train_val\แทนเบลล์ขโมยปลาบู่.wav,84.693906,84.813794,แตด
C:\Users\muldi\Documents\Playground\University\senior-project-1\mix_dataset_split\train_val\แทนเบลล์ขโมยปลาบู่.wav,84.813794,85.956757,none
C:\Users\muldi\Documents\Playground\University\senior-project-1\mix_dataset_split\train_val\แทนเบลล์ขโมยปลาบู่.wav,85.956757,86.218214,กู
C:\Users\muldi\Documents\Playground\University\senior-project-1\mix_dataset_split\train_val\แทนเบลล์ขโมยปลาบู่.wav,86.218214,86.751084,none
C:\Users\muldi\Documents\Playground\University\senior-project-1\mix_dataset_split\train_val\แทนเบลล์ขโมยปลาบู่.wav,86.751084,87.022088,เหี้ย
C:\Users\muldi\Documents\Playground\University\senior-project-1\mix_dataset_split\train_val\แทนเบลล์ขโมยปลาบู่.wav,87.022088,88.015025,none
C:\Users\muldi\Documents\Playground\University\senior-project-1\mix_dataset_split\train_val\แทนเบลล์ขโมยปลาบู่.wav,88.015025,88.142315,แตด
C:\Users\muldi\Documents\Playground\University\senior-project-1\mix_dataset_split\train_val\แทนเบลล์ขโมยปลาบู่.wav,88.142315,88.501571,none
C:\Users\muldi\Documents\Playground\University\senior-project-1\mix_dataset_split\train_val\แทนเบลล์ขโมยปลาบู่.wav,88.501571,88.941485,เหี้ย
C:\Users\muldi\Documents\Playground\University\senior-project-1\mix_dataset_split\train_val\แทนเบลล์ขโมยปลาบู่.wav,88.941485,91.573528,none
C:\Users\muldi\Documents\Playground\University\senior-project-1\mix_dataset_split\train_val\แทนเบลล์ขโมยปลาบู่.wav,91.573528,91.952585,เหี้ย
C:\Users\muldi\Documents\Playground\University\senior-project-1\mix_dataset_split\train_val\แทนเบลล์ขโมยปลาบู่.wav,91.952585,93.799343,none
C:\Users\muldi\Documents\Playground\University\senior-project-1\mix_dataset_split\train_val\แทนเบลล์ขโมยปลาบู่.wav,93.799343,94.096564,สวะ
C:\Users\muldi\Documents\Playground\University\senior-project-1\mix_dataset_split\train_val\แทนเบลล์ขโมยปลาบู่.wav,94.096564,96.234667,none
C:\Users\muldi\Documents\Playground\University\senior-project-1\mix_dataset_split\train_val\แปปนึง มึงใครเนี่ย มึงใคร มึงคือใคร.wav,0.0,2.146813,none
C:\Users\muldi\Documents\Playground\University\senior-project-1\mix_dataset_split\train_val\แปปนึง มึงใครเนี่ย มึงใคร มึงคือใคร.wav,2.621538,3.887473,none
C:\Users\muldi\Documents\Playground\University\senior-project-1\mix_dataset_split\train_val\แปปนึง มึงใครเนี่ย มึงใคร มึงคือใคร.wav,3.887473,4.02989,มึง
C:\Users\muldi\Documents\Playground\University\senior-project-1\mix_dataset_split\train_val\แปปนึง มึงใครเนี่ย มึงใคร มึงคือใคร.wav,4.02989,5.443516,none
C:\Users\muldi\Documents\Playground\University\senior-project-1\mix_dataset_split\train_val\แปปนึง มึงใครเนี่ย มึงใคร มึงคือใคร.wav,5.443516,5.575385,มึง
C:\Users\muldi\Documents\Playground\University\senior-project-1\mix_dataset_split\train_val\แปปนึง มึงใครเนี่ย มึงใคร มึงคือใคร.wav,5.575385,6.72,none
C:\Users\muldi\Documents\Playground\University\senior-project-1\mix_dataset_split\train_val\โต้งไล่หมา.wav,0.0,1.254935,none
C:\Users\muldi\Documents\Playground\University\senior-project-1\mix_dataset_split\train_val\โต้งไล่หมา.wav,1.255802,1.369019,กู
C:\Users\muldi\Documents\Playground\University\senior-project-1\mix_dataset_split\train_val\โต้งไล่หมา.wav,1.369019,14.812304,none
C:\Users\muldi\Documents\Playground\University\senior-project-1\mix_dataset_split\train_val\โต้งไล่หมา.wav,14.812304,14.96499,กู
C:\Users\muldi\Documents\Playground\University\senior-project-1\mix_dataset_split\train_val\โต้งไล่หมา.wav,14.96499,29.031033,none
C:\Users\muldi\Documents\Playground\University\senior-project-1\mix_dataset_split\train_val\โต้งไล่หมา.wav,29.031033,29.163475,กู
C:\Users\muldi\Documents\Playground\University\senior-project-1\mix_dataset_split\train_val\โต้งไล่หมา.wav,29.163475,30.744895,none
C:\Users\muldi\Documents\Playground\University\senior-project-1\mix_dataset_split\train_val\โต้งไล่หมา.wav,30.744895,30.90404,มึง
C:\Users\muldi\Documents\Playground\University\senior-project-1\mix_dataset_split\train_val\โต้งไล่หมา.wav,30.90404,32.816985,none
C:\Users\muldi\Documents\Playground\University\senior-project-1\mix_dataset_split\train_val\โต้งไล่หมา.wav,32.816985,32.891751,กู
C:\Users\muldi\Documents\Playground\University\senior-project-1\mix_dataset_split\train_val\โต้งไล่หมา.wav,32.891751,38.637913,none
C:\Users\muldi\Documents\Playground\University\senior-project-1\mix_dataset_split\train_val\โต้งไล่หมา.wav,38.637913,38.752515,กู
C:\Users\muldi\Documents\Playground\University\senior-project-1\mix_dataset_split\train_val\โต้งไล่หมา.wav,38.752515,41.54307,none
C:\Users\muldi\Documents\Playground\University\senior-project-1\mix_dataset_split\train_val\โต้งไล่หมา.wav,41.54307,41.720454,กู
C:\Users\muldi\Documents\Playground\University\senior-project-1\mix_dataset_split\train_val\โต้งไล่หมา.wav,41.720454,46.102083,none
C:\Users\muldi\Documents\Playground\University\senior-project-1\mix_dataset_split\train_val\โต้งไล่หมา.wav,46.102083,46.282612,มึง
C:\Users\muldi\Documents\Playground\University\senior-project-1\mix_dataset_split\train_val\โต้งไล่หมา.wav,46.282612,54.820985,none
C:\Users\muldi\Documents\Playground\University\senior-project-1\mix_dataset_split\train_val\โต้งไล่หมา.wav,54.821674,54.981098,กู
C:\Users\muldi\Documents\Playground\University\senior-project-1\mix_dataset_split\train_val\โต้งไล่หมา.wav,54.980823,57.392934,none
C:\Users\muldi\Documents\Playground\University\senior-project-1\mix_dataset_split\train_val\โต้งไล่หมา.wav,57.392934,57.556068,กู
C:\Users\muldi\Documents\Playground\University\senior-project-1\mix_dataset_split\train_val\โต้งไล่หมา.wav,57.556068,59.798893,none
C:\Users\muldi\Documents\Playground\University\senior-project-1\mix_dataset_split\train_val\โหเย็ดแม่ ไม่คิดจะแก้ไขอะไรหน่อยอ่อ.wav,0.0,0.729405,none
C:\Users\muldi\Documents\Playground\University\senior-project-1\mix_dataset_split\train_val\โหเย็ดแม่ ไม่คิดจะแก้ไขอะไรหน่อยอ่อ.wav,0.729405,0.807316,เย็ด
C:\Users\muldi\Documents\Playground\University\senior-project-1\mix_dataset_split\train_val\โหเย็ดแม่ ไม่คิดจะแก้ไขอะไรหน่อยอ่อ.wav,0.807316,3.36936,none
C:\Users\muldi\Documents\Playground\University\senior-project-1\mix_dataset_split\train_val\โอ๊ต.wav,218.16885,218.397947,เหี้ย
C:\Users\muldi\Documents\Playground\University\senior-project-1\mix_dataset_split\train_val\โอ๊ต.wav,1217.450765,1217.687796,มึง
C:\Users\muldi\Documents\Playground\University\senior-project-1\mix_dataset_split\train_val\โอ๊ต.wav,1257.558221,1257.72793,เหี้ย
C:\Users\muldi\Documents\Playground\University\senior-project-1\mix_dataset_split\train_val\โอ๊ย เย็ดแม่ เจ็บชิบหาย.wav,0.0,0.817853,none
C:\Users\muldi\Documents\Playground\University\senior-project-1\mix_dataset_split\train_val\โอ๊ย เย็ดแม่ เจ็บชิบหาย.wav,0.817853,0.955353,เย็ด
C:\Users\muldi\Documents\Playground\University\senior-project-1\mix_dataset_split\train_val\โอ๊ย เย็ดแม่ เจ็บชิบหาย.wav,0.955353,2.92,none
C:\Users\muldi\Documents\Playground\University\senior-project-1\mix_dataset_split\train_val\โอ๊ยเย็ดเป็ดหีแม่มึงร่วง.wav,0.0,1.15297,none
C:\Users\muldi\Documents\Playground\University\senior-project-1\mix_dataset_split\train_val\โอ๊ยเย็ดเป็ดหีแม่มึงร่วง.wav,1.15297,1.307121,เย็ด
C:\Users\muldi\Documents\Playground\University\senior-project-1\mix_dataset_split\train_val\โอ๊ยเย็ดเป็ดหีแม่มึงร่วง.wav,1.307121,1.648577,none
C:\Users\muldi\Documents\Playground\University\senior-project-1\mix_dataset_split\train_val\โอ๊ยเย็ดเป็ดหีแม่มึงร่วง.wav,1.648577,1.830495,หี
C:\Users\muldi\Documents\Playground\University\senior-project-1\mix_dataset_split\train_val\โอ๊ยเย็ดเป็ดหีแม่มึงร่วง.wav,1.830495,2.057193,none
C:\Users\muldi\Documents\Playground\University\senior-project-1\mix_dataset_split\train_val\โอ๊ยเย็ดเป็ดหีแม่มึงร่วง.wav,2.057193,2.146753,มึง
C:\Users\muldi\Documents\Playground\University\senior-project-1\mix_dataset_split\train_val\โอ๊ยเย็ดเป็ดหีแม่มึงร่วง.wav,2.146753,2.92,none
C:\Users\muldi\Documents\Playground\University\senior-project-1\mix_dataset_split\train_val\ใต้น้ำยังจะตามมาอีก!!.wav,6.003302,6.123607,เหี้ย
C:\Users\muldi\Documents\Playground\University\senior-project-1\mix_dataset_split\train_val\ใต้น้ำยังจะตามมาอีก!!.wav,6.15593,6.231792,มึง
C:\Users\muldi\Documents\Playground\University\senior-project-1\mix_dataset_split\train_val\ใต้น้ำยังจะตามมาอีก!!.wav,9.291706,9.370981,กู
C:\Users\muldi\Documents\Playground\University\senior-project-1\mix_dataset_split\train_val\ใต้น้ำยังจะตามมาอีก!!.wav,9.973041,10.148739,มึง
C:\Users\muldi\Documents\Playground\University\senior-project-1\mix_dataset_split\train_val\ใต้น้ำยังจะตามมาอีก!!.wav,11.157715,11.280346,เหี้ย
C:\Users\muldi\Documents\Playground\University\senior-project-1\mix_dataset_split\train_val\ใต้น้ำยังจะตามมาอีก!!.wav,12.346257,12.67384,กู
C:\Users\muldi\Documents\Playground\University\senior-project-1\mix_dataset_split\train_val\ใต้น้ำยังจะตามมาอีก!!.wav,18.597191,19.314388,none
C:\Users\muldi\Documents\Playground\University\senior-project-1\mix_dataset_split\train_val\ใต้น้ำยังจะตามมาอีก!!.wav,19.314388,19.363083,กู
C:\Users\muldi\Documents\Playground\University\senior-project-1\mix_dataset_split\train_val\ใต้น้ำยังจะตามมาอีก!!.wav,19.363083,20.494472,none
C:\Users\muldi\Documents\Playground\University\senior-project-1\mix_dataset_split\train_val\ใต้น้ำยังจะตามมาอีก!!.wav,21.499116,21.753045,เหี้ย
C:\Users\muldi\Documents\Playground\University\senior-project-1\mix_dataset_split\train_val\ใต้น้ำยังจะตามมาอีก!!.wav,21.966044,25.100683,none
C:\Users\muldi\Documents\Playground\University\senior-project-1\mix_dataset_split\train_val\ใต้น้ำยังจะตามมาอีก!!.wav,49.132166,49.415824,เหี้ย
C:\Users\muldi\Documents\Playground\University\senior-project-1\mix_dataset_split\train_val\ไอดิฟ อัดเสียงเสร็จแล้วกูไปนอนได้แล้วใช่ไหม.wav,0.0,3.113854,none
C:\Users\muldi\Documents\Playground\University\senior-project-1\mix_dataset_split\train_val\ไอดิฟ อัดเสียงเสร็จแล้วกูไปนอนได้แล้วใช่ไหม.wav,3.113854,3.226938,กู
C:\Users\muldi\Documents\Playground\University\senior-project-1\mix_dataset_split\train_val\ไอดิฟ อัดเสียงเสร็จแล้วกูไปนอนได้แล้วใช่ไหม.wav,3.226245,4.799307,none
C:\Users\muldi\Documents\Playground\University\senior-project-1\mix_dataset_split\train_val\ไอ้คนวิปริต ไอ้คนเย็ดแม่.wav,0.0,2.209886,none
C:\Users\muldi\Documents\Playground\University\senior-project-1\mix_dataset_split\train_val\ไอ้คนวิปริต ไอ้คนเย็ดแม่.wav,2.209886,2.321831,เย็ด
C:\Users\muldi\Documents\Playground\University\senior-project-1\mix_dataset_split\train_val\ไอ้คนวิปริต ไอ้คนเย็ดแม่.wav,2.321337,3.42,none
C:\Users\muldi\Documents\Playground\University\senior-project-1\mix_dataset_split\train_val\ไอ้อาร์ตพูดควย.wav,0.0,2.166578,none
C:\Users\muldi\Documents\Playground\University\senior-project-1\mix_dataset_split\train_val\ไอ้อาร์ตพูดควย.wav,2.166578,2.746012,ควย
C:\Users\muldi\Documents\Playground\University\senior-project-1\mix_dataset_split\train_val\ไอ้อาร์ตพูดควย.wav,2.746012,2.918163,none
C:\Users\muldi\Documents\Playground\University\senior-project-1\mix_dataset_split\train_val\ไอ้อาร์ตพูดควย.wav,2.918163,3.325446,เหี้ย
C:\Users\muldi\Documents\Playground\University\senior-project-1\mix_dataset_split\train_val\ไอ้อาร์ตพูดควย.wav,3.325446,4.232385,none
C:\Users\muldi\Documents\Playground\University\senior-project-1\mix_dataset_split\train_val\ไอ้อาร์ตพูดควย.wav,4.232385,4.77403,ควย
C:\Users\muldi\Documents\Playground\University\senior-project-1\mix_dataset_split\train_val\ไอ้อาร์ตพูดควย.wav,4.77403,5.328271,none
C:\Users\muldi\Documents\Playground\University\senior-project-1\mix_dataset_split\train_val\ไอ้อาร์ตพูดควย.wav,5.328271,5.953891,ควย
C:\Users\muldi\Documents\Playground\University\senior-project-1\mix_dataset_split\train_val\ไอ้อาร์ตพูดควย.wav,5.953891,7.322699,none
C:\Users\muldi\Documents\Playground\University\senior-project-1\mix_dataset_split\train_val\ไอ้อาร์ตพูดควย.wav,7.322699,7.906331,ควย
C:\Users\muldi\Documents\Playground\University\senior-project-1\mix_dataset_split\train_val\ไอ้อาร์ตพูดควย.wav,7.906331,9.944031,none
C:\Users\muldi\Documents\Playground\University\senior-project-1\mix_dataset_split\train_val\ไอ้อาร์ตพูดควย.wav,9.944031,10.438205,ควย
C:\Users\muldi\Documents\Playground\University\senior-project-1\mix_dataset_split\train_val\ไอ้อาร์ตพูดควย.wav,10.438205,12.493079,none
C:\Users\muldi\Documents\Playground\University\senior-project-1\mix_dataset_split\train_val\ไอ้อาร์ตพูดควย.wav,12.493079,13.084777,ควย
C:\Users\muldi\Documents\Playground\University\senior-project-1\mix_dataset_split\train_val\ไอ้อาร์ตพูดควย.wav,13.084777,15.424109,none
C:\Users\muldi\Documents\Playground\University\senior-project-1\mix_dataset_split\train_val\ไอ้อาร์ตพูดควย.wav,15.424109,15.788615,ควย
C:\Users\muldi\Documents\Playground\University\senior-project-1\mix_dataset_split\train_val\ไอ้อาร์ตพูดควย.wav,15.788615,17.006965,none
C:\Users\muldi\Documents\Playground\University\senior-project-1\mix_dataset_split\train_val\ไอ้อาร์ตพูดควย.wav,17.006965,17.329029,ควย
C:\Users\muldi\Documents\Playground\University\senior-project-1\mix_dataset_split\train_val\ไอ้อาร์ตพูดควย.wav,17.329029,18.6,none
C:\Users\muldi\Documents\Playground\University\senior-project-1\mix_dataset_split\train_val\ไอ้อาร์ตพูดเหี้ย.wav,0.0,2.260093,none
C:\Users\muldi\Documents\Playground\University\senior-project-1\mix_dataset_split\train_val\ไอ้อาร์ตพูดเหี้ย.wav,2.261896,2.501794,เหี้ย
C:\Users\muldi\Documents\Playground\University\senior-project-1\mix_dataset_split\train_val\ไอ้อาร์ตพูดเหี้ย.wav,2.502414,3.746379,none
C:\Users\muldi\Documents\Playground\University\senior-project-1\mix_dataset_split\train_val\ไอ้อาร์ตพูดเหี้ย.wav,3.950202,4.480503,none
C:\Users\muldi\Documents\Playground\University\senior-project-1\mix_dataset_split\train_val\ไอ้อาร์ตพูดเหี้ย.wav,4.480503,4.617588,เหี้ย
C:\Users\muldi\Documents\Playground\University\senior-project-1\mix_dataset_split\train_val\ไอ้อาร์ตพูดเหี้ย.wav,4.617588,5.275955,none
C:\Users\muldi\Documents\Playground\University\senior-project-1\mix_dataset_split\train_val\ไอ้อาร์ตพูดเหี้ย.wav,5.275955,5.429273,เหี้ย
C:\Users\muldi\Documents\Playground\University\senior-project-1\mix_dataset_split\train_val\ไอ้อาร์ตพูดเหี้ย.wav,5.429273,6.197668,none
C:\Users\muldi\Documents\Playground\University\senior-project-1\mix_dataset_split\train_val\ไอ้อาร์ตพูดเหี้ย.wav,6.197668,6.509716,เหี้ย
C:\Users\muldi\Documents\Playground\University\senior-project-1\mix_dataset_split\train_val\ไอ้อาร์ตพูดเหี้ย.wav,6.509716,7.476524,none
C:\Users\muldi\Documents\Playground\University\senior-project-1\mix_dataset_split\train_val\ไอ้อาร์ตพูดเหี้ย.wav,7.476524,7.725441,เหี้ย
C:\Users\muldi\Documents\Playground\University\senior-project-1\mix_dataset_split\train_val\ไอ้อาร์ตพูดเหี้ย.wav,7.725441,9.776299,none
C:\Users\muldi\Documents\Playground\University\senior-project-1\mix_dataset_split\train_val\ไอ้อาร์ตพูดเหี้ย.wav,9.776299,10.023412,เหี้ย
C:\Users\muldi\Documents\Playground\University\senior-project-1\mix_dataset_split\train_val\ไอ้อาร์ตพูดเหี้ย.wav,10.023412,11.922755,none
C:\Users\muldi\Documents\Playground\University\senior-project-1\mix_dataset_split\train_val\ไอ้อาร์ตพูดเหี้ย.wav,11.922755,12.083289,หี
C:\Users\muldi\Documents\Playground\University\senior-project-1\mix_dataset_split\train_val\ไอ้อาร์ตพูดเหี้ย.wav,12.083289,12.472898,none
C:\Users\muldi\Documents\Playground\University\senior-project-1\mix_dataset_split\train_val\ไอ้อาร์ตพูดเหี้ย.wav,12.472898,12.61359,เหี้ย
C:\Users\muldi\Documents\Playground\University\senior-project-1\mix_dataset_split\train_val\ไอ้อาร์ตพูดเหี้ย.wav,12.61359,16.722521,none
C:\Users\muldi\Documents\Playground\University\senior-project-1\mix_dataset_split\train_val\ไอ้อาร์ตพูดเหี้ย.wav,16.722521,17.205925,เหี้ย
C:\Users\muldi\Documents\Playground\University\senior-project-1\mix_dataset_split\train_val\ไอ้อาร์ตพูดเหี้ย.wav,17.206158,17.395551,มึง
C:\Users\muldi\Documents\Playground\University\senior-project-1\mix_dataset_split\train_val\ไอ้อาร์ตพูดเหี้ย.wav,17.395318,17.909386,none
C:\Users\muldi\Documents\Playground\University\senior-project-1\mix_dataset_split\train_val\ไอ้อาร์ตพูดเหี้ย.wav,17.957288,19.403947,none
C:\Users\muldi\Documents\Playground\University\senior-project-1\mix_dataset_split\train_val\ไอ้อาร์ตพูดเหี้ย.wav,19.628428,22.6,none
C:\Users\muldi\Documents\Playground\University\senior-project-1\mix_dataset_split\train_val\ไอ้เด็กนี่มันอยากมีปัญหากับกูแล้วสินะ.wav,0.0,2.254984,none
C:\Users\muldi\Documents\Playground\University\senior-project-1\mix_dataset_split\train_val\ไอ้เด็กนี่มันอยากมีปัญหากับกูแล้วสินะ.wav,2.254984,2.512986,กู
C:\Users\muldi\Documents\Playground\University\senior-project-1\mix_dataset_split\train_val\ไอ้เด็กนี่มันอยากมีปัญหากับกูแล้วสินะ.wav,2.512986,3.456626,none
C:\Users\muldi\Documents\Playground\University\senior-project-1\mix_dataset_split\train_val\ไอ้เหี้ยถ้าสวะสังคมอย่างพวกมึงไม่เกิดขึ้นมา.wav,0.0,2.07044,none
C:\Users\muldi\Documents\Playground\University\senior-project-1\mix_dataset_split\train_val\ไอ้เหี้ยถ้าสวะสังคมอย่างพวกมึงไม่เกิดขึ้นมา.wav,2.07044,2.964486,เหี้ย
C:\Users\muldi\Documents\Playground\University\senior-project-1\mix_dataset_split\train_val\ไอ้เหี้ยถ้าสวะสังคมอย่างพวกมึงไม่เกิดขึ้นมา.wav,2.964486,3.624243,none
C:\Users\muldi\Documents\Playground\University\senior-project-1\mix_dataset_split\train_val\ไอ้เหี้ยถ้าสวะสังคมอย่างพวกมึงไม่เกิดขึ้นมา.wav,3.624243,3.916317,สวะ
C:\Users\muldi\Documents\Playground\University\senior-project-1\mix_dataset_split\train_val\ไอ้เหี้ยถ้าสวะสังคมอย่างพวกมึงไม่เกิดขึ้นมา.wav,3.916317,5.044375,none
C:\Users\muldi\Documents\Playground\University\senior-project-1\mix_dataset_split\train_val\ไอ้เหี้ยถ้าสวะสังคมอย่างพวกมึงไม่เกิดขึ้นมา.wav,5.044375,5.314589,มึง
C:\Users\muldi\Documents\Playground\University\senior-project-1\mix_dataset_split\train_val\ไอ้เหี้ยถ้าสวะสังคมอย่างพวกมึงไม่เกิดขึ้นมา.wav,5.314589,7.675893,none
C:\Users\muldi\Documents\Playground\University\senior-project-1\mix_dataset_split\train_val\ไอ้เหี้ยถ้าสวะสังคมอย่างพวกมึงไม่เกิดขึ้นมา.wav,7.675893,8.056358,กู
C:\Users\muldi\Documents\Playground\University\senior-project-1\mix_dataset_split\train_val\ไอ้เหี้ยถ้าสวะสังคมอย่างพวกมึงไม่เกิดขึ้นมา.wav,8.056358,9.457814,none
C:\Users\muldi\Documents\Playground\University\senior-project-1\mix_dataset_split\train_val\ไอ้เหี้ยถ้าสวะสังคมอย่างพวกมึงไม่เกิดขึ้นมา.wav,9.457814,9.691281,แตด
C:\Users\muldi\Documents\Playground\University\senior-project-1\mix_dataset_split\train_val\ไอ้เหี้ยถ้าสวะสังคมอย่างพวกมึงไม่เกิดขึ้นมา.wav,9.691281,10.222587,none
C:\Users\muldi\Documents\Playground\University\senior-project-1\mix_dataset_split\train_val\ไอ้เหี้ยถ้าสวะสังคมอย่างพวกมึงไม่เกิดขึ้นมา.wav,10.222587,10.48872,ควย
C:\Users\muldi\Documents\Playground\University\senior-project-1\mix_dataset_split\train_val\ไอ้เหี้ยถ้าสวะสังคมอย่างพวกมึงไม่เกิดขึ้นมา.wav,10.48872,11.761739,none
C:\Users\muldi\Documents\Playground\University\senior-project-1\mix_dataset_split\train_val\ไอ้เหี้ยถ้าสวะสังคมอย่างพวกมึงไม่เกิดขึ้นมา.wav,11.761739,12.089362,มึง
C:\Users\muldi\Documents\Playground\University\senior-project-1\mix_dataset_split\train_val\ไอ้เหี้ยถ้าสวะสังคมอย่างพวกมึงไม่เกิดขึ้นมา.wav,12.089362,13.973333,none
C:\Users\muldi\Documents\Playground\University\senior-project-1\mix_dataset_split\train_val\ไอ้เหี้ยทำไมนิสัยมึงสวะได้ขนาดนี้.wav,0.0,0.81187,none
C:\Users\muldi\Documents\Playground\University\senior-project-1\mix_dataset_split\train_val\ไอ้เหี้ยทำไมนิสัยมึงสวะได้ขนาดนี้.wav,0.81187,1.083694,เหี้ย
C:\Users\muldi\Documents\Playground\University\senior-project-1\mix_dataset_split\train_val\ไอ้เหี้ยทำไมนิสัยมึงสวะได้ขนาดนี้.wav,1.083694,1.570156,none
C:\Users\muldi\Documents\Playground\University\senior-project-1\mix_dataset_split\train_val\ไอ้เหี้ยทำไมนิสัยมึงสวะได้ขนาดนี้.wav,1.570156,1.723893,มึง
C:\Users\muldi\Documents\Playground\University\senior-project-1\mix_dataset_split\train_val\ไอ้เหี้ยทำไมนิสัยมึงสวะได้ขนาดนี้.wav,1.723893,1.804454,none
C:\Users\muldi\Documents\Playground\University\senior-project-1\mix_dataset_split\train_val\ไอ้เหี้ยทำไมนิสัยมึงสวะได้ขนาดนี้.wav,1.804454,1.962002,สวะ
C:\Users\muldi\Documents\Playground\University\senior-project-1\mix_dataset_split\train_val\ไอ้เหี้ยทำไมนิสัยมึงสวะได้ขนาดนี้.wav,1.962002,3.330572,none
C:\Users\muldi\Documents\Playground\University\senior-project-1\mix_dataset_split\train_val\ไอ้เหี้ยทำไมนิสัยมึงสวะได้ขนาดนี้.wav,3.330572,3.530134,เหี้ย
C:\Users\muldi\Documents\Playground\University\senior-project-1\mix_dataset_split\train_val\ไอ้เหี้ยทำไมนิสัยมึงสวะได้ขนาดนี้.wav,3.530134,4.683388,none
C:\Users\muldi\Documents\Playground\University\senior-project-1\mix_dataset_split\train_val\ไอ้เหี้ยทำไมนิสัยมึงสวะได้ขนาดนี้.wav,4.683388,4.794722,มึง
C:\Users\muldi\Documents\Playground\University\senior-project-1\mix_dataset_split\train_val\ไอ้เหี้ยทำไมนิสัยมึงสวะได้ขนาดนี้.wav,4.794722,4.981679,none
C:\Users\muldi\Documents\Playground\University\senior-project-1\mix_dataset_split\train_val\ไอ้เหี้ยทำไมนิสัยมึงสวะได้ขนาดนี้.wav,4.981679,5.093013,มึง
C:\Users\muldi\Documents\Playground\University\senior-project-1\mix_dataset_split\train_val\ไอ้เหี้ยทำไมนิสัยมึงสวะได้ขนาดนี้.wav,5.093013,6.58,none
