Evaluation_Method,Window_Size_seconds,Stride,Stride_Numeric,Binary_F1_Score,Binary_Accuracy,Binary_Precision,Binary_Recall,Multiclass_F1_Score,Multiclass_Accuracy,Word_Level_F1_Score,IoU_F1_Score,Mean_IoU_Percentage
iou,0.3,0.25,0.25,0.0463,0.082,0.0237,0.9667,,,0.0556,0.0205,27.96
iou_word_sep,0.3,0.25,0.25,0.0463,0.082,0.0237,0.9667,,,0.0556,0.0215,
window,0.3,0.25,0.25,0.0463,0.082,0.0237,0.9667,0.4256,0.4817,,,
word,0.3,0.25,0.25,0.0463,0.082,0.0237,0.9667,,,0.0556,,
iou,0.3,0.125,0.125,0.0462,0.0813,0.0236,0.9645,,,0.0512,0.0187,37.09
window,0.3,0.125,0.125,0.0462,0.0813,0.0236,0.9645,0.4247,0.477,,,
word,0.3,0.125,0.125,0.0462,0.0813,0.0236,0.9645,,,0.0512,,
iou,0.3,0.2,0.2,0.046,0.0823,0.0236,0.9696,,,0.0513,0.0207,33.77
iou,0.3,40.0%,0.4,0.046,0.0813,0.0236,0.9627,,,0.048,0.019,38.46
iou,0.3,80.0%,0.8,0.046,0.0833,0.0236,0.9596,,,0.0543,0.0242,31.09
iou_word_sep,0.3,0.2,0.2,0.046,0.0823,0.0236,0.9696,,,0.0513,0.0209,
iou_word_sep,0.3,40.0%,0.4,0.046,0.0813,0.0236,0.9627,,,0.048,0.0208,
iou_word_sep,0.3,80.0%,0.8,0.046,0.0833,0.0236,0.9596,,,0.0543,0.0248,
window,0.3,0.2,0.2,0.046,0.0823,0.0236,0.9696,0.4468,0.4945,,,
window,0.3,40.0%,0.4,0.046,0.0813,0.0236,0.9627,0.4433,0.4928,,,
window,0.3,80.0%,0.8,0.046,0.0833,0.0236,0.9596,0.4258,0.4789,,,
word,0.3,0.2,0.2,0.046,0.0823,0.0236,0.9696,,,0.0513,,
word,0.3,40.0%,0.4,0.046,0.0813,0.0236,0.9627,,,0.048,,
word,0.3,80.0%,0.8,0.046,0.0833,0.0236,0.9596,,,0.0543,,
iou,0.3,0.15,0.15,0.0458,0.0828,0.0235,0.9625,,,0.0451,0.02,36.49
iou,0.3,50.0%,0.5,0.0458,0.0828,0.0235,0.9625,,,0.0451,0.02,36.49
iou_word_sep,0.3,0.15,0.15,0.0458,0.0828,0.0235,0.9625,,,0.0451,0.0193,
iou_word_sep,0.3,50.0%,0.5,0.0458,0.0828,0.0235,0.9625,,,0.0451,0.0193,
window,0.3,0.15,0.15,0.0458,0.0828,0.0235,0.9625,0.4359,0.4875,,,
window,0.3,50.0%,0.5,0.0458,0.0828,0.0235,0.9625,0.4359,0.4875,,,
word,0.3,0.15,0.15,0.0458,0.0828,0.0235,0.9625,,,0.0451,,
word,0.3,50.0%,0.5,0.0458,0.0828,0.0235,0.9625,,,0.0451,,
iou,0.3,10.0%,0.1,0.0457,0.082,0.0234,0.9621,,,0.0409,0.0124,67.33
iou_word_sep,0.3,10.0%,0.1,0.0457,0.082,0.0234,0.9621,,,0.0409,0.0167,
window,0.3,10.0%,0.1,0.0457,0.082,0.0234,0.9621,0.4338,0.4853,,,
word,0.3,10.0%,0.1,0.0457,0.082,0.0234,0.9621,,,0.0409,,
iou,0.3,0.3,0.3,0.0456,0.0813,0.0233,0.9572,,,0.0395,0.0205,24.54
iou,0.3,100.0%,1.0,0.0456,0.0813,0.0233,0.9572,,,0.0395,0.0205,24.54
iou_word_sep,0.3,0.3,0.3,0.0456,0.0813,0.0233,0.9572,,,0.0395,0.0205,
iou_word_sep,0.3,100.0%,1.0,0.0456,0.0813,0.0233,0.9572,,,0.0395,0.0205,
window,0.3,0.3,0.3,0.0456,0.0813,0.0233,0.9572,0.4205,0.4749,,,
window,0.3,100.0%,1.0,0.0456,0.0813,0.0233,0.9572,0.4205,0.4749,,,
word,0.3,0.3,0.3,0.0456,0.0813,0.0233,0.9572,,,0.0395,,
word,0.3,100.0%,1.0,0.0456,0.0813,0.0233,0.9572,,,0.0395,,
iou,0.3,20.0%,0.2,0.0455,0.0815,0.0233,0.9586,,,0.0424,0.0166,50.41
iou_word_sep,0.3,20.0%,0.2,0.0455,0.0815,0.0233,0.9586,,,0.0424,0.0182,
window,0.3,20.0%,0.2,0.0455,0.0815,0.0233,0.9586,0.4345,0.4865,,,
word,0.3,20.0%,0.2,0.0455,0.0815,0.0233,0.9586,,,0.0424,,
iou,0.3,30.0%,0.3,0.0454,0.082,0.0233,0.9557,,,0.0482,0.0175,42.82
iou_word_sep,0.3,30.0%,0.3,0.0454,0.082,0.0233,0.9557,,,0.0482,0.0195,
window,0.3,30.0%,0.3,0.0454,0.082,0.0233,0.9557,0.4309,0.4836,,,
word,0.3,30.0%,0.3,0.0454,0.082,0.0233,0.9557,,,0.0482,,
iou,0.3,70.0%,0.7,0.0453,0.0821,0.0232,0.9513,,,0.0495,0.0196,31.68
iou_word_sep,0.3,70.0%,0.7,0.0453,0.0821,0.0232,0.9513,,,0.0495,0.0198,
window,0.3,70.0%,0.7,0.0453,0.0821,0.0232,0.9513,0.4332,0.4902,,,
word,0.3,70.0%,0.7,0.0453,0.0821,0.0232,0.9513,,,0.0495,,
iou,0.3,60.0%,0.6,0.0448,0.0817,0.0229,0.9481,,,0.0483,0.0173,33.06
iou_word_sep,0.3,60.0%,0.6,0.0448,0.0817,0.0229,0.9481,,,0.0483,0.018,
window,0.3,60.0%,0.6,0.0448,0.0817,0.0229,0.9481,0.4127,0.4684,,,
word,0.3,60.0%,0.6,0.0448,0.0817,0.0229,0.9481,,,0.0483,,
iou,0.3,90.0%,0.9,0.0446,0.0816,0.0229,0.9442,,,0.0579,0.0213,26.62
iou_word_sep,0.3,90.0%,0.9,0.0446,0.0816,0.0229,0.9442,,,0.0579,0.0211,
window,0.3,90.0%,0.9,0.0446,0.0816,0.0229,0.9442,0.4349,0.4859,,,
word,0.3,90.0%,0.9,0.0446,0.0816,0.0229,0.9442,,,0.0579,,
iou,0.4,70.0%,0.7,0.0625,0.1182,0.0323,0.9362,,,0.064,0.0289,33.21
iou_word_sep,0.4,70.0%,0.7,0.0625,0.1182,0.0323,0.9362,,,0.064,0.0294,
window,0.4,70.0%,0.7,0.0625,0.1182,0.0323,0.9362,0.4263,0.4805,,,
word,0.4,70.0%,0.7,0.0625,0.1182,0.0323,0.9362,,,0.064,,
iou,0.4,0.25,0.25,0.0618,0.1223,0.0319,0.9418,,,0.0613,0.0242,32.43
iou_word_sep,0.4,0.25,0.25,0.0618,0.1223,0.0319,0.9418,,,0.0613,0.0256,
window,0.4,0.25,0.25,0.0618,0.1223,0.0319,0.9418,0.4056,0.4717,,,
word,0.4,0.25,0.25,0.0618,0.1223,0.0319,0.9418,,,0.0613,,
iou,0.4,0.35,0.35,0.0616,0.1223,0.0318,0.9482,,,0.0689,0.0337,30.05
iou_word_sep,0.4,0.35,0.35,0.0616,0.1223,0.0318,0.9482,,,0.0689,0.034,
window,0.4,0.35,0.35,0.0616,0.1223,0.0318,0.9482,0.4395,0.5012,,,
word,0.4,0.35,0.35,0.0616,0.1223,0.0318,0.9482,,,0.0689,,
iou,0.4,80.0%,0.8,0.0608,0.1218,0.0314,0.9457,,,0.0657,0.0305,32.23
iou_word_sep,0.4,80.0%,0.8,0.0608,0.1218,0.0314,0.9457,,,0.0657,0.0307,
window,0.4,80.0%,0.8,0.0608,0.1218,0.0314,0.9457,0.4313,0.4828,,,
word,0.4,80.0%,0.8,0.0608,0.1218,0.0314,0.9457,,,0.0657,,
iou,0.4,0.4,0.4,0.0607,0.12,0.0314,0.933,,,0.0492,0.0303,27.33
iou,0.4,100.0%,1.0,0.0607,0.12,0.0314,0.933,,,0.0492,0.0303,27.33
iou,0.4,40.0%,0.4,0.0607,0.1211,0.0313,0.9445,,,0.06,0.0269,40.16
iou_word_sep,0.4,0.4,0.4,0.0607,0.12,0.0314,0.933,,,0.0492,0.0303,
iou_word_sep,0.4,100.0%,1.0,0.0607,0.12,0.0314,0.933,,,0.0492,0.0303,
iou_word_sep,0.4,40.0%,0.4,0.0607,0.1211,0.0313,0.9445,,,0.06,0.0284,
window,0.4,0.4,0.4,0.0607,0.12,0.0314,0.933,0.4139,0.4713,,,
window,0.4,100.0%,1.0,0.0607,0.12,0.0314,0.933,0.4139,0.4713,,,
window,0.4,40.0%,0.4,0.0607,0.1211,0.0313,0.9445,0.4221,0.4781,,,
word,0.4,0.4,0.4,0.0607,0.12,0.0314,0.933,,,0.0492,,
word,0.4,100.0%,1.0,0.0607,0.12,0.0314,0.933,,,0.0492,,
word,0.4,40.0%,0.4,0.0607,0.1211,0.0313,0.9445,,,0.06,,
iou,0.4,0.2,0.2,0.0605,0.12,0.0313,0.9378,,,0.0564,0.0274,36.92
iou,0.4,30.0%,0.3,0.0605,0.12,0.0313,0.9308,,,0.0594,0.0238,42.37
iou,0.4,50.0%,0.5,0.0605,0.12,0.0313,0.9378,,,0.0564,0.0274,36.92
iou_word_sep,0.4,0.2,0.2,0.0605,0.12,0.0313,0.9378,,,0.0564,0.0268,
iou_word_sep,0.4,30.0%,0.3,0.0605,0.12,0.0313,0.9308,,,0.0594,0.0276,
iou_word_sep,0.4,50.0%,0.5,0.0605,0.12,0.0313,0.9378,,,0.0564,0.0268,
window,0.4,0.2,0.2,0.0605,0.12,0.0313,0.9378,0.4225,0.4813,,,
window,0.4,30.0%,0.3,0.0605,0.12,0.0313,0.9308,0.4161,0.4758,,,
window,0.4,50.0%,0.5,0.0605,0.12,0.0313,0.9378,0.4225,0.4813,,,
word,0.4,0.2,0.2,0.0605,0.12,0.0313,0.9378,,,0.0564,,
word,0.4,30.0%,0.3,0.0605,0.12,0.0313,0.9308,,,0.0594,,
word,0.4,50.0%,0.5,0.0605,0.12,0.0313,0.9378,,,0.0564,,
iou,0.4,20.0%,0.2,0.0604,0.1212,0.0312,0.9326,,,0.054,0.0239,51.36
iou_word_sep,0.4,20.0%,0.2,0.0604,0.1212,0.0312,0.9326,,,0.054,0.0257,
window,0.4,20.0%,0.2,0.0604,0.1212,0.0312,0.9326,0.4253,0.4812,,,
word,0.4,20.0%,0.2,0.0604,0.1212,0.0312,0.9326,,,0.054,,
iou,0.4,10.0%,0.1,0.0603,0.1198,0.0311,0.932,,,0.0517,0.0174,67.05
iou_word_sep,0.4,10.0%,0.1,0.0603,0.1198,0.0311,0.932,,,0.0517,0.0229,
window,0.4,10.0%,0.1,0.0603,0.1198,0.0311,0.932,0.4271,0.4858,,,
word,0.4,10.0%,0.1,0.0603,0.1198,0.0311,0.932,,,0.0517,,
iou,0.4,60.0%,0.6,0.0602,0.1207,0.0311,0.9303,,,0.0632,0.0274,35.85
iou_word_sep,0.4,60.0%,0.6,0.0602,0.1207,0.0311,0.9303,,,0.0632,0.0262,
window,0.4,60.0%,0.6,0.0602,0.1207,0.0311,0.9303,0.4394,0.4948,,,
word,0.4,60.0%,0.6,0.0602,0.1207,0.0311,0.9303,,,0.0632,,
iou,0.4,0.3,0.3,0.0588,0.1192,0.0304,0.9315,,,0.0653,0.0249,30.92
iou_word_sep,0.4,0.3,0.3,0.0588,0.1192,0.0304,0.9315,,,0.0653,0.0252,
window,0.4,0.3,0.3,0.0588,0.1192,0.0304,0.9315,0.4362,0.4944,,,
word,0.4,0.3,0.3,0.0588,0.1192,0.0304,0.9315,,,0.0653,,
iou,0.5,0.4,0.4,0.0766,0.1689,0.04,0.9154,,,0.0766,0.037,32.18
iou,0.5,80.0%,0.8,0.0766,0.1689,0.04,0.9154,,,0.0766,0.037,32.18
iou_word_sep,0.5,0.4,0.4,0.0766,0.1689,0.04,0.9154,,,0.0766,0.0376,
iou_word_sep,0.5,80.0%,0.8,0.0766,0.1689,0.04,0.9154,,,0.0766,0.0376,
window,0.5,0.4,0.4,0.0766,0.1689,0.04,0.9154,0.4244,0.4882,,,
window,0.5,80.0%,0.8,0.0766,0.1689,0.04,0.9154,0.4244,0.4882,,,
word,0.5,0.4,0.4,0.0766,0.1689,0.04,0.9154,,,0.0766,,
word,0.5,80.0%,0.8,0.0766,0.1689,0.04,0.9154,,,0.0766,,
iou,0.5,0.5,0.5,0.0758,0.1682,0.0395,0.9076,,,0.057,0.0367,26.9
iou,0.5,100.0%,1.0,0.0758,0.1682,0.0395,0.9076,,,0.057,0.0367,26.9
iou,0.5,30.0%,0.3,0.0758,0.1683,0.0396,0.9005,,,0.0724,0.0295,42.04
iou_word_sep,0.5,0.5,0.5,0.0758,0.1682,0.0395,0.9076,,,0.057,0.0367,
iou_word_sep,0.5,100.0%,1.0,0.0758,0.1682,0.0395,0.9076,,,0.057,0.0367,
iou_word_sep,0.5,30.0%,0.3,0.0758,0.1683,0.0396,0.9005,,,0.0724,0.0339,
window,0.5,0.5,0.5,0.0758,0.1682,0.0395,0.9076,0.3857,0.4671,,,
window,0.5,100.0%,1.0,0.0758,0.1682,0.0395,0.9076,0.3857,0.4671,,,
window,0.5,30.0%,0.3,0.0758,0.1683,0.0396,0.9005,0.414,0.4789,,,
word,0.5,0.5,0.5,0.0758,0.1682,0.0395,0.9076,,,0.057,,
word,0.5,100.0%,1.0,0.0758,0.1682,0.0395,0.9076,,,0.057,,
word,0.5,30.0%,0.3,0.0758,0.1683,0.0396,0.9005,,,0.0724,,
iou,0.5,0.25,0.25,0.0757,0.1707,0.0395,0.9085,,,0.0652,0.0337,34.33
iou,0.5,40.0%,0.4,0.0757,0.1698,0.0395,0.9063,,,0.0707,0.0346,39.7
iou,0.5,50.0%,0.5,0.0757,0.1707,0.0395,0.9085,,,0.0652,0.0337,34.33
iou_word_sep,0.5,0.25,0.25,0.0757,0.1707,0.0395,0.9085,,,0.0652,0.0335,
iou_word_sep,0.5,40.0%,0.4,0.0757,0.1698,0.0395,0.9063,,,0.0707,0.0364,
iou_word_sep,0.5,50.0%,0.5,0.0757,0.1707,0.0395,0.9085,,,0.0652,0.0335,
window,0.5,0.25,0.25,0.0757,0.1707,0.0395,0.9085,0.3964,0.4737,,,
window,0.5,40.0%,0.4,0.0757,0.1698,0.0395,0.9063,0.4236,0.4952,,,
window,0.5,50.0%,0.5,0.0757,0.1707,0.0395,0.9085,0.3964,0.4737,,,
word,0.5,0.25,0.25,0.0757,0.1707,0.0395,0.9085,,,0.0652,,
word,0.5,40.0%,0.4,0.0757,0.1698,0.0395,0.9063,,,0.0707,,
word,0.5,50.0%,0.5,0.0757,0.1707,0.0395,0.9085,,,0.0652,,
iou,0.5,0.45,0.45,0.0754,0.1666,0.0393,0.9069,,,0.081,0.0387,29.62
iou,0.5,90.0%,0.9,0.0754,0.1666,0.0393,0.9069,,,0.081,0.0387,29.62
iou_word_sep,0.5,0.45,0.45,0.0754,0.1666,0.0393,0.9069,,,0.081,0.0394,
iou_word_sep,0.5,90.0%,0.9,0.0754,0.1666,0.0393,0.9069,,,0.081,0.0394,
window,0.5,0.45,0.45,0.0754,0.1666,0.0393,0.9069,0.4293,0.4973,,,
window,0.5,90.0%,0.9,0.0754,0.1666,0.0393,0.9069,0.4293,0.4973,,,
word,0.5,0.45,0.45,0.0754,0.1666,0.0393,0.9069,,,0.081,,
word,0.5,90.0%,0.9,0.0754,0.1666,0.0393,0.9069,,,0.081,,
iou,0.5,10.0%,0.1,0.0751,0.1684,0.0392,0.8991,,,0.0607,0.021,63.38
iou_word_sep,0.5,10.0%,0.1,0.0751,0.1684,0.0392,0.8991,,,0.0607,0.0255,
window,0.5,10.0%,0.1,0.0751,0.1684,0.0392,0.8991,0.4188,0.487,,,
word,0.5,10.0%,0.1,0.0751,0.1684,0.0392,0.8991,,,0.0607,,
iou,0.5,20.0%,0.2,0.075,0.1683,0.0391,0.8977,,,0.0629,0.0285,49.73
iou_word_sep,0.5,20.0%,0.2,0.075,0.1683,0.0391,0.8977,,,0.0629,0.0304,
window,0.5,20.0%,0.2,0.075,0.1683,0.0391,0.8977,0.4185,0.4921,,,
word,0.5,20.0%,0.2,0.075,0.1683,0.0391,0.8977,,,0.0629,,
iou,0.5,0.35,0.35,0.0748,0.1712,0.039,0.8985,,,0.0717,0.033,32.22
iou,0.5,70.0%,0.7,0.0748,0.1712,0.039,0.8985,,,0.0717,0.033,32.22
iou_word_sep,0.5,0.35,0.35,0.0748,0.1712,0.039,0.8985,,,0.0717,0.033,
iou_word_sep,0.5,70.0%,0.7,0.0748,0.1712,0.039,0.8985,,,0.0717,0.033,
window,0.5,0.35,0.35,0.0748,0.1712,0.039,0.8985,0.436,0.5032,,,
window,0.5,70.0%,0.7,0.0748,0.1712,0.039,0.8985,0.436,0.5032,,,
word,0.5,0.35,0.35,0.0748,0.1712,0.039,0.8985,,,0.0717,,
word,0.5,70.0%,0.7,0.0748,0.1712,0.039,0.8985,,,0.0717,,
iou,0.5,0.3,0.3,0.0744,0.1688,0.0388,0.8964,,,0.0688,0.0293,32.22
iou,0.5,60.0%,0.6,0.0744,0.1688,0.0388,0.8964,,,0.0688,0.0293,32.22
iou_word_sep,0.5,0.3,0.3,0.0744,0.1688,0.0388,0.8964,,,0.0688,0.0284,
iou_word_sep,0.5,60.0%,0.6,0.0744,0.1688,0.0388,0.8964,,,0.0688,0.0284,
window,0.5,0.3,0.3,0.0744,0.1688,0.0388,0.8964,0.4123,0.4917,,,
window,0.5,60.0%,0.6,0.0744,0.1688,0.0388,0.8964,0.4123,0.4917,,,
word,0.5,0.3,0.3,0.0744,0.1688,0.0388,0.8964,,,0.0688,,
word,0.5,60.0%,0.6,0.0744,0.1688,0.0388,0.8964,,,0.0688,,
iou,0.6,0.4,0.4,0.0919,0.2047,0.0485,0.8899,,,0.0817,0.0448,34.98
iou_word_sep,0.6,0.4,0.4,0.0919,0.2047,0.0485,0.8899,,,0.0817,0.0455,
window,0.6,0.4,0.4,0.0919,0.2047,0.0485,0.8899,0.4131,0.4848,,,
word,0.6,0.4,0.4,0.0919,0.2047,0.0485,0.8899,,,0.0817,,
iou,0.6,0.5,0.5,0.0898,0.2095,0.0474,0.8643,,,0.0906,0.0385,28.24
iou_word_sep,0.6,0.5,0.5,0.0898,0.2095,0.0474,0.8643,,,0.0906,0.0393,
window,0.6,0.5,0.5,0.0898,0.2095,0.0474,0.8643,0.3977,0.4634,,,
word,0.6,0.5,0.5,0.0898,0.2095,0.0474,0.8643,,,0.0906,,
iou,0.6,20.0%,0.2,0.0889,0.2057,0.0469,0.8673,,,0.0746,0.0319,47.86
iou_word_sep,0.6,20.0%,0.2,0.0889,0.2057,0.0469,0.8673,,,0.0746,0.0352,
window,0.6,20.0%,0.2,0.0889,0.2057,0.0469,0.8673,0.4132,0.4915,,,
word,0.6,20.0%,0.2,0.0889,0.2057,0.0469,0.8673,,,0.0746,,
iou,0.6,40.0%,0.4,0.0888,0.2054,0.0468,0.87,,,0.0808,0.0368,37.89
iou_word_sep,0.6,40.0%,0.4,0.0888,0.2054,0.0468,0.87,,,0.0808,0.04,
window,0.6,40.0%,0.4,0.0888,0.2054,0.0468,0.87,0.4099,0.481,,,
word,0.6,40.0%,0.4,0.0888,0.2054,0.0468,0.87,,,0.0808,,
iou_word_sep,0.6,0.35,0.35,0.0886,0.2071,0.0467,0.861,,,0.0792,0.037,
window,0.6,0.35,0.35,0.0886,0.2071,0.0467,0.861,0.4452,0.5158,,,
word,0.6,0.35,0.35,0.0886,0.2071,0.0467,0.861,,,0.0792,,
iou,0.6,10.0%,0.1,0.0885,0.2059,0.0466,0.8632,,,0.0729,0.0256,62.21
iou_word_sep,0.6,10.0%,0.1,0.0885,0.2059,0.0466,0.8632,,,0.0729,0.031,
window,0.6,10.0%,0.1,0.0885,0.2059,0.0466,0.8632,0.4084,0.4865,,,
word,0.6,10.0%,0.1,0.0885,0.2059,0.0466,0.8632,,,0.0729,,
iou,0.6,80.0%,0.8,0.0884,0.2021,0.0466,0.8606,,,0.0827,0.0422,29.87
iou_word_sep,0.6,80.0%,0.8,0.0884,0.2021,0.0466,0.8606,,,0.0827,0.0433,
window,0.6,80.0%,0.8,0.0884,0.2021,0.0466,0.8606,0.4151,0.481,,,
word,0.6,80.0%,0.8,0.0884,0.2021,0.0466,0.8606,,,0.0827,,
iou,0.6,0.55,0.55,0.0883,0.2099,0.0466,0.8525,,,0.0879,0.0481,30.49
iou_word_sep,0.6,0.55,0.55,0.0883,0.2099,0.0466,0.8525,,,0.0879,0.0477,
window,0.6,0.55,0.55,0.0883,0.2099,0.0466,0.8525,0.4159,0.4956,,,
word,0.6,0.55,0.55,0.0883,0.2099,0.0466,0.8525,,,0.0879,,
iou,0.6,70.0%,0.7,0.0882,0.2095,0.0465,0.8593,,,0.0811,0.0386,31.35
iou_word_sep,0.6,70.0%,0.7,0.0882,0.2095,0.0465,0.8593,,,0.0811,0.0404,
window,0.6,70.0%,0.7,0.0882,0.2095,0.0465,0.8593,0.3952,0.4821,,,
word,0.6,70.0%,0.7,0.0882,0.2095,0.0465,0.8593,,,0.0811,,
iou,0.6,60.0%,0.6,0.0878,0.2039,0.0462,0.8712,,,0.0757,0.0371,33.85
iou_word_sep,0.6,60.0%,0.6,0.0878,0.2039,0.0462,0.8712,,,0.0757,0.0371,
window,0.6,60.0%,0.6,0.0878,0.2039,0.0462,0.8712,0.3993,0.476,,,
word,0.6,60.0%,0.6,0.0878,0.2039,0.0462,0.8712,,,0.0757,,
iou,0.6,0.6,0.6,0.0875,0.2065,0.0461,0.8521,,,0.067,0.0424,27.29
iou,0.6,100.0%,1.0,0.0875,0.2065,0.0461,0.8521,,,0.067,0.0424,27.29
iou,0.6,30.0%,0.3,0.0875,0.2066,0.0461,0.856,,,0.0791,0.0305,39.09
iou_word_sep,0.6,0.6,0.6,0.0875,0.2065,0.0461,0.8521,,,0.067,0.0419,
iou_word_sep,0.6,100.0%,1.0,0.0875,0.2065,0.0461,0.8521,,,0.067,0.0419,
iou_word_sep,0.6,30.0%,0.3,0.0875,0.2066,0.0461,0.856,,,0.0791,0.0371,
window,0.6,0.6,0.6,0.0875,0.2065,0.0461,0.8521,0.4245,0.4887,,,
window,0.6,100.0%,1.0,0.0875,0.2065,0.0461,0.8521,0.4245,0.4887,,,
window,0.6,30.0%,0.3,0.0875,0.2066,0.0461,0.856,0.3931,0.4729,,,
word,0.6,0.6,0.6,0.0875,0.2065,0.0461,0.8521,,,0.067,,
word,0.6,100.0%,1.0,0.0875,0.2065,0.0461,0.8521,,,0.067,,
word,0.6,30.0%,0.3,0.0875,0.2066,0.0461,0.856,,,0.0791,,
iou,0.6,0.3,0.3,0.0867,0.2052,0.0457,0.845,,,0.0757,0.0405,35.26
iou,0.6,50.0%,0.5,0.0867,0.2052,0.0457,0.845,,,0.0757,0.0405,35.26
iou_word_sep,0.6,0.3,0.3,0.0867,0.2052,0.0457,0.845,,,0.0757,0.0392,
iou_word_sep,0.6,50.0%,0.5,0.0867,0.2052,0.0457,0.845,,,0.0757,0.0392,
window,0.6,0.3,0.3,0.0867,0.2052,0.0457,0.845,0.4115,0.4886,,,
window,0.6,50.0%,0.5,0.0867,0.2052,0.0457,0.845,0.4115,0.4886,,,
word,0.6,0.3,0.3,0.0867,0.2052,0.0457,0.845,,,0.0757,,
word,0.6,50.0%,0.5,0.0867,0.2052,0.0457,0.845,,,0.0757,,
iou,0.6,0.45,0.45,0.0859,0.206,0.0452,0.8657,,,0.0865,0.0438,32.67
iou_word_sep,0.6,0.45,0.45,0.0859,0.206,0.0452,0.8657,,,0.0865,0.0453,
window,0.6,0.45,0.45,0.0859,0.206,0.0452,0.8657,0.4152,0.4926,,,
word,0.6,0.45,0.45,0.0859,0.206,0.0452,0.8657,,,0.0865,,
iou,0.6,90.0%,0.9,0.0854,0.2093,0.045,0.8503,,,0.0899,0.043,28.81
iou_word_sep,0.6,90.0%,0.9,0.0854,0.2093,0.045,0.8503,,,0.0899,0.0434,
window,0.6,90.0%,0.9,0.0854,0.2093,0.045,0.8503,0.4225,0.4985,,,
word,0.6,90.0%,0.9,0.0854,0.2093,0.045,0.8503,,,0.0899,,
iou,0.6,0.35,0.35,,,,,,,,,
iou,0.7,80.0%,0.8,0.1056,0.2354,0.0562,0.8643,,,0.0911,0.0478,31.13
iou_word_sep,0.7,80.0%,0.8,0.1056,0.2354,0.0562,0.8643,,,0.0911,0.0488,
window,0.7,80.0%,0.8,0.1056,0.2354,0.0562,0.8643,0.3943,0.4785,,,
word,0.7,80.0%,0.8,0.1056,0.2354,0.0562,0.8643,,,0.0911,,
iou,0.7,40.0%,0.4,0.1048,0.2321,0.0559,0.8479,,,0.0871,0.0431,37.23
iou_word_sep,0.7,40.0%,0.4,0.1048,0.2321,0.0559,0.8479,,,0.0871,0.0443,
window,0.7,40.0%,0.4,0.1048,0.2321,0.0559,0.8479,0.4121,0.4975,,,
word,0.7,40.0%,0.4,0.1048,0.2321,0.0559,0.8479,,,0.0871,,
iou,0.7,0.5,0.5,0.1044,0.2382,0.0556,0.848,,,0.0933,0.0513,34.09
iou_word_sep,0.7,0.5,0.5,0.1044,0.2382,0.0556,0.848,,,0.0933,0.0525,
window,0.7,0.5,0.5,0.1044,0.2382,0.0556,0.848,0.4201,0.4966,,,
word,0.7,0.5,0.5,0.1044,0.2382,0.0556,0.848,,,0.0933,,
iou,0.7,0.4,0.4,0.1033,0.2326,0.055,0.8493,,,0.0864,0.0434,33.67
iou_word_sep,0.7,0.4,0.4,0.1033,0.2326,0.055,0.8493,,,0.0864,0.0434,
window,0.7,0.4,0.4,0.1033,0.2326,0.055,0.8493,0.4025,0.4954,,,
word,0.7,0.4,0.4,0.1033,0.2326,0.055,0.8493,,,0.0864,,
iou,0.7,0.35,0.35,0.1026,0.2372,0.0546,0.8425,,,0.0875,0.0517,38.14
iou,0.7,50.0%,0.5,0.1026,0.2372,0.0546,0.8425,,,0.0875,0.0517,38.14
iou_word_sep,0.7,0.35,0.35,0.1026,0.2372,0.0546,0.8425,,,0.0875,0.0513,
iou_word_sep,0.7,50.0%,0.5,0.1026,0.2372,0.0546,0.8425,,,0.0875,0.0513,
window,0.7,0.35,0.35,0.1026,0.2372,0.0546,0.8425,0.4505,0.5262,,,
window,0.7,50.0%,0.5,0.1026,0.2372,0.0546,0.8425,0.4505,0.5262,,,
word,0.7,0.35,0.35,0.1026,0.2372,0.0546,0.8425,,,0.0875,,
word,0.7,50.0%,0.5,0.1026,0.2372,0.0546,0.8425,,,0.0875,,
iou,0.7,10.0%,0.1,0.1025,0.2358,0.0545,0.8453,,,0.0823,0.0282,63.22
iou_word_sep,0.7,10.0%,0.1,0.1025,0.2358,0.0545,0.8453,,,0.0823,0.0359,
window,0.7,10.0%,0.1,0.1025,0.2358,0.0545,0.8453,0.415,0.5005,,,
word,0.7,10.0%,0.1,0.1025,0.2358,0.0545,0.8453,,,0.0823,,
iou,0.7,0.55,0.55,0.1021,0.2358,0.0543,0.8505,,,0.0887,0.0493,31.13
iou_word_sep,0.7,0.55,0.55,0.1021,0.2358,0.0543,0.8505,,,0.0887,0.0498,
window,0.7,0.55,0.55,0.1021,0.2358,0.0543,0.8505,0.3973,0.4935,,,
word,0.7,0.55,0.55,0.1021,0.2358,0.0543,0.8505,,,0.0887,,
iou,0.7,20.0%,0.2,0.1019,0.234,0.0542,0.842,,,0.0888,0.0368,49.92
iou_word_sep,0.7,20.0%,0.2,0.1019,0.234,0.0542,0.842,,,0.0888,0.0426,
window,0.7,20.0%,0.2,0.1019,0.234,0.0542,0.842,0.422,0.503,,,
word,0.7,20.0%,0.2,0.1019,0.234,0.0542,0.842,,,0.0888,,
iou,0.7,70.0%,0.7,0.1015,0.2316,0.054,0.8527,,,0.0925,0.051,36.17
iou_word_sep,0.7,70.0%,0.7,0.1015,0.2316,0.054,0.8527,,,0.0925,0.0519,
window,0.7,70.0%,0.7,0.1015,0.2316,0.054,0.8527,0.4487,0.53,,,
word,0.7,70.0%,0.7,0.1015,0.2316,0.054,0.8527,,,0.0925,,
iou,0.7,60.0%,0.6,0.1014,0.2355,0.054,0.8246,,,0.0856,0.0515,37.24
iou_word_sep,0.7,60.0%,0.6,0.1014,0.2355,0.054,0.8246,,,0.0856,0.0522,
window,0.7,60.0%,0.6,0.1014,0.2355,0.054,0.8246,0.4357,0.5209,,,
word,0.7,60.0%,0.6,0.1014,0.2355,0.054,0.8246,,,0.0856,,
iou,0.7,0.6,0.6,0.1013,0.2338,0.0539,0.8547,,,0.1,0.0507,29.98
iou_word_sep,0.7,0.6,0.6,0.1013,0.2338,0.0539,0.8547,,,0.1,0.0507,
window,0.7,0.6,0.6,0.1013,0.2338,0.0539,0.8547,0.4095,0.4816,,,
word,0.7,0.6,0.6,0.1013,0.2338,0.0539,0.8547,,,0.1,,
iou,0.7,0.7,0.7,0.1012,0.2346,0.0539,0.832,,,0.08,0.0562,31.07
iou,0.7,100.0%,1.0,0.1012,0.2346,0.0539,0.832,,,0.08,0.0562,31.07
iou_word_sep,0.7,0.7,0.7,0.1012,0.2346,0.0539,0.832,,,0.08,0.0551,
iou_word_sep,0.7,100.0%,1.0,0.1012,0.2346,0.0539,0.832,,,0.08,0.0551,
window,0.7,0.7,0.7,0.1012,0.2346,0.0539,0.832,0.4626,0.5364,,,
window,0.7,100.0%,1.0,0.1012,0.2346,0.0539,0.832,0.4626,0.5364,,,
word,0.7,0.7,0.7,0.1012,0.2346,0.0539,0.832,,,0.08,,
word,0.7,100.0%,1.0,0.1012,0.2346,0.0539,0.832,,,0.08,,
iou,0.7,30.0%,0.3,0.1011,0.2359,0.0538,0.8364,,,0.0967,0.0411,40.76
iou_word_sep,0.7,30.0%,0.3,0.1011,0.2359,0.0538,0.8364,,,0.0967,0.0453,
window,0.7,30.0%,0.3,0.1011,0.2359,0.0538,0.8364,0.4309,0.51,,,
word,0.7,30.0%,0.3,0.1011,0.2359,0.0538,0.8364,,,0.0967,,
iou,0.7,0.45,0.45,0.1009,0.2341,0.0536,0.8509,,,0.0899,0.0461,33.63
iou_word_sep,0.7,0.45,0.45,0.1009,0.2341,0.0536,0.8509,,,0.0899,0.0469,
window,0.7,0.45,0.45,0.1009,0.2341,0.0536,0.8509,0.4029,0.4872,,,
word,0.7,0.45,0.45,0.1009,0.2341,0.0536,0.8509,,,0.0899,,
iou,0.7,0.65,0.65,0.1005,0.2387,0.0536,0.8147,,,0.0975,0.0544,29.4
iou_word_sep,0.7,0.65,0.65,0.1005,0.2387,0.0536,0.8147,,,0.0975,0.0534,
window,0.7,0.65,0.65,0.1005,0.2387,0.0536,0.8147,0.403,0.4984,,,
word,0.7,0.65,0.65,0.1005,0.2387,0.0536,0.8147,,,0.0975,,
iou,0.7,90.0%,0.9,0.098,0.2308,0.0521,0.827,,,0.095,0.0537,29.56
iou_word_sep,0.7,90.0%,0.9,0.098,0.2308,0.0521,0.827,,,0.095,0.0537,
window,0.7,90.0%,0.9,0.098,0.2308,0.0521,0.827,0.424,0.5108,,,
word,0.7,90.0%,0.9,0.098,0.2308,0.0521,0.827,,,0.095,,
iou,0.8,70.0%,0.7,0.1201,0.2698,0.0646,0.8532,,,0.0942,0.0576,33.56
iou_word_sep,0.8,70.0%,0.7,0.1201,0.2698,0.0646,0.8532,,,0.0942,0.0562,
window,0.8,70.0%,0.7,0.1201,0.2698,0.0646,0.8532,0.4008,0.4977,,,
word,0.8,70.0%,0.7,0.1201,0.2698,0.0646,0.8532,,,0.0942,,
iou,0.8,0.55,0.55,0.1165,0.2644,0.0627,0.8136,,,0.0982,0.0552,33.5
iou_word_sep,0.8,0.55,0.55,0.1165,0.2644,0.0627,0.8136,,,0.0982,0.0538,
window,0.8,0.55,0.55,0.1165,0.2644,0.0627,0.8136,0.3971,0.4931,,,
word,0.8,0.55,0.55,0.1165,0.2644,0.0627,0.8136,,,0.0982,,
iou,0.8,80.0%,0.8,0.1163,0.2639,0.0625,0.8337,,,0.1047,0.0593,34.59
iou_word_sep,0.8,80.0%,0.8,0.1163,0.2639,0.0625,0.8337,,,0.1047,0.0588,
window,0.8,80.0%,0.8,0.1163,0.2639,0.0625,0.8337,0.4295,0.5121,,,
word,0.8,80.0%,0.8,0.1163,0.2639,0.0625,0.8337,,,0.1047,,
iou,0.8,90.0%,0.9,0.1156,0.263,0.0622,0.8099,,,0.1077,0.055,29.1
iou_word_sep,0.8,90.0%,0.9,0.1156,0.263,0.0622,0.8099,,,0.1077,0.0539,
window,0.8,90.0%,0.9,0.1156,0.263,0.0622,0.8099,0.4089,0.497,,,
word,0.8,90.0%,0.9,0.1156,0.263,0.0622,0.8099,,,0.1077,,
iou,0.8,0.4,0.4,0.1148,0.2619,0.0617,0.8139,,,0.0943,0.0509,35.69
iou,0.8,30.0%,0.3,0.1148,0.2611,0.0617,0.8162,,,0.1062,0.0406,39.3
iou,0.8,50.0%,0.5,0.1148,0.2619,0.0617,0.8139,,,0.0943,0.0509,35.69
iou_word_sep,0.8,0.4,0.4,0.1148,0.2619,0.0617,0.8139,,,0.0943,0.0497,
iou_word_sep,0.8,30.0%,0.3,0.1148,0.2611,0.0617,0.8162,,,0.1062,0.0458,
iou_word_sep,0.8,50.0%,0.5,0.1148,0.2619,0.0617,0.8139,,,0.0943,0.0497,
window,0.8,0.4,0.4,0.1148,0.2619,0.0617,0.8139,0.4155,0.5085,,,
window,0.8,30.0%,0.3,0.1148,0.2611,0.0617,0.8162,0.3973,0.4882,,,
window,0.8,50.0%,0.5,0.1148,0.2619,0.0617,0.8139,0.4155,0.5085,,,
word,0.8,0.4,0.4,0.1148,0.2619,0.0617,0.8139,,,0.0943,,
word,0.8,30.0%,0.3,0.1148,0.2611,0.0617,0.8162,,,0.1062,,
word,0.8,50.0%,0.5,0.1148,0.2619,0.0617,0.8139,,,0.0943,,
iou,0.8,60.0%,0.6,0.1147,0.2588,0.0617,0.8059,,,0.0935,0.0491,34.39
iou_word_sep,0.8,60.0%,0.6,0.1147,0.2588,0.0617,0.8059,,,0.0935,0.0495,
window,0.8,60.0%,0.6,0.1147,0.2588,0.0617,0.8059,0.3913,0.4898,,,
word,0.8,60.0%,0.6,0.1147,0.2588,0.0617,0.8059,,,0.0935,,
iou,0.8,0.75,0.75,0.1146,0.2603,0.0616,0.8194,,,0.1014,0.0531,25.99
iou_word_sep,0.8,0.75,0.75,0.1146,0.2603,0.0616,0.8194,,,0.1014,0.0537,
window,0.8,0.75,0.75,0.1146,0.2603,0.0616,0.8194,0.3358,0.4409,,,
word,0.8,0.75,0.75,0.1146,0.2603,0.0616,0.8194,,,0.1014,,
iou,0.8,0.6,0.6,0.1145,0.2579,0.0615,0.8201,,,0.1029,0.0564,32.49
iou,0.8,10.0%,0.1,0.1145,0.2625,0.0616,0.8153,,,0.0943,0.0343,59.11
iou_word_sep,0.8,0.6,0.6,0.1145,0.2579,0.0615,0.8201,,,0.1029,0.0554,
iou_word_sep,0.8,10.0%,0.1,0.1145,0.2625,0.0616,0.8153,,,0.0943,0.0412,
window,0.8,0.6,0.6,0.1145,0.2579,0.0615,0.8201,0.4173,0.5077,,,
window,0.8,10.0%,0.1,0.1145,0.2625,0.0616,0.8153,0.4,0.4919,,,
word,0.8,0.6,0.6,0.1145,0.2579,0.0615,0.8201,,,0.1029,,
word,0.8,10.0%,0.1,0.1145,0.2625,0.0616,0.8153,,,0.0943,,
iou,0.8,40.0%,0.4,0.1137,0.2613,0.0611,0.811,,,0.0985,0.0476,36.67
iou_word_sep,0.8,40.0%,0.4,0.1137,0.2613,0.0611,0.811,,,0.0985,0.0494,
window,0.8,40.0%,0.4,0.1137,0.2613,0.0611,0.811,0.4034,0.491,,,
word,0.8,40.0%,0.4,0.1137,0.2613,0.0611,0.811,,,0.0985,,
iou,0.8,0.45,0.45,0.1135,0.2625,0.061,0.8146,,,0.0973,0.052,34.87
iou,0.8,20.0%,0.2,0.1135,0.2612,0.061,0.8116,,,0.0902,0.0404,44.78
iou_word_sep,0.8,0.45,0.45,0.1135,0.2625,0.061,0.8146,,,0.0973,0.0493,
iou_word_sep,0.8,20.0%,0.2,0.1135,0.2612,0.061,0.8116,,,0.0902,0.0438,
window,0.8,0.45,0.45,0.1135,0.2625,0.061,0.8146,0.4011,0.4903,,,
window,0.8,20.0%,0.2,0.1135,0.2612,0.061,0.8116,0.3891,0.4872,,,
word,0.8,0.45,0.45,0.1135,0.2625,0.061,0.8146,,,0.0973,,
word,0.8,20.0%,0.2,0.1135,0.2612,0.061,0.8116,,,0.0902,,
iou,0.8,0.8,0.8,0.113,0.2575,0.0608,0.7989,,,0.0857,0.0555,28.45
iou,0.8,100.0%,1.0,0.113,0.2575,0.0608,0.7989,,,0.0857,0.0555,28.45
iou_word_sep,0.8,0.8,0.8,0.113,0.2575,0.0608,0.7989,,,0.0857,0.0549,
iou_word_sep,0.8,100.0%,1.0,0.113,0.2575,0.0608,0.7989,,,0.0857,0.0549,
window,0.8,0.8,0.8,0.113,0.2575,0.0608,0.7989,0.4103,0.5034,,,
window,0.8,100.0%,1.0,0.113,0.2575,0.0608,0.7989,0.4103,0.5034,,,
word,0.8,0.8,0.8,0.113,0.2575,0.0608,0.7989,,,0.0857,,
word,0.8,100.0%,1.0,0.113,0.2575,0.0608,0.7989,,,0.0857,,
iou,0.8,0.7,0.7,0.1129,0.2642,0.0607,0.7961,,,0.1063,0.0549,28.64
iou_word_sep,0.8,0.7,0.7,0.1129,0.2642,0.0607,0.7961,,,0.1063,0.0571,
window,0.8,0.7,0.7,0.1129,0.2642,0.0607,0.7961,0.4219,0.5183,,,
word,0.8,0.7,0.7,0.1129,0.2642,0.0607,0.7961,,,0.1063,,
iou,0.8,0.5,0.5,0.1121,0.2609,0.0603,0.7866,,,0.0912,0.0531,32.96
iou_word_sep,0.8,0.5,0.5,0.1121,0.2609,0.0603,0.7866,,,0.0912,0.0544,
window,0.8,0.5,0.5,0.1121,0.2609,0.0603,0.7866,0.3734,0.4792,,,
word,0.8,0.5,0.5,0.1121,0.2609,0.0603,0.7866,,,0.0912,,
iou,0.8,0.65,0.65,0.1108,0.2573,0.0595,0.795,,,0.1053,0.0565,30.75
iou_word_sep,0.8,0.65,0.65,0.1108,0.2573,0.0595,0.795,,,0.1053,0.0529,
window,0.8,0.65,0.65,0.1108,0.2573,0.0595,0.795,0.39,0.4842,,,
word,0.8,0.65,0.65,0.1108,0.2573,0.0595,0.795,,,0.1053,,
iou,0.9,0.9,0.9,0.1322,0.2895,0.0719,0.824,,,0.086,0.0553,25.13
iou,0.9,100.0%,1.0,0.1322,0.2895,0.0719,0.824,,,0.086,0.0553,25.13
iou_word_sep,0.9,0.9,0.9,0.1322,0.2895,0.0719,0.824,,,0.086,0.0546,
iou_word_sep,0.9,100.0%,1.0,0.1322,0.2895,0.0719,0.824,,,0.086,0.0546,
window,0.9,0.9,0.9,0.1322,0.2895,0.0719,0.824,0.3572,0.461,,,
window,0.9,100.0%,1.0,0.1322,0.2895,0.0719,0.824,0.3572,0.461,,,
word,0.9,0.9,0.9,0.1322,0.2895,0.0719,0.824,,,0.086,,
word,0.9,100.0%,1.0,0.1322,0.2895,0.0719,0.824,,,0.086,,
iou,0.9,0.6,0.6,0.1284,0.2841,0.0698,0.8011,,,0.1032,0.0577,31.89
iou_word_sep,0.9,0.6,0.6,0.1284,0.2841,0.0698,0.8011,,,0.1032,0.0557,
window,0.9,0.6,0.6,0.1284,0.2841,0.0698,0.8011,0.387,0.4803,,,
word,0.9,0.6,0.6,0.1284,0.2841,0.0698,0.8011,,,0.1032,,
iou,0.9,0.5,0.5,0.1281,0.2832,0.0697,0.7902,,,0.1055,0.0571,34.37
iou_word_sep,0.9,0.5,0.5,0.1281,0.2832,0.0697,0.7902,,,0.1055,0.0561,
window,0.9,0.5,0.5,0.1281,0.2832,0.0697,0.7902,0.4056,0.4961,,,
word,0.9,0.5,0.5,0.1281,0.2832,0.0697,0.7902,,,0.1055,,
iou,0.9,0.55,0.55,0.1273,0.2859,0.0691,0.8028,,,0.1024,0.0564,35.68
iou_word_sep,0.9,0.55,0.55,0.1273,0.2859,0.0691,0.8028,,,0.1024,0.0564,
window,0.9,0.55,0.55,0.1273,0.2859,0.0691,0.8028,0.4072,0.4957,,,
word,0.9,0.55,0.55,0.1273,0.2859,0.0691,0.8028,,,0.1024,,
iou,0.9,40.0%,0.4,0.1272,0.282,0.0691,0.8036,,,0.1078,0.0553,38.42
iou_word_sep,0.9,40.0%,0.4,0.1272,0.282,0.0691,0.8036,,,0.1078,0.0581,
window,0.9,40.0%,0.4,0.1272,0.282,0.0691,0.8036,0.4079,0.493,,,
word,0.9,40.0%,0.4,0.1272,0.282,0.0691,0.8036,,,0.1078,,
iou,0.9,20.0%,0.2,0.127,0.2841,0.069,0.7968,,,0.1045,0.0479,45.88
iou_word_sep,0.9,20.0%,0.2,0.127,0.2841,0.069,0.7968,,,0.1045,0.0517,
window,0.9,20.0%,0.2,0.127,0.2841,0.069,0.7968,0.3892,0.4795,,,
word,0.9,20.0%,0.2,0.127,0.2841,0.069,0.7968,,,0.1045,,
iou,0.9,0.65,0.65,0.1268,0.2861,0.069,0.7743,,,0.1069,0.061,32.69
iou_word_sep,0.9,0.65,0.65,0.1268,0.2861,0.069,0.7743,,,0.1069,0.0599,
window,0.9,0.65,0.65,0.1268,0.2861,0.069,0.7743,0.3984,0.4936,,,
word,0.9,0.65,0.65,0.1268,0.2861,0.069,0.7743,,,0.1069,,
iou,0.9,0.45,0.45,0.1267,0.282,0.0688,0.7997,,,0.0971,0.058,33.95
iou,0.9,50.0%,0.5,0.1267,0.282,0.0688,0.7997,,,0.0971,0.058,33.95
iou_word_sep,0.9,0.45,0.45,0.1267,0.282,0.0688,0.7997,,,0.0971,0.0556,
iou_word_sep,0.9,50.0%,0.5,0.1267,0.282,0.0688,0.7997,,,0.0971,0.0556,
window,0.9,0.45,0.45,0.1267,0.282,0.0688,0.7997,0.3971,0.4903,,,
window,0.9,50.0%,0.5,0.1267,0.282,0.0688,0.7997,0.3971,0.4903,,,
word,0.9,0.45,0.45,0.1267,0.282,0.0688,0.7997,,,0.0971,,
word,0.9,50.0%,0.5,0.1267,0.282,0.0688,0.7997,,,0.0971,,
iou,0.9,10.0%,0.1,0.1262,0.2836,0.0685,0.7949,,,0.1032,0.0374,58.95
iou_word_sep,0.9,10.0%,0.1,0.1262,0.2836,0.0685,0.7949,,,0.1032,0.0436,
window,0.9,10.0%,0.1,0.1262,0.2836,0.0685,0.7949,0.3964,0.487,,,
word,0.9,10.0%,0.1,0.1262,0.2836,0.0685,0.7949,,,0.1032,,
iou,0.9,80.0%,0.8,0.1261,0.2776,0.0685,0.796,,,0.1102,0.0609,32.08
iou_word_sep,0.9,80.0%,0.8,0.1261,0.2776,0.0685,0.796,,,0.1102,0.0615,
window,0.9,80.0%,0.8,0.1261,0.2776,0.0685,0.796,0.4023,0.4901,,,
word,0.9,80.0%,0.8,0.1261,0.2776,0.0685,0.796,,,0.1102,,
iou,0.9,60.0%,0.6,0.1255,0.2874,0.0682,0.7891,,,0.0998,0.0579,34.02
iou_word_sep,0.9,60.0%,0.6,0.1255,0.2874,0.0682,0.7891,,,0.0998,0.0579,
window,0.9,60.0%,0.6,0.1255,0.2874,0.0682,0.7891,0.3976,0.4828,,,
word,0.9,60.0%,0.6,0.1255,0.2874,0.0682,0.7891,,,0.0998,,
iou,0.9,30.0%,0.3,0.1254,0.2857,0.0681,0.7961,,,0.1105,0.0469,38.69
iou_word_sep,0.9,30.0%,0.3,0.1254,0.2857,0.0681,0.7961,,,0.1105,0.0544,
window,0.9,30.0%,0.3,0.1254,0.2857,0.0681,0.7961,0.4021,0.4909,,,
word,0.9,30.0%,0.3,0.1254,0.2857,0.0681,0.7961,,,0.1105,,
iou,0.9,0.7,0.7,0.1249,0.2799,0.0679,0.7725,,,0.1104,0.0566,30.61
iou_word_sep,0.9,0.7,0.7,0.1249,0.2799,0.0679,0.7725,,,0.1104,0.0566,
window,0.9,0.7,0.7,0.1249,0.2799,0.0679,0.7725,0.3912,0.4667,,,
word,0.9,0.7,0.7,0.1249,0.2799,0.0679,0.7725,,,0.1104,,
iou,0.9,70.0%,0.7,0.1246,0.2851,0.0676,0.7968,,,0.1077,0.0565,32.86
iou_word_sep,0.9,70.0%,0.7,0.1246,0.2851,0.0676,0.7968,,,0.1077,0.0554,
window,0.9,70.0%,0.7,0.1246,0.2851,0.0676,0.7968,0.3855,0.4874,,,
word,0.9,70.0%,0.7,0.1246,0.2851,0.0676,0.7968,,,0.1077,,
iou,0.9,0.75,0.75,0.1245,0.2794,0.0676,0.7827,,,0.1088,0.0559,28.06
iou_word_sep,0.9,0.75,0.75,0.1245,0.2794,0.0676,0.7827,,,0.1088,,
window,0.9,0.75,0.75,0.1245,0.2794,0.0676,0.7827,0.3632,0.4567,,,
word,0.9,0.75,0.75,0.1245,0.2794,0.0676,0.7827,,,0.1088,,
iou,0.9,0.8,0.8,0.1239,0.2808,0.0673,0.7761,,,0.1135,0.0618,28.06
iou_word_sep,0.9,0.8,0.8,0.1239,0.2808,0.0673,0.7761,,,0.1135,0.0618,
window,0.9,0.8,0.8,0.1239,0.2808,0.0673,0.7761,0.4065,0.5064,,,
word,0.9,0.8,0.8,0.1239,0.2808,0.0673,0.7761,,,0.1135,,
iou,0.9,0.85,0.85,0.1231,0.2839,0.0668,0.7859,,,0.1178,0.0626,27.75
iou_word_sep,0.9,0.85,0.85,0.1231,0.2839,0.0668,0.7859,,,0.1178,0.0626,
window,0.9,0.85,0.85,0.1231,0.2839,0.0668,0.7859,0.3713,0.4793,,,
word,0.9,0.85,0.85,0.1231,0.2839,0.0668,0.7859,,,0.1178,,
iou,0.9,90.0%,0.9,0.1223,0.2843,0.0663,0.7844,,,0.1124,0.062,28.21
iou_word_sep,0.9,90.0%,0.9,0.1223,0.2843,0.0663,0.7844,,,0.1124,0.0632,
window,0.9,90.0%,0.9,0.1223,0.2843,0.0663,0.7844,0.4038,0.4868,,,
word,0.9,90.0%,0.9,0.1223,0.2843,0.0663,0.7844,,,0.1124,,
iou,1.0,1.0,1.0,0.1408,0.2987,0.0772,0.7944,,,0.0853,0.0655,24.29
iou,1.0,100.0%,1.0,0.1408,0.2987,0.0772,0.7944,,,0.0853,0.0655,24.29
iou_word_sep,1.0,1.0,1.0,0.1408,0.2987,0.0772,0.7944,,,0.0853,0.0648,
iou_word_sep,1.0,100.0%,1.0,0.1408,0.2987,0.0772,0.7944,,,0.0853,0.0648,
window,1.0,1.0,1.0,0.1408,0.2987,0.0772,0.7944,0.3517,0.4539,,,
window,1.0,100.0%,1.0,0.1408,0.2987,0.0772,0.7944,0.3517,0.4539,,,
word,1.0,1.0,1.0,0.1408,0.2987,0.0772,0.7944,,,0.0853,,
word,1.0,100.0%,1.0,0.1408,0.2987,0.0772,0.7944,,,0.0853,,
iou,1.0,0.6,0.6,0.1398,0.3088,0.0768,0.7833,,,0.1117,0.0631,34.27
iou,1.0,0.75,0.75,0.1398,0.3017,0.0767,0.7827,,,0.1129,0.065,31.03
iou,1.0,60.0%,0.6,0.1398,0.3088,0.0768,0.7833,,,0.1117,0.0631,34.27
iou_word_sep,1.0,0.6,0.6,0.1398,0.3088,0.0768,0.7833,,,0.1117,0.0615,
iou_word_sep,1.0,0.75,0.75,0.1398,0.3017,0.0767,0.7827,,,0.1129,0.0656,
iou_word_sep,1.0,60.0%,0.6,0.1398,0.3088,0.0768,0.7833,,,0.1117,0.0615,
window,1.0,0.6,0.6,0.1398,0.3088,0.0768,0.7833,0.3847,0.4858,,,
window,1.0,0.75,0.75,0.1398,0.3017,0.0767,0.7827,0.3783,0.4771,,,
window,1.0,60.0%,0.6,0.1398,0.3088,0.0768,0.7833,0.3847,0.4858,,,
word,1.0,0.6,0.6,0.1398,0.3088,0.0768,0.7833,,,0.1117,,
word,1.0,0.75,0.75,0.1398,0.3017,0.0767,0.7827,,,0.1129,,
word,1.0,60.0%,0.6,0.1398,0.3088,0.0768,0.7833,,,0.1117,,
iou,1.0,0.7,0.7,0.1391,0.3108,0.0765,0.7677,,,0.1184,0.0686,33.91
iou,1.0,70.0%,0.7,0.1391,0.3108,0.0765,0.7677,,,0.1184,0.0686,33.91
iou_word_sep,1.0,0.7,0.7,0.1391,0.3108,0.0765,0.7677,,,0.1184,0.0686,
iou_word_sep,1.0,70.0%,0.7,0.1391,0.3108,0.0765,0.7677,,,0.1184,0.0686,
window,1.0,0.7,0.7,0.1391,0.3108,0.0765,0.7677,0.4122,0.5,,,
window,1.0,70.0%,0.7,0.1391,0.3108,0.0765,0.7677,0.4122,0.5,,,
word,1.0,0.7,0.7,0.1391,0.3108,0.0765,0.7677,,,0.1184,,
word,1.0,70.0%,0.7,0.1391,0.3108,0.0765,0.7677,,,0.1184,,
iou,1.0,0.65,0.65,0.1385,0.3024,0.0761,0.7733,,,0.1082,0.0585,31.87
iou_word_sep,1.0,0.65,0.65,0.1385,0.3024,0.0761,0.7733,,,0.1082,0.0563,
window,1.0,0.65,0.65,0.1385,0.3024,0.0761,0.7733,0.3759,0.4704,,,
word,1.0,0.65,0.65,0.1385,0.3024,0.0761,0.7733,,,0.1082,,
iou,1.0,20.0%,0.2,0.1381,0.3046,0.0758,0.7781,,,0.1108,0.0507,45.97
iou_word_sep,1.0,20.0%,0.2,0.1381,0.3046,0.0758,0.7781,,,0.1108,0.0528,
window,1.0,20.0%,0.2,0.1381,0.3046,0.0758,0.7781,0.392,0.4883,,,
word,1.0,20.0%,0.2,0.1381,0.3046,0.0758,0.7781,,,0.1108,,
iou,1.0,10.0%,0.1,0.1376,0.3057,0.0755,0.7747,,,0.1098,0.0386,57.31
iou_word_sep,1.0,10.0%,0.1,0.1376,0.3057,0.0755,0.7747,,,0.1098,0.0432,
window,1.0,10.0%,0.1,0.1376,0.3057,0.0755,0.7747,0.3895,0.483,,,
word,1.0,10.0%,0.1,0.1376,0.3057,0.0755,0.7747,,,0.1098,,
iou,1.0,0.95,0.95,0.1373,0.3092,0.0753,0.7781,,,0.1248,0.07,29.57
iou_word_sep,1.0,0.95,0.95,0.1373,0.3092,0.0753,0.7781,,,0.1248,0.0708,
window,1.0,0.95,0.95,0.1373,0.3092,0.0753,0.7781,0.4173,0.5176,,,
word,1.0,0.95,0.95,0.1373,0.3092,0.0753,0.7781,,,0.1248,,
iou,1.0,0.8,0.8,0.1371,0.3023,0.0753,0.7675,,,0.1162,0.0626,28.65
iou,1.0,80.0%,0.8,0.1371,0.3023,0.0753,0.7675,,,0.1162,0.0626,28.65
iou_word_sep,1.0,0.8,0.8,0.1371,0.3023,0.0753,0.7675,,,0.1162,0.0646,
iou_word_sep,1.0,80.0%,0.8,0.1371,0.3023,0.0753,0.7675,,,0.1162,0.0646,
window,1.0,0.8,0.8,0.1371,0.3023,0.0753,0.7675,0.3948,0.4853,,,
window,1.0,80.0%,0.8,0.1371,0.3023,0.0753,0.7675,0.3948,0.4853,,,
word,1.0,0.8,0.8,0.1371,0.3023,0.0753,0.7675,,,0.1162,,
word,1.0,80.0%,0.8,0.1371,0.3023,0.0753,0.7675,,,0.1162,,
iou,1.0,40.0%,0.4,0.137,0.3055,0.0752,0.7644,,,0.1156,0.0512,35.11
iou_word_sep,1.0,40.0%,0.4,0.137,0.3055,0.0752,0.7644,,,0.1156,0.053,
window,1.0,40.0%,0.4,0.137,0.3055,0.0752,0.7644,0.3846,0.4696,,,
word,1.0,40.0%,0.4,0.137,0.3055,0.0752,0.7644,,,0.1156,,
iou,1.0,0.5,0.5,0.1369,0.2985,0.0751,0.7764,,,0.1073,0.0604,33.24
iou,1.0,30.0%,0.3,0.1369,0.308,0.0751,0.7758,,,0.1159,0.05,37.69
iou,1.0,50.0%,0.5,0.1369,0.2985,0.0751,0.7764,,,0.1073,0.0604,33.24
iou_word_sep,1.0,0.5,0.5,0.1369,0.2985,0.0751,0.7764,,,0.1073,0.0573,
iou_word_sep,1.0,30.0%,0.3,0.1369,0.308,0.0751,0.7758,,,0.1159,0.0562,
iou_word_sep,1.0,50.0%,0.5,0.1369,0.2985,0.0751,0.7764,,,0.1073,0.0573,
window,1.0,0.5,0.5,0.1369,0.2985,0.0751,0.7764,0.3782,0.4734,,,
window,1.0,30.0%,0.3,0.1369,0.308,0.0751,0.7758,0.3774,0.4777,,,
window,1.0,50.0%,0.5,0.1369,0.2985,0.0751,0.7764,0.3782,0.4734,,,
word,1.0,0.5,0.5,0.1369,0.2985,0.0751,0.7764,,,0.1073,,
word,1.0,30.0%,0.3,0.1369,0.308,0.0751,0.7758,,,0.1159,,
word,1.0,50.0%,0.5,0.1369,0.2985,0.0751,0.7764,,,0.1073,,
iou,1.0,0.55,0.55,0.1357,0.3066,0.0744,0.7662,,,0.1135,0.0523,31.63
iou_word_sep,1.0,0.55,0.55,0.1357,0.3066,0.0744,0.7662,,,0.1135,0.0474,
window,1.0,0.55,0.55,0.1357,0.3066,0.0744,0.7662,0.3726,0.4619,,,
word,1.0,0.55,0.55,0.1357,0.3066,0.0744,0.7662,,,0.1135,,
iou,1.0,0.9,0.9,0.1349,0.3106,0.074,0.769,,,0.1246,0.0686,29.21
iou,1.0,90.0%,0.9,0.1349,0.3106,0.074,0.769,,,0.1246,0.0686,29.21
iou_word_sep,1.0,0.9,0.9,0.1349,0.3106,0.074,0.769,,,0.1246,0.0701,
iou_word_sep,1.0,90.0%,0.9,0.1349,0.3106,0.074,0.769,,,0.1246,0.0701,
window,1.0,0.9,0.9,0.1349,0.3106,0.074,0.769,0.394,0.5017,,,
window,1.0,90.0%,0.9,0.1349,0.3106,0.074,0.769,0.394,0.5017,,,
word,1.0,0.9,0.9,0.1349,0.3106,0.074,0.769,,,0.1246,,
word,1.0,90.0%,0.9,0.1349,0.3106,0.074,0.769,,,0.1246,,
iou,1.0,0.85,0.85,0.1333,0.3038,0.0729,0.7744,,,0.1236,0.0659,30.88
iou_word_sep,1.0,0.85,0.85,0.1333,0.3038,0.0729,0.7744,,,0.1236,0.0645,
window,1.0,0.85,0.85,0.1333,0.3038,0.0729,0.7744,0.3789,0.4822,,,
word,1.0,0.85,0.85,0.1333,0.3038,0.0729,0.7744,,,0.1236,,
iou,1.1,0.85,0.85,0.1524,0.3274,0.0843,0.7914,,,0.1279,0.0654,30.0
iou_word_sep,1.1,0.85,0.85,0.1524,0.3274,0.0843,0.7914,,,0.1279,0.0647,
window,1.1,0.85,0.85,0.1524,0.3274,0.0843,0.7914,0.3521,0.4556,,,
word,1.1,0.85,0.85,0.1524,0.3274,0.0843,0.7914,,,0.1279,,
iou,1.1,0.7,0.7,0.1514,0.3168,0.0839,0.7722,,,0.1205,0.0682,33.24
iou_word_sep,1.1,0.7,0.7,0.1514,0.3168,0.0839,0.7722,,,0.1205,0.0676,
window,1.1,0.7,0.7,0.1514,0.3168,0.0839,0.7722,0.3729,0.4684,,,
word,1.1,0.7,0.7,0.1514,0.3168,0.0839,0.7722,,,0.1205,,
iou,1.1,90.0%,0.9,0.15,0.3091,0.0832,0.755,,,0.1257,0.0675,27.38
iou_word_sep,1.1,90.0%,0.9,0.15,0.3091,0.0832,0.755,,,0.1257,0.066,
window,1.1,90.0%,0.9,0.15,0.3091,0.0832,0.755,0.3654,0.457,,,
word,1.1,90.0%,0.9,0.15,0.3091,0.0832,0.755,,,0.1257,,
iou,1.1,30.0%,0.3,0.1498,0.3167,0.083,0.7619,,,0.1334,0.057,38.92
iou_word_sep,1.1,30.0%,0.3,0.1498,0.3167,0.083,0.7619,,,0.1334,0.0612,
window,1.1,30.0%,0.3,0.1498,0.3167,0.083,0.7619,0.3787,0.467,,,
word,1.1,30.0%,0.3,0.1498,0.3167,0.083,0.7619,,,0.1334,,
iou,1.1,60.0%,0.6,0.1493,0.3143,0.0827,0.7628,,,0.1169,0.0689,33.95
iou_word_sep,1.1,60.0%,0.6,0.1493,0.3143,0.0827,0.7628,,,0.1169,0.0661,
window,1.1,60.0%,0.6,0.1493,0.3143,0.0827,0.7628,0.3751,0.4586,,,
word,1.1,60.0%,0.6,0.1493,0.3143,0.0827,0.7628,,,0.1169,,
iou,1.1,0.75,0.75,0.149,0.3117,0.0826,0.7592,,,0.1232,0.0687,33.02
iou_word_sep,1.1,0.75,0.75,0.149,0.3117,0.0826,0.7592,,,0.1232,0.0687,
window,1.1,0.75,0.75,0.149,0.3117,0.0826,0.7592,0.3888,0.4746,,,
word,1.1,0.75,0.75,0.149,0.3117,0.0826,0.7592,,,0.1232,,
iou,1.1,20.0%,0.2,0.1487,0.3197,0.0824,0.7642,,,0.1189,0.0537,44.54
iou_word_sep,1.1,20.0%,0.2,0.1487,0.3197,0.0824,0.7642,,,0.1189,0.0544,
window,1.1,20.0%,0.2,0.1487,0.3197,0.0824,0.7642,0.3806,0.469,,,
word,1.1,20.0%,0.2,0.1487,0.3197,0.0824,0.7642,,,0.1189,,
iou,1.1,70.0%,0.7,0.1481,0.3157,0.0819,0.7703,,,0.1203,0.0668,31.09
iou,1.1,80.0%,0.8,0.1481,0.3173,0.082,0.7644,,,0.1215,0.0647,28.2
iou_word_sep,1.1,70.0%,0.7,0.1481,0.3157,0.0819,0.7703,,,0.1203,0.0675,
iou_word_sep,1.1,80.0%,0.8,0.1481,0.3173,0.082,0.7644,,,0.1215,0.0682,
window,1.1,70.0%,0.7,0.1481,0.3157,0.0819,0.7703,0.3758,0.4617,,,
window,1.1,80.0%,0.8,0.1481,0.3173,0.082,0.7644,0.3642,0.4411,,,
word,1.1,70.0%,0.7,0.1481,0.3157,0.0819,0.7703,,,0.1203,,
word,1.1,80.0%,0.8,0.1481,0.3173,0.082,0.7644,,,0.1215,,
iou,1.1,0.6,0.6,0.148,0.3121,0.0819,0.7649,,,0.1184,0.0619,32.86
iou_word_sep,1.1,0.6,0.6,0.148,0.3121,0.0819,0.7649,,,0.1184,0.0565,
window,1.1,0.6,0.6,0.148,0.3121,0.0819,0.7649,0.3867,0.4836,,,
word,1.1,0.6,0.6,0.148,0.3121,0.0819,0.7649,,,0.1184,,
iou,1.1,40.0%,0.4,0.1479,0.3162,0.0819,0.7624,,,0.1241,0.0609,36.16
iou_word_sep,1.1,40.0%,0.4,0.1479,0.3162,0.0819,0.7624,,,0.1241,0.0633,
window,1.1,40.0%,0.4,0.1479,0.3162,0.0819,0.7624,0.3783,0.4644,,,
word,1.1,40.0%,0.4,0.1479,0.3162,0.0819,0.7624,,,0.1241,,
iou,1.1,0.55,0.55,0.1478,0.3182,0.0818,0.7649,,,0.1142,0.06,31.25
iou,1.1,50.0%,0.5,0.1478,0.3182,0.0818,0.7649,,,0.1142,0.06,31.25
iou_word_sep,1.1,0.55,0.55,0.1478,0.3182,0.0818,0.7649,,,0.1142,0.0571,
iou_word_sep,1.1,50.0%,0.5,0.1478,0.3182,0.0818,0.7649,,,0.1142,0.0571,
window,1.1,0.55,0.55,0.1478,0.3182,0.0818,0.7649,0.3605,0.4459,,,
window,1.1,50.0%,0.5,0.1478,0.3182,0.0818,0.7649,0.3605,0.4459,,,
word,1.1,0.55,0.55,0.1478,0.3182,0.0818,0.7649,,,0.1142,,
word,1.1,50.0%,0.5,0.1478,0.3182,0.0818,0.7649,,,0.1142,,
iou,1.1,1.1,1.1,0.1476,0.3118,0.0816,0.7666,,,0.0949,0.0635,24.88
iou,1.1,10.0%,0.1,0.1476,0.3192,0.0817,0.7587,,,0.1187,0.0407,56.28
iou,1.1,100.0%,1.0,0.1476,0.3118,0.0816,0.7666,,,0.0949,0.0635,24.88
iou_word_sep,1.1,1.1,1.1,0.1476,0.3118,0.0816,0.7666,,,0.0949,0.0635,
iou_word_sep,1.1,10.0%,0.1,0.1476,0.3192,0.0817,0.7587,,,0.1187,0.0453,
iou_word_sep,1.1,100.0%,1.0,0.1476,0.3118,0.0816,0.7666,,,0.0949,0.0635,
window,1.1,1.1,1.1,0.1476,0.3118,0.0816,0.7666,0.3791,0.4662,,,
window,1.1,10.0%,0.1,0.1476,0.3192,0.0817,0.7587,0.3785,0.4699,,,
window,1.1,100.0%,1.0,0.1476,0.3118,0.0816,0.7666,0.3791,0.4662,,,
word,1.1,1.1,1.1,0.1476,0.3118,0.0816,0.7666,,,0.0949,,
word,1.1,10.0%,0.1,0.1476,0.3192,0.0817,0.7587,,,0.1187,,
word,1.1,100.0%,1.0,0.1476,0.3118,0.0816,0.7666,,,0.0949,,
iou,1.1,1.0,1.0,0.1473,0.3066,0.0816,0.7558,,,0.1225,0.0617,25.33
iou_word_sep,1.1,1.0,1.0,0.1473,0.3066,0.0816,0.7558,,,0.1225,0.0617,
window,1.1,1.0,1.0,0.1473,0.3066,0.0816,0.7558,0.3554,0.449,,,
word,1.1,1.0,1.0,0.1473,0.3066,0.0816,0.7558,,,0.1225,,
iou,1.1,0.8,0.8,0.1468,0.3064,0.0812,0.7689,,,0.1199,0.0714,31.28
iou,1.1,0.95,0.95,0.1468,0.3156,0.0812,0.7657,,,0.1321,0.0748,29.53
iou_word_sep,1.1,0.8,0.8,0.1468,0.3064,0.0812,0.7689,,,0.1199,0.0702,
iou_word_sep,1.1,0.95,0.95,0.1468,0.3156,0.0812,0.7657,,,0.1321,0.0748,
window,1.1,0.8,0.8,0.1468,0.3064,0.0812,0.7689,0.3979,0.4891,,,
window,1.1,0.95,0.95,0.1468,0.3156,0.0812,0.7657,0.3824,0.4836,,,
word,1.1,0.8,0.8,0.1468,0.3064,0.0812,0.7689,,,0.1199,,
word,1.1,0.95,0.95,0.1468,0.3156,0.0812,0.7657,,,0.1321,,
iou,1.1,1.05,1.05,0.1466,0.308,0.0812,0.7554,,,0.1322,0.0777,30.17
iou_word_sep,1.1,1.05,1.05,0.1466,0.308,0.0812,0.7554,,,0.1322,0.0769,
window,1.1,1.05,1.05,0.1466,0.308,0.0812,0.7554,0.4216,0.4964,,,
word,1.1,1.05,1.05,0.1466,0.308,0.0812,0.7554,,,0.1322,,
iou,1.1,0.65,0.65,0.1463,0.3164,0.081,0.7608,,,0.1116,0.0656,33.56
iou_word_sep,1.1,0.65,0.65,0.1463,0.3164,0.081,0.7608,,,0.1116,0.0623,
window,1.1,0.65,0.65,0.1463,0.3164,0.081,0.7608,0.3786,0.4729,,,
word,1.1,0.65,0.65,0.1463,0.3164,0.081,0.7608,,,0.1116,,
iou,1.1,0.9,0.9,0.1432,0.3127,0.0791,0.7542,,,0.1223,0.0694,30.27
iou_word_sep,1.1,0.9,0.9,0.1432,0.3127,0.0791,0.7542,,,0.1223,0.068,
window,1.1,0.9,0.9,0.1432,0.3127,0.0791,0.7542,0.3748,0.4856,,,
word,1.1,0.9,0.9,0.1432,0.3127,0.0791,0.7542,,,0.1223,,
iou,1.2,1.05,1.05,0.1619,0.3363,0.0905,0.7692,,,0.1399,0.0815,32.83
iou_word_sep,1.2,1.05,1.05,0.1619,0.3363,0.0905,0.7692,,,0.1399,0.0815,
window,1.2,1.05,1.05,0.1619,0.3363,0.0905,0.7692,0.4135,0.4967,,,
word,1.2,1.05,1.05,0.1619,0.3363,0.0905,0.7692,,,0.1399,,
iou,1.2,0.7,0.7,0.16,0.3301,0.0894,0.7602,,,0.123,0.0706,33.72
iou_word_sep,1.2,0.7,0.7,0.16,0.3301,0.0894,0.7602,,,0.123,0.0665,
window,1.2,0.7,0.7,0.16,0.3301,0.0894,0.7602,0.3554,0.4541,,,
word,1.2,0.7,0.7,0.16,0.3301,0.0894,0.7602,,,0.123,,
iou,1.2,80.0%,0.8,0.159,0.3294,0.089,0.7431,,,0.1339,0.0734,30.46
iou_word_sep,1.2,80.0%,0.8,0.159,0.3294,0.089,0.7431,,,0.1339,0.0749,
window,1.2,80.0%,0.8,0.159,0.3294,0.089,0.7431,0.3825,0.466,,,
word,1.2,80.0%,0.8,0.159,0.3294,0.089,0.7431,,,0.1339,,
iou,1.2,60.0%,0.6,0.1589,0.3317,0.0889,0.7491,,,0.1158,0.0667,33.56
iou_word_sep,1.2,60.0%,0.6,0.1589,0.3317,0.0889,0.7491,,,0.1158,0.0636,
window,1.2,60.0%,0.6,0.1589,0.3317,0.0889,0.7491,0.3858,0.4744,,,
word,1.2,60.0%,0.6,0.1589,0.3317,0.0889,0.7491,,,0.1158,,
iou,1.2,0.6,0.6,0.1584,0.3275,0.0885,0.7504,,,0.119,0.0707,34.18
iou,1.2,50.0%,0.5,0.1584,0.3275,0.0885,0.7504,,,0.119,0.0707,34.18
iou_word_sep,1.2,0.6,0.6,0.1584,0.3275,0.0885,0.7504,,,0.119,0.0676,
iou_word_sep,1.2,50.0%,0.5,0.1584,0.3275,0.0885,0.7504,,,0.119,0.0676,
window,1.2,0.6,0.6,0.1584,0.3275,0.0885,0.7504,0.3656,0.4662,,,
window,1.2,50.0%,0.5,0.1584,0.3275,0.0885,0.7504,0.3656,0.4662,,,
word,1.2,0.6,0.6,0.1584,0.3275,0.0885,0.7504,,,0.119,,
word,1.2,50.0%,0.5,0.1584,0.3275,0.0885,0.7504,,,0.119,,
iou,1.2,90.0%,0.9,0.1581,0.3322,0.0882,0.76,,,0.1352,0.0782,28.43
iou_word_sep,1.2,90.0%,0.9,0.1581,0.3322,0.0882,0.76,,,0.1352,0.0774,
window,1.2,90.0%,0.9,0.1581,0.3322,0.0882,0.76,0.3688,0.4772,,,
word,1.2,90.0%,0.9,0.1581,0.3322,0.0882,0.76,,,0.1352,,
iou,1.2,30.0%,0.3,0.158,0.3286,0.0882,0.7544,,,0.1372,0.0578,39.39
iou_word_sep,1.2,30.0%,0.3,0.158,0.3286,0.0882,0.7544,,,0.1372,0.0632,
window,1.2,30.0%,0.3,0.158,0.3286,0.0882,0.7544,0.375,0.4737,,,
word,1.2,30.0%,0.3,0.158,0.3286,0.0882,0.7544,,,0.1372,,
iou,1.2,0.75,0.75,0.1579,0.3248,0.0883,0.7433,,,0.1225,0.0673,32.56
iou_word_sep,1.2,0.75,0.75,0.1579,0.3248,0.0883,0.7433,,,0.1225,0.0654,
window,1.2,0.75,0.75,0.1579,0.3248,0.0883,0.7433,0.3628,0.4565,,,
word,1.2,0.75,0.75,0.1579,0.3248,0.0883,0.7433,,,0.1225,,
iou,1.2,0.9,0.9,0.1575,0.3363,0.088,0.7445,,,0.1297,0.0727,31.78
iou_word_sep,1.2,0.9,0.9,0.1575,0.3363,0.088,0.7445,,,0.1297,0.0727,
window,1.2,0.9,0.9,0.1575,0.3363,0.088,0.7445,0.3739,0.4704,,,
word,1.2,0.9,0.9,0.1575,0.3363,0.088,0.7445,,,0.1297,,
iou,1.2,70.0%,0.7,0.1574,0.3252,0.0879,0.7495,,,0.1271,0.0697,31.07
iou_word_sep,1.2,70.0%,0.7,0.1574,0.3252,0.0879,0.7495,,,0.1271,0.0697,
window,1.2,70.0%,0.7,0.1574,0.3252,0.0879,0.7495,0.3636,0.4647,,,
word,1.2,70.0%,0.7,0.1574,0.3252,0.0879,0.7495,,,0.1271,,
iou,1.2,40.0%,0.4,0.157,0.3266,0.0879,0.7356,,,0.1333,0.0619,35.76
iou_word_sep,1.2,40.0%,0.4,0.157,0.3266,0.0879,0.7356,,,0.1333,0.0635,
window,1.2,40.0%,0.4,0.157,0.3266,0.0879,0.7356,0.371,0.4562,,,
word,1.2,40.0%,0.4,0.157,0.3266,0.0879,0.7356,,,0.1333,,
iou,1.2,1.2,1.2,0.1567,0.3271,0.0876,0.7399,,,0.0937,0.0631,23.89
iou,1.2,100.0%,1.0,0.1567,0.3271,0.0876,0.7399,,,0.0937,0.0631,23.89
iou_word_sep,1.2,1.2,1.2,0.1567,0.3271,0.0876,0.7399,,,0.0937,0.064,
iou_word_sep,1.2,100.0%,1.0,0.1567,0.3271,0.0876,0.7399,,,0.0937,0.064,
window,1.2,1.2,1.2,0.1567,0.3271,0.0876,0.7399,0.3525,0.457,,,
window,1.2,100.0%,1.0,0.1567,0.3271,0.0876,0.7399,0.3525,0.457,,,
word,1.2,1.2,1.2,0.1567,0.3271,0.0876,0.7399,,,0.0937,,
word,1.2,100.0%,1.0,0.1567,0.3271,0.0876,0.7399,,,0.0937,,
iou,1.2,10.0%,0.1,0.156,0.3253,0.0871,0.7442,,,0.1263,0.0417,55.58
iou,1.2,20.0%,0.2,0.156,0.3258,0.0872,0.742,,,0.1264,0.0541,46.11
iou_word_sep,1.2,10.0%,0.1,0.156,0.3253,0.0871,0.7442,,,0.1263,0.0472,
iou_word_sep,1.2,20.0%,0.2,0.156,0.3258,0.0872,0.742,,,0.1264,0.0548,
window,1.2,10.0%,0.1,0.156,0.3253,0.0871,0.7442,0.3648,0.4617,,,
window,1.2,20.0%,0.2,0.156,0.3258,0.0872,0.742,0.3674,0.4618,,,
word,1.2,10.0%,0.1,0.156,0.3253,0.0871,0.7442,,,0.1263,,
word,1.2,20.0%,0.2,0.156,0.3258,0.0872,0.742,,,0.1264,,
iou,1.2,0.8,0.8,0.1556,0.3238,0.0868,0.749,,,0.1304,0.0645,30.7
iou_word_sep,1.2,0.8,0.8,0.1556,0.3238,0.0868,0.749,,,0.1304,0.0599,
window,1.2,0.8,0.8,0.1556,0.3238,0.0868,0.749,0.362,0.4607,,,
word,1.2,0.8,0.8,0.1556,0.3238,0.0868,0.749,,,0.1304,,
iou,1.2,0.65,0.65,0.1545,0.3254,0.0863,0.7381,,,0.1261,0.0598,31.33
iou_word_sep,1.2,0.65,0.65,0.1545,0.3254,0.0863,0.7381,,,0.1261,0.0553,
window,1.2,0.65,0.65,0.1545,0.3254,0.0863,0.7381,0.3583,0.4645,,,
word,1.2,0.65,0.65,0.1545,0.3254,0.0863,0.7381,,,0.1261,,
iou,1.2,1.1,1.1,0.1544,0.3227,0.0862,0.7399,,,0.1449,0.0664,24.95
iou_word_sep,1.2,1.1,1.1,0.1544,0.3227,0.0862,0.7399,,,0.1449,0.0664,
window,1.2,1.1,1.1,0.1544,0.3227,0.0862,0.7399,0.3576,0.4565,,,
word,1.2,1.1,1.1,0.1544,0.3227,0.0862,0.7399,,,0.1449,,
iou,1.2,1.15,1.15,0.1543,0.3277,0.0859,0.755,,,0.1329,0.0824,27.17
iou_word_sep,1.2,1.15,1.15,0.1543,0.3277,0.0859,0.755,,,0.1329,0.0824,
window,1.2,1.15,1.15,0.1543,0.3277,0.0859,0.755,0.3623,0.4618,,,
word,1.2,1.15,1.15,0.1543,0.3277,0.0859,0.755,,,0.1329,,
iou,1.2,0.85,0.85,0.1532,0.3315,0.0856,0.7317,,,0.1279,0.0657,29.96
iou_word_sep,1.2,0.85,0.85,0.1532,0.3315,0.0856,0.7317,,,0.1279,0.0636,
window,1.2,0.85,0.85,0.1532,0.3315,0.0856,0.7317,0.3563,0.4728,,,
word,1.2,0.85,0.85,0.1532,0.3315,0.0856,0.7317,,,0.1279,,
iou,1.2,0.95,0.95,0.1494,0.3278,0.0834,0.721,,,0.1258,0.0662,28.71
iou_word_sep,1.2,0.95,0.95,0.1494,0.3278,0.0834,0.721,,,0.1258,0.067,
window,1.2,0.95,0.95,0.1494,0.3278,0.0834,0.721,0.3783,0.4787,,,
word,1.2,0.95,0.95,0.1494,0.3278,0.0834,0.721,,,0.1258,,
iou,1.2,1.0,1.0,0.1487,0.3166,0.0832,0.7026,,,0.1234,0.0554,24.19
iou_word_sep,1.2,1.0,1.0,0.1487,0.3166,0.0832,0.7026,,,0.1234,0.0562,
window,1.2,1.0,1.0,0.1487,0.3166,0.0832,0.7026,0.3382,0.4232,,,
word,1.2,1.0,1.0,0.1487,0.3166,0.0832,0.7026,,,0.1234,,
iou,1.3,80.0%,0.8,0.1704,0.3359,0.096,0.7576,,,0.1393,0.0753,30.14
iou_word_sep,1.3,80.0%,0.8,0.1704,0.3359,0.096,0.7576,,,0.1393,0.0745,
window,1.3,80.0%,0.8,0.1704,0.3359,0.096,0.7576,0.3679,0.4596,,,
word,1.3,80.0%,0.8,0.1704,0.3359,0.096,0.7576,,,0.1393,,
iou,1.3,40.0%,0.4,0.1702,0.3398,0.0959,0.7568,,,0.1508,0.0665,36.44
iou_word_sep,1.3,40.0%,0.4,0.1702,0.3398,0.0959,0.7568,,,0.1508,0.0665,
window,1.3,40.0%,0.4,0.1702,0.3398,0.0959,0.7568,0.3824,0.4655,,,
word,1.3,40.0%,0.4,0.1702,0.3398,0.0959,0.7568,,,0.1508,,
iou,1.3,1.1,1.1,0.1701,0.3445,0.0958,0.7614,,,0.1422,0.0711,27.86
iou_word_sep,1.3,1.1,1.1,0.1701,0.3445,0.0958,0.7614,,,0.1422,0.0702,
window,1.3,1.1,1.1,0.1701,0.3445,0.0958,0.7614,0.3527,0.4467,,,
word,1.3,1.1,1.1,0.1701,0.3445,0.0958,0.7614,,,0.1422,,
iou,1.3,70.0%,0.7,0.1692,0.337,0.0955,0.7413,,,0.1298,0.0716,30.44
iou_word_sep,1.3,70.0%,0.7,0.1692,0.337,0.0955,0.7413,,,0.1298,0.0739,
window,1.3,70.0%,0.7,0.1692,0.337,0.0955,0.7413,0.3527,0.4368,,,
word,1.3,70.0%,0.7,0.1692,0.337,0.0955,0.7413,,,0.1298,,
iou,1.3,1.2,1.2,0.1689,0.3439,0.0952,0.75,,,0.1419,0.0658,25.64
iou_word_sep,1.3,1.2,1.2,0.1689,0.3439,0.0952,0.75,,,0.1419,0.0677,
window,1.3,1.2,1.2,0.1689,0.3439,0.0952,0.75,0.3372,0.4432,,,
word,1.3,1.2,1.2,0.1689,0.3439,0.0952,0.75,,,0.1419,,
iou,1.3,0.85,0.85,0.1686,0.3402,0.095,0.7466,,,0.1315,0.079,34.24
iou_word_sep,1.3,0.85,0.85,0.1686,0.3402,0.095,0.7466,,,0.1315,0.0769,
window,1.3,0.85,0.85,0.1686,0.3402,0.095,0.7466,0.3762,0.4948,,,
word,1.3,0.85,0.85,0.1686,0.3402,0.095,0.7466,,,0.1315,,
iou,1.3,0.9,0.9,0.1674,0.3466,0.0944,0.7366,,,0.1327,0.0749,30.65
iou_word_sep,1.3,0.9,0.9,0.1674,0.3466,0.0944,0.7366,,,0.1327,0.0749,
window,1.3,0.9,0.9,0.1674,0.3466,0.0944,0.7366,0.359,0.4525,,,
word,1.3,0.9,0.9,0.1674,0.3466,0.0944,0.7366,,,0.1327,,
iou,1.3,0.65,0.65,0.1671,0.3392,0.0942,0.7407,,,0.1356,0.0701,34.2
iou,1.3,50.0%,0.5,0.1671,0.3392,0.0942,0.7407,,,0.1356,0.0701,34.2
iou_word_sep,1.3,0.65,0.65,0.1671,0.3392,0.0942,0.7407,,,0.1356,0.0654,
iou_word_sep,1.3,50.0%,0.5,0.1671,0.3392,0.0942,0.7407,,,0.1356,0.0654,
window,1.3,0.65,0.65,0.1671,0.3392,0.0942,0.7407,0.3633,0.454,,,
window,1.3,50.0%,0.5,0.1671,0.3392,0.0942,0.7407,0.3633,0.454,,,
word,1.3,0.65,0.65,0.1671,0.3392,0.0942,0.7407,,,0.1356,,
word,1.3,50.0%,0.5,0.1671,0.3392,0.0942,0.7407,,,0.1356,,
iou,1.3,20.0%,0.2,0.1665,0.3399,0.0939,0.7353,,,0.1403,0.0552,44.06
iou_word_sep,1.3,20.0%,0.2,0.1665,0.3399,0.0939,0.7353,,,0.1403,0.054,
window,1.3,20.0%,0.2,0.1665,0.3399,0.0939,0.7353,0.3571,0.4525,,,
word,1.3,20.0%,0.2,0.1665,0.3399,0.0939,0.7353,,,0.1403,,
iou,1.3,60.0%,0.6,0.1656,0.3477,0.0936,0.7191,,,0.1338,0.0712,32.23
iou_word_sep,1.3,60.0%,0.6,0.1656,0.3477,0.0936,0.7191,,,0.1338,0.0652,
window,1.3,60.0%,0.6,0.1656,0.3477,0.0936,0.7191,0.361,0.4545,,,
word,1.3,60.0%,0.6,0.1656,0.3477,0.0936,0.7191,,,0.1338,,
iou,1.3,0.8,0.8,0.1645,0.3406,0.0927,0.7276,,,0.1283,0.0692,32.25
iou,1.3,30.0%,0.3,0.1645,0.3441,0.0928,0.7209,,,0.1467,0.0548,35.41
iou_word_sep,1.3,0.8,0.8,0.1645,0.3406,0.0927,0.7276,,,0.1283,0.0672,
iou_word_sep,1.3,30.0%,0.3,0.1645,0.3441,0.0928,0.7209,,,0.1467,0.0598,
window,1.3,0.8,0.8,0.1645,0.3406,0.0927,0.7276,0.3556,0.4422,,,
window,1.3,30.0%,0.3,0.1645,0.3441,0.0928,0.7209,0.3502,0.4513,,,
word,1.3,0.8,0.8,0.1645,0.3406,0.0927,0.7276,,,0.1283,,
word,1.3,30.0%,0.3,0.1645,0.3441,0.0928,0.7209,,,0.1467,,
iou,1.3,10.0%,0.1,0.1644,0.3394,0.0927,0.7243,,,0.1397,0.0449,56.15
iou_word_sep,1.3,10.0%,0.1,0.1644,0.3394,0.0927,0.7243,,,0.1397,0.0496,
window,1.3,10.0%,0.1,0.1644,0.3394,0.0927,0.7243,0.3591,0.455,,,
word,1.3,10.0%,0.1,0.1644,0.3394,0.0927,0.7243,,,0.1397,,
iou,1.3,1.3,1.3,0.1641,0.3318,0.0923,0.7381,,,0.1045,0.0769,25.6
iou,1.3,100.0%,1.0,0.1641,0.3318,0.0923,0.7381,,,0.1045,0.0769,25.6
iou_word_sep,1.3,1.3,1.3,0.1641,0.3318,0.0923,0.7381,,,0.1045,0.074,
iou_word_sep,1.3,100.0%,1.0,0.1641,0.3318,0.0923,0.7381,,,0.1045,0.074,
window,1.3,1.3,1.3,0.1641,0.3318,0.0923,0.7381,0.3712,0.4637,,,
window,1.3,100.0%,1.0,0.1641,0.3318,0.0923,0.7381,0.3712,0.4637,,,
word,1.3,1.3,1.3,0.1641,0.3318,0.0923,0.7381,,,0.1045,,
word,1.3,100.0%,1.0,0.1641,0.3318,0.0923,0.7381,,,0.1045,,
iou,1.3,90.0%,0.9,0.1638,0.341,0.0925,0.7169,,,0.1438,0.0692,25.13
iou_word_sep,1.3,90.0%,0.9,0.1638,0.341,0.0925,0.7169,,,0.1438,0.0728,
window,1.3,90.0%,0.9,0.1638,0.341,0.0925,0.7169,0.3451,0.4465,,,
word,1.3,90.0%,0.9,0.1638,0.341,0.0925,0.7169,,,0.1438,,
iou,1.3,0.75,0.75,0.1637,0.3329,0.0924,0.7189,,,0.1284,0.0705,33.16
iou_word_sep,1.3,0.75,0.75,0.1637,0.3329,0.0924,0.7189,,,0.1284,0.0648,
window,1.3,0.75,0.75,0.1637,0.3329,0.0924,0.7189,0.3717,0.4614,,,
word,1.3,0.75,0.75,0.1637,0.3329,0.0924,0.7189,,,0.1284,,
iou,1.3,0.7,0.7,0.1624,0.333,0.0914,0.7283,,,0.1314,0.0653,31.68
iou_word_sep,1.3,0.7,0.7,0.1624,0.333,0.0914,0.7283,,,0.1314,0.0598,
window,1.3,0.7,0.7,0.1624,0.333,0.0914,0.7283,0.3474,0.4371,,,
word,1.3,0.7,0.7,0.1624,0.333,0.0914,0.7283,,,0.1314,,
iou,1.3,1.0,1.0,0.1615,0.3315,0.091,0.7182,,,0.1352,0.0609,27.34
iou_word_sep,1.3,1.0,1.0,0.1615,0.3315,0.091,0.7182,,,0.1352,0.0625,
window,1.3,1.0,1.0,0.1615,0.3315,0.091,0.7182,0.3526,0.4304,,,
word,1.3,1.0,1.0,0.1615,0.3315,0.091,0.7182,,,0.1352,,
iou,1.3,1.15,1.15,0.1608,0.338,0.0904,0.7305,,,0.1427,0.0799,28.29
iou_word_sep,1.3,1.15,1.15,0.1608,0.338,0.0904,0.7305,,,0.1427,0.0799,
window,1.3,1.15,1.15,0.1608,0.338,0.0904,0.7305,0.3883,0.4649,,,
word,1.3,1.15,1.15,0.1608,0.338,0.0904,0.7305,,,0.1427,,
iou,1.3,1.05,1.05,0.1607,0.3324,0.0906,0.7136,,,0.1434,0.0757,31.27
iou_word_sep,1.3,1.05,1.05,0.1607,0.3324,0.0906,0.7136,,,0.1434,0.0766,
window,1.3,1.05,1.05,0.1607,0.3324,0.0906,0.7136,0.4073,0.4816,,,
word,1.3,1.05,1.05,0.1607,0.3324,0.0906,0.7136,,,0.1434,,
iou,1.3,0.95,0.95,0.1598,0.3365,0.0898,0.7261,,,0.132,0.0713,29.27
iou_word_sep,1.3,0.95,0.95,0.1598,0.3365,0.0898,0.7261,,,0.132,0.0683,
window,1.3,0.95,0.95,0.1598,0.3365,0.0898,0.7261,0.3571,0.4509,,,
word,1.3,0.95,0.95,0.1598,0.3365,0.0898,0.7261,,,0.132,,
iou,1.3,1.25,1.25,0.1553,0.3327,0.0875,0.6905,,,0.136,0.0607,21.0
iou_word_sep,1.3,1.25,1.25,0.1553,0.3327,0.0875,0.6905,,,0.136,0.0616,
window,1.3,1.25,1.25,0.1553,0.3327,0.0875,0.6905,0.3168,0.4398,,,
word,1.3,1.25,1.25,0.1553,0.3327,0.0875,0.6905,,,0.136,,
iou,1.4,70.0%,0.7,0.1775,0.3465,0.1007,0.7463,,,0.1386,0.0763,31.1
iou_word_sep,1.4,70.0%,0.7,0.1775,0.3465,0.1007,0.7463,,,0.1386,0.0716,
window,1.4,70.0%,0.7,0.1775,0.3465,0.1007,0.7463,0.3432,0.4448,,,
word,1.4,70.0%,0.7,0.1775,0.3465,0.1007,0.7463,,,0.1386,,
iou,1.4,1.35,1.35,0.1756,0.3549,0.0998,0.731,,,0.1514,0.0816,25.14
iou_word_sep,1.4,1.35,1.35,0.1756,0.3549,0.0998,0.731,,,0.1514,0.0859,
window,1.4,1.35,1.35,0.1756,0.3549,0.0998,0.731,0.3472,0.46,,,
word,1.4,1.35,1.35,0.1756,0.3549,0.0998,0.731,,,0.1514,,
iou,1.4,0.75,0.75,0.1754,0.3441,0.0998,0.7204,,,0.1397,0.0653,31.17
iou_word_sep,1.4,0.75,0.75,0.1754,0.3441,0.0998,0.7204,,,0.1397,0.0599,
window,1.4,0.75,0.75,0.1754,0.3441,0.0998,0.7204,0.3717,0.4583,,,
word,1.4,0.75,0.75,0.1754,0.3441,0.0998,0.7204,,,0.1397,,
iou,1.4,40.0%,0.4,0.1743,0.3437,0.099,0.7257,,,0.1626,0.0673,34.63
iou_word_sep,1.4,40.0%,0.4,0.1743,0.3437,0.099,0.7257,,,0.1626,0.0754,
window,1.4,40.0%,0.4,0.1743,0.3437,0.099,0.7257,0.376,0.4637,,,
word,1.4,40.0%,0.4,0.1743,0.3437,0.099,0.7257,,,0.1626,,
iou,1.4,10.0%,0.1,0.1735,0.341,0.0985,0.7256,,,0.1442,0.0455,55.12
iou_word_sep,1.4,10.0%,0.1,0.1735,0.341,0.0985,0.7256,,,0.1442,0.0538,
window,1.4,10.0%,0.1,0.1735,0.341,0.0985,0.7256,0.3477,0.4468,,,
word,1.4,10.0%,0.1,0.1735,0.341,0.0985,0.7256,,,0.1442,,
iou,1.4,80.0%,0.8,0.1734,0.3434,0.0986,0.719,,,0.1533,0.0699,28.91
iou_word_sep,1.4,80.0%,0.8,0.1734,0.3434,0.0986,0.719,,,0.1533,0.069,
window,1.4,80.0%,0.8,0.1734,0.3434,0.0986,0.719,0.3845,0.4669,,,
word,1.4,80.0%,0.8,0.1734,0.3434,0.0986,0.719,,,0.1533,,
iou,1.4,1.3,1.3,0.1732,0.331,0.0981,0.7361,,,0.1456,0.0644,22.83
iou_word_sep,1.4,1.3,1.3,0.1732,0.331,0.0981,0.7361,,,0.1456,0.0634,
window,1.4,1.3,1.3,0.1732,0.331,0.0981,0.7361,0.321,0.4302,,,
word,1.4,1.3,1.3,0.1732,0.331,0.0981,0.7361,,,0.1456,,
iou,1.4,0.85,0.85,0.1731,0.3395,0.098,0.7403,,,0.1313,0.0744,33.48
iou_word_sep,1.4,0.85,0.85,0.1731,0.3395,0.098,0.7403,,,0.1313,0.0688,
window,1.4,0.85,0.85,0.1731,0.3395,0.098,0.7403,0.3467,0.4612,,,
word,1.4,0.85,0.85,0.1731,0.3395,0.098,0.7403,,,0.1313,,
iou,1.4,1.0,1.0,0.1728,0.3425,0.0982,0.7201,,,0.145,0.0641,29.22
iou_word_sep,1.4,1.0,1.0,0.1728,0.3425,0.0982,0.7201,,,0.145,0.0665,
window,1.4,1.0,1.0,0.1728,0.3425,0.0982,0.7201,0.3713,0.4599,,,
word,1.4,1.0,1.0,0.1728,0.3425,0.0982,0.7201,,,0.145,,
iou,1.4,1.1,1.1,0.1727,0.3413,0.0979,0.7344,,,0.151,0.0685,27.24
iou_word_sep,1.4,1.1,1.1,0.1727,0.3413,0.0979,0.7344,,,0.151,0.0711,
window,1.4,1.1,1.1,0.1727,0.3413,0.0979,0.7344,0.3442,0.456,,,
word,1.4,1.1,1.1,0.1727,0.3413,0.0979,0.7344,,,0.151,,
iou,1.4,0.8,0.8,0.1723,0.3421,0.0979,0.7167,,,0.1355,0.0711,32.65
iou_word_sep,1.4,0.8,0.8,0.1723,0.3421,0.0979,0.7167,,,0.1355,0.0671,
window,1.4,0.8,0.8,0.1723,0.3421,0.0979,0.7167,0.3521,0.4619,,,
word,1.4,0.8,0.8,0.1723,0.3421,0.0979,0.7167,,,0.1355,,
iou,1.4,0.9,0.9,0.1718,0.3455,0.0978,0.7088,,,0.1419,0.0735,31.42
iou_word_sep,1.4,0.9,0.9,0.1718,0.3455,0.0978,0.7088,,,0.1419,0.0742,
window,1.4,0.9,0.9,0.1718,0.3455,0.0978,0.7088,0.3574,0.4622,,,
word,1.4,0.9,0.9,0.1718,0.3455,0.0978,0.7088,,,0.1419,,
iou,1.4,1.05,1.05,0.1716,0.3435,0.0975,0.713,,,0.1441,0.075,30.02
iou_word_sep,1.4,1.05,1.05,0.1716,0.3435,0.0975,0.713,,,0.1441,0.075,
window,1.4,1.05,1.05,0.1716,0.3435,0.0975,0.713,0.3587,0.4623,,,
word,1.4,1.05,1.05,0.1716,0.3435,0.0975,0.713,,,0.1441,,
iou,1.4,1.4,1.4,0.171,0.3433,0.0971,0.719,,,0.104,0.0758,23.71
iou,1.4,100.0%,1.0,0.171,0.3433,0.0971,0.719,,,0.104,0.0758,23.71
iou_word_sep,1.4,1.4,1.4,0.171,0.3433,0.0971,0.719,,,0.104,0.0758,
iou_word_sep,1.4,100.0%,1.0,0.171,0.3433,0.0971,0.719,,,0.104,0.0758,
window,1.4,1.4,1.4,0.171,0.3433,0.0971,0.719,0.337,0.4496,,,
window,1.4,100.0%,1.0,0.171,0.3433,0.0971,0.719,0.337,0.4496,,,
word,1.4,1.4,1.4,0.171,0.3433,0.0971,0.719,,,0.104,,
word,1.4,100.0%,1.0,0.171,0.3433,0.0971,0.719,,,0.104,,
iou,1.4,20.0%,0.2,0.1709,0.341,0.0971,0.7127,,,0.1443,0.0588,41.94
iou_word_sep,1.4,20.0%,0.2,0.1709,0.341,0.0971,0.7127,,,0.1443,0.0597,
window,1.4,20.0%,0.2,0.1709,0.341,0.0971,0.7127,0.3515,0.4495,,,
word,1.4,20.0%,0.2,0.1709,0.341,0.0971,0.7127,,,0.1443,,
iou,1.4,30.0%,0.3,0.1708,0.339,0.0969,0.7192,,,0.149,0.0578,35.39
iou_word_sep,1.4,30.0%,0.3,0.1708,0.339,0.0969,0.7192,,,0.149,0.0615,
window,1.4,30.0%,0.3,0.1708,0.339,0.0969,0.7192,0.3438,0.4496,,,
word,1.4,30.0%,0.3,0.1708,0.339,0.0969,0.7192,,,0.149,,
iou,1.4,1.15,1.15,0.1707,0.3357,0.0966,0.7337,,,0.1449,0.0788,28.9
iou_word_sep,1.4,1.15,1.15,0.1707,0.3357,0.0966,0.7337,,,0.1449,0.0788,
window,1.4,1.15,1.15,0.1707,0.3357,0.0966,0.7337,0.3425,0.4349,,,
word,1.4,1.15,1.15,0.1707,0.3357,0.0966,0.7337,,,0.1449,,
iou,1.4,1.2,1.2,0.1706,0.3444,0.0969,0.7095,,,0.1441,0.0636,26.28
iou_word_sep,1.4,1.2,1.2,0.1706,0.3444,0.0969,0.7095,,,0.1441,0.0627,
window,1.4,1.2,1.2,0.1706,0.3444,0.0969,0.7095,0.3479,0.471,,,
word,1.4,1.2,1.2,0.1706,0.3444,0.0969,0.7095,,,0.1441,,
iou,1.4,0.7,0.7,0.1702,0.3377,0.0966,0.7179,,,0.137,0.0722,31.81
iou,1.4,50.0%,0.5,0.1702,0.3377,0.0966,0.7179,,,0.137,0.0722,31.81
iou_word_sep,1.4,0.7,0.7,0.1702,0.3377,0.0966,0.7179,,,0.137,0.0656,
iou_word_sep,1.4,50.0%,0.5,0.1702,0.3377,0.0966,0.7179,,,0.137,0.0656,
window,1.4,0.7,0.7,0.1702,0.3377,0.0966,0.7179,0.3403,0.4475,,,
window,1.4,50.0%,0.5,0.1702,0.3377,0.0966,0.7179,0.3403,0.4475,,,
word,1.4,0.7,0.7,0.1702,0.3377,0.0966,0.7179,,,0.137,,
word,1.4,50.0%,0.5,0.1702,0.3377,0.0966,0.7179,,,0.137,,
iou,1.4,90.0%,0.9,0.17,0.3413,0.0966,0.707,,,0.1359,0.0728,25.05
iou_word_sep,1.4,90.0%,0.9,0.17,0.3413,0.0966,0.707,,,0.1359,0.0728,
window,1.4,90.0%,0.9,0.17,0.3413,0.0966,0.707,0.3,0.4449,,,
word,1.4,90.0%,0.9,0.17,0.3413,0.0966,0.707,,,0.1359,,
iou,1.4,1.25,1.25,0.169,0.3416,0.0961,0.6995,,,0.1476,0.063,22.5
iou_word_sep,1.4,1.25,1.25,0.169,0.3416,0.0961,0.6995,,,0.1476,0.061,
window,1.4,1.25,1.25,0.169,0.3416,0.0961,0.6995,0.3191,0.4259,,,
word,1.4,1.25,1.25,0.169,0.3416,0.0961,0.6995,,,0.1476,,
iou,1.4,60.0%,0.6,0.166,0.3375,0.0942,0.6987,,,0.1304,0.0697,31.19
iou_word_sep,1.4,60.0%,0.6,0.166,0.3375,0.0942,0.6987,,,0.1304,0.0663,
window,1.4,60.0%,0.6,0.166,0.3375,0.0942,0.6987,0.3366,0.4468,,,
word,1.4,60.0%,0.6,0.166,0.3375,0.0942,0.6987,,,0.1304,,
iou,1.4,0.95,0.95,0.165,0.3456,0.0935,0.7046,,,0.1408,0.0757,30.71
iou_word_sep,1.4,0.95,0.95,0.165,0.3456,0.0935,0.7046,,,0.1408,0.0727,
window,1.4,0.95,0.95,0.165,0.3456,0.0935,0.7046,0.3899,0.4731,,,
word,1.4,0.95,0.95,0.165,0.3456,0.0935,0.7046,,,0.1408,,
iou,1.5,1.2,1.2,0.1879,0.3498,0.1077,0.7386,,,0.1541,0.0747,28.45
iou,1.5,80.0%,0.8,0.1879,0.3498,0.1077,0.7386,,,0.1541,0.0747,28.45
iou_word_sep,1.5,1.2,1.2,0.1879,0.3498,0.1077,0.7386,,,0.1541,0.0766,
iou_word_sep,1.5,80.0%,0.8,0.1879,0.3498,0.1077,0.7386,,,0.1541,0.0766,
window,1.5,1.2,1.2,0.1879,0.3498,0.1077,0.7386,0.3314,0.4448,,,
window,1.5,80.0%,0.8,0.1879,0.3498,0.1077,0.7386,0.3314,0.4448,,,
word,1.5,1.2,1.2,0.1879,0.3498,0.1077,0.7386,,,0.1541,,
word,1.5,80.0%,0.8,0.1879,0.3498,0.1077,0.7386,,,0.1541,,
iou,1.5,1.4,1.4,0.1852,0.3612,0.1062,0.7203,,,0.1471,0.0676,23.08
iou_word_sep,1.5,1.4,1.4,0.1852,0.3612,0.1062,0.7203,,,0.1471,0.073,
window,1.5,1.4,1.4,0.1852,0.3612,0.1062,0.7203,0.31,0.4275,,,
word,1.5,1.4,1.4,0.1852,0.3612,0.1062,0.7203,,,0.1471,,
iou,1.5,40.0%,0.4,0.1839,0.3471,0.1054,0.7224,,,0.1603,0.0657,34.94
iou_word_sep,1.5,40.0%,0.4,0.1839,0.3471,0.1054,0.7224,,,0.1603,0.0708,
window,1.5,40.0%,0.4,0.1839,0.3471,0.1054,0.7224,0.3306,0.4326,,,
word,1.5,40.0%,0.4,0.1839,0.3471,0.1054,0.7224,,,0.1603,,
iou,1.5,0.8,0.8,0.1838,0.3558,0.1056,0.712,,,0.1414,0.0564,29.47
iou_word_sep,1.5,0.8,0.8,0.1838,0.3558,0.1056,0.712,,,0.1414,0.0524,
window,1.5,0.8,0.8,0.1838,0.3558,0.1056,0.712,0.321,0.4225,,,
word,1.5,0.8,0.8,0.1838,0.3558,0.1056,0.712,,,0.1414,,
iou,1.5,20.0%,0.2,0.1826,0.3501,0.1046,0.7191,,,0.1515,0.0605,43.75
iou_word_sep,1.5,20.0%,0.2,0.1826,0.3501,0.1046,0.7191,,,0.1515,0.064,
window,1.5,20.0%,0.2,0.1826,0.3501,0.1046,0.7191,0.3457,0.443,,,
word,1.5,20.0%,0.2,0.1826,0.3501,0.1046,0.7191,,,0.1515,,
iou,1.5,1.3,1.3,0.1817,0.3355,0.1038,0.7304,,,0.1501,0.0686,25.44
iou_word_sep,1.5,1.3,1.3,0.1817,0.3355,0.1038,0.7304,,,0.1501,0.0706,
window,1.5,1.3,1.3,0.1817,0.3355,0.1038,0.7304,0.3156,0.4122,,,
word,1.5,1.3,1.3,0.1817,0.3355,0.1038,0.7304,,,0.1501,,
iou,1.5,1.15,1.15,0.1816,0.3457,0.1037,0.726,,,0.1414,0.0757,28.93
iou_word_sep,1.5,1.15,1.15,0.1816,0.3457,0.1037,0.726,,,0.1414,0.0766,
window,1.5,1.15,1.15,0.1816,0.3457,0.1037,0.726,0.3417,0.4419,,,
word,1.5,1.15,1.15,0.1816,0.3457,0.1037,0.726,,,0.1414,,
iou,1.5,1.5,1.5,0.1804,0.3573,0.1037,0.6946,,,0.1086,0.0864,24.36
iou,1.5,100.0%,1.0,0.1804,0.3573,0.1037,0.6946,,,0.1086,0.0864,24.36
iou_word_sep,1.5,1.5,1.5,0.1804,0.3573,0.1037,0.6946,,,0.1086,0.0817,
iou_word_sep,1.5,100.0%,1.0,0.1804,0.3573,0.1037,0.6946,,,0.1086,0.0817,
window,1.5,1.5,1.5,0.1804,0.3573,0.1037,0.6946,0.366,0.4655,,,
window,1.5,100.0%,1.0,0.1804,0.3573,0.1037,0.6946,0.366,0.4655,,,
word,1.5,1.5,1.5,0.1804,0.3573,0.1037,0.6946,,,0.1086,,
word,1.5,100.0%,1.0,0.1804,0.3573,0.1037,0.6946,,,0.1086,,
iou,1.5,0.85,0.85,0.1802,0.3454,0.1028,0.7281,,,0.1336,0.077,34.3
iou,1.5,10.0%,0.1,0.1802,0.3499,0.1032,0.7089,,,0.1532,0.0512,57.49
iou_word_sep,1.5,0.85,0.85,0.1802,0.3454,0.1028,0.7281,,,0.1336,0.0735,
iou_word_sep,1.5,10.0%,0.1,0.1802,0.3499,0.1032,0.7089,,,0.1532,0.06,
window,1.5,0.85,0.85,0.1802,0.3454,0.1028,0.7281,0.3569,0.4651,,,
window,1.5,10.0%,0.1,0.1802,0.3499,0.1032,0.7089,0.3484,0.4457,,,
word,1.5,0.85,0.85,0.1802,0.3454,0.1028,0.7281,,,0.1336,,
word,1.5,10.0%,0.1,0.1802,0.3499,0.1032,0.7089,,,0.1532,,
iou,1.5,1.45,1.45,0.1799,0.3468,0.1031,0.7064,,,0.156,0.0808,25.56
iou_word_sep,1.5,1.45,1.45,0.1799,0.3468,0.1031,0.7064,,,0.156,0.0842,
window,1.5,1.45,1.45,0.1799,0.3468,0.1031,0.7064,0.375,0.4733,,,
word,1.5,1.45,1.45,0.1799,0.3468,0.1031,0.7064,,,0.156,,
iou,1.5,1.0,1.0,0.1788,0.3504,0.102,0.7214,,,0.1445,0.0678,29.1
iou_word_sep,1.5,1.0,1.0,0.1788,0.3504,0.102,0.7214,,,0.1445,0.0678,
window,1.5,1.0,1.0,0.1788,0.3504,0.102,0.7214,0.3541,0.4438,,,
word,1.5,1.0,1.0,0.1788,0.3504,0.102,0.7214,,,0.1445,,
iou,1.5,1.35,1.35,0.1787,0.3588,0.1023,0.7056,,,0.1641,0.0884,28.0
iou,1.5,90.0%,0.9,0.1787,0.3588,0.1023,0.7056,,,0.1641,0.0884,28.0
iou_word_sep,1.5,1.35,1.35,0.1787,0.3588,0.1023,0.7056,,,0.1641,0.0916,
iou_word_sep,1.5,90.0%,0.9,0.1787,0.3588,0.1023,0.7056,,,0.1641,0.0916,
window,1.5,1.35,1.35,0.1787,0.3588,0.1023,0.7056,0.3856,0.4843,,,
window,1.5,90.0%,0.9,0.1787,0.3588,0.1023,0.7056,0.3856,0.4843,,,
word,1.5,1.35,1.35,0.1787,0.3588,0.1023,0.7056,,,0.1641,,
word,1.5,90.0%,0.9,0.1787,0.3588,0.1023,0.7056,,,0.1641,,
iou,1.5,1.25,1.25,0.1779,0.3416,0.1019,0.7,,,0.1521,0.0688,24.89
iou_word_sep,1.5,1.25,1.25,0.1779,0.3416,0.1019,0.7,,,0.1521,0.0707,
window,1.5,1.25,1.25,0.1779,0.3416,0.1019,0.7,0.3406,0.4429,,,
word,1.5,1.25,1.25,0.1779,0.3416,0.1019,0.7,,,0.1521,,
iou,1.5,0.75,0.75,0.1778,0.352,0.1019,0.6939,,,0.1426,0.0851,34.05
iou,1.5,50.0%,0.5,0.1778,0.352,0.1019,0.6939,,,0.1426,0.0851,34.05
iou_word_sep,1.5,0.75,0.75,0.1778,0.352,0.1019,0.6939,,,0.1426,0.0805,
iou_word_sep,1.5,50.0%,0.5,0.1778,0.352,0.1019,0.6939,,,0.1426,0.0805,
window,1.5,0.75,0.75,0.1778,0.352,0.1019,0.6939,0.3524,0.4563,,,
window,1.5,50.0%,0.5,0.1778,0.352,0.1019,0.6939,0.3524,0.4563,,,
word,1.5,0.75,0.75,0.1778,0.352,0.1019,0.6939,,,0.1426,,
word,1.5,50.0%,0.5,0.1778,0.352,0.1019,0.6939,,,0.1426,,
iou,1.5,0.95,0.95,0.1776,0.3562,0.1015,0.7095,,,0.1411,0.0759,32.14
iou_word_sep,1.5,0.95,0.95,0.1776,0.3562,0.1015,0.7095,,,0.1411,0.0698,
window,1.5,0.95,0.95,0.1776,0.3562,0.1015,0.7095,0.3695,0.4708,,,
word,1.5,0.95,0.95,0.1776,0.3562,0.1015,0.7095,,,0.1411,,
iou,1.5,0.9,0.9,0.1768,0.3525,0.1015,0.6866,,,0.1456,0.0799,32.31
iou,1.5,60.0%,0.6,0.1768,0.3525,0.1015,0.6866,,,0.1456,0.0799,32.31
iou_word_sep,1.5,0.9,0.9,0.1768,0.3525,0.1015,0.6866,,,0.1456,0.0769,
iou_word_sep,1.5,60.0%,0.6,0.1768,0.3525,0.1015,0.6866,,,0.1456,0.0769,
window,1.5,0.9,0.9,0.1768,0.3525,0.1015,0.6866,0.3707,0.467,,,
window,1.5,60.0%,0.6,0.1768,0.3525,0.1015,0.6866,0.3707,0.467,,,
word,1.5,0.9,0.9,0.1768,0.3525,0.1015,0.6866,,,0.1456,,
word,1.5,60.0%,0.6,0.1768,0.3525,0.1015,0.6866,,,0.1456,,
iou,1.5,1.05,1.05,0.1752,0.3521,0.1006,0.6793,,,0.1433,0.0691,29.57
iou,1.5,70.0%,0.7,0.1752,0.3521,0.1006,0.6793,,,0.1433,0.0691,29.57
iou_word_sep,1.5,1.05,1.05,0.1752,0.3521,0.1006,0.6793,,,0.1433,0.0716,
iou_word_sep,1.5,70.0%,0.7,0.1752,0.3521,0.1006,0.6793,,,0.1433,0.0716,
window,1.5,1.05,1.05,0.1752,0.3521,0.1006,0.6793,0.3468,0.4565,,,
window,1.5,70.0%,0.7,0.1752,0.3521,0.1006,0.6793,0.3468,0.4565,,,
word,1.5,1.05,1.05,0.1752,0.3521,0.1006,0.6793,,,0.1433,,
word,1.5,70.0%,0.7,0.1752,0.3521,0.1006,0.6793,,,0.1433,,
iou,1.5,30.0%,0.3,0.1751,0.3499,0.1002,0.6909,,,0.1662,0.0692,38.13
iou_word_sep,1.5,30.0%,0.3,0.1751,0.3499,0.1002,0.6909,,,0.1662,0.0748,
window,1.5,30.0%,0.3,0.1751,0.3499,0.1002,0.6909,0.3693,0.4674,,,
word,1.5,30.0%,0.3,0.1751,0.3499,0.1002,0.6909,,,0.1662,,
iou,1.5,1.1,1.1,0.1729,0.3487,0.0986,0.7005,,,0.157,0.074,29.26
iou_word_sep,1.5,1.1,1.1,0.1729,0.3487,0.0986,0.7005,,,0.157,0.0749,
window,1.5,1.1,1.1,0.1729,0.3487,0.0986,0.7005,0.3612,0.4638,,,
word,1.5,1.1,1.1,0.1729,0.3487,0.0986,0.7005,,,0.157,,
iou,1.6,1.3,1.3,0.1945,0.3474,0.1122,0.7304,,,0.1517,0.0651,25.52
iou_word_sep,1.6,1.3,1.3,0.1945,0.3474,0.1122,0.7304,,,0.1517,0.0682,
window,1.6,1.3,1.3,0.1945,0.3474,0.1122,0.7304,0.2932,0.4027,,,
word,1.6,1.3,1.3,0.1945,0.3474,0.1122,0.7304,,,0.1517,,
iou,1.6,1.5,1.5,0.1941,0.372,0.1123,0.7126,,,0.1669,0.0729,22.88
iou_word_sep,1.6,1.5,1.5,0.1941,0.372,0.1123,0.7126,,,0.1669,0.0776,
window,1.6,1.5,1.5,0.1941,0.372,0.1123,0.7126,0.3276,0.4315,,,
word,1.6,1.5,1.5,0.1941,0.372,0.1123,0.7126,,,0.1669,,
iou,1.6,1.4,1.4,0.1939,0.3635,0.1123,0.7098,,,0.1509,0.0668,24.13
iou_word_sep,1.6,1.4,1.4,0.1939,0.3635,0.1123,0.7098,,,0.1509,0.0668,
window,1.6,1.4,1.4,0.1939,0.3635,0.1123,0.7098,0.2993,0.4201,,,
word,1.6,1.4,1.4,0.1939,0.3635,0.1123,0.7098,,,0.1509,,
iou,1.6,1.55,1.55,0.1934,0.3715,0.1121,0.705,,,0.1652,0.082,22.69
iou_word_sep,1.6,1.55,1.55,0.1934,0.3715,0.1121,0.705,,,0.1652,0.082,
window,1.6,1.55,1.55,0.1934,0.3715,0.1121,0.705,0.3477,0.4561,,,
word,1.6,1.55,1.55,0.1934,0.3715,0.1121,0.705,,,0.1652,,
iou,1.6,70.0%,0.7,0.1932,0.3621,0.1118,0.7097,,,0.1576,0.0675,28.02
iou_word_sep,1.6,70.0%,0.7,0.1932,0.3621,0.1118,0.7097,,,0.1576,0.0648,
window,1.6,70.0%,0.7,0.1932,0.3621,0.1118,0.7097,0.3253,0.4179,,,
word,1.6,70.0%,0.7,0.1932,0.3621,0.1118,0.7097,,,0.1576,,
iou,1.6,60.0%,0.6,0.1921,0.355,0.1109,0.7193,,,0.1379,0.0674,28.86
iou_word_sep,1.6,60.0%,0.6,0.1921,0.355,0.1109,0.7193,,,0.1379,0.0619,
window,1.6,60.0%,0.6,0.1921,0.355,0.1109,0.7193,0.3149,0.4133,,,
word,1.6,60.0%,0.6,0.1921,0.355,0.1109,0.7193,,,0.1379,,
iou,1.6,1.35,1.35,0.1919,0.3613,0.1107,0.7206,,,0.1524,0.0715,25.01
iou_word_sep,1.6,1.35,1.35,0.1919,0.3613,0.1107,0.7206,,,0.1524,0.0736,
window,1.6,1.35,1.35,0.1919,0.3613,0.1107,0.7206,0.3381,0.4384,,,
word,1.6,1.35,1.35,0.1919,0.3613,0.1107,0.7206,,,0.1524,,
iou,1.6,90.0%,0.9,0.1901,0.358,0.1099,0.7041,,,0.1599,0.0782,24.62
iou_word_sep,1.6,90.0%,0.9,0.1901,0.358,0.1099,0.7041,,,0.1599,0.0782,
window,1.6,90.0%,0.9,0.1901,0.358,0.1099,0.7041,0.3738,0.4591,,,
word,1.6,90.0%,0.9,0.1901,0.358,0.1099,0.7041,,,0.1599,,
iou,1.6,1.25,1.25,0.1899,0.3484,0.1095,0.7143,,,0.1544,0.0645,25.77
iou_word_sep,1.6,1.25,1.25,0.1899,0.3484,0.1095,0.7143,,,0.1544,0.0645,
window,1.6,1.25,1.25,0.1899,0.3484,0.1095,0.7143,0.3278,0.4167,,,
word,1.6,1.25,1.25,0.1899,0.3484,0.1095,0.7143,,,0.1544,,
iou,1.6,0.85,0.85,0.1898,0.3536,0.1093,0.7199,,,0.1479,0.0744,32.05
iou_word_sep,1.6,0.85,0.85,0.1898,0.3536,0.1093,0.7199,,,0.1479,0.071,
window,1.6,0.85,0.85,0.1898,0.3536,0.1093,0.7199,0.3389,0.4577,,,
word,1.6,0.85,0.85,0.1898,0.3536,0.1093,0.7199,,,0.1479,,
iou,1.6,30.0%,0.3,0.1897,0.3563,0.1096,0.7036,,,0.1655,0.0595,34.07
iou_word_sep,1.6,30.0%,0.3,0.1897,0.3563,0.1096,0.7036,,,0.1655,0.0649,
window,1.6,30.0%,0.3,0.1897,0.3563,0.1096,0.7036,0.3204,0.4161,,,
word,1.6,30.0%,0.3,0.1897,0.3563,0.1096,0.7036,,,0.1655,,
iou,1.6,0.9,0.9,0.1896,0.3602,0.1096,0.7022,,,0.1545,0.0743,32.13
iou_word_sep,1.6,0.9,0.9,0.1896,0.3602,0.1096,0.7022,,,0.1545,0.0692,
window,1.6,0.9,0.9,0.1896,0.3602,0.1096,0.7022,0.3474,0.4363,,,
word,1.6,0.9,0.9,0.1896,0.3602,0.1096,0.7022,,,0.1545,,
iou,1.6,40.0%,0.4,0.1881,0.3556,0.1082,0.7195,,,0.1561,0.065,31.74
iou_word_sep,1.6,40.0%,0.4,0.1881,0.3556,0.1082,0.7195,,,0.1561,0.0678,
window,1.6,40.0%,0.4,0.1881,0.3556,0.1082,0.7195,0.317,0.4336,,,
word,1.6,40.0%,0.4,0.1881,0.3556,0.1082,0.7195,,,0.1561,,
iou,1.6,1.15,1.15,0.1879,0.3485,0.1085,0.7015,,,0.1496,0.0766,28.79
iou_word_sep,1.6,1.15,1.15,0.1879,0.3485,0.1085,0.7015,,,0.1496,0.0794,
window,1.6,1.15,1.15,0.1879,0.3485,0.1085,0.7015,0.3265,0.4379,,,
word,1.6,1.15,1.15,0.1879,0.3485,0.1085,0.7015,,,0.1496,,
iou,1.6,80.0%,0.8,0.1878,0.3532,0.108,0.7175,,,0.1465,0.0651,25.54
iou_word_sep,1.6,80.0%,0.8,0.1878,0.3532,0.108,0.7175,,,0.1465,0.0671,
window,1.6,80.0%,0.8,0.1878,0.3532,0.108,0.7175,0.3202,0.4286,,,
word,1.6,80.0%,0.8,0.1878,0.3532,0.108,0.7175,,,0.1465,,
iou,1.6,0.8,0.8,0.1873,0.3603,0.1084,0.688,,,0.149,0.0729,30.07
iou,1.6,50.0%,0.5,0.1873,0.3603,0.1084,0.688,,,0.149,0.0729,30.07
iou_word_sep,1.6,0.8,0.8,0.1873,0.3603,0.1084,0.688,,,0.149,0.0671,
iou_word_sep,1.6,50.0%,0.5,0.1873,0.3603,0.1084,0.688,,,0.149,0.0671,
window,1.6,0.8,0.8,0.1873,0.3603,0.1084,0.688,0.3465,0.4425,,,
window,1.6,50.0%,0.5,0.1873,0.3603,0.1084,0.688,0.3465,0.4425,,,
word,1.6,0.8,0.8,0.1873,0.3603,0.1084,0.688,,,0.149,,
word,1.6,50.0%,0.5,0.1873,0.3603,0.1084,0.688,,,0.149,,
iou,1.6,20.0%,0.2,0.187,0.3512,0.1078,0.7058,,,0.1536,0.0602,41.35
iou_word_sep,1.6,20.0%,0.2,0.187,0.3512,0.1078,0.7058,,,0.1536,0.0602,
window,1.6,20.0%,0.2,0.187,0.3512,0.1078,0.7058,0.3232,0.4291,,,
word,1.6,20.0%,0.2,0.187,0.3512,0.1078,0.7058,,,0.1536,,
iou,1.6,1.05,1.05,0.1868,0.3653,0.108,0.6903,,,0.1478,0.0671,29.1
iou_word_sep,1.6,1.05,1.05,0.1868,0.3653,0.108,0.6903,,,0.1478,0.0688,
window,1.6,1.05,1.05,0.1868,0.3653,0.108,0.6903,0.3111,0.4223,,,
word,1.6,1.05,1.05,0.1868,0.3653,0.108,0.6903,,,0.1478,,
iou,1.6,1.45,1.45,0.1865,0.3545,0.108,0.6858,,,0.1637,0.079,26.1
iou_word_sep,1.6,1.45,1.45,0.1865,0.3545,0.108,0.6858,,,0.1637,0.0835,
window,1.6,1.45,1.45,0.1865,0.3545,0.108,0.6858,0.3754,0.4582,,,
word,1.6,1.45,1.45,0.1865,0.3545,0.108,0.6858,,,0.1637,,
iou,1.6,10.0%,0.1,0.1859,0.3542,0.1073,0.6965,,,0.1548,0.0531,53.47
iou_word_sep,1.6,10.0%,0.1,0.1859,0.3542,0.1073,0.6965,,,0.1548,0.0578,
window,1.6,10.0%,0.1,0.1859,0.3542,0.1073,0.6965,0.3214,0.4224,,,
word,1.6,10.0%,0.1,0.1859,0.3542,0.1073,0.6965,,,0.1548,,
iou,1.6,1.0,1.0,0.1858,0.3572,0.1068,0.7129,,,0.152,0.0715,31.46
iou_word_sep,1.6,1.0,1.0,0.1858,0.3572,0.1068,0.7129,,,0.152,0.0715,
window,1.6,1.0,1.0,0.1858,0.3572,0.1068,0.7129,0.3641,0.4556,,,
word,1.6,1.0,1.0,0.1858,0.3572,0.1068,0.7129,,,0.152,,
iou,1.6,1.6,1.6,0.1854,0.3488,0.107,0.6951,,,0.1131,0.0678,20.8
iou,1.6,100.0%,1.0,0.1854,0.3488,0.107,0.6951,,,0.1131,0.0678,20.8
iou_word_sep,1.6,1.6,1.6,0.1854,0.3488,0.107,0.6951,,,0.1131,0.0641,
iou_word_sep,1.6,100.0%,1.0,0.1854,0.3488,0.107,0.6951,,,0.1131,0.0641,
window,1.6,1.6,1.6,0.1854,0.3488,0.107,0.6951,0.356,0.443,,,
window,1.6,100.0%,1.0,0.1854,0.3488,0.107,0.6951,0.356,0.443,,,
word,1.6,1.6,1.6,0.1854,0.3488,0.107,0.6951,,,0.1131,,
word,1.6,100.0%,1.0,0.1854,0.3488,0.107,0.6951,,,0.1131,,
iou,1.6,1.2,1.2,0.1837,0.353,0.1058,0.6946,,,0.1443,0.0623,25.52
iou_word_sep,1.6,1.2,1.2,0.1837,0.353,0.1058,0.6946,,,0.1443,0.0623,
window,1.6,1.2,1.2,0.1837,0.353,0.1058,0.6946,0.3256,0.4362,,,
word,1.6,1.2,1.2,0.1837,0.353,0.1058,0.6946,,,0.1443,,
iou,1.6,0.95,0.95,0.182,0.3578,0.1047,0.6936,,,0.1384,0.0731,31.51
iou_word_sep,1.6,0.95,0.95,0.182,0.3578,0.1047,0.6936,,,0.1384,0.0707,
window,1.6,0.95,0.95,0.182,0.3578,0.1047,0.6936,0.3516,0.458,,,
word,1.6,0.95,0.95,0.182,0.3578,0.1047,0.6936,,,0.1384,,
iou,1.6,1.1,1.1,0.1814,0.3552,0.1042,0.698,,,0.1525,0.0678,28.18
iou_word_sep,1.6,1.1,1.1,0.1814,0.3552,0.1042,0.698,,,0.1525,0.0714,
window,1.6,1.1,1.1,0.1814,0.3552,0.1042,0.698,0.3193,0.442,,,
word,1.6,1.1,1.1,0.1814,0.3552,0.1042,0.698,,,0.1525,,
iou,1.7,1.45,1.45,0.2081,0.3692,0.1214,0.7261,,,0.1566,0.0749,24.72
iou_word_sep,1.7,1.45,1.45,0.2081,0.3692,0.1214,0.7261,,,0.1566,0.0726,
window,1.7,1.45,1.45,0.2081,0.3692,0.1214,0.7261,0.3319,0.4128,,,
word,1.7,1.45,1.45,0.2081,0.3692,0.1214,0.7261,,,0.1566,,
iou,1.7,1.65,1.65,0.2042,0.3595,0.1189,0.7227,,,0.1678,0.0732,20.22
iou_word_sep,1.7,1.65,1.65,0.2042,0.3595,0.1189,0.7227,,,0.1678,0.0744,
window,1.7,1.65,1.65,0.2042,0.3595,0.1189,0.7227,0.3031,0.4,,,
word,1.7,1.65,1.65,0.2042,0.3595,0.1189,0.7227,,,0.1678,,
iou,1.7,70.0%,0.7,0.2028,0.358,0.1177,0.7342,,,0.1509,0.0778,29.55
iou_word_sep,1.7,70.0%,0.7,0.2028,0.358,0.1177,0.7342,,,0.1509,0.0722,
window,1.7,70.0%,0.7,0.2028,0.358,0.1177,0.7342,0.344,0.4392,,,
word,1.7,70.0%,0.7,0.2028,0.358,0.1177,0.7342,,,0.1509,,
iou,1.7,1.5,1.5,0.2027,0.3668,0.1184,0.7021,,,0.1583,0.0768,23.44
iou_word_sep,1.7,1.5,1.5,0.2027,0.3668,0.1184,0.7021,,,0.1583,0.0768,
window,1.7,1.5,1.5,0.2027,0.3668,0.1184,0.7021,0.3164,0.4129,,,
word,1.7,1.5,1.5,0.2027,0.3668,0.1184,0.7021,,,0.1583,,
iou,1.7,1.4,1.4,0.1994,0.3598,0.116,0.7071,,,0.152,0.0696,23.64
iou_word_sep,1.7,1.4,1.4,0.1994,0.3598,0.116,0.7071,,,0.152,0.0717,
window,1.7,1.4,1.4,0.1994,0.3598,0.116,0.7071,0.2725,0.3786,,,
word,1.7,1.4,1.4,0.1994,0.3598,0.116,0.7071,,,0.152,,
iou,1.7,0.9,0.9,0.1989,0.3585,0.1157,0.7068,,,0.1593,0.0695,30.81
iou,1.7,1.05,1.05,0.1989,0.3613,0.1155,0.7148,,,0.1613,0.0748,32.17
iou_word_sep,1.7,0.9,0.9,0.1989,0.3585,0.1157,0.7068,,,0.1593,0.0635,
iou_word_sep,1.7,1.05,1.05,0.1989,0.3613,0.1155,0.7148,,,0.1613,0.0756,
window,1.7,0.9,0.9,0.1989,0.3585,0.1157,0.7068,0.3332,0.4171,,,
window,1.7,1.05,1.05,0.1989,0.3613,0.1155,0.7148,0.331,0.4367,,,
word,1.7,0.9,0.9,0.1989,0.3585,0.1157,0.7068,,,0.1593,,
word,1.7,1.05,1.05,0.1989,0.3613,0.1155,0.7148,,,0.1613,,
iou,1.7,1.35,1.35,0.1982,0.3621,0.1151,0.7122,,,0.1705,0.0874,29.17
iou_word_sep,1.7,1.35,1.35,0.1982,0.3621,0.1151,0.7122,,,0.1705,0.0874,
window,1.7,1.35,1.35,0.1982,0.3621,0.1151,0.7122,0.3524,0.4425,,,
word,1.7,1.35,1.35,0.1982,0.3621,0.1151,0.7122,,,0.1705,,
iou,1.7,1.7,1.7,0.1977,0.3576,0.1146,0.7179,,,0.1196,0.0767,23.46
iou,1.7,100.0%,1.0,0.1977,0.3576,0.1146,0.7179,,,0.1196,0.0767,23.46
iou_word_sep,1.7,1.7,1.7,0.1977,0.3576,0.1146,0.7179,,,0.1196,0.0767,
iou_word_sep,1.7,100.0%,1.0,0.1977,0.3576,0.1146,0.7179,,,0.1196,0.0767,
window,1.7,1.7,1.7,0.1977,0.3576,0.1146,0.7179,0.3317,0.4323,,,
window,1.7,100.0%,1.0,0.1977,0.3576,0.1146,0.7179,0.3317,0.4323,,,
word,1.7,1.7,1.7,0.1977,0.3576,0.1146,0.7179,,,0.1196,,
word,1.7,100.0%,1.0,0.1977,0.3576,0.1146,0.7179,,,0.1196,,
iou,1.7,1.15,1.15,0.1974,0.353,0.1146,0.7128,,,0.1531,0.072,29.3
iou_word_sep,1.7,1.15,1.15,0.1974,0.353,0.1146,0.7128,,,0.1531,0.0683,
window,1.7,1.15,1.15,0.1974,0.353,0.1146,0.7128,0.3254,0.4324,,,
word,1.7,1.15,1.15,0.1974,0.353,0.1146,0.7128,,,0.1531,,
iou,1.7,1.25,1.25,0.1971,0.3573,0.1146,0.7029,,,0.1626,0.0709,26.72
iou_word_sep,1.7,1.25,1.25,0.1971,0.3573,0.1146,0.7029,,,0.1626,0.0739,
window,1.7,1.25,1.25,0.1971,0.3573,0.1146,0.7029,0.3227,0.4,,,
word,1.7,1.25,1.25,0.1971,0.3573,0.1146,0.7029,,,0.1626,,
iou,1.7,1.55,1.55,0.197,0.3598,0.1145,0.7054,,,0.1643,0.0638,21.65
iou_word_sep,1.7,1.55,1.55,0.197,0.3598,0.1145,0.7054,,,0.1643,0.0615,
window,1.7,1.55,1.55,0.197,0.3598,0.1145,0.7054,0.3227,0.4217,,,
word,1.7,1.55,1.55,0.197,0.3598,0.1145,0.7054,,,0.1643,,
iou,1.7,1.3,1.3,0.1965,0.3533,0.1142,0.7019,,,0.1486,0.0651,25.21
iou_word_sep,1.7,1.3,1.3,0.1965,0.3533,0.1142,0.7019,,,0.1486,0.0692,
window,1.7,1.3,1.3,0.1965,0.3533,0.1142,0.7019,0.3077,0.4047,,,
word,1.7,1.3,1.3,0.1965,0.3533,0.1142,0.7019,,,0.1486,,
iou,1.7,1.2,1.2,0.1963,0.3561,0.114,0.7077,,,0.1487,0.0734,27.97
iou_word_sep,1.7,1.2,1.2,0.1963,0.3561,0.114,0.7077,,,0.1487,0.0687,
window,1.7,1.2,1.2,0.1963,0.3561,0.114,0.7077,0.3143,0.4224,,,
word,1.7,1.2,1.2,0.1963,0.3561,0.114,0.7077,,,0.1487,,
iou,1.7,0.85,0.85,0.1958,0.3579,0.1135,0.7102,,,0.1476,0.0763,32.1
iou,1.7,50.0%,0.5,0.1958,0.3579,0.1135,0.7102,,,0.1476,0.0763,32.1
iou_word_sep,1.7,0.85,0.85,0.1958,0.3579,0.1135,0.7102,,,0.1476,0.0763,
iou_word_sep,1.7,50.0%,0.5,0.1958,0.3579,0.1135,0.7102,,,0.1476,0.0763,
window,1.7,0.85,0.85,0.1958,0.3579,0.1135,0.7102,0.3276,0.439,,,
window,1.7,50.0%,0.5,0.1958,0.3579,0.1135,0.7102,0.3276,0.439,,,
word,1.7,0.85,0.85,0.1958,0.3579,0.1135,0.7102,,,0.1476,,
word,1.7,50.0%,0.5,0.1958,0.3579,0.1135,0.7102,,,0.1476,,
iou,1.7,40.0%,0.4,0.1956,0.3553,0.1137,0.701,,,0.1658,0.0674,33.76
iou_word_sep,1.7,40.0%,0.4,0.1956,0.3553,0.1137,0.701,,,0.1658,0.0681,
window,1.7,40.0%,0.4,0.1956,0.3553,0.1137,0.701,0.3281,0.4195,,,
word,1.7,40.0%,0.4,0.1956,0.3553,0.1137,0.701,,,0.1658,,
iou,1.7,1.0,1.0,0.1953,0.3621,0.1134,0.7024,,,0.1543,0.0719,31.69
iou_word_sep,1.7,1.0,1.0,0.1953,0.3621,0.1134,0.7024,,,0.1543,0.0663,
window,1.7,1.0,1.0,0.1953,0.3621,0.1134,0.7024,0.3147,0.4026,,,
word,1.7,1.0,1.0,0.1953,0.3621,0.1134,0.7024,,,0.1543,,
iou,1.7,80.0%,0.8,0.1939,0.3555,0.1129,0.6863,,,0.1556,0.0714,25.31
iou_word_sep,1.7,80.0%,0.8,0.1939,0.3555,0.1129,0.6863,,,0.1556,0.0735,
window,1.7,80.0%,0.8,0.1939,0.3555,0.1129,0.6863,0.33,0.4,,,
word,1.7,80.0%,0.8,0.1939,0.3555,0.1129,0.6863,,,0.1556,,
iou,1.7,10.0%,0.1,0.1937,0.3531,0.1124,0.6975,,,0.1679,0.0543,57.44
iou_word_sep,1.7,10.0%,0.1,0.1937,0.3531,0.1124,0.6975,,,0.1679,0.0598,
window,1.7,10.0%,0.1,0.1937,0.3531,0.1124,0.6975,0.3314,0.4274,,,
word,1.7,10.0%,0.1,0.1937,0.3531,0.1124,0.6975,,,0.1679,,
iou,1.7,20.0%,0.2,0.1933,0.3532,0.1122,0.6971,,,0.1636,0.0662,44.06
iou_word_sep,1.7,20.0%,0.2,0.1933,0.3532,0.1122,0.6971,,,0.1636,0.0692,
window,1.7,20.0%,0.2,0.1933,0.3532,0.1122,0.6971,0.3331,0.4265,,,
word,1.7,20.0%,0.2,0.1933,0.3532,0.1122,0.6971,,,0.1636,,
iou,1.7,60.0%,0.6,0.1916,0.3601,0.1112,0.6887,,,0.1531,0.0814,32.81
iou_word_sep,1.7,60.0%,0.6,0.1916,0.3601,0.1112,0.6887,,,0.1531,0.0806,
window,1.7,60.0%,0.6,0.1916,0.3601,0.1112,0.6887,0.3402,0.4274,,,
word,1.7,60.0%,0.6,0.1916,0.3601,0.1112,0.6887,,,0.1531,,
iou,1.7,30.0%,0.3,0.1908,0.3548,0.1108,0.6845,,,0.1735,0.0642,35.64
iou_word_sep,1.7,30.0%,0.3,0.1908,0.3548,0.1108,0.6845,,,0.1735,0.0692,
window,1.7,30.0%,0.3,0.1908,0.3548,0.1108,0.6845,0.3416,0.4323,,,
word,1.7,30.0%,0.3,0.1908,0.3548,0.1108,0.6845,,,0.1735,,
iou,1.7,0.95,0.95,0.1896,0.3562,0.1099,0.6922,,,0.1431,0.0723,30.9
iou_word_sep,1.7,0.95,0.95,0.1896,0.3562,0.1099,0.6922,,,0.1431,0.0685,
window,1.7,0.95,0.95,0.1896,0.3562,0.1099,0.6922,0.3354,0.4473,,,
word,1.7,0.95,0.95,0.1896,0.3562,0.1099,0.6922,,,0.1431,,
iou,1.7,90.0%,0.9,0.1885,0.3518,0.1095,0.6779,,,0.1443,0.0686,20.35
iou_word_sep,1.7,90.0%,0.9,0.1885,0.3518,0.1095,0.6779,,,0.1443,0.0661,
window,1.7,90.0%,0.9,0.1885,0.3518,0.1095,0.6779,0.291,0.3967,,,
word,1.7,90.0%,0.9,0.1885,0.3518,0.1095,0.6779,,,0.1443,,
iou,1.7,1.6,1.6,0.1876,0.3466,0.1087,0.6844,,,0.164,0.0751,20.48
iou_word_sep,1.7,1.6,1.6,0.1876,0.3466,0.1087,0.6844,,,0.164,0.0738,
window,1.7,1.6,1.6,0.1876,0.3466,0.1087,0.6844,0.3305,0.4267,,,
word,1.7,1.6,1.6,0.1876,0.3466,0.1087,0.6844,,,0.164,,
iou,1.7,1.1,1.1,0.1805,0.3471,0.1043,0.6715,,,0.152,0.0688,28.59
iou_word_sep,1.7,1.1,1.1,0.1805,0.3471,0.1043,0.6715,,,0.152,0.0697,
window,1.7,1.1,1.1,0.1805,0.3471,0.1043,0.6715,0.3223,0.4455,,,
word,1.7,1.1,1.1,0.1805,0.3471,0.1043,0.6715,,,0.152,,
iou,1.8,1.75,1.75,0.2117,0.3746,0.1243,0.713,,,0.1784,0.0811,21.43
iou_word_sep,1.8,1.75,1.75,0.2117,0.3746,0.1243,0.713,,,0.1784,0.0797,
window,1.8,1.75,1.75,0.2117,0.3746,0.1243,0.713,0.306,0.3941,,,
word,1.8,1.75,1.75,0.2117,0.3746,0.1243,0.713,,,0.1784,,
iou,1.8,1.45,1.45,0.2111,0.3695,0.124,0.7097,,,0.1598,0.0759,25.64
iou_word_sep,1.8,1.45,1.45,0.2111,0.3695,0.124,0.7097,,,0.1598,0.0771,
window,1.8,1.45,1.45,0.2111,0.3695,0.124,0.7097,0.327,0.4161,,,
word,1.8,1.45,1.45,0.2111,0.3695,0.124,0.7097,,,0.1598,,
iou,1.8,1.25,1.25,0.2099,0.3599,0.1229,0.7183,,,0.1633,0.0708,27.05
iou_word_sep,1.8,1.25,1.25,0.2099,0.3599,0.1229,0.7183,,,0.1633,0.0728,
window,1.8,1.25,1.25,0.2099,0.3599,0.1229,0.7183,0.2984,0.3772,,,
word,1.8,1.25,1.25,0.2099,0.3599,0.1229,0.7183,,,0.1633,,
iou,1.8,1.65,1.65,0.2098,0.3585,0.1226,0.7257,,,0.16,0.0794,24.2
iou_word_sep,1.8,1.65,1.65,0.2098,0.3585,0.1226,0.7257,,,0.16,0.0818,
window,1.8,1.65,1.65,0.2098,0.3585,0.1226,0.7257,0.3179,0.4173,,,
word,1.8,1.65,1.65,0.2098,0.3585,0.1226,0.7257,,,0.16,,
iou,1.8,1.2,1.2,0.209,0.3679,0.1223,0.72,,,0.1605,0.0716,28.75
iou_word_sep,1.8,1.2,1.2,0.209,0.3679,0.1223,0.72,,,0.1605,0.0688,
window,1.8,1.2,1.2,0.209,0.3679,0.1223,0.72,0.3209,0.4269,,,
word,1.8,1.2,1.2,0.209,0.3679,0.1223,0.72,,,0.1605,,
iou,1.8,1.4,1.4,0.2087,0.3655,0.1225,0.705,,,0.1642,0.0693,24.98
iou_word_sep,1.8,1.4,1.4,0.2087,0.3655,0.1225,0.705,,,0.1642,0.0714,
window,1.8,1.4,1.4,0.2087,0.3655,0.1225,0.705,0.2933,0.3741,,,
word,1.8,1.4,1.4,0.2087,0.3655,0.1225,0.705,,,0.1642,,
iou,1.8,1.7,1.7,0.2083,0.367,0.1214,0.7325,,,0.158,0.0674,20.92
iou,1.8,90.0%,0.9,0.2083,0.3689,0.122,0.7099,,,0.152,0.0595,19.59
iou_word_sep,1.8,1.7,1.7,0.2083,0.367,0.1214,0.7325,,,0.158,0.0712,
iou_word_sep,1.8,90.0%,0.9,0.2083,0.3689,0.122,0.7099,,,0.152,0.0608,
window,1.8,1.7,1.7,0.2083,0.367,0.1214,0.7325,0.2952,0.3983,,,
window,1.8,90.0%,0.9,0.2083,0.3689,0.122,0.7099,0.2702,0.373,,,
word,1.8,1.7,1.7,0.2083,0.367,0.1214,0.7325,,,0.158,,
word,1.8,90.0%,0.9,0.2083,0.3689,0.122,0.7099,,,0.152,,
iou,1.8,1.15,1.15,0.208,0.3654,0.1217,0.7163,,,0.1653,0.0845,33.07
iou_word_sep,1.8,1.15,1.15,0.208,0.3654,0.1217,0.7163,,,0.1653,0.0845,
window,1.8,1.15,1.15,0.208,0.3654,0.1217,0.7163,0.3373,0.4382,,,
word,1.8,1.15,1.15,0.208,0.3654,0.1217,0.7163,,,0.1653,,
iou,1.8,70.0%,0.7,0.2062,0.3582,0.1205,0.7127,,,0.1577,0.0641,27.54
iou_word_sep,1.8,70.0%,0.7,0.2062,0.3582,0.1205,0.7127,,,0.1577,0.0651,
window,1.8,70.0%,0.7,0.2062,0.3582,0.1205,0.7127,0.293,0.3938,,,
word,1.8,70.0%,0.7,0.2062,0.3582,0.1205,0.7127,,,0.1577,,
iou,1.8,1.5,1.5,0.2061,0.368,0.1213,0.6845,,,0.1675,0.071,23.31
iou_word_sep,1.8,1.5,1.5,0.2061,0.368,0.1213,0.6845,,,0.1675,0.0756,
window,1.8,1.5,1.5,0.2061,0.368,0.1213,0.6845,0.3052,0.4015,,,
word,1.8,1.5,1.5,0.2061,0.368,0.1213,0.6845,,,0.1675,,
iou,1.8,0.9,0.9,0.2042,0.3692,0.1198,0.6901,,,0.152,0.0764,30.3
iou,1.8,50.0%,0.5,0.2042,0.3692,0.1198,0.6901,,,0.152,0.0764,30.3
iou_word_sep,1.8,0.9,0.9,0.2042,0.3692,0.1198,0.6901,,,0.152,0.0703,
iou_word_sep,1.8,50.0%,0.5,0.2042,0.3692,0.1198,0.6901,,,0.152,0.0703,
window,1.8,0.9,0.9,0.2042,0.3692,0.1198,0.6901,0.3126,0.4036,,,
window,1.8,50.0%,0.5,0.2042,0.3692,0.1198,0.6901,0.3126,0.4036,,,
word,1.8,0.9,0.9,0.2042,0.3692,0.1198,0.6901,,,0.152,,
word,1.8,50.0%,0.5,0.2042,0.3692,0.1198,0.6901,,,0.152,,
iou,1.8,1.35,1.35,0.204,0.3676,0.1192,0.7057,,,0.1546,0.0815,28.81
iou_word_sep,1.8,1.35,1.35,0.204,0.3676,0.1192,0.7057,,,0.1546,0.0846,
window,1.8,1.35,1.35,0.204,0.3676,0.1192,0.7057,0.3285,0.4271,,,
word,1.8,1.35,1.35,0.204,0.3676,0.1192,0.7057,,,0.1546,,
iou,1.8,1.05,1.05,0.2038,0.3636,0.1192,0.7017,,,0.153,0.0748,31.05
iou_word_sep,1.8,1.05,1.05,0.2038,0.3636,0.1192,0.7017,,,0.153,0.0688,
window,1.8,1.05,1.05,0.2038,0.3636,0.1192,0.7017,0.3155,0.4304,,,
word,1.8,1.05,1.05,0.2038,0.3636,0.1192,0.7017,,,0.153,,
iou,1.8,30.0%,0.3,0.2037,0.3658,0.1193,0.6957,,,0.1826,0.0706,36.32
iou_word_sep,1.8,30.0%,0.3,0.2037,0.3658,0.1193,0.6957,,,0.1826,0.0693,
window,1.8,30.0%,0.3,0.2037,0.3658,0.1193,0.6957,0.3216,0.4185,,,
word,1.8,30.0%,0.3,0.2037,0.3658,0.1193,0.6957,,,0.1826,,
iou,1.8,80.0%,0.8,0.2035,0.3644,0.1193,0.6925,,,0.1485,0.0624,22.48
iou_word_sep,1.8,80.0%,0.8,0.2035,0.3644,0.1193,0.6925,,,0.1485,0.0646,
window,1.8,80.0%,0.8,0.2035,0.3644,0.1193,0.6925,0.2831,0.3646,,,
word,1.8,80.0%,0.8,0.2035,0.3644,0.1193,0.6925,,,0.1485,,
iou,1.8,1.0,1.0,0.2033,0.3533,0.1187,0.708,,,0.1674,0.0727,32.61
iou_word_sep,1.8,1.0,1.0,0.2033,0.3533,0.1187,0.708,,,0.1674,0.0702,
window,1.8,1.0,1.0,0.2033,0.3533,0.1187,0.708,0.3211,0.4099,,,
word,1.8,1.0,1.0,0.2033,0.3533,0.1187,0.708,,,0.1674,,
iou,1.8,10.0%,0.1,0.2025,0.3605,0.1185,0.6952,,,0.1684,0.0547,54.19
iou_word_sep,1.8,10.0%,0.1,0.2025,0.3605,0.1185,0.6952,,,0.1684,0.0594,
window,1.8,10.0%,0.1,0.2025,0.3605,0.1185,0.6952,0.3129,0.4117,,,
word,1.8,10.0%,0.1,0.2025,0.3605,0.1185,0.6952,,,0.1684,,
iou,1.8,1.3,1.3,0.202,0.3588,0.1179,0.7041,,,0.1527,0.0599,23.51
iou_word_sep,1.8,1.3,1.3,0.202,0.3588,0.1179,0.7041,,,0.1527,0.065,
window,1.8,1.3,1.3,0.202,0.3588,0.1179,0.7041,0.2748,0.3811,,,
word,1.8,1.3,1.3,0.202,0.3588,0.1179,0.7041,,,0.1527,,
iou,1.8,1.8,1.8,0.2019,0.3547,0.1177,0.7079,,,0.106,0.0671,19.59
iou,1.8,100.0%,1.0,0.2019,0.3547,0.1177,0.7079,,,0.106,0.0671,19.59
iou_word_sep,1.8,1.8,1.8,0.2019,0.3547,0.1177,0.7079,,,0.106,0.0658,
iou_word_sep,1.8,100.0%,1.0,0.2019,0.3547,0.1177,0.7079,,,0.106,0.0658,
window,1.8,1.8,1.8,0.2019,0.3547,0.1177,0.7079,0.2917,0.3901,,,
window,1.8,100.0%,1.0,0.2019,0.3547,0.1177,0.7079,0.2917,0.3901,,,
word,1.8,1.8,1.8,0.2019,0.3547,0.1177,0.7079,,,0.106,,
word,1.8,100.0%,1.0,0.2019,0.3547,0.1177,0.7079,,,0.106,,
iou,1.8,0.95,0.95,0.2017,0.3624,0.1178,0.7003,,,0.1545,0.0647,29.36
iou_word_sep,1.8,0.95,0.95,0.2017,0.3624,0.1178,0.7003,,,0.1545,0.0647,
window,1.8,0.95,0.95,0.2017,0.3624,0.1178,0.7003,0.3181,0.4135,,,
word,1.8,0.95,0.95,0.2017,0.3624,0.1178,0.7003,,,0.1545,,
iou,1.8,40.0%,0.4,0.2013,0.3591,0.1178,0.6892,,,0.1793,0.0664,33.32
iou_word_sep,1.8,40.0%,0.4,0.2013,0.3591,0.1178,0.6892,,,0.1793,0.0694,
window,1.8,40.0%,0.4,0.2013,0.3591,0.1178,0.6892,0.3151,0.4073,,,
word,1.8,40.0%,0.4,0.2013,0.3591,0.1178,0.6892,,,0.1793,,
iou,1.8,20.0%,0.2,0.2012,0.3574,0.1177,0.6938,,,0.1685,0.0657,42.62
iou_word_sep,1.8,20.0%,0.2,0.2012,0.3574,0.1177,0.6938,,,0.1685,0.0652,
window,1.8,20.0%,0.2,0.2012,0.3574,0.1177,0.6938,0.3122,0.4105,,,
word,1.8,20.0%,0.2,0.2012,0.3574,0.1177,0.6938,,,0.1685,,
iou,1.8,1.6,1.6,0.2009,0.356,0.1174,0.6955,,,0.1844,0.0757,22.39
iou_word_sep,1.8,1.6,1.6,0.2009,0.356,0.1174,0.6955,,,0.1844,0.0757,
window,1.8,1.6,1.6,0.2009,0.356,0.1174,0.6955,0.3222,0.4257,,,
word,1.8,1.6,1.6,0.2009,0.356,0.1174,0.6955,,,0.1844,,
iou,1.8,1.1,1.1,0.1959,0.353,0.1137,0.7068,,,0.1547,0.0717,29.54
iou_word_sep,1.8,1.1,1.1,0.1959,0.353,0.1137,0.7068,,,0.1547,0.0683,
window,1.8,1.1,1.1,0.1959,0.353,0.1137,0.7068,0.299,0.4119,,,
word,1.8,1.1,1.1,0.1959,0.353,0.1137,0.7068,,,0.1547,,
iou,1.8,60.0%,0.6,0.1949,0.3584,0.1137,0.6828,,,0.1634,0.0748,30.47
iou_word_sep,1.8,60.0%,0.6,0.1949,0.3584,0.1137,0.6828,,,0.1634,0.0757,
window,1.8,60.0%,0.6,0.1949,0.3584,0.1137,0.6828,0.3342,0.4334,,,
word,1.8,60.0%,0.6,0.1949,0.3584,0.1137,0.6828,,,0.1634,,
iou,1.8,1.55,1.55,0.1928,0.3529,0.1126,0.6694,,,0.172,0.0741,23.46
iou_word_sep,1.8,1.55,1.55,0.1928,0.3529,0.1126,0.6694,,,0.172,0.0729,
window,1.8,1.55,1.55,0.1928,0.3529,0.1126,0.6694,0.3266,0.4286,,,
word,1.8,1.55,1.55,0.1928,0.3529,0.1126,0.6694,,,0.172,,
iou,1.9,1.25,1.25,0.2236,0.3708,0.1321,0.7265,,,0.1634,0.0682,26.77
iou_word_sep,1.9,1.25,1.25,0.2236,0.3708,0.1321,0.7265,,,0.1634,0.0712,
window,1.9,1.25,1.25,0.2236,0.3708,0.1321,0.7265,0.2896,0.3736,,,
word,1.9,1.25,1.25,0.2236,0.3708,0.1321,0.7265,,,0.1634,,
iou,1.9,40.0%,0.4,0.2179,0.3638,0.1286,0.7123,,,0.1827,0.0681,32.75
iou_word_sep,1.9,40.0%,0.4,0.2179,0.3638,0.1286,0.7123,,,0.1827,0.0689,
window,1.9,40.0%,0.4,0.2179,0.3638,0.1286,0.7123,0.2896,0.3776,,,
word,1.9,40.0%,0.4,0.2179,0.3638,0.1286,0.7123,,,0.1827,,
iou,1.9,1.0,1.0,0.2177,0.3659,0.1283,0.7181,,,0.162,0.0605,27.88
iou_word_sep,1.9,1.0,1.0,0.2177,0.3659,0.1283,0.7181,,,0.162,0.0595,
window,1.9,1.0,1.0,0.2177,0.3659,0.1283,0.7181,0.2954,0.3926,,,
word,1.9,1.0,1.0,0.2177,0.3659,0.1283,0.7181,,,0.162,,
iou,1.9,80.0%,0.8,0.217,0.3559,0.1284,0.7015,,,0.1689,0.0752,25.83
iou_word_sep,1.9,80.0%,0.8,0.217,0.3559,0.1284,0.7015,,,0.1689,0.0798,
window,1.9,80.0%,0.8,0.217,0.3559,0.1284,0.7015,0.3044,0.3841,,,
word,1.9,80.0%,0.8,0.217,0.3559,0.1284,0.7015,,,0.1689,,
iou,1.9,1.6,1.6,0.2142,0.3726,0.1263,0.7051,,,0.1786,0.0737,22.75
iou_word_sep,1.9,1.6,1.6,0.2142,0.3726,0.1263,0.7051,,,0.1786,0.0787,
window,1.9,1.6,1.6,0.2142,0.3726,0.1263,0.7051,0.3101,0.4183,,,
word,1.9,1.6,1.6,0.2142,0.3726,0.1263,0.7051,,,0.1786,,
iou,1.9,90.0%,0.9,0.2141,0.3646,0.1261,0.7074,,,0.18,0.0744,23.22
iou_word_sep,1.9,90.0%,0.9,0.2141,0.3646,0.1261,0.7074,,,0.18,0.0757,
window,1.9,90.0%,0.9,0.2141,0.3646,0.1261,0.7074,0.3124,0.4137,,,
word,1.9,90.0%,0.9,0.2141,0.3646,0.1261,0.7074,,,0.18,,
iou,1.9,1.65,1.65,0.2139,0.3568,0.1258,0.7131,,,0.1758,0.0766,22.6
iou_word_sep,1.9,1.65,1.65,0.2139,0.3568,0.1258,0.7131,,,0.1758,0.0816,
window,1.9,1.65,1.65,0.2139,0.3568,0.1258,0.7131,0.2773,0.3755,,,
word,1.9,1.65,1.65,0.2139,0.3568,0.1258,0.7131,,,0.1758,,
iou,1.9,0.95,0.95,0.2128,0.3696,0.1255,0.6984,,,0.1602,0.0622,27.12
iou,1.9,50.0%,0.5,0.2128,0.3696,0.1255,0.6984,,,0.1602,0.0622,27.12
iou_word_sep,1.9,0.95,0.95,0.2128,0.3696,0.1255,0.6984,,,0.1602,0.0594,
iou_word_sep,1.9,50.0%,0.5,0.2128,0.3696,0.1255,0.6984,,,0.1602,0.0594,
window,1.9,0.95,0.95,0.2128,0.3696,0.1255,0.6984,0.2809,0.3932,,,
window,1.9,50.0%,0.5,0.2128,0.3696,0.1255,0.6984,0.2809,0.3932,,,
word,1.9,0.95,0.95,0.2128,0.3696,0.1255,0.6984,,,0.1602,,
word,1.9,50.0%,0.5,0.2128,0.3696,0.1255,0.6984,,,0.1602,,
iou,1.9,1.7,1.7,0.2118,0.3701,0.1246,0.7081,,,0.1661,0.0778,23.47
iou_word_sep,1.9,1.7,1.7,0.2118,0.3701,0.1246,0.7081,,,0.1661,0.0804,
window,1.9,1.7,1.7,0.2118,0.3701,0.1246,0.7081,0.3268,0.4327,,,
word,1.9,1.7,1.7,0.2118,0.3701,0.1246,0.7081,,,0.1661,,
iou,1.9,1.5,1.5,0.2117,0.371,0.1256,0.6723,,,0.1739,0.0618,23.04
iou_word_sep,1.9,1.5,1.5,0.2117,0.371,0.1256,0.6723,,,0.1739,0.0653,
window,1.9,1.5,1.5,0.2117,0.371,0.1256,0.6723,0.3179,0.4007,,,
word,1.9,1.5,1.5,0.2117,0.371,0.1256,0.6723,,,0.1739,,
iou,1.9,1.85,1.85,0.2107,0.3577,0.1234,0.7215,,,0.1761,0.0765,21.73
iou_word_sep,1.9,1.85,1.85,0.2107,0.3577,0.1234,0.7215,,,0.1761,0.0765,
window,1.9,1.85,1.85,0.2107,0.3577,0.1234,0.7215,0.33,0.4254,,,
word,1.9,1.85,1.85,0.2107,0.3577,0.1234,0.7215,,,0.1761,,
iou,1.9,1.05,1.05,0.2102,0.3638,0.1237,0.6984,,,0.1595,0.0755,30.84
iou_word_sep,1.9,1.05,1.05,0.2102,0.3638,0.1237,0.6984,,,0.1595,0.072,
window,1.9,1.05,1.05,0.2102,0.3638,0.1237,0.6984,0.3009,0.4167,,,
word,1.9,1.05,1.05,0.2102,0.3638,0.1237,0.6984,,,0.1595,,
iou,1.9,20.0%,0.2,0.2097,0.3626,0.1234,0.6956,,,0.1705,0.0648,41.69
iou_word_sep,1.9,20.0%,0.2,0.2097,0.3626,0.1234,0.6956,,,0.1705,0.0643,
window,1.9,20.0%,0.2,0.2097,0.3626,0.1234,0.6956,0.3087,0.4073,,,
word,1.9,20.0%,0.2,0.2097,0.3626,0.1234,0.6956,,,0.1705,,
iou,1.9,1.35,1.35,0.2094,0.3714,0.1233,0.695,,,0.1578,0.0731,26.32
iou_word_sep,1.9,1.35,1.35,0.2094,0.3714,0.1233,0.695,,,0.1578,0.0731,
window,1.9,1.35,1.35,0.2094,0.3714,0.1233,0.695,0.3188,0.3927,,,
word,1.9,1.35,1.35,0.2094,0.3714,0.1233,0.695,,,0.1578,,
iou,1.9,30.0%,0.3,0.2093,0.3645,0.1233,0.6919,,,0.1809,0.0666,34.49
iou,1.9,60.0%,0.6,0.2093,0.3614,0.1234,0.6894,,,0.1565,0.0755,30.15
iou_word_sep,1.9,30.0%,0.3,0.2093,0.3645,0.1233,0.6919,,,0.1809,0.0679,
iou_word_sep,1.9,60.0%,0.6,0.2093,0.3614,0.1234,0.6894,,,0.1565,0.0737,
window,1.9,30.0%,0.3,0.2093,0.3645,0.1233,0.6919,0.3062,0.408,,,
window,1.9,60.0%,0.6,0.2093,0.3614,0.1234,0.6894,0.2934,0.3956,,,
word,1.9,30.0%,0.3,0.2093,0.3645,0.1233,0.6919,,,0.1809,,
word,1.9,60.0%,0.6,0.2093,0.3614,0.1234,0.6894,,,0.1565,,
iou,1.9,10.0%,0.1,0.2091,0.363,0.1232,0.691,,,0.1741,0.0577,54.49
iou_word_sep,1.9,10.0%,0.1,0.2091,0.363,0.1232,0.691,,,0.1741,0.0598,
window,1.9,10.0%,0.1,0.2091,0.363,0.1232,0.691,0.3073,0.4062,,,
word,1.9,10.0%,0.1,0.2091,0.363,0.1232,0.691,,,0.1741,,
iou,1.9,1.4,1.4,0.2086,0.3627,0.123,0.686,,,0.1677,0.079,26.74
iou_word_sep,1.9,1.4,1.4,0.2086,0.3627,0.123,0.686,,,0.1677,0.079,
window,1.9,1.4,1.4,0.2086,0.3627,0.123,0.686,0.2957,0.3898,,,
word,1.9,1.4,1.4,0.2086,0.3627,0.123,0.686,,,0.1677,,
iou,1.9,1.9,1.9,0.208,0.368,0.1229,0.6761,,,0.1127,0.063,18.66
iou,1.9,100.0%,1.0,0.208,0.368,0.1229,0.6761,,,0.1127,0.063,18.66
iou_word_sep,1.9,1.9,1.9,0.208,0.368,0.1229,0.6761,,,0.1127,0.0615,
iou_word_sep,1.9,100.0%,1.0,0.208,0.368,0.1229,0.6761,,,0.1127,0.0615,
window,1.9,1.9,1.9,0.208,0.368,0.1229,0.6761,0.2813,0.3953,,,
window,1.9,100.0%,1.0,0.208,0.368,0.1229,0.6761,0.2813,0.3953,,,
word,1.9,1.9,1.9,0.208,0.368,0.1229,0.6761,,,0.1127,,
word,1.9,100.0%,1.0,0.208,0.368,0.1229,0.6761,,,0.1127,,
iou,1.9,1.45,1.45,0.2075,0.3692,0.1227,0.6715,,,0.1508,0.0788,26.47
iou_word_sep,1.9,1.45,1.45,0.2075,0.3692,0.1227,0.6715,,,0.1508,0.081,
window,1.9,1.45,1.45,0.2075,0.3692,0.1227,0.6715,0.3123,0.4107,,,
word,1.9,1.45,1.45,0.2075,0.3692,0.1227,0.6715,,,0.1508,,
iou,1.9,1.15,1.15,0.207,0.3596,0.1219,0.6839,,,0.1573,0.067,28.91
iou,1.9,1.75,1.75,0.207,0.365,0.1221,0.6793,,,0.1833,0.0795,22.32
iou_word_sep,1.9,1.15,1.15,0.207,0.3596,0.1219,0.6839,,,0.1573,0.0689,
iou_word_sep,1.9,1.75,1.75,0.207,0.365,0.1221,0.6793,,,0.1833,0.0795,
window,1.9,1.15,1.15,0.207,0.3596,0.1219,0.6839,0.3054,0.409,,,
window,1.9,1.75,1.75,0.207,0.365,0.1221,0.6793,0.3011,0.3991,,,
word,1.9,1.15,1.15,0.207,0.3596,0.1219,0.6839,,,0.1573,,
word,1.9,1.75,1.75,0.207,0.365,0.1221,0.6793,,,0.1833,,
iou,1.9,1.55,1.55,0.2062,0.3639,0.1214,0.6859,,,0.1714,0.0707,24.5
iou_word_sep,1.9,1.55,1.55,0.2062,0.3639,0.1214,0.6859,,,0.1714,0.0683,
window,1.9,1.55,1.55,0.2062,0.3639,0.1214,0.6859,0.3182,0.4198,,,
word,1.9,1.55,1.55,0.2062,0.3639,0.1214,0.6859,,,0.1714,,
iou,1.9,1.3,1.3,0.2053,0.3612,0.1207,0.6857,,,0.1565,0.0622,26.17
iou_word_sep,1.9,1.3,1.3,0.2053,0.3612,0.1207,0.6857,,,0.1565,0.0632,
window,1.9,1.3,1.3,0.2053,0.3612,0.1207,0.6857,0.3037,0.4038,,,
word,1.9,1.3,1.3,0.2053,0.3612,0.1207,0.6857,,,0.1565,,
iou,1.9,1.2,1.2,0.2044,0.3591,0.1203,0.6794,,,0.1487,0.0651,28.72
iou_word_sep,1.9,1.2,1.2,0.2044,0.3591,0.1203,0.6794,,,0.1487,0.0632,
window,1.9,1.2,1.2,0.2044,0.3591,0.1203,0.6794,0.2947,0.3947,,,
word,1.9,1.2,1.2,0.2044,0.3591,0.1203,0.6794,,,0.1487,,
iou,1.9,1.8,1.8,0.2043,0.3613,0.1199,0.6914,,,0.1695,0.082,21.55
iou_word_sep,1.9,1.8,1.8,0.2043,0.3613,0.1199,0.6914,,,0.1695,0.0807,
window,1.9,1.8,1.8,0.2043,0.3613,0.1199,0.6914,0.295,0.375,,,
word,1.9,1.8,1.8,0.2043,0.3613,0.1199,0.6914,,,0.1695,,
iou,1.9,70.0%,0.7,0.2033,0.351,0.1196,0.677,,,0.1697,0.0761,28.16
iou_word_sep,1.9,70.0%,0.7,0.2033,0.351,0.1196,0.677,,,0.1697,0.0699,
window,1.9,70.0%,0.7,0.2033,0.351,0.1196,0.677,0.3279,0.4052,,,
word,1.9,70.0%,0.7,0.2033,0.351,0.1196,0.677,,,0.1697,,
iou,1.9,1.1,1.1,0.1966,0.3485,0.1153,0.6667,,,0.1593,0.0722,29.74
iou_word_sep,1.9,1.1,1.1,0.1966,0.3485,0.1153,0.6667,,,0.1593,0.0695,
window,1.9,1.1,1.1,0.1966,0.3485,0.1153,0.6667,0.2852,0.3961,,,
word,1.9,1.1,1.1,0.1966,0.3485,0.1153,0.6667,,,0.1593,,
iou,2.0,1.7,1.7,0.2333,0.3756,0.1382,0.7493,,,0.1713,0.0701,22.01
iou_word_sep,2.0,1.7,1.7,0.2333,0.3756,0.1382,0.7493,,,0.1713,0.0714,
window,2.0,1.7,1.7,0.2333,0.3756,0.1382,0.7493,0.266,0.3636,,,
word,2.0,1.7,1.7,0.2333,0.3756,0.1382,0.7493,,,0.1713,,
iou,2.0,1.25,1.25,0.2282,0.382,0.1361,0.7053,,,0.1596,0.0687,27.22
iou_word_sep,2.0,1.25,1.25,0.2282,0.382,0.1361,0.7053,,,0.1596,0.0697,
window,2.0,1.25,1.25,0.2282,0.382,0.1361,0.7053,0.2559,0.3565,,,
word,2.0,1.25,1.25,0.2282,0.382,0.1361,0.7053,,,0.1596,,
iou,2.0,1.9,1.9,0.224,0.3714,0.1331,0.7057,,,0.18,0.0634,19.12
iou_word_sep,2.0,1.9,1.9,0.224,0.3714,0.1331,0.7057,,,0.18,0.0662,
window,2.0,1.9,1.9,0.224,0.3714,0.1331,0.7057,0.2588,0.3745,,,
word,2.0,1.9,1.9,0.224,0.3714,0.1331,0.7057,,,0.18,,
iou,2.0,1.0,1.0,0.2223,0.3641,0.1316,0.7147,,,0.1738,0.0791,28.12
iou,2.0,50.0%,0.5,0.2223,0.3641,0.1316,0.7147,,,0.1738,0.0791,28.12
iou_word_sep,2.0,1.0,1.0,0.2223,0.3641,0.1316,0.7147,,,0.1738,0.0693,
iou_word_sep,2.0,50.0%,0.5,0.2223,0.3641,0.1316,0.7147,,,0.1738,0.0693,
window,2.0,1.0,1.0,0.2223,0.3641,0.1316,0.7147,0.293,0.3946,,,
window,2.0,50.0%,0.5,0.2223,0.3641,0.1316,0.7147,0.293,0.3946,,,
word,2.0,1.0,1.0,0.2223,0.3641,0.1316,0.7147,,,0.1738,,
word,2.0,50.0%,0.5,0.2223,0.3641,0.1316,0.7147,,,0.1738,,
iou,2.0,1.95,1.95,0.2222,0.3737,0.1327,0.6828,,,0.167,0.0654,17.96
iou_word_sep,2.0,1.95,1.95,0.2222,0.3737,0.1327,0.6828,,,0.167,0.0639,
window,2.0,1.95,1.95,0.2222,0.3737,0.1327,0.6828,0.233,0.3673,,,
word,2.0,1.95,1.95,0.2222,0.3737,0.1327,0.6828,,,0.167,,
iou,2.0,1.5,1.5,0.2218,0.3753,0.1319,0.6952,,,0.1709,0.0756,25.32
iou_word_sep,2.0,1.5,1.5,0.2218,0.3753,0.1319,0.6952,,,0.1709,0.0721,
window,2.0,1.5,1.5,0.2218,0.3753,0.1319,0.6952,0.3246,0.4384,,,
word,2.0,1.5,1.5,0.2218,0.3753,0.1319,0.6952,,,0.1709,,
iou,2.0,1.65,1.65,0.2193,0.3504,0.1295,0.7158,,,0.1757,0.0698,24.1
iou_word_sep,2.0,1.65,1.65,0.2193,0.3504,0.1295,0.7158,,,0.1757,0.0735,
window,2.0,1.65,1.65,0.2193,0.3504,0.1295,0.7158,0.3028,0.3934,,,
word,2.0,1.65,1.65,0.2193,0.3504,0.1295,0.7158,,,0.1757,,
iou,2.0,30.0%,0.3,0.2187,0.3632,0.1295,0.702,,,0.1947,0.0708,35.36
iou_word_sep,2.0,30.0%,0.3,0.2187,0.3632,0.1295,0.702,,,0.1947,0.0729,
window,2.0,30.0%,0.3,0.2187,0.3632,0.1295,0.702,0.2988,0.4052,,,
word,2.0,30.0%,0.3,0.2187,0.3632,0.1295,0.702,,,0.1947,,
iou,2.0,1.45,1.45,0.2184,0.371,0.1298,0.6882,,,0.1574,0.0809,26.84
iou_word_sep,2.0,1.45,1.45,0.2184,0.371,0.1298,0.6882,,,0.1574,0.0809,
window,2.0,1.45,1.45,0.2184,0.371,0.1298,0.6882,0.3143,0.4027,,,
word,2.0,1.45,1.45,0.2184,0.371,0.1298,0.6882,,,0.1574,,
iou,2.0,1.8,1.8,0.2183,0.3576,0.1282,0.7335,,,0.1868,0.0814,23.67
iou,2.0,90.0%,0.9,0.2183,0.3576,0.1282,0.7335,,,0.1868,0.0814,23.67
iou_word_sep,2.0,1.8,1.8,0.2183,0.3576,0.1282,0.7335,,,0.1868,0.0907,
iou_word_sep,2.0,90.0%,0.9,0.2183,0.3576,0.1282,0.7335,,,0.1868,0.0907,
window,2.0,1.8,1.8,0.2183,0.3576,0.1282,0.7335,0.3086,0.3959,,,
window,2.0,90.0%,0.9,0.2183,0.3576,0.1282,0.7335,0.3086,0.3959,,,
word,2.0,1.8,1.8,0.2183,0.3576,0.1282,0.7335,,,0.1868,,
word,2.0,90.0%,0.9,0.2183,0.3576,0.1282,0.7335,,,0.1868,,
iou,2.0,10.0%,0.1,0.2178,0.366,0.1291,0.6973,,,0.1928,0.0601,55.63
iou_word_sep,2.0,10.0%,0.1,0.2178,0.366,0.1291,0.6973,,,0.1928,0.0605,
window,2.0,10.0%,0.1,0.2178,0.366,0.1291,0.6973,0.3001,0.4031,,,
word,2.0,10.0%,0.1,0.2178,0.366,0.1291,0.6973,,,0.1928,,
iou,2.0,1.3,1.3,0.2173,0.3678,0.1287,0.6975,,,0.1663,0.0728,27.72
iou_word_sep,2.0,1.3,1.3,0.2173,0.3678,0.1287,0.6975,,,0.1663,0.0686,
window,2.0,1.3,1.3,0.2173,0.3678,0.1287,0.6975,0.3012,0.4006,,,
word,2.0,1.3,1.3,0.2173,0.3678,0.1287,0.6975,,,0.1663,,
iou,2.0,100.0%,1.0,0.2169,0.3609,0.1286,0.6921,,,0.1156,0.0741,18.78
iou,2.0,2.0,2.0,0.2169,0.3609,0.1286,0.6921,,,0.1156,0.0741,18.78
iou_word_sep,2.0,100.0%,1.0,0.2169,0.3609,0.1286,0.6921,,,0.1156,0.0711,
iou_word_sep,2.0,2,2.0,0.2169,0.3609,0.1286,0.6921,,,0.1156,0.0711,
window,2.0,100.0%,1.0,0.2169,0.3609,0.1286,0.6921,0.2973,0.3945,,,
window,2.0,2.0,2.0,0.2169,0.3609,0.1286,0.6921,0.2973,0.3945,,,
word,2.0,100.0%,1.0,0.2169,0.3609,0.1286,0.6921,,,0.1156,,
word,2.0,2.0,2.0,0.2169,0.3609,0.1286,0.6921,,,0.1156,,
iou,2.0,1.85,1.85,0.2167,0.3667,0.1282,0.6997,,,0.1744,0.0789,21.2
iou_word_sep,2.0,1.85,1.85,0.2167,0.3667,0.1282,0.6997,,,0.1744,0.0817,
window,2.0,1.85,1.85,0.2167,0.3667,0.1282,0.6997,0.3102,0.4034,,,
word,2.0,1.85,1.85,0.2167,0.3667,0.1282,0.6997,,,0.1744,,
iou,2.0,20.0%,0.2,0.2164,0.3643,0.1283,0.6913,,,0.1863,0.0723,42.32
iou_word_sep,2.0,20.0%,0.2,0.2164,0.3643,0.1283,0.6913,,,0.1863,0.0701,
window,2.0,20.0%,0.2,0.2164,0.3643,0.1283,0.6913,0.2999,0.4056,,,
word,2.0,20.0%,0.2,0.2164,0.3643,0.1283,0.6913,,,0.1863,,
iou,2.0,1.4,1.4,0.2161,0.3681,0.128,0.6939,,,0.1682,0.0743,27.66
iou,2.0,70.0%,0.7,0.2161,0.3681,0.128,0.6939,,,0.1682,0.0743,27.66
iou_word_sep,2.0,1.4,1.4,0.2161,0.3681,0.128,0.6939,,,0.1682,0.0721,
iou_word_sep,2.0,70.0%,0.7,0.2161,0.3681,0.128,0.6939,,,0.1682,0.0721,
window,2.0,1.4,1.4,0.2161,0.3681,0.128,0.6939,0.2963,0.3889,,,
window,2.0,70.0%,0.7,0.2161,0.3681,0.128,0.6939,0.2963,0.3889,,,
word,2.0,1.4,1.4,0.2161,0.3681,0.128,0.6939,,,0.1682,,
word,2.0,70.0%,0.7,0.2161,0.3681,0.128,0.6939,,,0.1682,,
iou,2.0,1.2,1.2,0.215,0.3615,0.1274,0.6885,,,0.1548,0.0741,27.67
iou,2.0,60.0%,0.6,0.215,0.3615,0.1274,0.6885,,,0.1548,0.0741,27.67
iou_word_sep,2.0,1.2,1.2,0.215,0.3615,0.1274,0.6885,,,0.1548,0.0647,
iou_word_sep,2.0,60.0%,0.6,0.215,0.3615,0.1274,0.6885,,,0.1548,0.0647,
window,2.0,1.2,1.2,0.215,0.3615,0.1274,0.6885,0.2941,0.4022,,,
window,2.0,60.0%,0.6,0.215,0.3615,0.1274,0.6885,0.2941,0.4022,,,
word,2.0,1.2,1.2,0.215,0.3615,0.1274,0.6885,,,0.1548,,
word,2.0,60.0%,0.6,0.215,0.3615,0.1274,0.6885,,,0.1548,,
iou,2.0,1.75,1.75,0.2129,0.3686,0.1261,0.6818,,,0.1926,0.0763,22.6
iou_word_sep,2.0,1.75,1.75,0.2129,0.3686,0.1261,0.6818,,,0.1926,0.0776,
window,2.0,1.75,1.75,0.2129,0.3686,0.1261,0.6818,0.32,0.3958,,,
word,2.0,1.75,1.75,0.2129,0.3686,0.1261,0.6818,,,0.1926,,
iou,2.0,1.15,1.15,0.2123,0.3626,0.1256,0.686,,,0.154,0.0728,29.86
iou_word_sep,2.0,1.15,1.15,0.2123,0.3626,0.1256,0.686,,,0.154,0.0635,
window,2.0,1.15,1.15,0.2123,0.3626,0.1256,0.686,0.3036,0.406,,,
word,2.0,1.15,1.15,0.2123,0.3626,0.1256,0.686,,,0.154,,
iou,2.0,1.05,1.05,0.211,0.3653,0.1252,0.6717,,,0.1666,0.0615,29.19
iou_word_sep,2.0,1.05,1.05,0.211,0.3653,0.1252,0.6717,,,0.1666,0.0595,
window,2.0,1.05,1.05,0.211,0.3653,0.1252,0.6717,0.3095,0.4106,,,
word,2.0,1.05,1.05,0.211,0.3653,0.1252,0.6717,,,0.1666,,
iou,2.0,1.1,1.1,0.2104,0.3545,0.124,0.6944,,,0.1519,0.0662,30.12
iou_word_sep,2.0,1.1,1.1,0.2104,0.3545,0.124,0.6944,,,0.1519,0.0636,
window,2.0,1.1,1.1,0.2104,0.3545,0.124,0.6944,0.2906,0.3906,,,
word,2.0,1.1,1.1,0.2104,0.3545,0.124,0.6944,,,0.1519,,
iou,2.0,1.6,1.6,0.2098,0.3683,0.1247,0.6615,,,0.1868,0.0754,24.58
iou,2.0,80.0%,0.8,0.2098,0.3683,0.1247,0.6615,,,0.1868,0.0754,24.58
iou_word_sep,2.0,1.6,1.6,0.2098,0.3683,0.1247,0.6615,,,0.1868,0.0754,
iou_word_sep,2.0,80.0%,0.8,0.2098,0.3683,0.1247,0.6615,,,0.1868,0.0754,
window,2.0,1.6,1.6,0.2098,0.3683,0.1247,0.6615,0.3257,0.4419,,,
window,2.0,80.0%,0.8,0.2098,0.3683,0.1247,0.6615,0.3257,0.4419,,,
word,2.0,1.6,1.6,0.2098,0.3683,0.1247,0.6615,,,0.1868,,
word,2.0,80.0%,0.8,0.2098,0.3683,0.1247,0.6615,,,0.1868,,
iou,2.0,40.0%,0.4,0.2092,0.3613,0.1238,0.6727,,,0.1868,0.0691,30.36
iou_word_sep,2.0,40.0%,0.4,0.2092,0.3613,0.1238,0.6727,,,0.1868,0.0716,
window,2.0,40.0%,0.4,0.2092,0.3613,0.1238,0.6727,0.2952,0.417,,,
word,2.0,40.0%,0.4,0.2092,0.3613,0.1238,0.6727,,,0.1868,,
iou,2.0,1.55,1.55,0.206,0.3605,0.122,0.6608,,,0.1678,0.0632,22.81
iou_word_sep,2.0,1.55,1.55,0.206,0.3605,0.122,0.6608,,,0.1678,0.0644,
window,2.0,1.55,1.55,0.206,0.3605,0.122,0.6608,0.2702,0.4144,,,
word,2.0,1.55,1.55,0.206,0.3605,0.122,0.6608,,,0.1678,,
iou,2.0,1.35,1.35,0.2057,0.3593,0.1214,0.6741,,,0.161,0.0689,27.41
iou_word_sep,2.0,1.35,1.35,0.2057,0.3593,0.1214,0.6741,,,0.161,0.0699,
window,2.0,1.35,1.35,0.2057,0.3593,0.1214,0.6741,0.315,0.3974,,,
word,2.0,1.35,1.35,0.2057,0.3593,0.1214,0.6741,,,0.161,,
