file_path,start_time,end_time,label,window_size,variant_type,audio_samples
C:\Users\muldi\Documents\Playground\University\senior-project-1\dataset\internet\clear\คนน่ากลัวกว่าผีบอกเลย!.wav,47.881366,48.181366,กู,0.3,context_0.4,4800
C:\Users\muldi\Documents\Playground\University\senior-project-1\dataset\internet\clear\พากย์สุดโต่ง VS พากย์สุขุม.wav,32.397243,32.697243,มึง,0.3,main,4800
C:\Users\muldi\Documents\Playground\University\senior-project-1\dataset\internet\clear\Yo mama & แซนวิชบลูเบอร์รี่.wav,1.5,1.8,none,0.3,none_sample,4800
C:\Users\muldi\Documents\Playground\University\senior-project-1\dataset\internet\clear\รายการเย็ดแม่.wav,582.280521,582.580521,เย็ด,0.3,context_0.6,4800
C:\Users\muldi\Documents\Playground\University\senior-project-1\dataset\internet\clear\รายการเย็ดแม่.wav,8.699999999999998,8.999999999999998,none,0.3,none_sample,4800
C:\Users\muldi\Documents\Playground\University\senior-project-1\dataset\internet\clear\รายการเย็ดแม่.wav,435.72819250000003,436.02819250000005,เหี้ย,0.3,main,4800
C:\Users\muldi\Documents\Playground\University\senior-project-1\dataset\internet\clear\เพื่อนบ้านหรรษาของจริงๆ.wav,55.048219,55.348219,เหี้ย,0.3,main,4800
C:\Users\muldi\Documents\Playground\University\senior-project-1\dataset\internet\clear\โอ๊ต.wav,57.989943999999994,58.28994399999999,มึง,0.3,context_0.4,4800
C:\Users\muldi\Documents\Playground\University\senior-project-1\dataset\internet\clear\รายการเย็ดแม่.wav,960.180035,960.4800349999999,กู,0.3,context_0.2,4800
C:\Users\muldi\Documents\Playground\University\senior-project-1\dataset\internet\clear\รายการเย็ดแม่.wav,816.8800610000001,817.180061,กู,0.3,context_0.8,4800
C:\Users\muldi\Documents\Playground\University\senior-project-1\dataset\internet\clear\รายการเย็ดแม่.wav,420.6492585,420.9492585,เหี้ย,0.3,main,4800
C:\Users\muldi\Documents\Playground\University\senior-project-1\dataset\internet\clear\รายการเย็ดแม่.wav,108.86964,109.16964,กู,0.3,context_0.8,4800
C:\Users\muldi\Documents\Playground\University\senior-project-1\dataset\internet\clear\รายการเย็ดแม่.wav,405.023256,405.323256,กู,0.3,context_0.6,4800
C:\Users\muldi\Documents\Playground\University\senior-project-1\dataset\internet\clear\รายการเย็ดแม่.wav,8.999999999999998,9.299999999999999,none,0.3,none_sample,4800
C:\Users\muldi\Documents\Playground\University\senior-project-1\dataset\internet\clear\รายการเย็ดแม่.wav,108.515772,108.815772,เย็ด,0.3,context_0.4,4800
C:\Users\muldi\Documents\Playground\University\senior-project-1\dataset\internet\clear\รายการเย็ดแม่.wav,943.7203569999999,944.0203569999999,กู,0.3,context_0.4,4800
C:\Users\muldi\Documents\Playground\University\senior-project-1\dataset\internet\clear\รายการเย็ดแม่.wav,107.963488,108.263488,เย็ด,0.3,context_0.8,4800
C:\Users\muldi\Documents\Playground\University\senior-project-1\dataset\internet\clear\รายการเย็ดแม่.wav,16.500000000000014,16.800000000000015,none,0.3,none_sample,4800
C:\Users\muldi\Documents\Playground\University\senior-project-1\dataset\internet\clear\ใต้น้ำยังจะตามมาอีก!!.wav,5.913454499999999,6.213454499999999,เหี้ย,0.3,main,4800
C:\Users\muldi\Documents\Playground\University\senior-project-1\dataset\internet\clear\รายการเย็ดแม่.wav,816.790061,817.090061,กู,0.3,context_0.2,4800
C:\Users\muldi\Documents\Playground\University\senior-project-1\dataset\internet\clear\Horror movie for WOKE!!!!!.wav,185.403758,185.70375800000002,เหี้ย,0.3,context_0.4,4800
C:\Users\muldi\Documents\Playground\University\senior-project-1\dataset\internet\clear\รายการเย็ดแม่.wav,18.000000000000018,18.30000000000002,none,0.3,none_sample,4800
C:\Users\muldi\Documents\Playground\University\senior-project-1\dataset\internet\clear\รายการเย็ดแม่.wav,177.91553,178.21553,เย็ด,0.3,context_0.6,4800
C:\Users\muldi\Documents\Playground\University\senior-project-1\dataset\internet\clear\รายการเย็ดแม่.wav,657.214551,657.514551,เหี้ย,0.3,main,4800
C:\Users\muldi\Documents\Playground\University\senior-project-1\dataset\internet\clear\Horror movie for WOKE!!!!!.wav,811.875369,812.1753689999999,เย็ด,0.3,context_0.2,4800
C:\Users\muldi\Documents\Playground\University\senior-project-1\dataset\internet\clear\รายการเย็ดแม่.wav,749.541062,749.841062,กู,0.3,context_0.4,4800
C:\Users\muldi\Documents\Playground\University\senior-project-1\dataset\internet\clear\รายการเย็ดแม่.wav,783.7090274999999,784.0090274999999,เหี้ย,0.3,main,4800
C:\Users\muldi\Documents\Playground\University\senior-project-1\dataset\internet\clear\Horror movie for WOKE!!!!!.wav,1065.625189,1065.925189,เหี้ย,0.3,context_0.4,4800
C:\Users\muldi\Documents\Playground\University\senior-project-1\dataset\internet\clear\Horror movie for WOKE!!!!!.wav,609.592548,609.8925479999999,มึง,0.3,context_0.2,4800
C:\Users\muldi\Documents\Playground\University\senior-project-1\dataset\internet\clear\Horror movie for WOKE!!!!!.wav,20.2311705,20.5311705,กู,0.3,main,4800
C:\Users\muldi\Documents\Playground\University\senior-project-1\dataset\internet\clear\รายการเย็ดแม่.wav,791.7409945,792.0409945,มึง,0.3,main,4800
C:\Users\muldi\Documents\Playground\University\senior-project-1\dataset\internet\clear\Horror movie for WOKE!!!!!.wav,811.905369,812.2053689999999,เย็ด,0.3,context_0.4,4800
C:\Users\muldi\Documents\Playground\University\senior-project-1\dataset\internet\clear\Horror movie for WOKE!!!!!.wav,983.499685,983.799685,มึง,0.3,main,4800
C:\Users\muldi\Documents\Playground\University\senior-project-1\dataset\internet\clear\รายการเย็ดแม่.wav,33.878825,34.178824999999996,เย็ด,0.3,context_0.4,4800
C:\Users\muldi\Documents\Playground\University\senior-project-1\dataset\internet\clear\รายการเย็ดแม่.wav,583.955751,584.2557509999999,เย็ด,0.3,context_0.4,4800
C:\Users\muldi\Documents\Playground\University\senior-project-1\dataset\internet\clear\ซามามาเท.wav,18.27396,18.57396,กู,0.3,context_0.2,4800
C:\Users\muldi\Documents\Playground\University\senior-project-1\dataset\internet\clear\Horror movie for WOKE!!!!!.wav,665.590141,665.890141,เหี้ย,0.3,main,4800
C:\Users\muldi\Documents\Playground\University\senior-project-1\dataset\internet\clear\Horror movie for WOKE!!!!!.wav,883.21046,883.51046,มึง,0.3,context_0.2,4800
C:\Users\muldi\Documents\Playground\University\senior-project-1\dataset\internet\clear\รายการเย็ดแม่.wav,643.704785,644.004785,เหี้ย,0.3,main,4800
C:\Users\muldi\Documents\Playground\University\senior-project-1\dataset\internet\clear\รายการเย็ดแม่.wav,36.842985000000006,37.142985,เย็ด,0.3,main,4800
C:\Users\muldi\Documents\Playground\University\senior-project-1\dataset\internet\clear\รายการเย็ดแม่.wav,583.955751,584.2557509999999,เย็ด,0.3,context_0.4,4800
C:\Users\muldi\Documents\Playground\University\senior-project-1\dataset\internet\clear\Horror movie for WOKE!!!!!.wav,653.0852815,653.3852814999999,มึง,0.3,main,4800
C:\Users\muldi\Documents\Playground\University\senior-project-1\dataset\internet\clear\Horror movie for WOKE!!!!!.wav,32.973757,33.273756999999996,เหี้ย,0.3,main,4800
C:\Users\muldi\Documents\Playground\University\senior-project-1\dataset\internet\clear\Horror movie for WOKE!!!!!.wav,724.2380875,724.5380875,เหี้ย,0.3,main,4800
C:\Users\muldi\Documents\Playground\University\senior-project-1\dataset\internet\clear\รายการเย็ดแม่.wav,657.214551,657.514551,เหี้ย,0.3,main,4800
C:\Users\muldi\Documents\Playground\University\senior-project-1\dataset\internet\clear\Horror movie for WOKE!!!!!.wav,394.044194,394.344194,มึง,0.3,context_0.4,4800
C:\Users\muldi\Documents\Playground\University\senior-project-1\dataset\internet\clear\Horror movie for WOKE!!!!!.wav,883.24046,883.5404599999999,มึง,0.3,context_0.4,4800
C:\Users\muldi\Documents\Playground\University\senior-project-1\dataset\internet\clear\รายการเย็ดแม่.wav,582.220521,582.5205209999999,เย็ด,0.3,context_0.2,4800
C:\Users\muldi\Documents\Playground\University\senior-project-1\dataset\internet\clear\รายการเย็ดแม่.wav,11.400000000000004,11.700000000000005,none,0.3,none_sample,4800
C:\Users\muldi\Documents\Playground\University\senior-project-1\dataset\internet\clear\ลิ้นจระเข้ กินอะไรก็อร่อย.wav,1.2,1.5,none,0.3,none_sample,4800
C:\Users\muldi\Documents\Playground\University\senior-project-1\dataset\internet\clear\Horror movie for WOKE!!!!!.wav,578.3670490000001,578.667049,เหี้ย,0.3,main,4800
C:\Users\muldi\Documents\Playground\University\senior-project-1\dataset\internet\clear\ซามามาเท.wav,18.33396,18.633960000000002,กู,0.3,context_0.6,4800
C:\Users\muldi\Documents\Playground\University\senior-project-1\dataset\internet\clear\รายการเย็ดแม่.wav,582.310521,582.610521,เย็ด,0.3,context_0.8,4800
C:\Users\muldi\Documents\Playground\University\senior-project-1\dataset\internet\clear\Yo mama & แซนวิชบลูเบอร์รี่.wav,2.4,2.6999999999999997,none,0.3,none_sample,4800
C:\Users\muldi\Documents\Playground\University\senior-project-1\dataset\internet\clear\รายการเย็ดแม่.wav,432.4934525,432.7934525,เหี้ย,0.3,main,4800
C:\Users\muldi\Documents\Playground\University\senior-project-1\dataset\internet\clear\เดินเตะทุกอย่างบนโลก!.wav,0.0,0.3,none,0.3,none_sample,4800
C:\Users\muldi\Documents\Playground\University\senior-project-1\dataset\internet\clear\รายการเย็ดแม่.wav,243.389185,243.689185,มึง,0.3,main,4800
C:\Users\muldi\Documents\Playground\University\senior-project-1\dataset\internet\clear\Horror movie for WOKE!!!!!.wav,826.157457,826.457457,มึง,0.3,main,4800
C:\Users\muldi\Documents\Playground\University\senior-project-1\dataset\internet\clear\Yo mama & แซนวิชบลูเบอร์รี่.wav,107.39432099999999,107.69432099999999,มึง,0.3,context_0.4,4800
C:\Users\muldi\Documents\Playground\University\senior-project-1\dataset\internet\clear\เกิดแต่กับคีร์มากค่ะ.wav,43.902683,44.202683,กู,0.3,main,4800
C:\Users\muldi\Documents\Playground\University\senior-project-1\dataset\internet\clear\Horror movie for WOKE!!!!!.wav,185.403758,185.70375800000002,เหี้ย,0.3,context_0.4,4800
C:\Users\muldi\Documents\Playground\University\senior-project-1\dataset\internet\clear\รายการเย็ดแม่.wav,106.765602,107.065602,เย็ด,0.3,context_0.6,4800
C:\Users\muldi\Documents\Playground\University\senior-project-1\dataset\internet\clear\Horror movie for WOKE!!!!!.wav,233.8755545,234.1755545,เหี้ย,0.3,main,4800
C:\Users\muldi\Documents\Playground\University\senior-project-1\dataset\internet\clear\อะไรหายากสุด.wav,13.956202000000001,14.256202000000002,มึง,0.3,context_0.8,4800
C:\Users\muldi\Documents\Playground\University\senior-project-1\dataset\internet\clear\รายการเย็ดแม่.wav,107.129344,107.429344,เย็ด,0.3,context_0.6,4800
C:\Users\muldi\Documents\Playground\University\senior-project-1\dataset\internet\clear\รายการเย็ดแม่.wav,35.412074999999994,35.71207499999999,เย็ด,0.3,context_0.4,4800
C:\Users\muldi\Documents\Playground\University\senior-project-1\dataset\internet\clear\มันไปเล่นเอไอเอสชั่วโมงละ60บาท.wav,3.888172,4.188172,กู,0.3,context_0.6,4800
C:\Users\muldi\Documents\Playground\University\senior-project-1\dataset\internet\clear\Horror movie for WOKE!!!!!.wav,1055.767682,1056.0676819999999,เหี้ย,0.3,main,4800
C:\Users\muldi\Documents\Playground\University\senior-project-1\dataset\internet\clear\รายการเย็ดแม่.wav,205.16897699999998,205.468977,กู,0.3,context_0.6,4800
C:\Users\muldi\Documents\Playground\University\senior-project-1\dataset\internet\clear\ใต้น้ำยังจะตามมาอีก!!.wav,21.476080500000002,21.776080500000003,เหี้ย,0.3,main,4800
C:\Users\muldi\Documents\Playground\University\senior-project-1\dataset\internet\noise\อะไรคือสิ่งที่ถูก.wav,1.476835,1.776835,มึง,0.3,context_0.8,4800
C:\Users\muldi\Documents\Playground\University\senior-project-1\dataset\internet\clear\รายการเย็ดแม่.wav,107.933488,108.233488,เย็ด,0.3,context_0.6,4800
C:\Users\muldi\Documents\Playground\University\senior-project-1\dataset\internet\clear\รายการเย็ดแม่.wav,609.467748,609.767748,เหี้ย,0.3,main,4800
C:\Users\muldi\Documents\Playground\University\senior-project-1\dataset\internet\clear\ประชุมรวมญาติเชลซี.wav,0.6,0.8999999999999999,none,0.3,none_sample,4800
C:\Users\muldi\Documents\Playground\University\senior-project-1\dataset\internet\clear\Horror movie for WOKE!!!!!.wav,808.0175475,808.3175474999999,เหี้ย,0.3,main,4800
C:\Users\muldi\Documents\Playground\University\senior-project-1\dataset\internet\clear\จารย์แดง1.wav,0.0,0.3,กู,0.3,context_0.2,4800
C:\Users\muldi\Documents\Playground\University\senior-project-1\dataset\internet\clear\รายการเย็ดแม่.wav,492.3433865,492.6433865,เหี้ย,0.3,main,4800
C:\Users\muldi\Documents\Playground\University\senior-project-1\dataset\internet\clear\Horror movie for WOKE!!!!!.wav,15.900000000000016,16.200000000000017,none,0.3,none_sample,4800
C:\Users\muldi\Documents\Playground\University\senior-project-1\dataset\internet\clear\มันไปเล่นเอไอเอสชั่วโมงละ60บาท.wav,3.918172,4.218172,กู,0.3,context_0.8,4800
C:\Users\muldi\Documents\Playground\University\senior-project-1\dataset\internet\clear\รายการเย็ดแม่.wav,2.8270980000000003,3.127098,เย็ด,0.3,context_0.4,4800
C:\Users\muldi\Documents\Playground\University\senior-project-1\dataset\internet\clear\รายการเย็ดแม่.wav,114.77402099999999,115.07402099999999,เย็ด,0.3,context_0.4,4800
C:\Users\muldi\Documents\Playground\University\senior-project-1\dataset\internet\clear\ประชุมรวมญาติเชลซี.wav,181.479608,181.77960800000002,กู,0.3,main,4800
C:\Users\muldi\Documents\Playground\University\senior-project-1\dataset\internet\clear\Yo mama & แซนวิชบลูเบอร์รี่.wav,44.627643,44.927642999999996,มึง,0.3,main,4800
C:\Users\muldi\Documents\Playground\University\senior-project-1\dataset\internet\clear\รายการเย็ดแม่.wav,106.318161,106.618161,เย็ด,0.3,context_0.4,4800
C:\Users\muldi\Documents\Playground\University\senior-project-1\dataset\internet\clear\พากย์สุดโต่ง VS พากย์สุขุม.wav,118.7221635,119.02216349999999,มึง,0.3,main,4800
C:\Users\muldi\Documents\Playground\University\senior-project-1\dataset\internet\clear\รายการเย็ดแม่.wav,106.348161,106.648161,เย็ด,0.3,context_0.6,4800
C:\Users\muldi\Documents\Playground\University\senior-project-1\dataset\internet\clear\Yo mama & แซนวิชบลูเบอร์รี่.wav,92.01385499999999,92.31385499999999,มึง,0.3,main,4800
C:\Users\muldi\Documents\Playground\University\senior-project-1\dataset\internet\clear\Horror movie for WOKE!!!!!.wav,430.055199,430.355199,มึง,0.3,main,4800
C:\Users\muldi\Documents\Playground\University\senior-project-1\dataset\internet\clear\Horror movie for WOKE!!!!!.wav,15.300000000000015,15.600000000000016,none,0.3,none_sample,4800
C:\Users\muldi\Documents\Playground\University\senior-project-1\dataset\internet\clear\เดินเตะทุกอย่างบนโลก!.wav,16.773305,17.073305,กู,0.3,context_0.2,4800
C:\Users\muldi\Documents\Playground\University\senior-project-1\dataset\internet\clear\รายการเย็ดแม่.wav,0.3,0.6,none,0.3,none_sample,4800
C:\Users\muldi\Documents\Playground\University\senior-project-1\dataset\internet\clear\Horror movie for WOKE!!!!!.wav,811.875369,812.1753689999999,เย็ด,0.3,context_0.2,4800
C:\Users\muldi\Documents\Playground\University\senior-project-1\dataset\internet\clear\เกิดแต่กับคีร์มากค่ะ.wav,2.8165555,3.1165555,มึง,0.3,main,4800
C:\Users\muldi\Documents\Playground\University\senior-project-1\dataset\internet\clear\Horror movie for WOKE!!!!!.wav,16.200000000000017,16.500000000000018,none,0.3,none_sample,4800
C:\Users\muldi\Documents\Playground\University\senior-project-1\dataset\internet\clear\Horror movie for WOKE!!!!!.wav,517.4831485000001,517.7831485,เหี้ย,0.3,main,4800
C:\Users\muldi\Documents\Playground\University\senior-project-1\dataset\internet\clear\รายการเย็ดแม่.wav,0.3,0.6,none,0.3,none_sample,4800
C:\Users\muldi\Documents\Playground\University\senior-project-1\dataset\internet\clear\Horror movie for WOKE!!!!!.wav,18.300000000000022,18.600000000000023,none,0.3,none_sample,4800
C:\Users\muldi\Documents\Playground\University\senior-project-1\dataset\internet\clear\รายการเย็ดแม่.wav,822.787803,823.087803,เหี้ย,0.3,main,4800
C:\Users\muldi\Documents\Playground\University\senior-project-1\dataset\internet\clear\Yo mama & แซนวิชบลูเบอร์รี่.wav,18.942623,19.242623000000002,มึง,0.3,main,4800
C:\Users\muldi\Documents\Playground\University\senior-project-1\dataset\internet\noise\อะไรคือสิ่งที่ถูก.wav,0.3,0.6,none,0.3,none_sample,4800
C:\Users\muldi\Documents\Playground\University\senior-project-1\dataset\internet\clear\รายการเย็ดแม่.wav,583.955751,584.2557509999999,เย็ด,0.3,context_0.4,4800
C:\Users\muldi\Documents\Playground\University\senior-project-1\dataset\internet\clear\Horror movie for WOKE!!!!!.wav,185.433758,185.73375800000002,เหี้ย,0.3,context_0.6,4800
C:\Users\muldi\Documents\Playground\University\senior-project-1\dataset\internet\clear\Horror movie for WOKE!!!!!.wav,81.1188185,81.4188185,เหี้ย,0.3,main,4800
C:\Users\muldi\Documents\Playground\University\senior-project-1\dataset\internet\clear\รายการเย็ดแม่.wav,107.489723,107.789723,เย็ด,0.3,context_0.2,4800
C:\Users\muldi\Documents\Playground\University\senior-project-1\dataset\internet\clear\จารย์แดง1.wav,6.4506955,6.7506955,มึง,0.3,main,4800
C:\Users\muldi\Documents\Playground\University\senior-project-1\dataset\internet\clear\รายการเย็ดแม่.wav,669.921523,670.2215229999999,เหี้ย,0.3,main,4800
C:\Users\muldi\Documents\Playground\University\senior-project-1\dataset\internet\clear\เดินเตะทุกอย่างบนโลก!.wav,15.729595999999999,16.029595999999998,กู,0.3,context_0.6,4800
C:\Users\muldi\Documents\Playground\University\senior-project-1\dataset\internet\clear\รายการเย็ดแม่.wav,510.108216,510.40821600000004,กู,0.3,context_0.4,4800
C:\Users\muldi\Documents\Playground\University\senior-project-1\dataset\internet\clear\รายการเย็ดแม่.wav,588.7887755,589.0887755,เหี้ย,0.3,main,4800
C:\Users\muldi\Documents\Playground\University\senior-project-1\dataset\internet\clear\รายการเย็ดแม่.wav,108.515772,108.815772,เย็ด,0.3,context_0.4,4800
C:\Users\muldi\Documents\Playground\University\senior-project-1\dataset\internet\clear\รายการเย็ดแม่.wav,588.7887755,589.0887755,เหี้ย,0.3,main,4800
C:\Users\muldi\Documents\Playground\University\senior-project-1\dataset\internet\clear\Horror movie for WOKE!!!!!.wav,22.727007,23.027007,มึง,0.3,context_0.8,4800
C:\Users\muldi\Documents\Playground\University\senior-project-1\dataset\internet\clear\ซามามาเท.wav,7.572102,7.872102,กู,0.3,context_0.8,4800
C:\Users\muldi\Documents\Playground\University\senior-project-1\dataset\internet\clear\Horror movie for WOKE!!!!!.wav,394.014194,394.314194,มึง,0.3,context_0.2,4800
C:\Users\muldi\Documents\Playground\University\senior-project-1\dataset\internet\clear\รายการเย็ดแม่.wav,582.310521,582.610521,เย็ด,0.3,context_0.8,4800
C:\Users\muldi\Documents\Playground\University\senior-project-1\dataset\internet\clear\เพื่อนบ้านหรรษาของจริงๆ.wav,42.8032445,43.103244499999995,มึง,0.3,main,4800
C:\Users\muldi\Documents\Playground\University\senior-project-1\dataset\internet\clear\Horror movie for WOKE!!!!!.wav,925.972676,926.2726759999999,กู,0.3,context_0.4,4800
C:\Users\muldi\Documents\Playground\University\senior-project-1\dataset\internet\clear\อะชิมะหม๋า.wav,0.0,0.3,none,0.3,none_sample,4800
C:\Users\muldi\Documents\Playground\University\senior-project-1\dataset\internet\clear\โอ๊ต.wav,1301.0718295,1301.3718294999999,เหี้ย,0.3,main,4800
C:\Users\muldi\Documents\Playground\University\senior-project-1\dataset\internet\clear\Horror movie for WOKE!!!!!.wav,150.8382705,151.1382705,กู,0.3,main,4800
C:\Users\muldi\Documents\Playground\University\senior-project-1\dataset\internet\clear\โอ๊ต.wav,20.396934,20.696934000000002,กู,0.3,context_0.4,4800
C:\Users\muldi\Documents\Playground\University\senior-project-1\dataset\internet\clear\รายการเย็ดแม่.wav,108.545772,108.845772,เย็ด,0.3,context_0.6,4800
C:\Users\muldi\Documents\Playground\University\senior-project-1\dataset\internet\clear\รายการเย็ดแม่.wav,17.400000000000016,17.700000000000017,none,0.3,none_sample,4800
C:\Users\muldi\Documents\Playground\University\senior-project-1\dataset\internet\clear\Horror movie for WOKE!!!!!.wav,811.875369,812.1753689999999,เย็ด,0.3,context_0.2,4800
C:\Users\muldi\Documents\Playground\University\senior-project-1\dataset\internet\clear\โอ๊ต.wav,1.2,1.5,none,0.3,none_sample,4800
C:\Users\muldi\Documents\Playground\University\senior-project-1\dataset\internet\clear\มันไปเล่นเอไอเอสชั่วโมงละ60บาท.wav,3.858172,4.158172,กู,0.3,context_0.4,4800
C:\Users\muldi\Documents\Playground\University\senior-project-1\dataset\internet\clear\Horror movie for WOKE!!!!!.wav,12.300000000000008,12.600000000000009,none,0.3,none_sample,4800
C:\Users\muldi\Documents\Playground\University\senior-project-1\dataset\internet\clear\รายการเย็ดแม่.wav,107.099344,107.399344,เย็ด,0.3,context_0.4,4800
C:\Users\muldi\Documents\Playground\University\senior-project-1\dataset\internet\clear\รายการเย็ดแม่.wav,405.05325600000003,405.35325600000004,กู,0.3,context_0.8,4800
C:\Users\muldi\Documents\Playground\University\senior-project-1\dataset\internet\clear\Horror movie for WOKE!!!!!.wav,22.667007,22.967007000000002,มึง,0.3,context_0.4,4800
C:\Users\muldi\Documents\Playground\University\senior-project-1\dataset\internet\clear\โอ๊ต.wav,127.358485,127.658485,กู,0.3,context_0.4,4800
C:\Users\muldi\Documents\Playground\University\senior-project-1\dataset\internet\clear\Horror movie for WOKE!!!!!.wav,152.147745,152.447745,เย็ด,0.3,main,4800
C:\Users\muldi\Documents\Playground\University\senior-project-1\dataset\internet\clear\เดินเตะทุกอย่างบนโลก!.wav,31.971262,32.271262,กู,0.3,context_0.2,4800
C:\Users\muldi\Documents\Playground\University\senior-project-1\dataset\internet\clear\Horror movie for WOKE!!!!!.wav,0.3,0.6,none,0.3,none_sample,4800
C:\Users\muldi\Documents\Playground\University\senior-project-1\dataset\internet\noise\อะไรคือสิ่งที่ถูก.wav,9.742852000000001,10.042852000000002,กู,0.3,context_0.4,4800
C:\Users\muldi\Documents\Playground\University\senior-project-1\dataset\internet\clear\รายการเย็ดแม่.wav,651.95817,652.25817,กู,0.3,context_0.8,4800
C:\Users\muldi\Documents\Playground\University\senior-project-1\dataset\internet\music\แคทเธอร์รีนยิงมันสิ!.wav,22.131190000000004,22.431190000000004,กู,0.3,main,4800
C:\Users\muldi\Documents\Playground\University\senior-project-1\dataset\internet\clear\Yo mama & แซนวิชบลูเบอร์รี่.wav,103.785744,104.08574399999999,มึง,0.3,context_0.2,4800
C:\Users\muldi\Documents\Playground\University\senior-project-1\dataset\internet\clear\Horror movie for WOKE!!!!!.wav,925.942676,926.242676,กู,0.3,context_0.2,4800
C:\Users\muldi\Documents\Playground\University\senior-project-1\dataset\internet\clear\รายการเย็ดแม่.wav,508.50826600000005,508.80826600000006,เหี้ย,0.3,main,4800
C:\Users\muldi\Documents\Playground\University\senior-project-1\dataset\internet\clear\เดินเตะทุกอย่างบนโลก!.wav,29.266449,29.566449000000002,กู,0.3,context_0.4,4800
C:\Users\muldi\Documents\Playground\University\senior-project-1\dataset\internet\clear\ช่วยด้วย!! นวยจะมาอยู่ด้วย!!.wav,13.556268000000001,13.856268000000002,มึง,0.3,context_0.2,4800
C:\Users\muldi\Documents\Playground\University\senior-project-1\dataset\internet\clear\รายการเย็ดแม่.wav,3.2999999999999976,3.5999999999999974,none,0.3,none_sample,4800
C:\Users\muldi\Documents\Playground\University\senior-project-1\dataset\internet\clear\รายการเย็ดแม่.wav,784.9614835000001,785.2614835,เหี้ย,0.3,main,4800
C:\Users\muldi\Documents\Playground\University\senior-project-1\dataset\internet\clear\จารย์แดง1.wav,7.6556904999999995,7.955690499999999,มึง,0.3,main,4800
C:\Users\muldi\Documents\Playground\University\senior-project-1\dataset\internet\clear\รายการเย็ดแม่.wav,10.500000000000002,10.800000000000002,none,0.3,none_sample,4800
C:\Users\muldi\Documents\Playground\University\senior-project-1\dataset\internet\clear\โอ๊ต.wav,0.3,0.6,none,0.3,none_sample,4800
C:\Users\muldi\Documents\Playground\University\senior-project-1\dataset\internet\clear\รายการเย็ดแม่.wav,797.679027,797.979027,กู,0.3,context_0.8,4800
C:\Users\muldi\Documents\Playground\University\senior-project-1\dataset\internet\clear\รายการเย็ดแม่.wav,34.890411,35.190411,เย็ด,0.3,context_0.6,4800
C:\Users\muldi\Documents\Playground\University\senior-project-1\dataset\internet\clear\โอ๊ต.wav,1.5,1.8,none,0.3,none_sample,4800
C:\Users\muldi\Documents\Playground\University\senior-project-1\dataset\internet\clear\Horror movie for WOKE!!!!!.wav,98.1573765,98.4573765,เหี้ย,0.3,main,4800
C:\Users\muldi\Documents\Playground\University\senior-project-1\dataset\internet\clear\Horror movie for WOKE!!!!!.wav,1017.0669675,1017.3669675,มึง,0.3,main,4800
C:\Users\muldi\Documents\Playground\University\senior-project-1\dataset\internet\clear\รายการเย็ดแม่.wav,643.704785,644.004785,เหี้ย,0.3,main,4800
C:\Users\muldi\Documents\Playground\University\senior-project-1\dataset\internet\clear\รายการเย็ดแม่.wav,34.920411,35.220411,เย็ด,0.3,context_0.8,4800
C:\Users\muldi\Documents\Playground\University\senior-project-1\dataset\internet\noise\อะไรคือสิ่งที่ถูก.wav,1.62,1.9200000000000002,none,0.3,none_sample,4800
C:\Users\muldi\Documents\Playground\University\senior-project-1\dataset\internet\clear\รายการเย็ดแม่.wav,653.230944,653.530944,เหี้ย,0.3,context_0.2,4800
C:\Users\muldi\Documents\Playground\University\senior-project-1\dataset\internet\clear\รายการเย็ดแม่.wav,2.857098,3.157098,เย็ด,0.3,context_0.6,4800
C:\Users\muldi\Documents\Playground\University\senior-project-1\dataset\internet\clear\Yo mama & แซนวิชบลูเบอร์รี่.wav,83.67128299999999,83.97128299999999,มึง,0.3,main,4800
C:\Users\muldi\Documents\Playground\University\senior-project-1\dataset\internet\clear\เพื่อนบ้านหรรษาของจริงๆ.wav,37.834212,38.134212,เหี้ย,0.3,main,4800
C:\Users\muldi\Documents\Playground\University\senior-project-1\dataset\internet\clear\รายการเย็ดแม่.wav,792.8360389999999,793.1360389999999,มึง,0.3,context_0.4,4800
C:\Users\muldi\Documents\Playground\University\senior-project-1\dataset\internet\clear\Horror movie for WOKE!!!!!.wav,3.899999999999999,4.199999999999999,none,0.3,none_sample,4800
C:\Users\muldi\Documents\Playground\University\senior-project-1\dataset\internet\clear\Horror movie for WOKE!!!!!.wav,98.1573765,98.4573765,เหี้ย,0.3,main,4800
C:\Users\muldi\Documents\Playground\University\senior-project-1\dataset\internet\clear\รายการเย็ดแม่.wav,582.280521,582.580521,เย็ด,0.3,context_0.6,4800
C:\Users\muldi\Documents\Playground\University\senior-project-1\dataset\internet\clear\รายการเย็ดแม่.wav,595.868202,596.168202,มึง,0.3,main,4800
C:\Users\muldi\Documents\Playground\University\senior-project-1\dataset\internet\clear\ถ้าจะมาหลอกแค่นี้ อย่ามาดีกว่าไอ้น้อง.wav,19.322608000000002,19.622608000000003,กู,0.3,context_0.6,4800
C:\Users\muldi\Documents\Playground\University\senior-project-1\dataset\internet\clear\รายการเย็ดแม่.wav,35.472075,35.772074999999994,เย็ด,0.3,context_0.8,4800
C:\Users\muldi\Documents\Playground\University\senior-project-1\dataset\internet\clear\Horror movie for WOKE!!!!!.wav,729.264579,729.564579,กู,0.3,context_0.8,4800
C:\Users\muldi\Documents\Playground\University\senior-project-1\dataset\internet\clear\Horror movie for WOKE!!!!!.wav,11.100000000000005,11.400000000000006,none,0.3,none_sample,4800
C:\Users\muldi\Documents\Playground\University\senior-project-1\dataset\internet\clear\Horror movie for WOKE!!!!!.wav,17.70000000000002,18.00000000000002,none,0.3,none_sample,4800
C:\Users\muldi\Documents\Playground\University\senior-project-1\dataset\internet\clear\รายการเย็ดแม่.wav,182.0581215,182.3581215,เหี้ย,0.3,main,4800
C:\Users\muldi\Documents\Playground\University\senior-project-1\dataset\internet\clear\เพื่อนบ้านหรรษาของจริงๆ.wav,42.8032445,43.103244499999995,มึง,0.3,main,4800
C:\Users\muldi\Documents\Playground\University\senior-project-1\dataset\internet\clear\ประชุมรวมญาติเชลซี.wav,142.911353,143.211353,กู,0.3,context_0.8,4800
C:\Users\muldi\Documents\Playground\University\senior-project-1\dataset\internet\clear\Horror movie for WOKE!!!!!.wav,233.8755545,234.1755545,เหี้ย,0.3,main,4800
C:\Users\muldi\Documents\Playground\University\senior-project-1\dataset\internet\clear\รายการเย็ดแม่.wav,107.129344,107.429344,เย็ด,0.3,context_0.6,4800
C:\Users\muldi\Documents\Playground\University\senior-project-1\dataset\internet\clear\ประชุมรวมญาติเชลซี.wav,180.535019,180.83501900000002,กู,0.3,context_0.8,4800
C:\Users\muldi\Documents\Playground\University\senior-project-1\dataset\internet\clear\Horror movie for WOKE!!!!!.wav,1013.9639515,1014.2639515,เหี้ย,0.3,main,4800
C:\Users\muldi\Documents\Playground\University\senior-project-1\dataset\internet\clear\Yo mama & แซนวิชบลูเบอร์รี่.wav,96.6231605,96.9231605,มึง,0.3,main,4800
C:\Users\muldi\Documents\Playground\University\senior-project-1\dataset\internet\clear\Horror movie for WOKE!!!!!.wav,152.147745,152.447745,เย็ด,0.3,main,4800
C:\Users\muldi\Documents\Playground\University\senior-project-1\dataset\internet\clear\ใต้น้ำยังจะตามมาอีก!!.wav,19.194388,19.494388,กู,0.3,context_0.2,4800
C:\Users\muldi\Documents\Playground\University\senior-project-1\dataset\internet\clear\รายการเย็ดแม่.wav,669.921523,670.2215229999999,เหี้ย,0.3,main,4800
C:\Users\muldi\Documents\Playground\University\senior-project-1\dataset\internet\clear\รายการเย็ดแม่.wav,798.4785880000001,798.778588,เย็ด,0.3,context_0.8,4800
C:\Users\muldi\Documents\Playground\University\senior-project-1\dataset\internet\clear\ลิ้นจระเข้ กินอะไรก็อร่อย.wav,59.779531,60.079530999999996,กู,0.3,context_0.8,4800
C:\Users\muldi\Documents\Playground\University\senior-project-1\dataset\internet\clear\รายการเย็ดแม่.wav,93.7026865,94.0026865,เย็ด,0.3,main,4800
C:\Users\muldi\Documents\Playground\University\senior-project-1\dataset\internet\clear\รายการเย็ดแม่.wav,702.6953925,702.9953925,เหี้ย,0.3,main,4800
C:\Users\muldi\Documents\Playground\University\senior-project-1\dataset\internet\clear\ลิ้นจระเข้ กินอะไรก็อร่อย.wav,20.0767245,20.3767245,กู,0.3,main,4800
C:\Users\muldi\Documents\Playground\University\senior-project-1\dataset\internet\clear\รายการเย็ดแม่.wav,114.74402099999999,115.04402099999999,เย็ด,0.3,context_0.2,4800
C:\Users\muldi\Documents\Playground\University\senior-project-1\dataset\internet\clear\รายการเย็ดแม่.wav,582.280521,582.580521,เย็ด,0.3,context_0.6,4800
C:\Users\muldi\Documents\Playground\University\senior-project-1\dataset\internet\clear\รายการเย็ดแม่.wav,33.848825000000005,34.148825,เย็ด,0.3,context_0.2,4800
C:\Users\muldi\Documents\Playground\University\senior-project-1\dataset\internet\clear\รายการเย็ดแม่.wav,13.200000000000008,13.500000000000009,none,0.3,none_sample,4800
C:\Users\muldi\Documents\Playground\University\senior-project-1\dataset\internet\clear\Horror movie for WOKE!!!!!.wav,17.70000000000002,18.00000000000002,none,0.3,none_sample,4800
C:\Users\muldi\Documents\Playground\University\senior-project-1\dataset\internet\clear\รายการเย็ดแม่.wav,8.099999999999996,8.399999999999997,none,0.3,none_sample,4800
C:\Users\muldi\Documents\Playground\University\senior-project-1\dataset\internet\clear\อะชิมะหม๋า.wav,0.3,0.6,none,0.3,none_sample,4800
C:\Users\muldi\Documents\Playground\University\senior-project-1\dataset\internet\clear\Horror movie for WOKE!!!!!.wav,537.175816,537.475816,มึง,0.3,main,4800
C:\Users\muldi\Documents\Playground\University\senior-project-1\dataset\internet\clear\รายการเย็ดแม่.wav,107.963488,108.263488,เย็ด,0.3,context_0.8,4800
C:\Users\muldi\Documents\Playground\University\senior-project-1\dataset\internet\clear\รายการเย็ดแม่.wav,177.94553,178.24553,เย็ด,0.3,context_0.8,4800
C:\Users\muldi\Documents\Playground\University\senior-project-1\dataset\internet\clear\เดินเตะทุกอย่างบนโลก!.wav,4.974079,5.2740789999999995,กู,0.3,context_0.8,4800
C:\Users\muldi\Documents\Playground\University\senior-project-1\dataset\internet\clear\Horror movie for WOKE!!!!!.wav,14.100000000000012,14.400000000000013,none,0.3,none_sample,4800
C:\Users\muldi\Documents\Playground\University\senior-project-1\dataset\us\clear\ถ้าแกไม่ไป กูก็ไม่ไปเหมือนกัน.wav,1.3636935000000001,1.6636935000000002,กู,0.3,main,4800
C:\Users\muldi\Documents\Playground\University\senior-project-1\dataset\internet\clear\รายการเย็ดแม่.wav,2.797098,3.097098,เย็ด,0.3,context_0.2,4800
C:\Users\muldi\Documents\Playground\University\senior-project-1\dataset\internet\clear\ใต้น้ำยังจะตามมาอีก!!.wav,1.5,1.8,none,0.3,none_sample,4800
C:\Users\muldi\Documents\Playground\University\senior-project-1\dataset\internet\clear\ถ้าวันนึงหีมึงเหี่ยว.wav,15.6319,15.9319,มึง,0.3,main,4800
C:\Users\muldi\Documents\Playground\University\senior-project-1\dataset\internet\clear\Horror movie for WOKE!!!!!.wav,513.497569,513.797569,มึง,0.3,context_0.2,4800
C:\Users\muldi\Documents\Playground\University\senior-project-1\dataset\internet\clear\รายการเย็ดแม่.wav,15.300000000000013,15.600000000000014,none,0.3,none_sample,4800
C:\Users\muldi\Documents\Playground\University\senior-project-1\dataset\internet\clear\เดินเตะทุกอย่างบนโลก!.wav,1.8,2.1,none,0.3,none_sample,4800
C:\Users\muldi\Documents\Playground\University\senior-project-1\dataset\internet\clear\รายการเย็ดแม่.wav,10.200000000000001,10.500000000000002,none,0.3,none_sample,4800
C:\Users\muldi\Documents\Playground\University\senior-project-1\dataset\internet\clear\ใต้น้ำยังจะตามมาอีก!!.wav,6.09593,6.39593,มึง,0.3,context_0.6,4800
C:\Users\muldi\Documents\Playground\University\senior-project-1\dataset\internet\clear\เดินเตะทุกอย่างบนโลก!.wav,29.236449,29.536449,กู,0.3,context_0.2,4800
C:\Users\muldi\Documents\Playground\University\senior-project-1\dataset\internet\clear\รายการเย็ดแม่.wav,19.800000000000022,20.100000000000023,none,0.3,none_sample,4800
C:\Users\muldi\Documents\Playground\University\senior-project-1\dataset\internet\clear\รายการเย็ดแม่.wav,107.933488,108.233488,เย็ด,0.3,context_0.6,4800
C:\Users\muldi\Documents\Playground\University\senior-project-1\dataset\internet\clear\รายการเย็ดแม่.wav,508.50826600000005,508.80826600000006,เหี้ย,0.3,main,4800
C:\Users\muldi\Documents\Playground\University\senior-project-1\dataset\internet\clear\รายการเย็ดแม่.wav,106.288161,106.588161,เย็ด,0.3,context_0.2,4800
C:\Users\muldi\Documents\Playground\University\senior-project-1\dataset\internet\clear\รายการเย็ดแม่.wav,643.704785,644.004785,เหี้ย,0.3,main,4800
C:\Users\muldi\Documents\Playground\University\senior-project-1\dataset\internet\clear\เดินเตะทุกอย่างบนโลก!.wav,1.2,1.5,none,0.3,none_sample,4800
C:\Users\muldi\Documents\Playground\University\senior-project-1\dataset\internet\clear\ถ้าวันนึงหีมึงเหี่ยว.wav,15.6319,15.9319,มึง,0.3,main,4800
C:\Users\muldi\Documents\Playground\University\senior-project-1\dataset\internet\clear\รายการเย็ดแม่.wav,798.418588,798.718588,เย็ด,0.3,context_0.4,4800
C:\Users\muldi\Documents\Playground\University\senior-project-1\dataset\internet\clear\รายการเย็ดแม่.wav,17.400000000000016,17.700000000000017,none,0.3,none_sample,4800
C:\Users\muldi\Documents\Playground\University\senior-project-1\dataset\internet\clear\รายการเย็ดแม่.wav,177.94553,178.24553,เย็ด,0.3,context_0.8,4800
C:\Users\muldi\Documents\Playground\University\senior-project-1\dataset\internet\clear\Horror movie for WOKE!!!!!.wav,1019.4414225,1019.7414225,มึง,0.3,main,4800
C:\Users\muldi\Documents\Playground\University\senior-project-1\dataset\internet\clear\รายการเย็ดแม่.wav,297.62327000000005,297.92327000000006,เหี้ย,0.3,main,4800
C:\Users\muldi\Documents\Playground\University\senior-project-1\dataset\internet\clear\รายการเย็ดแม่.wav,582.280521,582.580521,เย็ด,0.3,context_0.6,4800
C:\Users\muldi\Documents\Playground\University\senior-project-1\dataset\internet\clear\รายการเย็ดแม่.wav,404.963256,405.263256,กู,0.3,context_0.2,4800
C:\Users\muldi\Documents\Playground\University\senior-project-1\dataset\internet\clear\รายการเย็ดแม่.wav,106.795602,107.095602,เย็ด,0.3,context_0.8,4800
C:\Users\muldi\Documents\Playground\University\senior-project-1\dataset\internet\music\แคทเธอร์รีนยิงมันสิ!.wav,12.6710675,12.9710675,กู,0.3,main,4800
C:\Users\muldi\Documents\Playground\University\senior-project-1\dataset\internet\clear\รายการเย็ดแม่.wav,114.80402099999999,115.10402099999999,เย็ด,0.3,context_0.6,4800
C:\Users\muldi\Documents\Playground\University\senior-project-1\dataset\internet\clear\รายการเย็ดแม่.wav,713.618822,713.918822,กู,0.3,context_0.4,4800
C:\Users\muldi\Documents\Playground\University\senior-project-1\dataset\internet\clear\รายการเย็ดแม่.wav,34.830411000000005,35.130411,เย็ด,0.3,context_0.2,4800
C:\Users\muldi\Documents\Playground\University\senior-project-1\dataset\internet\clear\Horror movie for WOKE!!!!!.wav,12.90000000000001,13.20000000000001,none,0.3,none_sample,4800
C:\Users\muldi\Documents\Playground\University\senior-project-1\dataset\internet\clear\รายการเย็ดแม่.wav,798.388588,798.688588,เย็ด,0.3,context_0.2,4800
C:\Users\muldi\Documents\Playground\University\senior-project-1\dataset\internet\clear\รายการเย็ดแม่.wav,784.9614835000001,785.2614835,เหี้ย,0.3,main,4800
C:\Users\muldi\Documents\Playground\University\senior-project-1\dataset\internet\clear\เดินเตะทุกอย่างบนโลก!.wav,16.803305,17.103305000000002,กู,0.3,context_0.4,4800
C:\Users\muldi\Documents\Playground\University\senior-project-1\dataset\internet\clear\Horror movie for WOKE!!!!!.wav,15.000000000000014,15.300000000000015,none,0.3,none_sample,4800
C:\Users\muldi\Documents\Playground\University\senior-project-1\dataset\internet\clear\Horror movie for WOKE!!!!!.wav,185.433758,185.73375800000002,เหี้ย,0.3,context_0.6,4800
C:\Users\muldi\Documents\Playground\University\senior-project-1\dataset\internet\clear\Horror movie for WOKE!!!!!.wav,1055.767682,1056.0676819999999,เหี้ย,0.3,main,4800
C:\Users\muldi\Documents\Playground\University\senior-project-1\dataset\internet\clear\รายการเย็ดแม่.wav,582.280521,582.580521,เย็ด,0.3,context_0.6,4800
C:\Users\muldi\Documents\Playground\University\senior-project-1\dataset\internet\clear\ถ้าวันนึงหีมึงเหี่ยว.wav,0.8999999999999999,1.2,none,0.3,none_sample,4800
C:\Users\muldi\Documents\Playground\University\senior-project-1\dataset\internet\clear\รายการเย็ดแม่.wav,15.000000000000012,15.300000000000013,none,0.3,none_sample,4800
C:\Users\muldi\Documents\Playground\University\senior-project-1\dataset\internet\clear\Horror movie for WOKE!!!!!.wav,475.658725,475.958725,เหี้ย,0.3,main,4800
C:\Users\muldi\Documents\Playground\University\senior-project-1\dataset\internet\clear\Horror movie for WOKE!!!!!.wav,1065.685189,1065.985189,เหี้ย,0.3,context_0.8,4800
C:\Users\muldi\Documents\Playground\University\senior-project-1\dataset\internet\clear\รายการเย็ดแม่.wav,653.260944,653.560944,เหี้ย,0.3,context_0.4,4800
C:\Users\muldi\Documents\Playground\University\senior-project-1\dataset\internet\clear\รายการเย็ดแม่.wav,8.399999999999997,8.699999999999998,none,0.3,none_sample,4800
C:\Users\muldi\Documents\Playground\University\senior-project-1\dataset\internet\clear\เดินเตะทุกอย่างบนโลก!.wav,0.8999999999999999,1.2,none,0.3,none_sample,4800
C:\Users\muldi\Documents\Playground\University\senior-project-1\dataset\internet\clear\รายการเย็ดแม่.wav,18.30000000000002,18.60000000000002,none,0.3,none_sample,4800
C:\Users\muldi\Documents\Playground\University\senior-project-1\dataset\internet\clear\รายการเย็ดแม่.wav,106.348161,106.648161,เย็ด,0.3,context_0.6,4800
C:\Users\muldi\Documents\Playground\University\senior-project-1\dataset\internet\clear\รายการเย็ดแม่.wav,520.0221310000001,520.322131,กู,0.3,context_0.6,4800
C:\Users\muldi\Documents\Playground\University\senior-project-1\dataset\internet\clear\Horror movie for WOKE!!!!!.wav,564.916637,565.216637,มึง,0.3,main,4800
C:\Users\muldi\Documents\Playground\University\senior-project-1\dataset\internet\clear\รายการเย็ดแม่.wav,583.925751,584.225751,เย็ด,0.3,context_0.2,4800
C:\Users\muldi\Documents\Playground\University\senior-project-1\dataset\internet\clear\ประชุมรวมญาติเชลซี.wav,0.8999999999999999,1.2,none,0.3,none_sample,4800
C:\Users\muldi\Documents\Playground\University\senior-project-1\dataset\internet\clear\รายการเย็ดแม่.wav,107.159344,107.459344,เย็ด,0.3,context_0.8,4800
C:\Users\muldi\Documents\Playground\University\senior-project-1\dataset\internet\clear\Horror movie for WOKE!!!!!.wav,99.233753,99.53375299999999,กู,0.3,context_0.8,4800
C:\Users\muldi\Documents\Playground\University\senior-project-1\dataset\internet\clear\รายการเย็ดแม่.wav,34.860411,35.160410999999996,เย็ด,0.3,context_0.4,4800
C:\Users\muldi\Documents\Playground\University\senior-project-1\dataset\internet\clear\รายการเย็ดแม่.wav,435.72819250000003,436.02819250000005,เหี้ย,0.3,main,4800
C:\Users\muldi\Documents\Playground\University\senior-project-1\dataset\internet\clear\Horror movie for WOKE!!!!!.wav,811.875369,812.1753689999999,เย็ด,0.3,context_0.2,4800
C:\Users\muldi\Documents\Playground\University\senior-project-1\dataset\internet\noise\อะไรคือสิ่งที่ถูก.wav,1.386835,1.686835,มึง,0.3,context_0.2,4800
C:\Users\muldi\Documents\Playground\University\senior-project-1\dataset\internet\clear\รายการเย็ดแม่.wav,106.765602,107.065602,เย็ด,0.3,context_0.6,4800
C:\Users\muldi\Documents\Playground\University\senior-project-1\dataset\internet\clear\Horror movie for WOKE!!!!!.wav,613.318783,613.618783,มึง,0.3,main,4800
C:\Users\muldi\Documents\Playground\University\senior-project-1\dataset\internet\clear\รายการเย็ดแม่.wav,108.545772,108.845772,เย็ด,0.3,context_0.6,4800
C:\Users\muldi\Documents\Playground\University\senior-project-1\dataset\internet\noise\อะไรคือสิ่งที่ถูก.wav,1.62,1.9200000000000002,none,0.3,none_sample,4800
C:\Users\muldi\Documents\Playground\University\senior-project-1\dataset\internet\clear\วิ่งหนี or วิ่งใส่.wav,0.3,0.6,none,0.3,none_sample,4800
C:\Users\muldi\Documents\Playground\University\senior-project-1\dataset\internet\clear\Horror movie for WOKE!!!!!.wav,4.199999999999999,4.499999999999999,none,0.3,none_sample,4800
C:\Users\muldi\Documents\Playground\University\senior-project-1\dataset\internet\clear\Horror movie for WOKE!!!!!.wav,811.905369,812.2053689999999,เย็ด,0.3,context_0.4,4800
C:\Users\muldi\Documents\Playground\University\senior-project-1\dataset\internet\clear\รายการเย็ดแม่.wav,582.280521,582.580521,เย็ด,0.3,context_0.6,4800
C:\Users\muldi\Documents\Playground\University\senior-project-1\dataset\internet\clear\รายการเย็ดแม่.wav,33.938825,34.238825,เย็ด,0.3,context_0.8,4800
C:\Users\muldi\Documents\Playground\University\senior-project-1\dataset\internet\clear\รายการเย็ดแม่.wav,207.227418,207.527418,กู,0.3,context_0.4,4800
C:\Users\muldi\Documents\Playground\University\senior-project-1\dataset\internet\clear\เกิดแต่กับคีร์มากค่ะ.wav,7.4790595,7.7790595,กู,0.3,main,4800
C:\Users\muldi\Documents\Playground\University\senior-project-1\dataset\internet\clear\Horror movie for WOKE!!!!!.wav,22.667007,22.967007000000002,มึง,0.3,context_0.4,4800
C:\Users\muldi\Documents\Playground\University\senior-project-1\dataset\internet\clear\เพื่อนบ้านหรรษาของจริงๆ.wav,36.181314,36.481314,กู,0.3,context_0.8,4800
C:\Users\muldi\Documents\Playground\University\senior-project-1\dataset\internet\clear\Horror movie for WOKE!!!!!.wav,874.076434,874.3764339999999,มึง,0.3,context_0.2,4800
C:\Users\muldi\Documents\Playground\University\senior-project-1\dataset\internet\clear\รายการเย็ดแม่.wav,951.7277170000001,952.027717,เย็ด,0.3,context_0.6,4800
C:\Users\muldi\Documents\Playground\University\senior-project-1\dataset\internet\clear\เพื่อนบ้านหรรษาของจริงๆ.wav,55.048219,55.348219,เหี้ย,0.3,main,4800
C:\Users\muldi\Documents\Playground\University\senior-project-1\dataset\internet\clear\Yo mama & แซนวิชบลูเบอร์รี่.wav,1.2,1.5,none,0.3,none_sample,4800
C:\Users\muldi\Documents\Playground\University\senior-project-1\dataset\internet\clear\รายการเย็ดแม่.wav,653.260944,653.560944,เหี้ย,0.3,context_0.4,4800
C:\Users\muldi\Documents\Playground\University\senior-project-1\dataset\internet\clear\ลิ้นจระเข้ กินอะไรก็อร่อย.wav,59.689531,59.989531,กู,0.3,context_0.2,4800
C:\Users\muldi\Documents\Playground\University\senior-project-1\dataset\internet\clear\รายการเย็ดแม่.wav,582.2505209999999,582.5505209999999,เย็ด,0.3,context_0.4,4800
C:\Users\muldi\Documents\Playground\University\senior-project-1\dataset\internet\noise\อะไรคือสิ่งที่ถูก.wav,0.8999999999999999,1.2,none,0.3,none_sample,4800
C:\Users\muldi\Documents\Playground\University\senior-project-1\dataset\internet\clear\ใต้น้ำยังจะตามมาอีก!!.wav,6.03593,6.335929999999999,มึง,0.3,context_0.2,4800
C:\Users\muldi\Documents\Playground\University\senior-project-1\dataset\internet\clear\ใต้น้ำยังจะตามมาอีก!!.wav,49.123995,49.423995,เหี้ย,0.3,main,4800
C:\Users\muldi\Documents\Playground\University\senior-project-1\dataset\internet\clear\รายการเย็ดแม่.wav,653.320944,653.620944,เหี้ย,0.3,context_0.8,4800
C:\Users\muldi\Documents\Playground\University\senior-project-1\dataset\internet\clear\ใต้น้ำยังจะตามมาอีก!!.wav,49.123995,49.423995,เหี้ย,0.3,main,4800
C:\Users\muldi\Documents\Playground\University\senior-project-1\dataset\internet\clear\เดินเตะทุกอย่างบนโลก!.wav,4.944079,5.244079,กู,0.3,context_0.6,4800
C:\Users\muldi\Documents\Playground\University\senior-project-1\dataset\internet\clear\รายการเย็ดแม่.wav,204.262261,204.562261,มึง,0.3,main,4800
C:\Users\muldi\Documents\Playground\University\senior-project-1\dataset\internet\clear\Horror movie for WOKE!!!!!.wav,556.539999,556.8399989999999,กู,0.3,main,4800
C:\Users\muldi\Documents\Playground\University\senior-project-1\dataset\internet\clear\Horror movie for WOKE!!!!!.wav,394.014194,394.314194,มึง,0.3,context_0.2,4800
C:\Users\muldi\Documents\Playground\University\senior-project-1\dataset\internet\clear\Horror movie for WOKE!!!!!.wav,666.8842475,667.1842475,เหี้ย,0.3,main,4800
C:\Users\muldi\Documents\Playground\University\senior-project-1\dataset\internet\clear\รายการเย็ดแม่.wav,34.830411000000005,35.130411,เย็ด,0.3,context_0.2,4800
C:\Users\muldi\Documents\Playground\University\senior-project-1\dataset\internet\clear\Horror movie for WOKE!!!!!.wav,32.973757,33.273756999999996,เหี้ย,0.3,main,4800
C:\Users\muldi\Documents\Playground\University\senior-project-1\dataset\internet\clear\รายการเย็ดแม่.wav,653.260944,653.560944,เหี้ย,0.3,context_0.4,4800
C:\Users\muldi\Documents\Playground\University\senior-project-1\dataset\internet\clear\ใต้น้ำยังจะตามมาอีก!!.wav,0.0,0.3,none,0.3,none_sample,4800
C:\Users\muldi\Documents\Playground\University\senior-project-1\dataset\internet\clear\รายการเย็ดแม่.wav,170.10498199999998,170.404982,มึง,0.3,main,4800
C:\Users\muldi\Documents\Playground\University\senior-project-1\dataset\internet\clear\Yo mama & แซนวิชบลูเบอร์รี่.wav,0.6,0.8999999999999999,none,0.3,none_sample,4800
C:\Users\muldi\Documents\Playground\University\senior-project-1\dataset\internet\clear\Horror movie for WOKE!!!!!.wav,535.607566,535.907566,มึง,0.3,main,4800
C:\Users\muldi\Documents\Playground\University\senior-project-1\dataset\internet\clear\รายการเย็ดแม่.wav,420.6492585,420.9492585,เหี้ย,0.3,main,4800
C:\Users\muldi\Documents\Playground\University\senior-project-1\dataset\internet\clear\ใต้น้ำยังจะตามมาอีก!!.wav,0.8999999999999999,1.2,none,0.3,none_sample,4800
C:\Users\muldi\Documents\Playground\University\senior-project-1\dataset\internet\clear\อะไรหายากสุด.wav,13.896202,14.196202000000001,มึง,0.3,context_0.4,4800
C:\Users\muldi\Documents\Playground\University\senior-project-1\dataset\internet\clear\รายการเย็ดแม่.wav,106.765602,107.065602,เย็ด,0.3,context_0.6,4800
C:\Users\muldi\Documents\Playground\University\senior-project-1\dataset\internet\clear\ประชุมรวมญาติเชลซี.wav,0.6,0.8999999999999999,none,0.3,none_sample,4800
C:\Users\muldi\Documents\Playground\University\senior-project-1\dataset\internet\clear\รายการเย็ดแม่.wav,36.842985000000006,37.142985,เย็ด,0.3,main,4800
C:\Users\muldi\Documents\Playground\University\senior-project-1\dataset\internet\clear\Horror movie for WOKE!!!!!.wav,0.0,0.3,none,0.3,none_sample,4800
C:\Users\muldi\Documents\Playground\University\senior-project-1\dataset\internet\clear\เคยอยากเป็นวีค่ายกระต่าย.wav,0.0,0.3,none,0.3,none_sample,4800
C:\Users\muldi\Documents\Playground\University\senior-project-1\dataset\internet\clear\เพื่อนบ้านหรรษาของจริงๆ.wav,5.211919999999999,5.511919999999999,มึง,0.3,main,4800
C:\Users\muldi\Documents\Playground\University\senior-project-1\dataset\internet\clear\ลิ้นจระเข้ กินอะไรก็อร่อย.wav,40.0994815,40.3994815,กู,0.3,main,4800
C:\Users\muldi\Documents\Playground\University\senior-project-1\dataset\internet\clear\รายการเย็ดแม่.wav,583.985751,584.285751,เย็ด,0.3,context_0.6,4800
C:\Users\muldi\Documents\Playground\University\senior-project-1\dataset\internet\clear\รายการเย็ดแม่.wav,18.000000000000018,18.30000000000002,none,0.3,none_sample,4800
C:\Users\muldi\Documents\Playground\University\senior-project-1\dataset\internet\clear\Horror movie for WOKE!!!!!.wav,152.147745,152.447745,เย็ด,0.3,main,4800
C:\Users\muldi\Documents\Playground\University\senior-project-1\dataset\internet\clear\Horror movie for WOKE!!!!!.wav,0.3,0.6,none,0.3,none_sample,4800
C:\Users\muldi\Documents\Playground\University\senior-project-1\dataset\internet\clear\รายการเย็ดแม่.wav,108.485772,108.785772,เย็ด,0.3,context_0.2,4800
C:\Users\muldi\Documents\Playground\University\senior-project-1\dataset\internet\clear\Horror movie for WOKE!!!!!.wav,608.940382,609.240382,มึง,0.3,context_0.6,4800
C:\Users\muldi\Documents\Playground\University\senior-project-1\dataset\internet\clear\Horror movie for WOKE!!!!!.wav,11.100000000000005,11.400000000000006,none,0.3,none_sample,4800
C:\Users\muldi\Documents\Playground\University\senior-project-1\dataset\internet\clear\รายการเย็ดแม่.wav,510.078216,510.378216,กู,0.3,context_0.2,4800
C:\Users\muldi\Documents\Playground\University\senior-project-1\dataset\internet\clear\ลิ้นจระเข้ กินอะไรก็อร่อย.wav,41.2745535,41.5745535,มึง,0.3,main,4800
C:\Users\muldi\Documents\Playground\University\senior-project-1\dataset\internet\clear\รายการเย็ดแม่.wav,653.2909440000001,653.590944,เหี้ย,0.3,context_0.6,4800
C:\Users\muldi\Documents\Playground\University\senior-project-1\dataset\internet\clear\Horror movie for WOKE!!!!!.wav,13.20000000000001,13.50000000000001,none,0.3,none_sample,4800
C:\Users\muldi\Documents\Playground\University\senior-project-1\dataset\internet\clear\อะชิมะหม๋า.wav,19.062031500000003,19.362031500000004,มึง,0.3,main,4800
C:\Users\muldi\Documents\Playground\University\senior-project-1\dataset\internet\clear\Horror movie for WOKE!!!!!.wav,666.8842475,667.1842475,เหี้ย,0.3,main,4800
C:\Users\muldi\Documents\Playground\University\senior-project-1\dataset\internet\clear\ลิ้นจระเข้ กินอะไรก็อร่อย.wav,1.2,1.5,none,0.3,none_sample,4800
C:\Users\muldi\Documents\Playground\University\senior-project-1\dataset\internet\clear\โอ๊ต.wav,0.6,0.8999999999999999,none,0.3,none_sample,4800
C:\Users\muldi\Documents\Playground\University\senior-project-1\dataset\internet\clear\รายการเย็ดแม่.wav,583.985751,584.285751,เย็ด,0.3,context_0.6,4800
C:\Users\muldi\Documents\Playground\University\senior-project-1\dataset\internet\clear\Horror movie for WOKE!!!!!.wav,250.816222,251.11622200000002,เหี้ย,0.3,main,4800
C:\Users\muldi\Documents\Playground\University\senior-project-1\dataset\internet\clear\Horror movie for WOKE!!!!!.wav,475.658725,475.958725,เหี้ย,0.3,main,4800
C:\Users\muldi\Documents\Playground\University\senior-project-1\dataset\internet\clear\รายการเย็ดแม่.wav,582.280521,582.580521,เย็ด,0.3,context_0.6,4800
C:\Users\muldi\Documents\Playground\University\senior-project-1\dataset\internet\clear\Horror movie for WOKE!!!!!.wav,731.9037715000001,732.2037715,เหี้ย,0.3,main,4800
C:\Users\muldi\Documents\Playground\University\senior-project-1\dataset\internet\clear\Horror movie for WOKE!!!!!.wav,18.900000000000023,19.200000000000024,none,0.3,none_sample,4800
C:\Users\muldi\Documents\Playground\University\senior-project-1\dataset\internet\clear\รายการเย็ดแม่.wav,815.6852445000001,815.9852445,เหี้ย,0.3,main,4800
C:\Users\muldi\Documents\Playground\University\senior-project-1\dataset\internet\clear\Horror movie for WOKE!!!!!.wav,665.590141,665.890141,เหี้ย,0.3,main,4800
C:\Users\muldi\Documents\Playground\University\senior-project-1\dataset\internet\clear\รายการเย็ดแม่.wav,815.6852445000001,815.9852445,เหี้ย,0.3,main,4800
C:\Users\muldi\Documents\Playground\University\senior-project-1\dataset\internet\clear\ถ้าวันนึงหีมึงเหี่ยว.wav,0.0,0.3,none,0.3,none_sample,4800
C:\Users\muldi\Documents\Playground\University\senior-project-1\dataset\internet\clear\เพื่อนบ้านหรรษาของจริงๆ.wav,0.0,0.3,none,0.3,none_sample,4800
C:\Users\muldi\Documents\Playground\University\senior-project-1\dataset\internet\clear\อะชิมะหม๋า.wav,0.3,0.6,none,0.3,none_sample,4800
C:\Users\muldi\Documents\Playground\University\senior-project-1\dataset\internet\clear\Horror movie for WOKE!!!!!.wav,452.9193385,453.2193385,เหี้ย,0.3,main,4800
C:\Users\muldi\Documents\Playground\University\senior-project-1\dataset\internet\clear\รายการเย็ดแม่.wav,208.6214465,208.9214465,เหี้ย,0.3,main,4800
C:\Users\muldi\Documents\Playground\University\senior-project-1\dataset\internet\clear\เกิดแต่กับคีร์มากค่ะ.wav,0.3,0.6,none,0.3,none_sample,4800
C:\Users\muldi\Documents\Playground\University\senior-project-1\dataset\internet\clear\รายการเย็ดแม่.wav,582.2505209999999,582.5505209999999,เย็ด,0.3,context_0.4,4800
C:\Users\muldi\Documents\Playground\University\senior-project-1\dataset\internet\clear\รายการเย็ดแม่.wav,35.412074999999994,35.71207499999999,เย็ด,0.3,context_0.4,4800
C:\Users\muldi\Documents\Playground\University\senior-project-1\dataset\internet\clear\Horror movie for WOKE!!!!!.wav,1013.9639515,1014.2639515,เหี้ย,0.3,main,4800
C:\Users\muldi\Documents\Playground\University\senior-project-1\dataset\internet\clear\รายการเย็ดแม่.wav,713.6788220000001,713.978822,กู,0.3,context_0.8,4800
C:\Users\muldi\Documents\Playground\University\senior-project-1\dataset\internet\clear\Horror movie for WOKE!!!!!.wav,874.166434,874.4664339999999,มึง,0.3,context_0.8,4800
C:\Users\muldi\Documents\Playground\University\senior-project-1\dataset\internet\clear\Horror movie for WOKE!!!!!.wav,926.0026760000001,926.302676,กู,0.3,context_0.6,4800
C:\Users\muldi\Documents\Playground\University\senior-project-1\dataset\internet\clear\รายการเย็ดแม่.wav,670.218123,670.518123,เหี้ย,0.3,main,4800
C:\Users\muldi\Documents\Playground\University\senior-project-1\dataset\internet\clear\รายการเย็ดแม่.wav,207.197418,207.497418,กู,0.3,context_0.2,4800
C:\Users\muldi\Documents\Playground\University\senior-project-1\dataset\internet\clear\รายการเย็ดแม่.wav,583.985751,584.285751,เย็ด,0.3,context_0.6,4800
C:\Users\muldi\Documents\Playground\University\senior-project-1\dataset\internet\clear\Horror movie for WOKE!!!!!.wav,613.318783,613.618783,มึง,0.3,main,4800
C:\Users\muldi\Documents\Playground\University\senior-project-1\dataset\internet\clear\Horror movie for WOKE!!!!!.wav,515.237332,515.537332,มึง,0.3,main,4800
C:\Users\muldi\Documents\Playground\University\senior-project-1\dataset\internet\clear\รายการเย็ดแม่.wav,2.8870980000000004,3.187098,เย็ด,0.3,context_0.8,4800
C:\Users\muldi\Documents\Playground\University\senior-project-1\dataset\internet\clear\รายการเย็ดแม่.wav,12.900000000000007,13.200000000000008,none,0.3,none_sample,4800
C:\Users\muldi\Documents\Playground\University\senior-project-1\dataset\internet\clear\เกิดแต่กับคีร์มากค่ะ.wav,39.935866000000004,40.235866,กู,0.3,context_0.2,4800
C:\Users\muldi\Documents\Playground\University\senior-project-1\dataset\internet\clear\รายการเย็ดแม่.wav,582.220521,582.5205209999999,เย็ด,0.3,context_0.2,4800
C:\Users\muldi\Documents\Playground\University\senior-project-1\dataset\internet\clear\รายการเย็ดแม่.wav,2.857098,3.157098,เย็ด,0.3,context_0.6,4800
C:\Users\muldi\Documents\Playground\University\senior-project-1\dataset\internet\clear\รายการเย็ดแม่.wav,2.8270980000000003,3.127098,เย็ด,0.3,context_0.4,4800
C:\Users\muldi\Documents\Playground\University\senior-project-1\dataset\internet\clear\เพื่อนบ้านหรรษาของจริงๆ.wav,0.3,0.6,none,0.3,none_sample,4800
C:\Users\muldi\Documents\Playground\University\senior-project-1\dataset\internet\clear\Yo mama & แซนวิชบลูเบอร์รี่.wav,1.5,1.8,none,0.3,none_sample,4800
C:\Users\muldi\Documents\Playground\University\senior-project-1\dataset\internet\clear\รายการเย็ดแม่.wav,106.318161,106.618161,เย็ด,0.3,context_0.4,4800
C:\Users\muldi\Documents\Playground\University\senior-project-1\dataset\internet\clear\รายการเย็ดแม่.wav,18.60000000000002,18.90000000000002,none,0.3,none_sample,4800
C:\Users\muldi\Documents\Playground\University\senior-project-1\dataset\internet\clear\Horror movie for WOKE!!!!!.wav,15.300000000000015,15.600000000000016,none,0.3,none_sample,4800
C:\Users\muldi\Documents\Playground\University\senior-project-1\dataset\internet\clear\Horror movie for WOKE!!!!!.wav,531.3735760000001,531.673576,มึง,0.3,main,4800
C:\Users\muldi\Documents\Playground\University\senior-project-1\dataset\internet\clear\รายการเย็ดแม่.wav,579.0220435,579.3220435,เหี้ย,0.3,main,4800
C:\Users\muldi\Documents\Playground\University\senior-project-1\dataset\internet\clear\ใต้น้ำยังจะตามมาอีก!!.wav,21.476080500000002,21.776080500000003,เหี้ย,0.3,main,4800
C:\Users\muldi\Documents\Playground\University\senior-project-1\dataset\internet\clear\รายการเย็ดแม่.wav,208.6214465,208.9214465,เหี้ย,0.3,main,4800
C:\Users\muldi\Documents\Playground\University\senior-project-1\dataset\internet\clear\รายการเย็ดแม่.wav,33.938825,34.238825,เย็ด,0.3,context_0.8,4800
C:\Users\muldi\Documents\Playground\University\senior-project-1\dataset\internet\clear\Horror movie for WOKE!!!!!.wav,590.2712495,590.5712494999999,มึง,0.3,main,4800
C:\Users\muldi\Documents\Playground\University\senior-project-1\dataset\internet\clear\ช่วยด้วย!! นวยจะมาอยู่ด้วย!!.wav,0.3,0.6,none,0.3,none_sample,4800
C:\Users\muldi\Documents\Playground\University\senior-project-1\dataset\internet\clear\Horror movie for WOKE!!!!!.wav,518.1279350000001,518.427935,มึง,0.3,context_0.6,4800
C:\Users\muldi\Documents\Playground\University\senior-project-1\dataset\internet\clear\รายการเย็ดแม่.wav,34.860411,35.160410999999996,เย็ด,0.3,context_0.4,4800
C:\Users\muldi\Documents\Playground\University\senior-project-1\dataset\internet\clear\ช่วยด้วย!! นวยจะมาอยู่ด้วย!!.wav,13.556268000000001,13.856268000000002,มึง,0.3,context_0.2,4800
C:\Users\muldi\Documents\Playground\University\senior-project-1\dataset\internet\clear\Horror movie for WOKE!!!!!.wav,811.875369,812.1753689999999,เย็ด,0.3,context_0.2,4800
C:\Users\muldi\Documents\Playground\University\senior-project-1\dataset\internet\clear\รายการเย็ดแม่.wav,6.299999999999996,6.599999999999996,none,0.3,none_sample,4800
C:\Users\muldi\Documents\Playground\University\senior-project-1\dataset\internet\clear\Horror movie for WOKE!!!!!.wav,1080.6543000000001,1080.9543,กู,0.3,context_0.6,4800
C:\Users\muldi\Documents\Playground\University\senior-project-1\dataset\internet\clear\มันไปเล่นเอไอเอสชั่วโมงละ60บาท.wav,0.0,0.3,none,0.3,none_sample,4800
C:\Users\muldi\Documents\Playground\University\senior-project-1\dataset\internet\clear\รายการเย็ดแม่.wav,955.9078989999999,956.2078989999999,กู,0.3,context_0.4,4800
C:\Users\muldi\Documents\Playground\University\senior-project-1\dataset\internet\clear\Horror movie for WOKE!!!!!.wav,2.9999999999999996,3.2999999999999994,none,0.3,none_sample,4800
C:\Users\muldi\Documents\Playground\University\senior-project-1\dataset\internet\clear\รายการเย็ดแม่.wav,108.77964,109.07964,กู,0.3,context_0.2,4800
C:\Users\muldi\Documents\Playground\University\senior-project-1\dataset\internet\clear\Horror movie for WOKE!!!!!.wav,9.600000000000001,9.900000000000002,none,0.3,none_sample,4800
C:\Users\muldi\Documents\Playground\University\senior-project-1\dataset\internet\clear\รายการเย็ดแม่.wav,35.382075,35.682075,เย็ด,0.3,context_0.2,4800
C:\Users\muldi\Documents\Playground\University\senior-project-1\dataset\internet\clear\โอ๊ต.wav,1088.766851,1089.066851,กู,0.3,context_0.8,4800
C:\Users\muldi\Documents\Playground\University\senior-project-1\dataset\internet\clear\รายการเย็ดแม่.wav,177.91553,178.21553,เย็ด,0.3,context_0.6,4800
C:\Users\muldi\Documents\Playground\University\senior-project-1\dataset\internet\clear\รายการเย็ดแม่.wav,651.8981699999999,652.1981699999999,กู,0.3,context_0.4,4800
C:\Users\muldi\Documents\Playground\University\senior-project-1\dataset\internet\noise\อะไรคือสิ่งที่ถูก.wav,1.62,1.9200000000000002,none,0.3,none_sample,4800
C:\Users\muldi\Documents\Playground\University\senior-project-1\dataset\internet\clear\จารย์แดง1.wav,7.6556904999999995,7.955690499999999,มึง,0.3,main,4800
C:\Users\muldi\Documents\Playground\University\senior-project-1\dataset\internet\clear\รายการเย็ดแม่.wav,33.848825000000005,34.148825,เย็ด,0.3,context_0.2,4800
C:\Users\muldi\Documents\Playground\University\senior-project-1\dataset\internet\clear\Horror movie for WOKE!!!!!.wav,968.7818715,969.0818714999999,มึง,0.3,main,4800
C:\Users\muldi\Documents\Playground\University\senior-project-1\dataset\internet\clear\มันไปเล่นเอไอเอสชั่วโมงละ60บาท.wav,9.080158,9.380158000000002,กู,0.3,context_0.8,4800
C:\Users\muldi\Documents\Playground\University\senior-project-1\dataset\internet\clear\รายการเย็ดแม่.wav,243.389185,243.689185,มึง,0.3,main,4800
C:\Users\muldi\Documents\Playground\University\senior-project-1\dataset\internet\clear\Horror movie for WOKE!!!!!.wav,1065.5951890000001,1065.895189,เหี้ย,0.3,context_0.2,4800
C:\Users\muldi\Documents\Playground\University\senior-project-1\dataset\internet\clear\ชีวิตมันจะสู้ก็ต้องสู้ #honkaistarrail.wav,24.327903000000003,24.627903000000003,มึง,0.3,context_0.6,4800
C:\Users\muldi\Documents\Playground\University\senior-project-1\dataset\internet\clear\รายการเย็ดแม่.wav,493.683484,493.98348400000003,กู,0.3,context_0.2,4800
C:\Users\muldi\Documents\Playground\University\senior-project-1\dataset\internet\clear\ลิ้นจระเข้ กินอะไรก็อร่อย.wav,39.646404999999994,39.94640499999999,กู,0.3,context_0.4,4800
C:\Users\muldi\Documents\Playground\University\senior-project-1\dataset\internet\clear\Horror movie for WOKE!!!!!.wav,464.733783,465.033783,เหี้ย,0.3,main,4800
C:\Users\muldi\Documents\Playground\University\senior-project-1\dataset\internet\clear\Horror movie for WOKE!!!!!.wav,895.5380495,895.8380495,เหี้ย,0.3,main,4800
C:\Users\muldi\Documents\Playground\University\senior-project-1\dataset\internet\clear\รายการเย็ดแม่.wav,955.967899,956.2678989999999,กู,0.3,context_0.8,4800
C:\Users\muldi\Documents\Playground\University\senior-project-1\dataset\internet\clear\รายการเย็ดแม่.wav,106.765602,107.065602,เย็ด,0.3,context_0.6,4800
C:\Users\muldi\Documents\Playground\University\senior-project-1\dataset\internet\clear\ถ้าจะมาหลอกแค่นี้ อย่ามาดีกว่าไอ้น้อง.wav,0.0,0.3,none,0.3,none_sample,4800
C:\Users\muldi\Documents\Playground\University\senior-project-1\dataset\internet\clear\เพื่อนบ้านหรรษาของจริงๆ.wav,30.733568,31.033568000000002,กู,0.3,context_0.6,4800
C:\Users\muldi\Documents\Playground\University\senior-project-1\dataset\internet\clear\เดินเตะทุกอย่างบนโลก!.wav,20.467368,20.767368,กู,0.3,context_0.8,4800
C:\Users\muldi\Documents\Playground\University\senior-project-1\dataset\internet\clear\ใต้น้ำยังจะตามมาอีก!!.wav,6.125929999999999,6.425929999999999,มึง,0.3,context_0.8,4800
C:\Users\muldi\Documents\Playground\University\senior-project-1\dataset\internet\clear\โอ๊ต.wav,58.019943999999995,58.31994399999999,มึง,0.3,context_0.6,4800
C:\Users\muldi\Documents\Playground\University\senior-project-1\dataset\internet\clear\Horror movie for WOKE!!!!!.wav,592.2120325,592.5120324999999,กู,0.3,main,4800
C:\Users\muldi\Documents\Playground\University\senior-project-1\dataset\internet\clear\รายการเย็ดแม่.wav,34.920411,35.220411,เย็ด,0.3,context_0.8,4800
C:\Users\muldi\Documents\Playground\University\senior-project-1\dataset\internet\noise\หาสัญลักษณ์ตามฉบับ New World Order ในเพลง จี่หอย.wav,100.9359925,101.2359925,มึง,0.3,main,4800
C:\Users\muldi\Documents\Playground\University\senior-project-1\dataset\internet\clear\รายการเย็ดแม่.wav,208.7944685,209.0944685,เหี้ย,0.3,main,4800
C:\Users\muldi\Documents\Playground\University\senior-project-1\dataset\internet\clear\รายการเย็ดแม่.wav,107.873488,108.17348799999999,เย็ด,0.3,context_0.2,4800
C:\Users\muldi\Documents\Playground\University\senior-project-1\dataset\internet\clear\รายการเย็ดแม่.wav,951.7577170000001,952.057717,เย็ด,0.3,context_0.8,4800
C:\Users\muldi\Documents\Playground\University\senior-project-1\dataset\internet\clear\Horror movie for WOKE!!!!!.wav,528.9947040000001,529.294704,มึง,0.3,main,4800
C:\Users\muldi\Documents\Playground\University\senior-project-1\dataset\internet\clear\รายการเย็ดแม่.wav,114.77402099999999,115.07402099999999,เย็ด,0.3,context_0.4,4800
C:\Users\muldi\Documents\Playground\University\senior-project-1\dataset\internet\clear\Horror movie for WOKE!!!!!.wav,394.104194,394.404194,มึง,0.3,context_0.8,4800
C:\Users\muldi\Documents\Playground\University\senior-project-1\dataset\internet\clear\Horror movie for WOKE!!!!!.wav,458.697717,458.997717,เหี้ย,0.3,main,4800
C:\Users\muldi\Documents\Playground\University\senior-project-1\dataset\internet\clear\รายการเย็ดแม่.wav,7.799999999999995,8.099999999999996,none,0.3,none_sample,4800
C:\Users\muldi\Documents\Playground\University\senior-project-1\dataset\internet\clear\ถ้าวันนึงหีมึงเหี่ยว.wav,0.8999999999999999,1.2,none,0.3,none_sample,4800
C:\Users\muldi\Documents\Playground\University\senior-project-1\dataset\internet\clear\ชีวิตมันจะสู้ก็ต้องสู้ #honkaistarrail.wav,24.297903,24.597903000000002,มึง,0.3,context_0.4,4800
C:\Users\muldi\Documents\Playground\University\senior-project-1\dataset\internet\clear\รายการเย็ดแม่.wav,2.857098,3.157098,เย็ด,0.3,context_0.6,4800
C:\Users\muldi\Documents\Playground\University\senior-project-1\dataset\internet\clear\รายการเย็ดแม่.wav,107.099344,107.399344,เย็ด,0.3,context_0.4,4800
C:\Users\muldi\Documents\Playground\University\senior-project-1\dataset\internet\clear\รายการเย็ดแม่.wav,659.4899905000001,659.7899905,เหี้ย,0.3,main,4800
C:\Users\muldi\Documents\Playground\University\senior-project-1\dataset\internet\clear\รายการเย็ดแม่.wav,943.690357,943.9903569999999,กู,0.3,context_0.2,4800
C:\Users\muldi\Documents\Playground\University\senior-project-1\dataset\internet\clear\รายการเย็ดแม่.wav,2.8870980000000004,3.187098,เย็ด,0.3,context_0.8,4800
C:\Users\muldi\Documents\Playground\University\senior-project-1\dataset\internet\clear\Horror movie for WOKE!!!!!.wav,0.6,0.8999999999999999,none,0.3,none_sample,4800
C:\Users\muldi\Documents\Playground\University\senior-project-1\dataset\internet\clear\คนน่ากลัวกว่าผีบอกเลย!.wav,47.851366000000006,48.151366,กู,0.3,context_0.2,4800
C:\Users\muldi\Documents\Playground\University\senior-project-1\dataset\internet\clear\Horror movie for WOKE!!!!!.wav,81.1188185,81.4188185,เหี้ย,0.3,main,4800
C:\Users\muldi\Documents\Playground\University\senior-project-1\dataset\internet\clear\Yo mama & แซนวิชบลูเบอร์รี่.wav,44.627643,44.927642999999996,มึง,0.3,main,4800
C:\Users\muldi\Documents\Playground\University\senior-project-1\dataset\internet\clear\Horror movie for WOKE!!!!!.wav,883.21046,883.51046,มึง,0.3,context_0.2,4800
C:\Users\muldi\Documents\Playground\University\senior-project-1\dataset\internet\clear\รายการเย็ดแม่.wav,177.88553,178.18553,เย็ด,0.3,context_0.4,4800
C:\Users\muldi\Documents\Playground\University\senior-project-1\dataset\internet\clear\ใต้น้ำยังจะตามมาอีก!!.wav,49.123995,49.423995,เหี้ย,0.3,main,4800
C:\Users\muldi\Documents\Playground\University\senior-project-1\dataset\internet\clear\Horror movie for WOKE!!!!!.wav,152.147745,152.447745,เย็ด,0.3,main,4800
C:\Users\muldi\Documents\Playground\University\senior-project-1\dataset\internet\clear\เดินเตะทุกอย่างบนโลก!.wav,3.479999999999998,3.779999999999998,none,0.3,none_sample,4800
C:\Users\muldi\Documents\Playground\University\senior-project-1\dataset\internet\clear\เจ๊อยากกลับบ้านแล้ว....wav,15.3506825,15.6506825,เหี้ย,0.3,main,4800
C:\Users\muldi\Documents\Playground\University\senior-project-1\dataset\internet\clear\Horror movie for WOKE!!!!!.wav,857.5012315,857.8012315,มึง,0.3,main,4800
C:\Users\muldi\Documents\Playground\University\senior-project-1\dataset\internet\clear\เดินเตะทุกอย่างบนโลก!.wav,1.5,1.8,none,0.3,none_sample,4800
C:\Users\muldi\Documents\Playground\University\senior-project-1\dataset\internet\clear\รายการเย็ดแม่.wav,519.962131,520.262131,กู,0.3,context_0.2,4800
C:\Users\muldi\Documents\Playground\University\senior-project-1\dataset\internet\clear\Horror movie for WOKE!!!!!.wav,811.935369,812.235369,เย็ด,0.3,context_0.6,4800
C:\Users\muldi\Documents\Playground\University\senior-project-1\dataset\internet\clear\รายการเย็ดแม่.wav,798.4485880000001,798.748588,เย็ด,0.3,context_0.6,4800
C:\Users\muldi\Documents\Playground\University\senior-project-1\dataset\internet\clear\ชีวิตมันจะสู้ก็ต้องสู้ #honkaistarrail.wav,11.304795,11.604795000000001,มึง,0.3,main,4800
C:\Users\muldi\Documents\Playground\University\senior-project-1\dataset\internet\clear\รายการเย็ดแม่.wav,107.873488,108.17348799999999,เย็ด,0.3,context_0.2,4800
C:\Users\muldi\Documents\Playground\University\senior-project-1\dataset\internet\clear\Horror movie for WOKE!!!!!.wav,811.935369,812.235369,เย็ด,0.3,context_0.6,4800
C:\Users\muldi\Documents\Playground\University\senior-project-1\dataset\internet\clear\Horror movie for WOKE!!!!!.wav,858.082414,858.3824139999999,กู,0.3,context_0.2,4800
C:\Users\muldi\Documents\Playground\University\senior-project-1\dataset\internet\clear\ถ้าวันนึงหีมึงเหี่ยว.wav,15.6319,15.9319,มึง,0.3,main,4800
C:\Users\muldi\Documents\Playground\University\senior-project-1\dataset\internet\clear\รายการเย็ดแม่.wav,588.7887755,589.0887755,เหี้ย,0.3,main,4800
C:\Users\muldi\Documents\Playground\University\senior-project-1\dataset\internet\clear\รายการเย็ดแม่.wav,653.320944,653.620944,เหี้ย,0.3,context_0.8,4800
C:\Users\muldi\Documents\Playground\University\senior-project-1\dataset\internet\clear\รายการเย็ดแม่.wav,582.310521,582.610521,เย็ด,0.3,context_0.8,4800
C:\Users\muldi\Documents\Playground\University\senior-project-1\dataset\internet\clear\รายการเย็ดแม่.wav,12.000000000000005,12.300000000000006,none,0.3,none_sample,4800
C:\Users\muldi\Documents\Playground\University\senior-project-1\dataset\internet\clear\Horror movie for WOKE!!!!!.wav,12.000000000000007,12.300000000000008,none,0.3,none_sample,4800
C:\Users\muldi\Documents\Playground\University\senior-project-1\dataset\internet\clear\รายการเย็ดแม่.wav,582.310521,582.610521,เย็ด,0.3,context_0.8,4800
C:\Users\muldi\Documents\Playground\University\senior-project-1\dataset\internet\clear\ศาลเจ้าทางม้าลายอยู่ไหน!!.wav,0.0,0.3,none,0.3,none_sample,4800
C:\Users\muldi\Documents\Playground\University\senior-project-1\dataset\internet\clear\Yo mama & แซนวิชบลูเบอร์รี่.wav,92.01385499999999,92.31385499999999,มึง,0.3,main,4800
C:\Users\muldi\Documents\Playground\University\senior-project-1\dataset\internet\clear\รายการเย็ดแม่.wav,107.933488,108.233488,เย็ด,0.3,context_0.6,4800
C:\Users\muldi\Documents\Playground\University\senior-project-1\dataset\internet\clear\ลิ้นจระเข้ กินอะไรก็อร่อย.wav,6.014329,6.314329,กู,0.3,main,4800
C:\Users\muldi\Documents\Playground\University\senior-project-1\dataset\internet\clear\Horror movie for WOKE!!!!!.wav,458.697717,458.997717,เหี้ย,0.3,main,4800
C:\Users\muldi\Documents\Playground\University\senior-project-1\dataset\internet\clear\Horror movie for WOKE!!!!!.wav,826.7410440000001,827.041044,กู,0.3,context_0.6,4800
C:\Users\muldi\Documents\Playground\University\senior-project-1\dataset\internet\clear\รายการเย็ดแม่.wav,609.467748,609.767748,เหี้ย,0.3,main,4800
C:\Users\muldi\Documents\Playground\University\senior-project-1\dataset\internet\clear\รายการเย็ดแม่.wav,583.925751,584.225751,เย็ด,0.3,context_0.2,4800
C:\Users\muldi\Documents\Playground\University\senior-project-1\dataset\internet\clear\รายการเย็ดแม่.wav,107.933488,108.233488,เย็ด,0.3,context_0.6,4800
C:\Users\muldi\Documents\Playground\University\senior-project-1\dataset\internet\clear\วิ่งหนี or วิ่งใส่.wav,4.858420499999999,5.158420499999999,กู,0.3,main,4800
C:\Users\muldi\Documents\Playground\University\senior-project-1\dataset\internet\clear\รายการเย็ดแม่.wav,170.10498199999998,170.404982,มึง,0.3,main,4800
C:\Users\muldi\Documents\Playground\University\senior-project-1\dataset\internet\clear\Horror movie for WOKE!!!!!.wav,554.6495590000001,554.949559,เหี้ย,0.3,main,4800
C:\Users\muldi\Documents\Playground\University\senior-project-1\dataset\internet\clear\Horror movie for WOKE!!!!!.wav,547.6909820000001,547.990982,กู,0.3,context_0.8,4800
C:\Users\muldi\Documents\Playground\University\senior-project-1\dataset\internet\clear\รายการเย็ดแม่.wav,106.378161,106.678161,เย็ด,0.3,context_0.8,4800
C:\Users\muldi\Documents\Playground\University\senior-project-1\dataset\internet\clear\รายการเย็ดแม่.wav,21.900000000000027,22.200000000000028,none,0.3,none_sample,4800
C:\Users\muldi\Documents\Playground\University\senior-project-1\dataset\internet\clear\รายการเย็ดแม่.wav,582.220521,582.5205209999999,เย็ด,0.3,context_0.2,4800
C:\Users\muldi\Documents\Playground\University\senior-project-1\dataset\internet\clear\รายการเย็ดแม่.wav,3.2999999999999976,3.5999999999999974,none,0.3,none_sample,4800
C:\Users\muldi\Documents\Playground\University\senior-project-1\dataset\internet\clear\Horror movie for WOKE!!!!!.wav,874.1064339999999,874.4064339999999,มึง,0.3,context_0.4,4800
C:\Users\muldi\Documents\Playground\University\senior-project-1\dataset\internet\clear\รายการเย็ดแม่.wav,746.9154115,747.2154115,กู,0.3,main,4800
C:\Users\muldi\Documents\Playground\University\senior-project-1\dataset\internet\clear\Horror movie for WOKE!!!!!.wav,525.1614685000001,525.4614685,มึง,0.3,main,4800
C:\Users\muldi\Documents\Playground\University\senior-project-1\dataset\internet\clear\ถ้าวันนึงหีมึงเหี่ยว.wav,13.808399,14.108399,มึง,0.3,main,4800
C:\Users\muldi\Documents\Playground\University\senior-project-1\dataset\internet\clear\รายการเย็ดแม่.wav,243.389185,243.689185,มึง,0.3,main,4800
C:\Users\muldi\Documents\Playground\University\senior-project-1\dataset\internet\clear\รายการเย็ดแม่.wav,643.704785,644.004785,เหี้ย,0.3,main,4800
C:\Users\muldi\Documents\Playground\University\senior-project-1\dataset\internet\clear\รายการเย็ดแม่.wav,114.83402099999999,115.13402099999999,เย็ด,0.3,context_0.8,4800
C:\Users\muldi\Documents\Playground\University\senior-project-1\dataset\internet\clear\รายการเย็ดแม่.wav,572.592939,572.892939,เย็ด,0.3,main,4800
C:\Users\muldi\Documents\Playground\University\senior-project-1\dataset\internet\clear\คนน่ากลัวกว่าผีบอกเลย!.wav,47.911366,48.211366,กู,0.3,context_0.6,4800
C:\Users\muldi\Documents\Playground\University\senior-project-1\dataset\internet\clear\Yo mama & แซนวิชบลูเบอร์รี่.wav,1.2,1.5,none,0.3,none_sample,4800
C:\Users\muldi\Documents\Playground\University\senior-project-1\dataset\internet\clear\รายการเย็ดแม่.wav,35.472075,35.772074999999994,เย็ด,0.3,context_0.8,4800
C:\Users\muldi\Documents\Playground\University\senior-project-1\dataset\internet\clear\Horror movie for WOKE!!!!!.wav,666.8842475,667.1842475,เหี้ย,0.3,main,4800
C:\Users\muldi\Documents\Playground\University\senior-project-1\dataset\internet\clear\รายการเย็ดแม่.wav,582.220521,582.5205209999999,เย็ด,0.3,context_0.2,4800
C:\Users\muldi\Documents\Playground\University\senior-project-1\dataset\internet\clear\Horror movie for WOKE!!!!!.wav,464.733783,465.033783,เหี้ย,0.3,main,4800
C:\Users\muldi\Documents\Playground\University\senior-project-1\dataset\internet\clear\รายการเย็ดแม่.wav,798.4485880000001,798.748588,เย็ด,0.3,context_0.6,4800
C:\Users\muldi\Documents\Playground\University\senior-project-1\dataset\internet\clear\รายการเย็ดแม่.wav,33.938825,34.238825,เย็ด,0.3,context_0.8,4800
C:\Users\muldi\Documents\Playground\University\senior-project-1\dataset\internet\clear\Horror movie for WOKE!!!!!.wav,1055.767682,1056.0676819999999,เหี้ย,0.3,main,4800
C:\Users\muldi\Documents\Playground\University\senior-project-1\dataset\internet\clear\Horror movie for WOKE!!!!!.wav,857.5012315,857.8012315,มึง,0.3,main,4800
C:\Users\muldi\Documents\Playground\University\senior-project-1\dataset\internet\clear\รายการเย็ดแม่.wav,5.699999999999997,5.9999999999999964,none,0.3,none_sample,4800
C:\Users\muldi\Documents\Playground\University\senior-project-1\dataset\internet\clear\รายการเย็ดแม่.wav,659.4899905000001,659.7899905,เหี้ย,0.3,main,4800
C:\Users\muldi\Documents\Playground\University\senior-project-1\dataset\internet\clear\Horror movie for WOKE!!!!!.wav,608.8803819999999,609.1803819999999,มึง,0.3,context_0.2,4800
C:\Users\muldi\Documents\Playground\University\senior-project-1\dataset\internet\clear\รายการเย็ดแม่.wav,791.7409945,792.0409945,มึง,0.3,main,4800
C:\Users\muldi\Documents\Playground\University\senior-project-1\dataset\internet\clear\ชีวิตมันจะสู้ก็ต้องสู้ #honkaistarrail.wav,3.477078,3.777078,มึง,0.3,main,4800
C:\Users\muldi\Documents\Playground\University\senior-project-1\dataset\internet\clear\Horror movie for WOKE!!!!!.wav,99.20375299999999,99.50375299999999,กู,0.3,context_0.6,4800
C:\Users\muldi\Documents\Playground\University\senior-project-1\dataset\internet\clear\Horror movie for WOKE!!!!!.wav,826.157457,826.457457,มึง,0.3,main,4800
C:\Users\muldi\Documents\Playground\University\senior-project-1\dataset\internet\clear\รายการเย็ดแม่.wav,106.765602,107.065602,เย็ด,0.3,context_0.6,4800
C:\Users\muldi\Documents\Playground\University\senior-project-1\dataset\internet\clear\รายการเย็ดแม่.wav,204.262261,204.562261,มึง,0.3,main,4800
C:\Users\muldi\Documents\Playground\University\senior-project-1\dataset\internet\clear\Horror movie for WOKE!!!!!.wav,811.905369,812.2053689999999,เย็ด,0.3,context_0.4,4800
C:\Users\muldi\Documents\Playground\University\senior-project-1\dataset\internet\noise\อะไรคือสิ่งที่ถูก.wav,1.4468349999999999,1.746835,มึง,0.3,context_0.6,4800
C:\Users\muldi\Documents\Playground\University\senior-project-1\dataset\internet\clear\ซามามาเท.wav,7.5121020000000005,7.812102,กู,0.3,context_0.4,4800
C:\Users\muldi\Documents\Playground\University\senior-project-1\dataset\internet\clear\รายการเย็ดแม่.wav,17.400000000000016,17.700000000000017,none,0.3,none_sample,4800
C:\Users\muldi\Documents\Playground\University\senior-project-1\dataset\internet\clear\รายการเย็ดแม่.wav,653.2909440000001,653.590944,เหี้ย,0.3,context_0.6,4800
C:\Users\muldi\Documents\Playground\University\senior-project-1\dataset\internet\clear\Horror movie for WOKE!!!!!.wav,557.34316,557.64316,กู,0.3,context_0.2,4800
C:\Users\muldi\Documents\Playground\University\senior-project-1\dataset\internet\clear\รายการเย็ดแม่.wav,653.2909440000001,653.590944,เหี้ย,0.3,context_0.6,4800
C:\Users\muldi\Documents\Playground\University\senior-project-1\dataset\internet\clear\รายการเย็ดแม่.wav,107.873488,108.17348799999999,เย็ด,0.3,context_0.2,4800
C:\Users\muldi\Documents\Playground\University\senior-project-1\dataset\internet\clear\รายการเย็ดแม่.wav,960.240035,960.540035,กู,0.3,context_0.6,4800
C:\Users\muldi\Documents\Playground\University\senior-project-1\dataset\internet\clear\เกิดแต่กับคีร์มากค่ะ.wav,26.0116375,26.3116375,มึง,0.3,main,4800
C:\Users\muldi\Documents\Playground\University\senior-project-1\dataset\internet\clear\รายการเย็ดแม่.wav,951.7277170000001,952.027717,เย็ด,0.3,context_0.6,4800
C:\Users\muldi\Documents\Playground\University\senior-project-1\dataset\internet\clear\ช่วยด้วย!! นวยจะมาอยู่ด้วย!!.wav,13.646268000000001,13.946268000000002,มึง,0.3,context_0.8,4800
C:\Users\muldi\Documents\Playground\University\senior-project-1\dataset\internet\clear\ถ้าวันนึงหีมึงเหี่ยว.wav,12.808725,13.108725000000002,กู,0.3,context_0.2,4800
C:\Users\muldi\Documents\Playground\University\senior-project-1\dataset\internet\clear\ใต้น้ำยังจะตามมาอีก!!.wav,21.476080500000002,21.776080500000003,เหี้ย,0.3,main,4800
C:\Users\muldi\Documents\Playground\University\senior-project-1\dataset\internet\clear\Horror movie for WOKE!!!!!.wav,731.9037715000001,732.2037715,เหี้ย,0.3,main,4800
C:\Users\muldi\Documents\Playground\University\senior-project-1\dataset\internet\clear\ประชุมรวมญาติเชลซี.wav,144.67783599999999,144.977836,กู,0.3,context_0.2,4800
C:\Users\muldi\Documents\Playground\University\senior-project-1\dataset\internet\clear\เดินเตะทุกอย่างบนโลก!.wav,3.1799999999999984,3.479999999999998,none,0.3,none_sample,4800
C:\Users\muldi\Documents\Playground\University\senior-project-1\dataset\internet\clear\รายการเย็ดแม่.wav,107.903488,108.203488,เย็ด,0.3,context_0.4,4800
C:\Users\muldi\Documents\Playground\University\senior-project-1\dataset\internet\clear\เดินเตะทุกอย่างบนโลก!.wav,2.6999999999999997,2.9999999999999996,none,0.3,none_sample,4800
C:\Users\muldi\Documents\Playground\University\senior-project-1\dataset\internet\clear\รายการเย็ดแม่.wav,752.472671,752.772671,เหี้ย,0.3,main,4800
C:\Users\muldi\Documents\Playground\University\senior-project-1\dataset\internet\clear\รายการเย็ดแม่.wav,208.6214465,208.9214465,เหี้ย,0.3,main,4800
C:\Users\muldi\Documents\Playground\University\senior-project-1\dataset\internet\clear\รายการเย็ดแม่.wav,643.704785,644.004785,เหี้ย,0.3,main,4800
C:\Users\muldi\Documents\Playground\University\senior-project-1\dataset\internet\clear\Horror movie for WOKE!!!!!.wav,81.1188185,81.4188185,เหี้ย,0.3,main,4800
C:\Users\muldi\Documents\Playground\University\senior-project-1\dataset\internet\clear\เกิดแต่กับคีร์มากค่ะ.wav,25.6586545,25.9586545,กู,0.3,main,4800
C:\Users\muldi\Documents\Playground\University\senior-project-1\dataset\internet\clear\เกิดแต่กับคีร์มากค่ะ.wav,22.635673999999998,22.935674,กู,0.3,context_0.8,4800
C:\Users\muldi\Documents\Playground\University\senior-project-1\dataset\internet\clear\รายการเย็ดแม่.wav,582.280521,582.580521,เย็ด,0.3,context_0.6,4800
C:\Users\muldi\Documents\Playground\University\senior-project-1\dataset\internet\noise\อะไรคือสิ่งที่ถูก.wav,25.27253,25.57253,กู,0.3,context_0.4,4800
C:\Users\muldi\Documents\Playground\University\senior-project-1\dataset\internet\clear\รายการเย็ดแม่.wav,3.8999999999999972,4.1999999999999975,none,0.3,none_sample,4800
C:\Users\muldi\Documents\Playground\University\senior-project-1\dataset\internet\clear\รายการเย็ดแม่.wav,107.549723,107.849723,เย็ด,0.3,context_0.6,4800
C:\Users\muldi\Documents\Playground\University\senior-project-1\dataset\internet\clear\รายการเย็ดแม่.wav,106.288161,106.588161,เย็ด,0.3,context_0.2,4800
C:\Users\muldi\Documents\Playground\University\senior-project-1\dataset\internet\clear\Yo mama & แซนวิชบลูเบอร์รี่.wav,57.8842565,58.1842565,มึง,0.3,main,4800
C:\Users\muldi\Documents\Playground\University\senior-project-1\dataset\internet\clear\รายการเย็ดแม่.wav,482.86624500000005,483.16624500000006,กู,0.3,main,4800
C:\Users\muldi\Documents\Playground\University\senior-project-1\dataset\internet\clear\เกิดแต่กับคีร์มากค่ะ.wav,0.3,0.6,none,0.3,none_sample,4800
C:\Users\muldi\Documents\Playground\University\senior-project-1\dataset\internet\clear\รายการเย็ดแม่.wav,20.400000000000023,20.700000000000024,none,0.3,none_sample,4800
C:\Users\muldi\Documents\Playground\University\senior-project-1\dataset\internet\clear\รายการเย็ดแม่.wav,745.6411260000001,745.941126,กู,0.3,context_0.6,4800
C:\Users\muldi\Documents\Playground\University\senior-project-1\dataset\internet\clear\Yo mama & แซนวิชบลูเบอร์รี่.wav,107.39432099999999,107.69432099999999,มึง,0.3,context_0.4,4800
C:\Users\muldi\Documents\Playground\University\senior-project-1\dataset\internet\clear\มันไปเล่นเอไอเอสชั่วโมงละ60บาท.wav,8.5937325,8.8937325,เหี้ย,0.3,main,4800
C:\Users\muldi\Documents\Playground\University\senior-project-1\dataset\internet\clear\รายการเย็ดแม่.wav,572.592939,572.892939,เย็ด,0.3,main,4800
C:\Users\muldi\Documents\Playground\University\senior-project-1\dataset\internet\clear\รายการเย็ดแม่.wav,2.8870980000000004,3.187098,เย็ด,0.3,context_0.8,4800
C:\Users\muldi\Documents\Playground\University\senior-project-1\dataset\internet\clear\รายการเย็ดแม่.wav,36.842985000000006,37.142985,เย็ด,0.3,main,4800
C:\Users\muldi\Documents\Playground\University\senior-project-1\dataset\internet\clear\รายการเย็ดแม่.wav,204.262261,204.562261,มึง,0.3,main,4800
C:\Users\muldi\Documents\Playground\University\senior-project-1\dataset\internet\clear\Horror movie for WOKE!!!!!.wav,1065.5951890000001,1065.895189,เหี้ย,0.3,context_0.2,4800
C:\Users\muldi\Documents\Playground\University\senior-project-1\dataset\internet\clear\รายการเย็ดแม่.wav,114.83402099999999,115.13402099999999,เย็ด,0.3,context_0.8,4800
C:\Users\muldi\Documents\Playground\University\senior-project-1\dataset\internet\clear\รายการเย็ดแม่.wav,13.500000000000009,13.80000000000001,none,0.3,none_sample,4800
C:\Users\muldi\Documents\Playground\University\senior-project-1\dataset\internet\clear\Yo mama & แซนวิชบลูเบอร์รี่.wav,103.815744,104.11574399999999,มึง,0.3,context_0.4,4800
C:\Users\muldi\Documents\Playground\University\senior-project-1\dataset\internet\clear\รายการเย็ดแม่.wav,0.3,0.6,none,0.3,none_sample,4800
C:\Users\muldi\Documents\Playground\University\senior-project-1\dataset\internet\clear\Horror movie for WOKE!!!!!.wav,991.7377775000001,992.0377775000001,เหี้ย,0.3,main,4800
C:\Users\muldi\Documents\Playground\University\senior-project-1\dataset\internet\clear\Horror movie for WOKE!!!!!.wav,857.5012315,857.8012315,มึง,0.3,main,4800
C:\Users\muldi\Documents\Playground\University\senior-project-1\dataset\internet\clear\รายการเย็ดแม่.wav,582.220521,582.5205209999999,เย็ด,0.3,context_0.2,4800
C:\Users\muldi\Documents\Playground\University\senior-project-1\dataset\internet\clear\Horror movie for WOKE!!!!!.wav,18.300000000000022,18.600000000000023,none,0.3,none_sample,4800
C:\Users\muldi\Documents\Playground\University\senior-project-1\dataset\internet\clear\Horror movie for WOKE!!!!!.wav,895.5380495,895.8380495,เหี้ย,0.3,main,4800
C:\Users\muldi\Documents\Playground\University\senior-project-1\dataset\internet\clear\ถ้าจะมาหลอกแค่นี้ อย่ามาดีกว่าไอ้น้อง.wav,0.3,0.6,none,0.3,none_sample,4800
C:\Users\muldi\Documents\Playground\University\senior-project-1\dataset\internet\clear\Horror movie for WOKE!!!!!.wav,98.1573765,98.4573765,เหี้ย,0.3,main,4800
C:\Users\muldi\Documents\Playground\University\senior-project-1\dataset\internet\effect\เมื่อไตระบายความในใจ.wav,92.92029499999998,93.22029499999998,มึง,0.3,main,4800
C:\Users\muldi\Documents\Playground\University\senior-project-1\dataset\internet\clear\รายการเย็ดแม่.wav,580.858769,581.158769,กู,0.3,context_0.2,4800
C:\Users\muldi\Documents\Playground\University\senior-project-1\dataset\internet\clear\Horror movie for WOKE!!!!!.wav,518.1279350000001,518.427935,มึง,0.3,context_0.6,4800
C:\Users\muldi\Documents\Playground\University\senior-project-1\dataset\internet\clear\รายการเย็ดแม่.wav,177.85553,178.15553,เย็ด,0.3,context_0.2,4800
C:\Users\muldi\Documents\Playground\University\senior-project-1\dataset\internet\clear\Horror movie for WOKE!!!!!.wav,15.600000000000016,15.900000000000016,none,0.3,none_sample,4800
C:\Users\muldi\Documents\Playground\University\senior-project-1\dataset\internet\clear\เจ๊อยากกลับบ้านแล้ว....wav,15.3506825,15.6506825,เหี้ย,0.3,main,4800
C:\Users\muldi\Documents\Playground\University\senior-project-1\dataset\internet\clear\Yo mama & แซนวิชบลูเบอร์รี่.wav,107.454321,107.75432099999999,มึง,0.3,context_0.8,4800
C:\Users\muldi\Documents\Playground\University\senior-project-1\dataset\internet\clear\Horror movie for WOKE!!!!!.wav,729.759817,730.059817,กู,0.3,context_0.6,4800
C:\Users\muldi\Documents\Playground\University\senior-project-1\dataset\internet\clear\ใต้น้ำยังจะตามมาอีก!!.wav,0.8999999999999999,1.2,none,0.3,none_sample,4800
C:\Users\muldi\Documents\Playground\University\senior-project-1\dataset\internet\clear\Horror movie for WOKE!!!!!.wav,19.200000000000024,19.500000000000025,none,0.3,none_sample,4800
C:\Users\muldi\Documents\Playground\University\senior-project-1\dataset\internet\clear\รายการเย็ดแม่.wav,106.705602,107.005602,เย็ด,0.3,context_0.2,4800
C:\Users\muldi\Documents\Playground\University\senior-project-1\dataset\internet\clear\รายการเย็ดแม่.wav,150.922117,151.222117,เย็ด,0.3,main,4800
C:\Users\muldi\Documents\Playground\University\senior-project-1\dataset\internet\clear\รายการเย็ดแม่.wav,150.922117,151.222117,เย็ด,0.3,main,4800
C:\Users\muldi\Documents\Playground\University\senior-project-1\dataset\internet\clear\ลิ้นจระเข้ กินอะไรก็อร่อย.wav,39.676404999999995,39.97640499999999,กู,0.3,context_0.6,4800
C:\Users\muldi\Documents\Playground\University\senior-project-1\dataset\internet\clear\Horror movie for WOKE!!!!!.wav,390.354531,390.654531,กู,0.3,main,4800
C:\Users\muldi\Documents\Playground\University\senior-project-1\dataset\internet\clear\เดินเตะทุกอย่างบนโลก!.wav,0.8999999999999999,1.2,none,0.3,none_sample,4800
C:\Users\muldi\Documents\Playground\University\senior-project-1\dataset\internet\clear\Horror movie for WOKE!!!!!.wav,811.905369,812.2053689999999,เย็ด,0.3,context_0.4,4800
C:\Users\muldi\Documents\Playground\University\senior-project-1\dataset\internet\clear\Horror movie for WOKE!!!!!.wav,724.2380875,724.5380875,เหี้ย,0.3,main,4800
C:\Users\muldi\Documents\Playground\University\senior-project-1\dataset\internet\clear\Yo mama & แซนวิชบลูเบอร์รี่.wav,107.42432099999999,107.72432099999999,มึง,0.3,context_0.6,4800
C:\Users\muldi\Documents\Playground\University\senior-project-1\dataset\internet\clear\Horror movie for WOKE!!!!!.wav,590.2712495,590.5712494999999,มึง,0.3,main,4800
C:\Users\muldi\Documents\Playground\University\senior-project-1\dataset\internet\clear\ซามามาเท.wav,25.798027500000003,26.098027500000004,มึง,0.3,main,4800
C:\Users\muldi\Documents\Playground\University\senior-project-1\dataset\internet\clear\ใต้น้ำยังจะตามมาอีก!!.wav,6.09593,6.39593,มึง,0.3,context_0.6,4800
C:\Users\muldi\Documents\Playground\University\senior-project-1\dataset\internet\clear\Horror movie for WOKE!!!!!.wav,860.2379505,860.5379505,เหี้ย,0.3,main,4800
C:\Users\muldi\Documents\Playground\University\senior-project-1\dataset\internet\clear\Horror movie for WOKE!!!!!.wav,6.899999999999998,7.1999999999999975,none,0.3,none_sample,4800
C:\Users\muldi\Documents\Playground\University\senior-project-1\dataset\internet\clear\รายการเย็ดแม่.wav,35.442074999999996,35.74207499999999,เย็ด,0.3,context_0.6,4800
C:\Users\muldi\Documents\Playground\University\senior-project-1\dataset\internet\clear\รายการเย็ดแม่.wav,151.91601599999998,152.216016,กู,0.3,context_0.4,4800
C:\Users\muldi\Documents\Playground\University\senior-project-1\dataset\internet\clear\เกิดแต่กับคีร์มากค่ะ.wav,2.8165555,3.1165555,มึง,0.3,main,4800
C:\Users\muldi\Documents\Playground\University\senior-project-1\dataset\internet\clear\Horror movie for WOKE!!!!!.wav,826.157457,826.457457,มึง,0.3,main,4800
C:\Users\muldi\Documents\Playground\University\senior-project-1\dataset\internet\clear\ชีวิตมันจะสู้ก็ต้องสู้ #honkaistarrail.wav,17.143318,17.443318,เหี้ย,0.3,main,4800
C:\Users\muldi\Documents\Playground\University\senior-project-1\dataset\internet\clear\Horror movie for WOKE!!!!!.wav,1021.2524605,1021.5524604999999,เหี้ย,0.3,main,4800
C:\Users\muldi\Documents\Playground\University\senior-project-1\dataset\internet\clear\รายการเย็ดแม่.wav,669.921523,670.2215229999999,เหี้ย,0.3,main,4800
C:\Users\muldi\Documents\Playground\University\senior-project-1\dataset\internet\clear\รายการเย็ดแม่.wav,107.099344,107.399344,เย็ด,0.3,context_0.4,4800
C:\Users\muldi\Documents\Playground\University\senior-project-1\dataset\internet\clear\รายการเย็ดแม่.wav,2.4,2.6999999999999997,none,0.3,none_sample,4800
C:\Users\muldi\Documents\Playground\University\senior-project-1\dataset\internet\clear\มันไปเล่นเอไอเอสชั่วโมงละ60บาท.wav,0.6,0.8999999999999999,none,0.3,none_sample,4800
C:\Users\muldi\Documents\Playground\University\senior-project-1\dataset\internet\clear\รายการเย็ดแม่.wav,6.599999999999996,6.899999999999996,none,0.3,none_sample,4800
C:\Users\muldi\Documents\Playground\University\senior-project-1\dataset\internet\clear\รายการเย็ดแม่.wav,2.999999999999998,3.2999999999999976,none,0.3,none_sample,4800
C:\Users\muldi\Documents\Playground\University\senior-project-1\dataset\internet\clear\ใต้น้ำยังจะตามมาอีก!!.wav,5.913454499999999,6.213454499999999,เหี้ย,0.3,main,4800
C:\Users\muldi\Documents\Playground\University\senior-project-1\dataset\internet\clear\รายการเย็ดแม่.wav,18.60000000000002,18.90000000000002,none,0.3,none_sample,4800
C:\Users\muldi\Documents\Playground\University\senior-project-1\dataset\internet\clear\Horror movie for WOKE!!!!!.wav,14.700000000000014,15.000000000000014,none,0.3,none_sample,4800
C:\Users\muldi\Documents\Playground\University\senior-project-1\dataset\internet\clear\ใต้น้ำยังจะตามมาอีก!!.wav,6.125929999999999,6.425929999999999,มึง,0.3,context_0.8,4800
C:\Users\muldi\Documents\Playground\University\senior-project-1\dataset\internet\clear\รายการเย็ดแม่.wav,510.138216,510.438216,กู,0.3,context_0.6,4800
C:\Users\muldi\Documents\Playground\University\senior-project-1\dataset\internet\clear\Horror movie for WOKE!!!!!.wav,73.644201,73.94420099999999,กู,0.3,context_0.4,4800
C:\Users\muldi\Documents\Playground\University\senior-project-1\dataset\internet\clear\Horror movie for WOKE!!!!!.wav,969.548184,969.848184,กู,0.3,context_0.2,4800
C:\Users\muldi\Documents\Playground\University\senior-project-1\dataset\internet\clear\Horror movie for WOKE!!!!!.wav,988.8425410000001,989.142541,มึง,0.3,main,4800
C:\Users\muldi\Documents\Playground\University\senior-project-1\dataset\internet\clear\Horror movie for WOKE!!!!!.wav,152.147745,152.447745,เย็ด,0.3,main,4800
C:\Users\muldi\Documents\Playground\University\senior-project-1\dataset\internet\clear\รายการเย็ดแม่.wav,17.700000000000017,18.000000000000018,none,0.3,none_sample,4800
C:\Users\muldi\Documents\Playground\University\senior-project-1\dataset\internet\clear\รายการเย็ดแม่.wav,815.6852445000001,815.9852445,เหี้ย,0.3,main,4800
C:\Users\muldi\Documents\Playground\University\senior-project-1\dataset\internet\clear\ถ้าวันนึงหีมึงเหี่ยว.wav,5.536714999999999,5.836714999999999,มึง,0.3,main,4800
C:\Users\muldi\Documents\Playground\University\senior-project-1\dataset\internet\clear\มันไปเล่นเอไอเอสชั่วโมงละ60บาท.wav,8.990158000000001,9.290158000000002,กู,0.3,context_0.2,4800
C:\Users\muldi\Documents\Playground\University\senior-project-1\dataset\internet\clear\Horror movie for WOKE!!!!!.wav,152.147745,152.447745,เย็ด,0.3,main,4800
C:\Users\muldi\Documents\Playground\University\senior-project-1\dataset\internet\clear\Horror movie for WOKE!!!!!.wav,528.9947040000001,529.294704,มึง,0.3,main,4800
C:\Users\muldi\Documents\Playground\University\senior-project-1\dataset\internet\clear\Horror movie for WOKE!!!!!.wav,820.394117,820.694117,มึง,0.3,main,4800
C:\Users\muldi\Documents\Playground\University\senior-project-1\dataset\internet\clear\จารย์แดง1.wav,8.553010500000001,8.853010500000002,เหี้ย,0.3,main,4800
C:\Users\muldi\Documents\Playground\University\senior-project-1\dataset\internet\clear\รายการเย็ดแม่.wav,34.860411,35.160410999999996,เย็ด,0.3,context_0.4,4800
C:\Users\muldi\Documents\Playground\University\senior-project-1\dataset\internet\clear\ชีวิตมันจะสู้ก็ต้องสู้ #honkaistarrail.wav,17.143318,17.443318,เหี้ย,0.3,main,4800
C:\Users\muldi\Documents\Playground\University\senior-project-1\dataset\internet\clear\เดินเตะทุกอย่างบนโลก!.wav,29.296449000000003,29.596449000000003,กู,0.3,context_0.6,4800
C:\Users\muldi\Documents\Playground\University\senior-project-1\dataset\internet\clear\Horror movie for WOKE!!!!!.wav,18.600000000000023,18.900000000000023,none,0.3,none_sample,4800
C:\Users\muldi\Documents\Playground\University\senior-project-1\dataset\internet\clear\รายการเย็ดแม่.wav,444.39571850000004,444.69571850000005,เหี้ย,0.3,main,4800
C:\Users\muldi\Documents\Playground\University\senior-project-1\dataset\internet\clear\รายการเย็ดแม่.wav,35.382075,35.682075,เย็ด,0.3,context_0.2,4800
C:\Users\muldi\Documents\Playground\University\senior-project-1\dataset\internet\clear\Horror movie for WOKE!!!!!.wav,81.1188185,81.4188185,เหี้ย,0.3,main,4800
C:\Users\muldi\Documents\Playground\University\senior-project-1\dataset\internet\clear\รายการเย็ดแม่.wav,208.7944685,209.0944685,เหี้ย,0.3,main,4800
C:\Users\muldi\Documents\Playground\University\senior-project-1\dataset\internet\clear\เดินเตะทุกอย่างบนโลก!.wav,16.833305000000003,17.133305000000004,กู,0.3,context_0.6,4800
C:\Users\muldi\Documents\Playground\University\senior-project-1\dataset\internet\clear\รายการเย็ดแม่.wav,177.85553,178.15553,เย็ด,0.3,context_0.2,4800
C:\Users\muldi\Documents\Playground\University\senior-project-1\dataset\internet\clear\Horror movie for WOKE!!!!!.wav,1055.767682,1056.0676819999999,เหี้ย,0.3,main,4800
C:\Users\muldi\Documents\Playground\University\senior-project-1\dataset\internet\clear\เดินเตะทุกอย่างบนโลก!.wav,32.001262,32.301261999999994,กู,0.3,context_0.4,4800
C:\Users\muldi\Documents\Playground\University\senior-project-1\dataset\internet\clear\รายการเย็ดแม่.wav,106.705602,107.005602,เย็ด,0.3,context_0.2,4800
C:\Users\muldi\Documents\Playground\University\senior-project-1\dataset\internet\clear\รายการเย็ดแม่.wav,108.515772,108.815772,เย็ด,0.3,context_0.4,4800
C:\Users\muldi\Documents\Playground\University\senior-project-1\dataset\internet\clear\จารย์แดง1.wav,7.379096,7.6790959999999995,เหี้ย,0.3,main,4800
C:\Users\muldi\Documents\Playground\University\senior-project-1\dataset\internet\clear\Yo mama & แซนวิชบลูเบอร์รี่.wav,98.49823899999998,98.79823899999998,มึง,0.3,main,4800
C:\Users\muldi\Documents\Playground\University\senior-project-1\dataset\internet\clear\รายการเย็ดแม่.wav,4.499999999999997,4.799999999999997,none,0.3,none_sample,4800
C:\Users\muldi\Documents\Playground\University\senior-project-1\dataset\internet\clear\รายการเย็ดแม่.wav,18.30000000000002,18.60000000000002,none,0.3,none_sample,4800
C:\Users\muldi\Documents\Playground\University\senior-project-1\dataset\internet\clear\รายการเย็ดแม่.wav,107.549723,107.849723,เย็ด,0.3,context_0.6,4800
C:\Users\muldi\Documents\Playground\University\senior-project-1\dataset\internet\clear\จารย์แดง1.wav,3.4150880000000003,3.715088,เหี้ย,0.3,main,4800
C:\Users\muldi\Documents\Playground\University\senior-project-1\dataset\internet\clear\รายการเย็ดแม่.wav,951.7277170000001,952.027717,เย็ด,0.3,context_0.6,4800
C:\Users\muldi\Documents\Playground\University\senior-project-1\dataset\internet\clear\รายการเย็ดแม่.wav,792.896039,793.1960389999999,มึง,0.3,context_0.8,4800
C:\Users\muldi\Documents\Playground\University\senior-project-1\dataset\internet\clear\Horror movie for WOKE!!!!!.wav,824.5810560000001,824.8810560000001,กู,0.3,context_0.6,4800
C:\Users\muldi\Documents\Playground\University\senior-project-1\dataset\internet\clear\เดินเตะทุกอย่างบนโลก!.wav,15.699596,15.999596,กู,0.3,context_0.4,4800
C:\Users\muldi\Documents\Playground\University\senior-project-1\dataset\internet\clear\รายการเย็ดแม่.wav,675.2226565,675.5226564999999,เหี้ย,0.3,main,4800
C:\Users\muldi\Documents\Playground\University\senior-project-1\dataset\internet\clear\รายการเย็ดแม่.wav,182.0581215,182.3581215,เหี้ย,0.3,main,4800
C:\Users\muldi\Documents\Playground\University\senior-project-1\dataset\internet\clear\Horror movie for WOKE!!!!!.wav,4.199999999999999,4.499999999999999,none,0.3,none_sample,4800
C:\Users\muldi\Documents\Playground\University\senior-project-1\dataset\internet\clear\Horror movie for WOKE!!!!!.wav,73.614201,73.91420099999999,กู,0.3,context_0.2,4800
C:\Users\muldi\Documents\Playground\University\senior-project-1\dataset\internet\clear\เพื่อนบ้านหรรษาของจริงๆ.wav,42.8032445,43.103244499999995,มึง,0.3,main,4800
C:\Users\muldi\Documents\Playground\University\senior-project-1\dataset\internet\clear\รายการเย็ดแม่.wav,108.515772,108.815772,เย็ด,0.3,context_0.4,4800
C:\Users\muldi\Documents\Playground\University\senior-project-1\dataset\internet\clear\ประชุมรวมญาติเชลซี.wav,142.881353,143.181353,กู,0.3,context_0.6,4800
C:\Users\muldi\Documents\Playground\University\senior-project-1\dataset\internet\clear\ถ้าจะมาหลอกแค่นี้ อย่ามาดีกว่าไอ้น้อง.wav,19.292608,19.592608000000002,กู,0.3,context_0.4,4800
C:\Users\muldi\Documents\Playground\University\senior-project-1\dataset\internet\clear\วิ่งหนี or วิ่งใส่.wav,7.8636505,8.163650500000001,กู,0.3,main,4800
C:\Users\muldi\Documents\Playground\University\senior-project-1\dataset\internet\clear\Yo mama & แซนวิชบลูเบอร์รี่.wav,103.815744,104.11574399999999,มึง,0.3,context_0.4,4800
C:\Users\muldi\Documents\Playground\University\senior-project-1\dataset\internet\clear\เดินเตะทุกอย่างบนโลก!.wav,4.884079,5.184079,กู,0.3,context_0.2,4800
C:\Users\muldi\Documents\Playground\University\senior-project-1\dataset\internet\clear\Horror movie for WOKE!!!!!.wav,2.4,2.6999999999999997,none,0.3,none_sample,4800
C:\Users\muldi\Documents\Playground\University\senior-project-1\dataset\internet\clear\Horror movie for WOKE!!!!!.wav,475.658725,475.958725,เหี้ย,0.3,main,4800
C:\Users\muldi\Documents\Playground\University\senior-project-1\dataset\internet\clear\Yo mama & แซนวิชบลูเบอร์รี่.wav,24.2747715,24.5747715,มึง,0.3,main,4800
C:\Users\muldi\Documents\Playground\University\senior-project-1\dataset\internet\clear\รายการเย็ดแม่.wav,583.985751,584.285751,เย็ด,0.3,context_0.6,4800
C:\Users\muldi\Documents\Playground\University\senior-project-1\dataset\internet\clear\รายการเย็ดแม่.wav,35.382075,35.682075,เย็ด,0.3,context_0.2,4800
C:\Users\muldi\Documents\Playground\University\senior-project-1\dataset\internet\clear\รายการเย็ดแม่.wav,572.592939,572.892939,เย็ด,0.3,main,4800
C:\Users\muldi\Documents\Playground\University\senior-project-1\dataset\internet\clear\ใต้น้ำยังจะตามมาอีก!!.wav,6.125929999999999,6.425929999999999,มึง,0.3,context_0.8,4800
C:\Users\muldi\Documents\Playground\University\senior-project-1\dataset\internet\clear\ใต้น้ำยังจะตามมาอีก!!.wav,9.91089,10.210890000000001,มึง,0.3,main,4800
C:\Users\muldi\Documents\Playground\University\senior-project-1\dataset\internet\noise\อะไรคือสิ่งที่ถูก.wav,0.3,0.6,none,0.3,none_sample,4800
C:\Users\muldi\Documents\Playground\University\senior-project-1\dataset\internet\clear\รายการเย็ดแม่.wav,580.9187690000001,581.2187690000001,กู,0.3,context_0.6,4800
C:\Users\muldi\Documents\Playground\University\senior-project-1\dataset\internet\clear\รายการเย็ดแม่.wav,35.412074999999994,35.71207499999999,เย็ด,0.3,context_0.4,4800
C:\Users\muldi\Documents\Playground\University\senior-project-1\dataset\internet\clear\ถ้าวันนึงหีมึงเหี่ยว.wav,12.868725,13.168725,กู,0.3,context_0.6,4800
C:\Users\muldi\Documents\Playground\University\senior-project-1\dataset\internet\clear\รายการเย็ดแม่.wav,106.765602,107.065602,เย็ด,0.3,context_0.6,4800
C:\Users\muldi\Documents\Playground\University\senior-project-1\dataset\internet\clear\รายการเย็ดแม่.wav,33.908825,34.208825,เย็ด,0.3,context_0.6,4800
C:\Users\muldi\Documents\Playground\University\senior-project-1\dataset\internet\clear\อะไรหายากสุด.wav,0.0,0.3,none,0.3,none_sample,4800
C:\Users\muldi\Documents\Playground\University\senior-project-1\dataset\internet\clear\Horror movie for WOKE!!!!!.wav,9.600000000000001,9.900000000000002,none,0.3,none_sample,4800
C:\Users\muldi\Documents\Playground\University\senior-project-1\dataset\internet\clear\โอ๊ต.wav,57.959944,58.259944,มึง,0.3,context_0.2,4800
C:\Users\muldi\Documents\Playground\University\senior-project-1\dataset\internet\noise\อะไรคือสิ่งที่ถูก.wav,0.0,0.3,none,0.3,none_sample,4800
C:\Users\muldi\Documents\Playground\University\senior-project-1\dataset\internet\clear\ถ้าจะมาหลอกแค่นี้ อย่ามาดีกว่าไอ้น้อง.wav,15.0431575,15.3431575,มึง,0.3,main,4800
C:\Users\muldi\Documents\Playground\University\senior-project-1\dataset\internet\clear\Horror movie for WOKE!!!!!.wav,874.166434,874.4664339999999,มึง,0.3,context_0.8,4800
C:\Users\muldi\Documents\Playground\University\senior-project-1\dataset\internet\clear\Yo mama & แซนวิชบลูเบอร์รี่.wav,98.49823899999998,98.79823899999998,มึง,0.3,main,4800
C:\Users\muldi\Documents\Playground\University\senior-project-1\dataset\single\กู\กู (เบลล์).wav,0.645,0.9450000000000001,กู,0.3,main,4800
C:\Users\muldi\Documents\Playground\University\senior-project-1\dataset\internet\clear\เกิดแต่กับคีร์มากค่ะ.wav,2.8165555,3.1165555,มึง,0.3,main,4800
C:\Users\muldi\Documents\Playground\University\senior-project-1\dataset\internet\clear\Horror movie for WOKE!!!!!.wav,1065.625189,1065.925189,เหี้ย,0.3,context_0.4,4800
C:\Users\muldi\Documents\Playground\University\senior-project-1\dataset\internet\clear\อะไรหายากสุด.wav,13.866202000000001,14.166202000000002,มึง,0.3,context_0.2,4800
C:\Users\muldi\Documents\Playground\University\senior-project-1\dataset\internet\clear\ลิ้นจระเข้ กินอะไรก็อร่อย.wav,58.6172375,58.9172375,กู,0.3,main,4800
C:\Users\muldi\Documents\Playground\University\senior-project-1\dataset\internet\clear\Horror movie for WOKE!!!!!.wav,528.9947040000001,529.294704,มึง,0.3,main,4800
C:\Users\muldi\Documents\Playground\University\senior-project-1\dataset\internet\clear\รายการเย็ดแม่.wav,21.000000000000025,21.300000000000026,none,0.3,none_sample,4800
C:\Users\muldi\Documents\Playground\University\senior-project-1\dataset\internet\clear\มันไปเล่นเอไอเอสชั่วโมงละ60บาท.wav,8.5937325,8.8937325,เหี้ย,0.3,main,4800
C:\Users\muldi\Documents\Playground\University\senior-project-1\dataset\internet\clear\Horror movie for WOKE!!!!!.wav,578.3670490000001,578.667049,เหี้ย,0.3,main,4800
C:\Users\muldi\Documents\Playground\University\senior-project-1\dataset\internet\clear\Horror movie for WOKE!!!!!.wav,4.199999999999999,4.499999999999999,none,0.3,none_sample,4800
C:\Users\muldi\Documents\Playground\University\senior-project-1\dataset\internet\clear\Horror movie for WOKE!!!!!.wav,729.6998169999999,729.9998169999999,กู,0.3,context_0.2,4800
C:\Users\muldi\Documents\Playground\University\senior-project-1\dataset\internet\clear\โอ๊ต.wav,1.8,2.1,none,0.3,none_sample,4800
C:\Users\muldi\Documents\Playground\University\senior-project-1\dataset\internet\clear\รายการเย็ดแม่.wav,797.589027,797.8890269999999,กู,0.3,context_0.2,4800
C:\Users\muldi\Documents\Playground\University\senior-project-1\dataset\internet\clear\Horror movie for WOKE!!!!!.wav,400.9121195,401.21211950000003,มึง,0.3,main,4800
C:\Users\muldi\Documents\Playground\University\senior-project-1\dataset\internet\clear\รายการเย็ดแม่.wav,582.310521,582.610521,เย็ด,0.3,context_0.8,4800
C:\Users\muldi\Documents\Playground\University\senior-project-1\dataset\internet\clear\ใต้น้ำยังจะตามมาอีก!!.wav,6.03593,6.335929999999999,มึง,0.3,context_0.2,4800
C:\Users\muldi\Documents\Playground\University\senior-project-1\dataset\internet\clear\เพื่อนบ้านหรรษาของจริงๆ.wav,41.7158825,42.0158825,กู,0.3,main,4800
C:\Users\muldi\Documents\Playground\University\senior-project-1\dataset\internet\clear\รายการเย็ดแม่.wav,106.795602,107.095602,เย็ด,0.3,context_0.8,4800
C:\Users\muldi\Documents\Playground\University\senior-project-1\dataset\internet\clear\Horror movie for WOKE!!!!!.wav,528.9947040000001,529.294704,มึง,0.3,main,4800
C:\Users\muldi\Documents\Playground\University\senior-project-1\dataset\internet\clear\โอ๊ต.wav,1088.7068510000001,1089.006851,กู,0.3,context_0.4,4800
C:\Users\muldi\Documents\Playground\University\senior-project-1\dataset\internet\clear\รายการเย็ดแม่.wav,107.489723,107.789723,เย็ด,0.3,context_0.2,4800
C:\Users\muldi\Documents\Playground\University\senior-project-1\dataset\internet\clear\รายการเย็ดแม่.wav,170.10498199999998,170.404982,มึง,0.3,main,4800
C:\Users\muldi\Documents\Playground\University\senior-project-1\dataset\internet\clear\รายการเย็ดแม่.wav,93.7026865,94.0026865,เย็ด,0.3,main,4800
C:\Users\muldi\Documents\Playground\University\senior-project-1\dataset\internet\clear\มันไปเล่นเอไอเอสชั่วโมงละ60บาท.wav,10.510894,10.810894000000001,กู,0.3,context_0.8,4800
C:\Users\muldi\Documents\Playground\University\senior-project-1\dataset\internet\clear\Horror movie for WOKE!!!!!.wav,874.166434,874.4664339999999,มึง,0.3,context_0.8,4800
C:\Users\muldi\Documents\Playground\University\senior-project-1\dataset\internet\clear\อะชิมะหม๋า.wav,0.3,0.6,none,0.3,none_sample,4800
C:\Users\muldi\Documents\Playground\University\senior-project-1\dataset\internet\clear\Horror movie for WOKE!!!!!.wav,895.5380495,895.8380495,เหี้ย,0.3,main,4800
C:\Users\muldi\Documents\Playground\University\senior-project-1\dataset\internet\clear\เกิดแต่กับคีร์มากค่ะ.wav,0.0,0.3,none,0.3,none_sample,4800
C:\Users\muldi\Documents\Playground\University\senior-project-1\dataset\internet\clear\รายการเย็ดแม่.wav,177.94553,178.24553,เย็ด,0.3,context_0.8,4800
C:\Users\muldi\Documents\Playground\University\senior-project-1\dataset\internet\clear\รายการเย็ดแม่.wav,106.348161,106.648161,เย็ด,0.3,context_0.6,4800
C:\Users\muldi\Documents\Playground\University\senior-project-1\dataset\internet\clear\เดินเตะทุกอย่างบนโลก!.wav,0.0,0.3,none,0.3,none_sample,4800
C:\Users\muldi\Documents\Playground\University\senior-project-1\dataset\internet\clear\ชีวิตมันจะสู้ก็ต้องสู้ #honkaistarrail.wav,0.3,0.6,none,0.3,none_sample,4800
C:\Users\muldi\Documents\Playground\University\senior-project-1\dataset\internet\clear\รายการเย็ดแม่.wav,33.938825,34.238825,เย็ด,0.3,context_0.8,4800
C:\Users\muldi\Documents\Playground\University\senior-project-1\dataset\internet\clear\Yo mama & แซนวิชบลูเบอร์รี่.wav,107.39432099999999,107.69432099999999,มึง,0.3,context_0.4,4800
C:\Users\muldi\Documents\Playground\University\senior-project-1\dataset\internet\clear\รายการเย็ดแม่.wav,36.842985000000006,37.142985,เย็ด,0.3,main,4800
C:\Users\muldi\Documents\Playground\University\senior-project-1\dataset\internet\clear\Horror movie for WOKE!!!!!.wav,1065.655189,1065.955189,เหี้ย,0.3,context_0.6,4800
C:\Users\muldi\Documents\Playground\University\senior-project-1\dataset\internet\clear\รายการเย็ดแม่.wav,583.925751,584.225751,เย็ด,0.3,context_0.2,4800
C:\Users\muldi\Documents\Playground\University\senior-project-1\dataset\internet\clear\โอ๊ต.wav,127.328485,127.628485,กู,0.3,context_0.2,4800
C:\Users\muldi\Documents\Playground\University\senior-project-1\dataset\internet\clear\เพื่อนบ้านหรรษาของจริงๆ.wav,19.663303,19.963303,กู,0.3,main,4800
C:\Users\muldi\Documents\Playground\University\senior-project-1\dataset\internet\clear\Horror movie for WOKE!!!!!.wav,600.5988235000001,600.8988235,มึง,0.3,main,4800
C:\Users\muldi\Documents\Playground\University\senior-project-1\dataset\internet\clear\ชีวิตมันจะสู้ก็ต้องสู้ #honkaistarrail.wav,24.327903000000003,24.627903000000003,มึง,0.3,context_0.6,4800
C:\Users\muldi\Documents\Playground\University\senior-project-1\dataset\internet\clear\รายการเย็ดแม่.wav,752.472671,752.772671,เหี้ย,0.3,main,4800
C:\Users\muldi\Documents\Playground\University\senior-project-1\dataset\internet\clear\รายการเย็ดแม่.wav,5.399999999999997,5.699999999999997,none,0.3,none_sample,4800
C:\Users\muldi\Documents\Playground\University\senior-project-1\dataset\internet\clear\อะไรหายากสุด.wav,13.866202000000001,14.166202000000002,มึง,0.3,context_0.2,4800
C:\Users\muldi\Documents\Playground\University\senior-project-1\dataset\internet\clear\Yo mama & แซนวิชบลูเบอร์รี่.wav,103.875744,104.175744,มึง,0.3,context_0.8,4800
C:\Users\muldi\Documents\Playground\University\senior-project-1\dataset\internet\clear\Horror movie for WOKE!!!!!.wav,860.9446335000001,861.2446335000001,มึง,0.3,main,4800
C:\Users\muldi\Documents\Playground\University\senior-project-1\dataset\internet\clear\เดินเตะทุกอย่างบนโลก!.wav,2.4,2.6999999999999997,none,0.3,none_sample,4800
C:\Users\muldi\Documents\Playground\University\senior-project-1\dataset\internet\clear\พากย์สุดโต่ง VS พากย์สุขุม.wav,0.0,0.3,none,0.3,none_sample,4800
C:\Users\muldi\Documents\Playground\University\senior-project-1\dataset\internet\clear\รายการเย็ดแม่.wav,107.069344,107.369344,เย็ด,0.3,context_0.2,4800
C:\Users\muldi\Documents\Playground\University\senior-project-1\dataset\internet\clear\Horror movie for WOKE!!!!!.wav,513.497569,513.797569,มึง,0.3,context_0.2,4800
C:\Users\muldi\Documents\Playground\University\senior-project-1\dataset\internet\noise\อะไรคือสิ่งที่ถูก.wav,0.3,0.6,none,0.3,none_sample,4800
C:\Users\muldi\Documents\Playground\University\senior-project-1\dataset\internet\clear\ถ้าวันนึงหีมึงเหี่ยว.wav,5.536714999999999,5.836714999999999,มึง,0.3,main,4800
C:\Users\muldi\Documents\Playground\University\senior-project-1\dataset\internet\clear\Horror movie for WOKE!!!!!.wav,609.682548,609.982548,มึง,0.3,context_0.8,4800
C:\Users\muldi\Documents\Playground\University\senior-project-1\dataset\internet\clear\รายการเย็ดแม่.wav,8.699999999999998,8.999999999999998,none,0.3,none_sample,4800
C:\Users\muldi\Documents\Playground\University\senior-project-1\dataset\internet\clear\เพื่อนบ้านหรรษาของจริงๆ.wav,36.091314000000004,36.391314,กู,0.3,context_0.2,4800
C:\Users\muldi\Documents\Playground\University\senior-project-1\dataset\internet\clear\รายการเย็ดแม่.wav,106.795602,107.095602,เย็ด,0.3,context_0.8,4800
C:\Users\muldi\Documents\Playground\University\senior-project-1\dataset\internet\clear\รายการเย็ดแม่.wav,108.515772,108.815772,เย็ด,0.3,context_0.4,4800
C:\Users\muldi\Documents\Playground\University\senior-project-1\dataset\internet\clear\รายการเย็ดแม่.wav,10.200000000000001,10.500000000000002,none,0.3,none_sample,4800
C:\Users\muldi\Documents\Playground\University\senior-project-1\dataset\internet\clear\ซามามาเท.wav,18.36396,18.66396,กู,0.3,context_0.8,4800
C:\Users\muldi\Documents\Playground\University\senior-project-1\dataset\internet\clear\Horror movie for WOKE!!!!!.wav,518.1279350000001,518.427935,มึง,0.3,context_0.6,4800
C:\Users\muldi\Documents\Playground\University\senior-project-1\dataset\internet\clear\รายการเย็ดแม่.wav,12.900000000000007,13.200000000000008,none,0.3,none_sample,4800
C:\Users\muldi\Documents\Playground\University\senior-project-1\dataset\internet\clear\Horror movie for WOKE!!!!!.wav,14.100000000000012,14.400000000000013,none,0.3,none_sample,4800
C:\Users\muldi\Documents\Playground\University\senior-project-1\dataset\internet\clear\รายการเย็ดแม่.wav,609.467748,609.767748,เหี้ย,0.3,main,4800
C:\Users\muldi\Documents\Playground\University\senior-project-1\dataset\internet\clear\รายการเย็ดแม่.wav,675.2226565,675.5226564999999,เหี้ย,0.3,main,4800
C:\Users\muldi\Documents\Playground\University\senior-project-1\dataset\internet\clear\ชีวิตมันจะสู้ก็ต้องสู้ #honkaistarrail.wav,24.267903,24.567903,มึง,0.3,context_0.2,4800
C:\Users\muldi\Documents\Playground\University\senior-project-1\dataset\internet\clear\รายการเย็ดแม่.wav,33.908825,34.208825,เย็ด,0.3,context_0.6,4800
C:\Users\muldi\Documents\Playground\University\senior-project-1\dataset\internet\clear\เดินเตะทุกอย่างบนโลก!.wav,16.023141000000003,16.323141000000003,กู,0.3,main,4800
C:\Users\muldi\Documents\Playground\University\senior-project-1\dataset\internet\clear\รายการเย็ดแม่.wav,792.896039,793.1960389999999,มึง,0.3,context_0.8,4800
C:\Users\muldi\Documents\Playground\University\senior-project-1\dataset\internet\clear\ลิ้นจระเข้ กินอะไรก็อร่อย.wav,59.719530999999996,60.01953099999999,กู,0.3,context_0.4,4800
C:\Users\muldi\Documents\Playground\University\senior-project-1\dataset\internet\clear\รายการเย็ดแม่.wav,798.4785880000001,798.778588,เย็ด,0.3,context_0.8,4800
C:\Users\muldi\Documents\Playground\University\senior-project-1\dataset\internet\clear\Yo mama & แซนวิชบลูเบอร์รี่.wav,107.39432099999999,107.69432099999999,มึง,0.3,context_0.4,4800
C:\Users\muldi\Documents\Playground\University\senior-project-1\dataset\internet\clear\Horror movie for WOKE!!!!!.wav,868.772179,869.072179,กู,0.3,context_0.2,4800
C:\Users\muldi\Documents\Playground\University\senior-project-1\dataset\internet\clear\รายการเย็ดแม่.wav,943.750357,944.050357,กู,0.3,context_0.6,4800
C:\Users\muldi\Documents\Playground\University\senior-project-1\dataset\internet\clear\มันไปเล่นเอไอเอสชั่วโมงละ60บาท.wav,0.0,0.3,none,0.3,none_sample,4800
C:\Users\muldi\Documents\Playground\University\senior-project-1\dataset\internet\clear\รายการเย็ดแม่.wav,107.489723,107.789723,เย็ด,0.3,context_0.2,4800
C:\Users\muldi\Documents\Playground\University\senior-project-1\dataset\internet\clear\Horror movie for WOKE!!!!!.wav,613.318783,613.618783,มึง,0.3,main,4800
C:\Users\muldi\Documents\Playground\University\senior-project-1\dataset\internet\clear\รายการเย็ดแม่.wav,582.280521,582.580521,เย็ด,0.3,context_0.6,4800
C:\Users\muldi\Documents\Playground\University\senior-project-1\dataset\internet\clear\รายการเย็ดแม่.wav,106.378161,106.678161,เย็ด,0.3,context_0.8,4800
C:\Users\muldi\Documents\Playground\University\senior-project-1\dataset\internet\clear\รายการเย็ดแม่.wav,420.6492585,420.9492585,เหี้ย,0.3,main,4800
C:\Users\muldi\Documents\Playground\University\senior-project-1\dataset\internet\clear\Horror movie for WOKE!!!!!.wav,11.700000000000006,12.000000000000007,none,0.3,none_sample,4800
C:\Users\muldi\Documents\Playground\University\senior-project-1\dataset\internet\clear\รายการเย็ดแม่.wav,951.7577170000001,952.057717,เย็ด,0.3,context_0.8,4800
C:\Users\muldi\Documents\Playground\University\senior-project-1\dataset\internet\clear\Horror movie for WOKE!!!!!.wav,670.681471,670.9814709999999,เหี้ย,0.3,main,4800
C:\Users\muldi\Documents\Playground\University\senior-project-1\dataset\internet\clear\รายการเย็ดแม่.wav,35.442074999999996,35.74207499999999,เย็ด,0.3,context_0.6,4800
C:\Users\muldi\Documents\Playground\University\senior-project-1\dataset\internet\clear\รายการเย็ดแม่.wav,579.0220435,579.3220435,เหี้ย,0.3,main,4800
C:\Users\muldi\Documents\Playground\University\senior-project-1\dataset\internet\clear\Horror movie for WOKE!!!!!.wav,73.704201,74.004201,กู,0.3,context_0.8,4800
C:\Users\muldi\Documents\Playground\University\senior-project-1\dataset\internet\clear\รายการเย็ดแม่.wav,114.80402099999999,115.10402099999999,เย็ด,0.3,context_0.6,4800
C:\Users\muldi\Documents\Playground\University\senior-project-1\dataset\internet\clear\Horror movie for WOKE!!!!!.wav,1001.227021,1001.527021,กู,0.3,context_0.2,4800
C:\Users\muldi\Documents\Playground\University\senior-project-1\dataset\internet\clear\Horror movie for WOKE!!!!!.wav,883.2704600000001,883.57046,มึง,0.3,context_0.6,4800
C:\Users\muldi\Documents\Playground\University\senior-project-1\dataset\internet\clear\รายการเย็ดแม่.wav,582.2505209999999,582.5505209999999,เย็ด,0.3,context_0.4,4800
C:\Users\muldi\Documents\Playground\University\senior-project-1\dataset\internet\clear\รายการเย็ดแม่.wav,106.348161,106.648161,เย็ด,0.3,context_0.6,4800
C:\Users\muldi\Documents\Playground\University\senior-project-1\dataset\internet\clear\รายการเย็ดแม่.wav,653.260944,653.560944,เหี้ย,0.3,context_0.4,4800
C:\Users\muldi\Documents\Playground\University\senior-project-1\dataset\internet\noise\อะไรคือสิ่งที่ถูก.wav,0.8999999999999999,1.2,none,0.3,none_sample,4800
C:\Users\muldi\Documents\Playground\University\senior-project-1\dataset\internet\noise\จัดอันดับ ทหารสุดฮา.wav,5.5338674999999995,5.833867499999999,เย็ด,0.3,main,4800
C:\Users\muldi\Documents\Playground\University\senior-project-1\dataset\internet\clear\รายการเย็ดแม่.wav,107.579723,107.879723,เย็ด,0.3,context_0.8,4800
C:\Users\muldi\Documents\Playground\University\senior-project-1\dataset\internet\clear\ชีวิตมันจะสู้ก็ต้องสู้ #honkaistarrail.wav,0.0,0.3,none,0.3,none_sample,4800
C:\Users\muldi\Documents\Playground\University\senior-project-1\dataset\internet\clear\ซามามาเท.wav,7.542102000000001,7.842102000000001,กู,0.3,context_0.6,4800
C:\Users\muldi\Documents\Playground\University\senior-project-1\dataset\internet\clear\รายการเย็ดแม่.wav,0.3,0.6,none,0.3,none_sample,4800
C:\Users\muldi\Documents\Playground\University\senior-project-1\dataset\internet\clear\Horror movie for WOKE!!!!!.wav,547.600982,547.900982,กู,0.3,context_0.2,4800
C:\Users\muldi\Documents\Playground\University\senior-project-1\dataset\internet\clear\รายการเย็ดแม่.wav,2.857098,3.157098,เย็ด,0.3,context_0.6,4800
C:\Users\muldi\Documents\Playground\University\senior-project-1\dataset\internet\clear\Horror movie for WOKE!!!!!.wav,517.4831485000001,517.7831485,เหี้ย,0.3,main,4800
C:\Users\muldi\Documents\Playground\University\senior-project-1\dataset\internet\clear\มันไปเล่นเอไอเอสชั่วโมงละ60บาท.wav,0.0,0.3,none,0.3,none_sample,4800
C:\Users\muldi\Documents\Playground\University\senior-project-1\dataset\internet\clear\รายการเย็ดแม่.wav,791.7409945,792.0409945,มึง,0.3,main,4800
C:\Users\muldi\Documents\Playground\University\senior-project-1\dataset\internet\clear\Yo mama & แซนวิชบลูเบอร์รี่.wav,24.2747715,24.5747715,มึง,0.3,main,4800
C:\Users\muldi\Documents\Playground\University\senior-project-1\dataset\internet\clear\รายการเย็ดแม่.wav,584.015751,584.315751,เย็ด,0.3,context_0.8,4800
C:\Users\muldi\Documents\Playground\University\senior-project-1\dataset\internet\clear\รายการเย็ดแม่.wav,208.7944685,209.0944685,เหี้ย,0.3,main,4800
C:\Users\muldi\Documents\Playground\University\senior-project-1\dataset\internet\clear\Horror movie for WOKE!!!!!.wav,729.174579,729.474579,กู,0.3,context_0.2,4800
C:\Users\muldi\Documents\Playground\University\senior-project-1\dataset\internet\clear\รายการเย็ดแม่.wav,2.8270980000000003,3.127098,เย็ด,0.3,context_0.4,4800
C:\Users\muldi\Documents\Playground\University\senior-project-1\dataset\internet\clear\ลิ้นจระเข้ กินอะไรก็อร่อย.wav,18.124698000000002,18.424698000000003,กู,0.3,main,4800
C:\Users\muldi\Documents\Playground\University\senior-project-1\dataset\internet\clear\รายการเย็ดแม่.wav,21.900000000000027,22.200000000000028,none,0.3,none_sample,4800
C:\Users\muldi\Documents\Playground\University\senior-project-1\dataset\internet\clear\รายการเย็ดแม่.wav,792.8060389999999,793.1060389999999,มึง,0.3,context_0.2,4800
C:\Users\muldi\Documents\Playground\University\senior-project-1\dataset\internet\clear\รายการเย็ดแม่.wav,19.20000000000002,19.50000000000002,none,0.3,none_sample,4800
C:\Users\muldi\Documents\Playground\University\senior-project-1\dataset\internet\clear\ถ้าวันนึงหีมึงเหี่ยว.wav,7.7919315000000005,8.091931500000001,กู,0.3,main,4800
C:\Users\muldi\Documents\Playground\University\senior-project-1\dataset\internet\clear\รายการเย็ดแม่.wav,702.6953925,702.9953925,เหี้ย,0.3,main,4800
C:\Users\muldi\Documents\Playground\University\senior-project-1\dataset\internet\clear\Horror movie for WOKE!!!!!.wav,464.733783,465.033783,เหี้ย,0.3,main,4800
C:\Users\muldi\Documents\Playground\University\senior-project-1\dataset\internet\clear\โอ๊ต.wav,0.6,0.8999999999999999,none,0.3,none_sample,4800
C:\Users\muldi\Documents\Playground\University\senior-project-1\dataset\internet\clear\Horror movie for WOKE!!!!!.wav,15.600000000000016,15.900000000000016,none,0.3,none_sample,4800
C:\Users\muldi\Documents\Playground\University\senior-project-1\dataset\internet\clear\เพื่อนบ้านหรรษาของจริงๆ.wav,36.121314,36.421313999999995,กู,0.3,context_0.4,4800
C:\Users\muldi\Documents\Playground\University\senior-project-1\dataset\internet\clear\รายการเย็ดแม่.wav,653.260944,653.560944,เหี้ย,0.3,context_0.4,4800
C:\Users\muldi\Documents\Playground\University\senior-project-1\dataset\internet\clear\รายการเย็ดแม่.wav,35.442074999999996,35.74207499999999,เย็ด,0.3,context_0.6,4800
C:\Users\muldi\Documents\Playground\University\senior-project-1\dataset\internet\clear\Horror movie for WOKE!!!!!.wav,10.200000000000003,10.500000000000004,none,0.3,none_sample,4800
C:\Users\muldi\Documents\Playground\University\senior-project-1\dataset\internet\clear\รายการเย็ดแม่.wav,653.260944,653.560944,เหี้ย,0.3,context_0.4,4800
C:\Users\muldi\Documents\Playground\University\senior-project-1\dataset\internet\clear\รายการเย็ดแม่.wav,106.795602,107.095602,เย็ด,0.3,context_0.8,4800
C:\Users\muldi\Documents\Playground\University\senior-project-1\dataset\internet\clear\Horror movie for WOKE!!!!!.wav,17.40000000000002,17.70000000000002,none,0.3,none_sample,4800
C:\Users\muldi\Documents\Playground\University\senior-project-1\dataset\internet\clear\รายการเย็ดแม่.wav,792.8060389999999,793.1060389999999,มึง,0.3,context_0.2,4800
C:\Users\muldi\Documents\Playground\University\senior-project-1\dataset\internet\clear\มันไปเล่นเอไอเอสชั่วโมงละ60บาท.wav,9.020158,9.320158000000001,กู,0.3,context_0.4,4800
C:\Users\muldi\Documents\Playground\University\senior-project-1\dataset\internet\clear\ถ้าวันนึงหีมึงเหี่ยว.wav,15.6319,15.9319,มึง,0.3,main,4800
C:\Users\muldi\Documents\Playground\University\senior-project-1\dataset\internet\clear\รายการเย็ดแม่.wav,33.848825000000005,34.148825,เย็ด,0.3,context_0.2,4800
C:\Users\muldi\Documents\Playground\University\senior-project-1\dataset\internet\effect\เมื่อไตระบายความในใจ.wav,92.92029499999998,93.22029499999998,มึง,0.3,main,4800
C:\Users\muldi\Documents\Playground\University\senior-project-1\dataset\internet\clear\Horror movie for WOKE!!!!!.wav,537.175816,537.475816,มึง,0.3,main,4800
C:\Users\muldi\Documents\Playground\University\senior-project-1\dataset\internet\clear\รายการเย็ดแม่.wav,517.1453135,517.4453135,กู,0.3,main,4800
C:\Users\muldi\Documents\Playground\University\senior-project-1\dataset\internet\clear\ใต้น้ำยังจะตามมาอีก!!.wav,6.09593,6.39593,มึง,0.3,context_0.6,4800
C:\Users\muldi\Documents\Playground\University\senior-project-1\dataset\internet\clear\รายการเย็ดแม่.wav,108.575772,108.875772,เย็ด,0.3,context_0.8,4800
C:\Users\muldi\Documents\Playground\University\senior-project-1\dataset\internet\clear\ช่วยด้วย!! นวยจะมาอยู่ด้วย!!.wav,13.586268,13.886268000000001,มึง,0.3,context_0.4,4800
C:\Users\muldi\Documents\Playground\University\senior-project-1\dataset\internet\clear\รายการเย็ดแม่.wav,572.592939,572.892939,เย็ด,0.3,main,4800
C:\Users\muldi\Documents\Playground\University\senior-project-1\dataset\internet\clear\รายการเย็ดแม่.wav,877.0221905,877.3221904999999,กู,0.3,main,4800
C:\Users\muldi\Documents\Playground\University\senior-project-1\dataset\internet\clear\รายการเย็ดแม่.wav,13.500000000000009,13.80000000000001,none,0.3,none_sample,4800
C:\Users\muldi\Documents\Playground\University\senior-project-1\dataset\internet\clear\รายการเย็ดแม่.wav,150.922117,151.222117,เย็ด,0.3,main,4800
C:\Users\muldi\Documents\Playground\University\senior-project-1\dataset\internet\clear\รายการเย็ดแม่.wav,8.999999999999998,9.299999999999999,none,0.3,none_sample,4800
C:\Users\muldi\Documents\Playground\University\senior-project-1\dataset\internet\clear\รายการเย็ดแม่.wav,204.096029,204.396029,เหี้ย,0.3,main,4800
C:\Users\muldi\Documents\Playground\University\senior-project-1\dataset\internet\noise\อะไรคือสิ่งที่ถูก.wav,51.381080999999995,51.68108099999999,กู,0.3,context_0.4,4800
C:\Users\muldi\Documents\Playground\University\senior-project-1\dataset\internet\clear\Horror movie for WOKE!!!!!.wav,5.999999999999998,6.299999999999998,none,0.3,none_sample,4800
C:\Users\muldi\Documents\Playground\University\senior-project-1\dataset\internet\clear\Horror movie for WOKE!!!!!.wav,1105.6388020000002,1105.9388020000001,กู,0.3,context_0.4,4800
C:\Users\muldi\Documents\Playground\University\senior-project-1\dataset\internet\clear\จารย์แดง1.wav,7.6556904999999995,7.955690499999999,มึง,0.3,main,4800
C:\Users\muldi\Documents\Playground\University\senior-project-1\dataset\internet\clear\ถ้าจะมาหลอกแค่นี้ อย่ามาดีกว่าไอ้น้อง.wav,19.262608,19.562608,กู,0.3,context_0.2,4800
C:\Users\muldi\Documents\Playground\University\senior-project-1\dataset\internet\noise\อะไรคือสิ่งที่ถูก.wav,25.30253,25.60253,กู,0.3,context_0.6,4800
C:\Users\muldi\Documents\Playground\University\senior-project-1\dataset\internet\clear\รายการเย็ดแม่.wav,12.300000000000006,12.600000000000007,none,0.3,none_sample,4800
C:\Users\muldi\Documents\Playground\University\senior-project-1\dataset\internet\clear\Horror movie for WOKE!!!!!.wav,526.6697015,526.9697014999999,มึง,0.3,main,4800
C:\Users\muldi\Documents\Playground\University\senior-project-1\dataset\internet\clear\รายการเย็ดแม่.wav,2.857098,3.157098,เย็ด,0.3,context_0.6,4800
C:\Users\muldi\Documents\Playground\University\senior-project-1\dataset\internet\clear\ประชุมรวมญาติเชลซี.wav,144.737836,145.037836,กู,0.3,context_0.6,4800
C:\Users\muldi\Documents\Playground\University\senior-project-1\dataset\internet\clear\รายการเย็ดแม่.wav,107.933488,108.233488,เย็ด,0.3,context_0.6,4800
C:\Users\muldi\Documents\Playground\University\senior-project-1\dataset\internet\clear\รายการเย็ดแม่.wav,955.937899,956.237899,กู,0.3,context_0.6,4800
C:\Users\muldi\Documents\Playground\University\senior-project-1\dataset\internet\clear\รายการเย็ดแม่.wav,702.6953925,702.9953925,เหี้ย,0.3,main,4800
C:\Users\muldi\Documents\Playground\University\senior-project-1\dataset\internet\clear\รายการเย็ดแม่.wav,114.80402099999999,115.10402099999999,เย็ด,0.3,context_0.6,4800
C:\Users\muldi\Documents\Playground\University\senior-project-1\dataset\internet\clear\รายการเย็ดแม่.wav,643.704785,644.004785,เหี้ย,0.3,main,4800
C:\Users\muldi\Documents\Playground\University\senior-project-1\dataset\internet\clear\รายการเย็ดแม่.wav,951.7577170000001,952.057717,เย็ด,0.3,context_0.8,4800
C:\Users\muldi\Documents\Playground\University\senior-project-1\dataset\internet\clear\รายการเย็ดแม่.wav,944.158358,944.458358,กู,0.3,context_0.2,4800
C:\Users\muldi\Documents\Playground\University\senior-project-1\dataset\internet\clear\Horror movie for WOKE!!!!!.wav,11.400000000000006,11.700000000000006,none,0.3,none_sample,4800
C:\Users\muldi\Documents\Playground\University\senior-project-1\dataset\internet\clear\รายการเย็ดแม่.wav,170.10498199999998,170.404982,มึง,0.3,main,4800
C:\Users\muldi\Documents\Playground\University\senior-project-1\dataset\internet\clear\Yo mama & แซนวิชบลูเบอร์รี่.wav,107.454321,107.75432099999999,มึง,0.3,context_0.8,4800
C:\Users\muldi\Documents\Playground\University\senior-project-1\dataset\internet\clear\โอ๊ต.wav,1162.9315594999998,1163.2315594999998,มึง,0.3,main,4800
C:\Users\muldi\Documents\Playground\University\senior-project-1\dataset\internet\clear\Horror movie for WOKE!!!!!.wav,11.400000000000006,11.700000000000006,none,0.3,none_sample,4800
C:\Users\muldi\Documents\Playground\University\senior-project-1\dataset\internet\clear\Horror movie for WOKE!!!!!.wav,74.2611865,74.56118649999999,มึง,0.3,main,4800
C:\Users\muldi\Documents\Playground\University\senior-project-1\dataset\internet\clear\รายการเย็ดแม่.wav,582.310521,582.610521,เย็ด,0.3,context_0.8,4800
C:\Users\muldi\Documents\Playground\University\senior-project-1\dataset\internet\clear\Yo mama & แซนวิชบลูเบอร์รี่.wav,100.50266249999999,100.80266249999998,มึง,0.3,main,4800
C:\Users\muldi\Documents\Playground\University\senior-project-1\dataset\internet\clear\รายการเย็ดแม่.wav,177.85553,178.15553,เย็ด,0.3,context_0.2,4800
C:\Users\muldi\Documents\Playground\University\senior-project-1\dataset\internet\clear\ช่วยด้วย!! นวยจะมาอยู่ด้วย!!.wav,13.646268000000001,13.946268000000002,มึง,0.3,context_0.8,4800
C:\Users\muldi\Documents\Playground\University\senior-project-1\dataset\internet\clear\Horror movie for WOKE!!!!!.wav,811.935369,812.235369,เย็ด,0.3,context_0.6,4800
C:\Users\muldi\Documents\Playground\University\senior-project-1\dataset\internet\clear\ชีวิตมันจะสู้ก็ต้องสู้ #honkaistarrail.wav,17.143318,17.443318,เหี้ย,0.3,main,4800
C:\Users\muldi\Documents\Playground\University\senior-project-1\dataset\internet\clear\Horror movie for WOKE!!!!!.wav,587.9530605000001,588.2530605000001,มึง,0.3,main,4800
C:\Users\muldi\Documents\Playground\University\senior-project-1\dataset\internet\clear\รายการเย็ดแม่.wav,745.581126,745.881126,กู,0.3,context_0.2,4800
C:\Users\muldi\Documents\Playground\University\senior-project-1\dataset\internet\clear\รายการเย็ดแม่.wav,944.248358,944.548358,กู,0.3,context_0.8,4800
C:\Users\muldi\Documents\Playground\University\senior-project-1\dataset\internet\clear\Horror movie for WOKE!!!!!.wav,653.0852815,653.3852814999999,มึง,0.3,main,4800
C:\Users\muldi\Documents\Playground\University\senior-project-1\dataset\internet\clear\Horror movie for WOKE!!!!!.wav,13.20000000000001,13.50000000000001,none,0.3,none_sample,4800
C:\Users\muldi\Documents\Playground\University\senior-project-1\dataset\internet\clear\Horror movie for WOKE!!!!!.wav,32.973757,33.273756999999996,เหี้ย,0.3,main,4800
C:\Users\muldi\Documents\Playground\University\senior-project-1\dataset\internet\clear\ชีวิตมันจะสู้ก็ต้องสู้ #honkaistarrail.wav,11.304795,11.604795000000001,มึง,0.3,main,4800
C:\Users\muldi\Documents\Playground\University\senior-project-1\dataset\internet\clear\Horror movie for WOKE!!!!!.wav,8.7,9.0,none,0.3,none_sample,4800
C:\Users\muldi\Documents\Playground\University\senior-project-1\dataset\internet\clear\อะชิมะหม๋า.wav,10.121355,10.421355,กู,0.3,context_0.6,4800
C:\Users\muldi\Documents\Playground\University\senior-project-1\dataset\internet\clear\เกิดแต่กับคีร์มากค่ะ.wav,22.605674,22.905674,กู,0.3,context_0.6,4800
C:\Users\muldi\Documents\Playground\University\senior-project-1\dataset\internet\clear\รายการเย็ดแม่.wav,584.015751,584.315751,เย็ด,0.3,context_0.8,4800
C:\Users\muldi\Documents\Playground\University\senior-project-1\dataset\internet\clear\รายการเย็ดแม่.wav,8.699999999999998,8.999999999999998,none,0.3,none_sample,4800
C:\Users\muldi\Documents\Playground\University\senior-project-1\dataset\internet\clear\Horror movie for WOKE!!!!!.wav,860.2379505,860.5379505,เหี้ย,0.3,main,4800
C:\Users\muldi\Documents\Playground\University\senior-project-1\dataset\internet\clear\รายการเย็ดแม่.wav,299.889289,300.18928900000003,กู,0.3,context_0.2,4800
C:\Users\muldi\Documents\Playground\University\senior-project-1\dataset\internet\clear\รายการเย็ดแม่.wav,2.797098,3.097098,เย็ด,0.3,context_0.2,4800
C:\Users\muldi\Documents\Playground\University\senior-project-1\dataset\internet\clear\Horror movie for WOKE!!!!!.wav,578.3670490000001,578.667049,เหี้ย,0.3,main,4800
C:\Users\muldi\Documents\Playground\University\senior-project-1\dataset\internet\clear\รายการเย็ดแม่.wav,106.795602,107.095602,เย็ด,0.3,context_0.8,4800
C:\Users\muldi\Documents\Playground\University\senior-project-1\dataset\internet\clear\Horror movie for WOKE!!!!!.wav,731.9037715000001,732.2037715,เหี้ย,0.3,main,4800
C:\Users\muldi\Documents\Playground\University\senior-project-1\dataset\internet\clear\รายการเย็ดแม่.wav,1.5,1.8,none,0.3,none_sample,4800
C:\Users\muldi\Documents\Playground\University\senior-project-1\dataset\internet\clear\Horror movie for WOKE!!!!!.wav,824.521056,824.821056,กู,0.3,context_0.2,4800
C:\Users\muldi\Documents\Playground\University\senior-project-1\dataset\internet\clear\Horror movie for WOKE!!!!!.wav,665.590141,665.890141,เหี้ย,0.3,main,4800
C:\Users\muldi\Documents\Playground\University\senior-project-1\dataset\internet\clear\โอ๊ต.wav,0.3,0.6,none,0.3,none_sample,4800
C:\Users\muldi\Documents\Playground\University\senior-project-1\dataset\internet\clear\Horror movie for WOKE!!!!!.wav,7.799999999999997,8.099999999999998,none,0.3,none_sample,4800
C:\Users\muldi\Documents\Playground\University\senior-project-1\dataset\internet\clear\รายการเย็ดแม่.wav,702.6953925,702.9953925,เหี้ย,0.3,main,4800
C:\Users\muldi\Documents\Playground\University\senior-project-1\dataset\internet\noise\อะไรคือสิ่งที่ถูก.wav,2.197271,2.497271,กู,0.3,context_0.8,4800
C:\Users\muldi\Documents\Playground\University\senior-project-1\dataset\internet\clear\อะชิมะหม๋า.wav,10.061355,10.361355000000001,กู,0.3,context_0.2,4800
C:\Users\muldi\Documents\Playground\University\senior-project-1\dataset\internet\clear\รายการเย็ดแม่.wav,17.700000000000017,18.000000000000018,none,0.3,none_sample,4800
C:\Users\muldi\Documents\Playground\University\senior-project-1\dataset\internet\clear\รายการเย็ดแม่.wav,1.5,1.8,none,0.3,none_sample,4800
C:\Users\muldi\Documents\Playground\University\senior-project-1\dataset\internet\clear\รายการเย็ดแม่.wav,7.799999999999995,8.099999999999996,none,0.3,none_sample,4800
C:\Users\muldi\Documents\Playground\University\senior-project-1\dataset\internet\clear\Horror movie for WOKE!!!!!.wav,969.638184,969.938184,กู,0.3,context_0.8,4800
C:\Users\muldi\Documents\Playground\University\senior-project-1\dataset\internet\clear\วิ่งหนี or วิ่งใส่.wav,9.216966,9.516966,กู,0.3,main,4800
C:\Users\muldi\Documents\Playground\University\senior-project-1\dataset\internet\clear\รายการเย็ดแม่.wav,8.099999999999996,8.399999999999997,none,0.3,none_sample,4800
C:\Users\muldi\Documents\Playground\University\senior-project-1\dataset\internet\clear\รายการเย็ดแม่.wav,934.713337,935.013337,เย็ด,0.3,main,4800
C:\Users\muldi\Documents\Playground\University\senior-project-1\dataset\internet\clear\Horror movie for WOKE!!!!!.wav,513.527569,513.8275689999999,มึง,0.3,context_0.4,4800
C:\Users\muldi\Documents\Playground\University\senior-project-1\dataset\internet\clear\ใต้น้ำยังจะตามมาอีก!!.wav,21.476080500000002,21.776080500000003,เหี้ย,0.3,main,4800
C:\Users\muldi\Documents\Playground\University\senior-project-1\dataset\internet\clear\Horror movie for WOKE!!!!!.wav,14.100000000000012,14.400000000000013,none,0.3,none_sample,4800
C:\Users\muldi\Documents\Playground\University\senior-project-1\dataset\internet\clear\รายการเย็ดแม่.wav,519.992131,520.2921309999999,กู,0.3,context_0.4,4800
C:\Users\muldi\Documents\Playground\University\senior-project-1\dataset\internet\noise\อะไรคือสิ่งที่ถูก.wav,25.24253,25.54253,กู,0.3,context_0.2,4800
C:\Users\muldi\Documents\Playground\University\senior-project-1\dataset\internet\clear\รายการเย็ดแม่.wav,92.612736,92.912736,กู,0.3,context_0.8,4800
C:\Users\muldi\Documents\Playground\University\senior-project-1\dataset\internet\clear\ลิ้นจระเข้ กินอะไรก็อร่อย.wav,41.5721395,41.872139499999996,กู,0.3,main,4800
C:\Users\muldi\Documents\Playground\University\senior-project-1\dataset\internet\clear\พากย์สุดโต่ง VS พากย์สุขุม.wav,118.7221635,119.02216349999999,มึง,0.3,main,4800
C:\Users\muldi\Documents\Playground\University\senior-project-1\dataset\internet\clear\Yo mama & แซนวิชบลูเบอร์รี่.wav,102.79067599999999,103.09067599999999,มึง,0.3,main,4800
C:\Users\muldi\Documents\Playground\University\senior-project-1\dataset\internet\clear\ศาลเจ้าทางม้าลายอยู่ไหน!!.wav,45.286303000000004,45.586303,กู,0.3,main,4800
C:\Users\muldi\Documents\Playground\University\senior-project-1\dataset\internet\clear\เดินเตะทุกอย่างบนโลก!.wav,0.8999999999999999,1.2,none,0.3,none_sample,4800
C:\Users\muldi\Documents\Playground\University\senior-project-1\dataset\internet\clear\ช่วยด้วย!! นวยจะมาอยู่ด้วย!!.wav,13.646268000000001,13.946268000000002,มึง,0.3,context_0.8,4800
C:\Users\muldi\Documents\Playground\University\senior-project-1\dataset\internet\clear\ชีวิตมันจะสู้ก็ต้องสู้ #honkaistarrail.wav,0.0,0.3,none,0.3,none_sample,4800
C:\Users\muldi\Documents\Playground\University\senior-project-1\dataset\internet\clear\ใต้น้ำยังจะตามมาอีก!!.wav,6.03593,6.335929999999999,มึง,0.3,context_0.2,4800
C:\Users\muldi\Documents\Playground\University\senior-project-1\dataset\internet\clear\รายการเย็ดแม่.wav,108.575772,108.875772,เย็ด,0.3,context_0.8,4800
C:\Users\muldi\Documents\Playground\University\senior-project-1\dataset\internet\clear\รายการเย็ดแม่.wav,653.2909440000001,653.590944,เหี้ย,0.3,context_0.6,4800
C:\Users\muldi\Documents\Playground\University\senior-project-1\dataset\internet\clear\รายการเย็ดแม่.wav,584.015751,584.315751,เย็ด,0.3,context_0.8,4800
C:\Users\muldi\Documents\Playground\University\senior-project-1\dataset\internet\clear\รายการเย็ดแม่.wav,934.713337,935.013337,เย็ด,0.3,main,4800
C:\Users\muldi\Documents\Playground\University\senior-project-1\dataset\internet\clear\รายการเย็ดแม่.wav,643.704785,644.004785,เหี้ย,0.3,main,4800
C:\Users\muldi\Documents\Playground\University\senior-project-1\dataset\internet\noise\อะไรคือสิ่งที่ถูก.wav,2.107271,2.4072709999999997,กู,0.3,context_0.2,4800
C:\Users\muldi\Documents\Playground\University\senior-project-1\dataset\internet\clear\คนน่ากลัวกว่าผีบอกเลย!.wav,45.128614999999996,45.42861499999999,กู,0.3,context_0.8,4800
C:\Users\muldi\Documents\Playground\University\senior-project-1\dataset\internet\clear\ถ้าวันนึงหีมึงเหี่ยว.wav,0.0,0.3,none,0.3,none_sample,4800
C:\Users\muldi\Documents\Playground\University\senior-project-1\dataset\internet\clear\รายการเย็ดแม่.wav,14.700000000000012,15.000000000000012,none,0.3,none_sample,4800
C:\Users\muldi\Documents\Playground\University\senior-project-1\dataset\internet\clear\ใต้น้ำยังจะตามมาอีก!!.wav,6.09593,6.39593,มึง,0.3,context_0.6,4800
C:\Users\muldi\Documents\Playground\University\senior-project-1\dataset\internet\clear\อะชิมะหม๋า.wav,0.3,0.6,none,0.3,none_sample,4800
C:\Users\muldi\Documents\Playground\University\senior-project-1\dataset\internet\noise\อะไรคือสิ่งที่ถูก.wav,0.8999999999999999,1.2,none,0.3,none_sample,4800
C:\Users\muldi\Documents\Playground\University\senior-project-1\dataset\internet\clear\โอ๊ต.wav,144.485871,144.78587100000001,กู,0.3,context_0.2,4800
C:\Users\muldi\Documents\Playground\University\senior-project-1\dataset\internet\clear\Horror movie for WOKE!!!!!.wav,475.658725,475.958725,เหี้ย,0.3,main,4800
C:\Users\muldi\Documents\Playground\University\senior-project-1\dataset\internet\clear\พากย์สุดโต่ง VS พากย์สุขุม.wav,118.7221635,119.02216349999999,มึง,0.3,main,4800
C:\Users\muldi\Documents\Playground\University\senior-project-1\dataset\internet\clear\รายการเย็ดแม่.wav,493.743484,494.04348400000003,กู,0.3,context_0.6,4800
C:\Users\muldi\Documents\Playground\University\senior-project-1\dataset\internet\clear\Horror movie for WOKE!!!!!.wav,185.403758,185.70375800000002,เหี้ย,0.3,context_0.4,4800
C:\Users\muldi\Documents\Playground\University\senior-project-1\dataset\internet\clear\รายการเย็ดแม่.wav,749.511062,749.811062,กู,0.3,context_0.2,4800
C:\Users\muldi\Documents\Playground\University\senior-project-1\dataset\internet\clear\Horror movie for WOKE!!!!!.wav,23.4912225,23.7912225,กู,0.3,main,4800
C:\Users\muldi\Documents\Playground\University\senior-project-1\dataset\internet\clear\Horror movie for WOKE!!!!!.wav,515.237332,515.537332,มึง,0.3,main,4800
C:\Users\muldi\Documents\Playground\University\senior-project-1\dataset\internet\clear\รายการเย็ดแม่.wav,106.705602,107.005602,เย็ด,0.3,context_0.2,4800
C:\Users\muldi\Documents\Playground\University\senior-project-1\dataset\internet\clear\Horror movie for WOKE!!!!!.wav,985.5030965,985.8030964999999,มึง,0.3,main,4800
C:\Users\muldi\Documents\Playground\University\senior-project-1\dataset\internet\clear\Yo mama & แซนวิชบลูเบอร์รี่.wav,102.79067599999999,103.09067599999999,มึง,0.3,main,4800
C:\Users\muldi\Documents\Playground\University\senior-project-1\dataset\internet\clear\รายการเย็ดแม่.wav,108.545772,108.845772,เย็ด,0.3,context_0.6,4800
C:\Users\muldi\Documents\Playground\University\senior-project-1\dataset\internet\clear\รายการเย็ดแม่.wav,246.32571599999997,246.62571599999998,มึง,0.3,main,4800
C:\Users\muldi\Documents\Playground\University\senior-project-1\dataset\internet\clear\Horror movie for WOKE!!!!!.wav,724.2380875,724.5380875,เหี้ย,0.3,main,4800
C:\Users\muldi\Documents\Playground\University\senior-project-1\dataset\internet\clear\รายการเย็ดแม่.wav,653.260944,653.560944,เหี้ย,0.3,context_0.4,4800
C:\Users\muldi\Documents\Playground\University\senior-project-1\dataset\internet\clear\Horror movie for WOKE!!!!!.wav,811.905369,812.2053689999999,เย็ด,0.3,context_0.4,4800
C:\Users\muldi\Documents\Playground\University\senior-project-1\dataset\internet\clear\Horror movie for WOKE!!!!!.wav,98.1573765,98.4573765,เหี้ย,0.3,main,4800
C:\Users\muldi\Documents\Playground\University\senior-project-1\dataset\internet\clear\ถ้าจะมาหลอกแค่นี้ อย่ามาดีกว่าไอ้น้อง.wav,0.3,0.6,none,0.3,none_sample,4800
C:\Users\muldi\Documents\Playground\University\senior-project-1\dataset\internet\clear\เดินเตะทุกอย่างบนโลก!.wav,34.9531835,35.2531835,กู,0.3,main,4800
C:\Users\muldi\Documents\Playground\University\senior-project-1\dataset\internet\clear\รายการเย็ดแม่.wav,106.795602,107.095602,เย็ด,0.3,context_0.8,4800
C:\Users\muldi\Documents\Playground\University\senior-project-1\dataset\internet\clear\รายการเย็ดแม่.wav,8.399999999999997,8.699999999999998,none,0.3,none_sample,4800
C:\Users\muldi\Documents\Playground\University\senior-project-1\dataset\internet\clear\Horror movie for WOKE!!!!!.wav,15.900000000000016,16.200000000000017,none,0.3,none_sample,4800
C:\Users\muldi\Documents\Playground\University\senior-project-1\dataset\internet\clear\Horror movie for WOKE!!!!!.wav,564.7970320000001,565.097032,เหี้ย,0.3,main,4800
C:\Users\muldi\Documents\Playground\University\senior-project-1\dataset\internet\clear\รายการเย็ดแม่.wav,797.649027,797.949027,กู,0.3,context_0.6,4800
C:\Users\muldi\Documents\Playground\University\senior-project-1\dataset\internet\clear\Horror movie for WOKE!!!!!.wav,515.237332,515.537332,มึง,0.3,main,4800
C:\Users\muldi\Documents\Playground\University\senior-project-1\dataset\internet\clear\ศาลเจ้าทางม้าลายอยู่ไหน!!.wav,43.897563,44.197562999999995,เหี้ย,0.3,main,4800
C:\Users\muldi\Documents\Playground\University\senior-project-1\dataset\internet\clear\ช่วยด้วย!! นวยจะมาอยู่ด้วย!!.wav,12.897768999999998,13.197769,กู,0.3,main,4800
C:\Users\muldi\Documents\Playground\University\senior-project-1\dataset\internet\noise\อะไรคือสิ่งที่ถูก.wav,25.33253,25.63253,กู,0.3,context_0.8,4800
C:\Users\muldi\Documents\Playground\University\senior-project-1\dataset\internet\clear\Horror movie for WOKE!!!!!.wav,18.300000000000022,18.600000000000023,none,0.3,none_sample,4800
C:\Users\muldi\Documents\Playground\University\senior-project-1\dataset\internet\clear\เพื่อนบ้านหรรษาของจริงๆ.wav,22.196907500000002,22.496907500000002,มึง,0.3,main,4800
C:\Users\muldi\Documents\Playground\University\senior-project-1\dataset\internet\clear\ชีวิตมันจะสู้ก็ต้องสู้ #honkaistarrail.wav,17.143318,17.443318,เหี้ย,0.3,main,4800
C:\Users\muldi\Documents\Playground\University\senior-project-1\dataset\internet\clear\รายการเย็ดแม่.wav,114.83402099999999,115.13402099999999,เย็ด,0.3,context_0.8,4800
C:\Users\muldi\Documents\Playground\University\senior-project-1\dataset\internet\clear\รายการเย็ดแม่.wav,205.19897699999999,205.498977,กู,0.3,context_0.8,4800
C:\Users\muldi\Documents\Playground\University\senior-project-1\dataset\internet\clear\มันไปเล่นเอไอเอสชั่วโมงละ60บาท.wav,9.050158,9.350158,กู,0.3,context_0.6,4800
C:\Users\muldi\Documents\Playground\University\senior-project-1\dataset\internet\clear\มันไปเล่นเอไอเอสชั่วโมงละ60บาท.wav,0.3,0.6,none,0.3,none_sample,4800
C:\Users\muldi\Documents\Playground\University\senior-project-1\dataset\internet\clear\รายการเย็ดแม่.wav,34.830411000000005,35.130411,เย็ด,0.3,context_0.2,4800
C:\Users\muldi\Documents\Playground\University\senior-project-1\dataset\internet\clear\รายการเย็ดแม่.wav,444.39571850000004,444.69571850000005,เหี้ย,0.3,main,4800
C:\Users\muldi\Documents\Playground\University\senior-project-1\dataset\internet\clear\Horror movie for WOKE!!!!!.wav,653.0852815,653.3852814999999,มึง,0.3,main,4800
C:\Users\muldi\Documents\Playground\University\senior-project-1\dataset\internet\clear\รายการเย็ดแม่.wav,35.442074999999996,35.74207499999999,เย็ด,0.3,context_0.6,4800
C:\Users\muldi\Documents\Playground\University\senior-project-1\dataset\internet\clear\Horror movie for WOKE!!!!!.wav,608.9103819999999,609.2103819999999,มึง,0.3,context_0.4,4800
C:\Users\muldi\Documents\Playground\University\senior-project-1\dataset\internet\clear\Horror movie for WOKE!!!!!.wav,111.74920599999999,112.04920599999998,เหี้ย,0.3,main,4800
C:\Users\muldi\Documents\Playground\University\senior-project-1\dataset\internet\clear\Horror movie for WOKE!!!!!.wav,557.43316,557.73316,กู,0.3,context_0.8,4800
C:\Users\muldi\Documents\Playground\University\senior-project-1\dataset\internet\clear\Horror movie for WOKE!!!!!.wav,811.935369,812.235369,เย็ด,0.3,context_0.6,4800
C:\Users\muldi\Documents\Playground\University\senior-project-1\dataset\internet\clear\Horror movie for WOKE!!!!!.wav,15.000000000000014,15.300000000000015,none,0.3,none_sample,4800
C:\Users\muldi\Documents\Playground\University\senior-project-1\dataset\internet\clear\Yo mama & แซนวิชบลูเบอร์รี่.wav,0.3,0.6,none,0.3,none_sample,4800
C:\Users\muldi\Documents\Playground\University\senior-project-1\dataset\internet\clear\จารย์แดง1.wav,7.6556904999999995,7.955690499999999,มึง,0.3,main,4800
C:\Users\muldi\Documents\Playground\University\senior-project-1\dataset\internet\clear\รายการเย็ดแม่.wav,960.270035,960.570035,กู,0.3,context_0.8,4800
C:\Users\muldi\Documents\Playground\University\senior-project-1\dataset\internet\clear\Horror movie for WOKE!!!!!.wav,1080.6243000000002,1080.9243000000001,กู,0.3,context_0.4,4800
C:\Users\muldi\Documents\Playground\University\senior-project-1\dataset\internet\clear\รายการเย็ดแม่.wav,297.62327000000005,297.92327000000006,เหี้ย,0.3,main,4800
C:\Users\muldi\Documents\Playground\University\senior-project-1\dataset\internet\clear\จารย์แดง1.wav,6.4506955,6.7506955,มึง,0.3,main,4800
C:\Users\muldi\Documents\Playground\University\senior-project-1\dataset\internet\clear\เดินเตะทุกอย่างบนโลก!.wav,27.3704415,27.6704415,กู,0.3,main,4800
C:\Users\muldi\Documents\Playground\University\senior-project-1\dataset\internet\clear\รายการเย็ดแม่.wav,792.8060389999999,793.1060389999999,มึง,0.3,context_0.2,4800
C:\Users\muldi\Documents\Playground\University\senior-project-1\dataset\internet\clear\รายการเย็ดแม่.wav,11.100000000000003,11.400000000000004,none,0.3,none_sample,4800
C:\Users\muldi\Documents\Playground\University\senior-project-1\dataset\internet\clear\วิ่งหนี or วิ่งใส่.wav,6.9929745,7.2929745,กู,0.3,main,4800
C:\Users\muldi\Documents\Playground\University\senior-project-1\dataset\internet\clear\Horror movie for WOKE!!!!!.wav,0.8999999999999999,1.2,none,0.3,none_sample,4800
C:\Users\muldi\Documents\Playground\University\senior-project-1\dataset\internet\clear\รายการเย็ดแม่.wav,17.700000000000017,18.000000000000018,none,0.3,none_sample,4800
C:\Users\muldi\Documents\Playground\University\senior-project-1\dataset\internet\clear\รายการเย็ดแม่.wav,595.868202,596.168202,มึง,0.3,main,4800
C:\Users\muldi\Documents\Playground\University\senior-project-1\dataset\internet\clear\รายการเย็ดแม่.wav,246.32571599999997,246.62571599999998,มึง,0.3,main,4800
C:\Users\muldi\Documents\Playground\University\senior-project-1\dataset\internet\clear\รายการเย็ดแม่.wav,33.908825,34.208825,เย็ด,0.3,context_0.6,4800
C:\Users\muldi\Documents\Playground\University\senior-project-1\dataset\internet\clear\รายการเย็ดแม่.wav,206.335352,206.635352,กู,0.3,context_0.6,4800
C:\Users\muldi\Documents\Playground\University\senior-project-1\dataset\internet\clear\เดินเตะทุกอย่างบนโลก!.wav,32.061262,32.361261999999996,กู,0.3,context_0.8,4800
C:\Users\muldi\Documents\Playground\University\senior-project-1\dataset\internet\clear\ซามามาเท.wav,25.632837000000002,25.932837000000003,มึง,0.3,main,4800
C:\Users\muldi\Documents\Playground\University\senior-project-1\dataset\internet\clear\Horror movie for WOKE!!!!!.wav,233.8755545,234.1755545,เหี้ย,0.3,main,4800
C:\Users\muldi\Documents\Playground\University\senior-project-1\dataset\internet\clear\เกิดแต่กับคีร์มากค่ะ.wav,1.2,1.5,none,0.3,none_sample,4800
C:\Users\muldi\Documents\Playground\University\senior-project-1\dataset\internet\clear\Yo mama & แซนวิชบลูเบอร์รี่.wav,87.4591815,87.7591815,มึง,0.3,main,4800
C:\Users\muldi\Documents\Playground\University\senior-project-1\dataset\internet\clear\รายการเย็ดแม่.wav,177.94553,178.24553,เย็ด,0.3,context_0.8,4800
C:\Users\muldi\Documents\Playground\University\senior-project-1\dataset\internet\clear\รายการเย็ดแม่.wav,432.4934525,432.7934525,เหี้ย,0.3,main,4800
C:\Users\muldi\Documents\Playground\University\senior-project-1\dataset\internet\clear\รายการเย็ดแม่.wav,34.920411,35.220411,เย็ด,0.3,context_0.8,4800
C:\Users\muldi\Documents\Playground\University\senior-project-1\dataset\internet\clear\รายการเย็ดแม่.wav,33.878825,34.178824999999996,เย็ด,0.3,context_0.4,4800
C:\Users\muldi\Documents\Playground\University\senior-project-1\dataset\internet\clear\รายการเย็ดแม่.wav,107.069344,107.369344,เย็ด,0.3,context_0.2,4800
C:\Users\muldi\Documents\Playground\University\senior-project-1\dataset\internet\clear\รายการเย็ดแม่.wav,798.418588,798.718588,เย็ด,0.3,context_0.4,4800
C:\Users\muldi\Documents\Playground\University\senior-project-1\dataset\internet\clear\รายการเย็ดแม่.wav,15.000000000000012,15.300000000000013,none,0.3,none_sample,4800
C:\Users\muldi\Documents\Playground\University\senior-project-1\dataset\internet\clear\Horror movie for WOKE!!!!!.wav,878.7842340000001,879.084234,มึง,0.3,main,4800
C:\Users\muldi\Documents\Playground\University\senior-project-1\dataset\internet\clear\รายการเย็ดแม่.wav,582.280521,582.580521,เย็ด,0.3,context_0.6,4800
C:\Users\muldi\Documents\Playground\University\senior-project-1\dataset\internet\clear\ช่วยด้วย!! นวยจะมาอยู่ด้วย!!.wav,13.556268000000001,13.856268000000002,มึง,0.3,context_0.2,4800
C:\Users\muldi\Documents\Playground\University\senior-project-1\dataset\internet\clear\รายการเย็ดแม่.wav,207.287418,207.587418,กู,0.3,context_0.8,4800
C:\Users\muldi\Documents\Playground\University\senior-project-1\dataset\internet\clear\Yo mama & แซนวิชบลูเบอร์รี่.wav,57.8842565,58.1842565,มึง,0.3,main,4800
C:\Users\muldi\Documents\Playground\University\senior-project-1\dataset\internet\clear\รายการเย็ดแม่.wav,34.920411,35.220411,เย็ด,0.3,context_0.8,4800
C:\Users\muldi\Documents\Playground\University\senior-project-1\dataset\internet\clear\ใต้น้ำยังจะตามมาอีก!!.wav,1.5,1.8,none,0.3,none_sample,4800
C:\Users\muldi\Documents\Playground\University\senior-project-1\dataset\internet\clear\Horror movie for WOKE!!!!!.wav,32.973757,33.273756999999996,เหี้ย,0.3,main,4800
C:\Users\muldi\Documents\Playground\University\senior-project-1\dataset\internet\clear\Horror movie for WOKE!!!!!.wav,430.055199,430.355199,มึง,0.3,main,4800
C:\Users\muldi\Documents\Playground\University\senior-project-1\dataset\internet\clear\Horror movie for WOKE!!!!!.wav,1055.767682,1056.0676819999999,เหี้ย,0.3,main,4800
C:\Users\muldi\Documents\Playground\University\senior-project-1\dataset\internet\clear\รายการเย็ดแม่.wav,106.318161,106.618161,เย็ด,0.3,context_0.4,4800
C:\Users\muldi\Documents\Playground\University\senior-project-1\dataset\internet\clear\Horror movie for WOKE!!!!!.wav,857.5012315,857.8012315,มึง,0.3,main,4800
C:\Users\muldi\Documents\Playground\University\senior-project-1\dataset\internet\clear\Yo mama & แซนวิชบลูเบอร์รี่.wav,61.7425865,62.0425865,มึง,0.3,main,4800
C:\Users\muldi\Documents\Playground\University\senior-project-1\dataset\internet\clear\รายการเย็ดแม่.wav,150.922117,151.222117,เย็ด,0.3,main,4800
C:\Users\muldi\Documents\Playground\University\senior-project-1\dataset\internet\clear\มันไปเล่นเอไอเอสชั่วโมงละ60บาท.wav,5.191551,5.491550999999999,กู,0.3,main,4800
C:\Users\muldi\Documents\Playground\University\senior-project-1\dataset\internet\clear\รายการเย็ดแม่.wav,108.485772,108.785772,เย็ด,0.3,context_0.2,4800
C:\Users\muldi\Documents\Playground\University\senior-project-1\dataset\internet\clear\เพื่อนบ้านหรรษาของจริงๆ.wav,39.592069,39.892069,กู,0.3,context_0.2,4800
C:\Users\muldi\Documents\Playground\University\senior-project-1\dataset\internet\clear\Horror movie for WOKE!!!!!.wav,917.8241710000001,918.124171,เหี้ย,0.3,main,4800
C:\Users\muldi\Documents\Playground\University\senior-project-1\dataset\internet\clear\Horror movie for WOKE!!!!!.wav,17.40000000000002,17.70000000000002,none,0.3,none_sample,4800
C:\Users\muldi\Documents\Playground\University\senior-project-1\dataset\internet\clear\รายการเย็ดแม่.wav,107.519723,107.819723,เย็ด,0.3,context_0.4,4800
C:\Users\muldi\Documents\Playground\University\senior-project-1\dataset\internet\clear\รายการเย็ดแม่.wav,13.500000000000009,13.80000000000001,none,0.3,none_sample,4800
C:\Users\muldi\Documents\Playground\University\senior-project-1\dataset\internet\clear\เพื่อนบ้านหรรษาของจริงๆ.wav,0.0,0.3,none,0.3,none_sample,4800
C:\Users\muldi\Documents\Playground\University\senior-project-1\dataset\internet\clear\รายการเย็ดแม่.wav,34.920411,35.220411,เย็ด,0.3,context_0.8,4800
C:\Users\muldi\Documents\Playground\University\senior-project-1\dataset\internet\clear\ใต้น้ำยังจะตามมาอีก!!.wav,21.476080500000002,21.776080500000003,เหี้ย,0.3,main,4800
C:\Users\muldi\Documents\Playground\University\senior-project-1\dataset\internet\clear\รายการเย็ดแม่.wav,435.72819250000003,436.02819250000005,เหี้ย,0.3,main,4800
C:\Users\muldi\Documents\Playground\University\senior-project-1\dataset\internet\clear\Horror movie for WOKE!!!!!.wav,1065.625189,1065.925189,เหี้ย,0.3,context_0.4,4800
C:\Users\muldi\Documents\Playground\University\senior-project-1\dataset\internet\clear\โอ๊ต.wav,57.959944,58.259944,มึง,0.3,context_0.2,4800
C:\Users\muldi\Documents\Playground\University\senior-project-1\dataset\internet\clear\ถ้าวันนึงหีมึงเหี่ยว.wav,12.898725,13.198725000000001,กู,0.3,context_0.8,4800
C:\Users\muldi\Documents\Playground\University\senior-project-1\dataset\internet\clear\Horror movie for WOKE!!!!!.wav,396.91501900000003,397.21501900000004,มึง,0.3,main,4800
C:\Users\muldi\Documents\Playground\University\senior-project-1\dataset\internet\clear\รายการเย็ดแม่.wav,35.472075,35.772074999999994,เย็ด,0.3,context_0.8,4800
C:\Users\muldi\Documents\Playground\University\senior-project-1\dataset\internet\clear\รายการเย็ดแม่.wav,33.908825,34.208825,เย็ด,0.3,context_0.6,4800
C:\Users\muldi\Documents\Playground\University\senior-project-1\dataset\internet\clear\Horror movie for WOKE!!!!!.wav,22.637007,22.937007,มึง,0.3,context_0.2,4800
C:\Users\muldi\Documents\Playground\University\senior-project-1\dataset\internet\clear\รายการเย็ดแม่.wav,582.310521,582.610521,เย็ด,0.3,context_0.8,4800
C:\Users\muldi\Documents\Playground\University\senior-project-1\dataset\internet\clear\ใต้น้ำยังจะตามมาอีก!!.wav,0.6,0.8999999999999999,none,0.3,none_sample,4800
C:\Users\muldi\Documents\Playground\University\senior-project-1\dataset\internet\clear\เดินเตะทุกอย่างบนโลก!.wav,20.437368000000003,20.737368000000004,กู,0.3,context_0.6,4800
C:\Users\muldi\Documents\Playground\University\senior-project-1\dataset\internet\clear\Horror movie for WOKE!!!!!.wav,1065.5951890000001,1065.895189,เหี้ย,0.3,context_0.2,4800
C:\Users\muldi\Documents\Playground\University\senior-project-1\dataset\internet\clear\Horror movie for WOKE!!!!!.wav,111.74920599999999,112.04920599999998,เหี้ย,0.3,main,4800
C:\Users\muldi\Documents\Playground\University\senior-project-1\dataset\internet\clear\Horror movie for WOKE!!!!!.wav,14.400000000000013,14.700000000000014,none,0.3,none_sample,4800
C:\Users\muldi\Documents\Playground\University\senior-project-1\dataset\internet\clear\มันไปเล่นเอไอเอสชั่วโมงละ60บาท.wav,8.5937325,8.8937325,เหี้ย,0.3,main,4800
C:\Users\muldi\Documents\Playground\University\senior-project-1\dataset\internet\clear\Horror movie for WOKE!!!!!.wav,554.6495590000001,554.949559,เหี้ย,0.3,main,4800
C:\Users\muldi\Documents\Playground\University\senior-project-1\dataset\internet\clear\Horror movie for WOKE!!!!!.wav,518.067935,518.367935,มึง,0.3,context_0.2,4800
C:\Users\muldi\Documents\Playground\University\senior-project-1\dataset\internet\clear\Horror movie for WOKE!!!!!.wav,15.300000000000015,15.600000000000016,none,0.3,none_sample,4800
C:\Users\muldi\Documents\Playground\University\senior-project-1\dataset\internet\clear\โอ๊ต.wav,144.545871,144.84587100000002,กู,0.3,context_0.6,4800
C:\Users\muldi\Documents\Playground\University\senior-project-1\dataset\internet\clear\รายการเย็ดแม่.wav,783.7090274999999,784.0090274999999,เหี้ย,0.3,main,4800
C:\Users\muldi\Documents\Playground\University\senior-project-1\dataset\internet\clear\เพื่อนบ้านหรรษาของจริงๆ.wav,0.3,0.6,none,0.3,none_sample,4800
C:\Users\muldi\Documents\Playground\University\senior-project-1\dataset\internet\clear\ศาลเจ้าทางม้าลายอยู่ไหน!!.wav,39.691671500000005,39.9916715,กู,0.3,main,4800
C:\Users\muldi\Documents\Playground\University\senior-project-1\dataset\internet\clear\รายการเย็ดแม่.wav,8.099999999999996,8.399999999999997,none,0.3,none_sample,4800
C:\Users\muldi\Documents\Playground\University\senior-project-1\dataset\internet\clear\Horror movie for WOKE!!!!!.wav,4.199999999999999,4.499999999999999,none,0.3,none_sample,4800
C:\Users\muldi\Documents\Playground\University\senior-project-1\dataset\internet\noise\อะไรคือสิ่งที่ถูก.wav,51.441081,51.741080999999994,กู,0.3,context_0.8,4800
C:\Users\muldi\Documents\Playground\University\senior-project-1\dataset\internet\clear\ใต้น้ำยังจะตามมาอีก!!.wav,5.913454499999999,6.213454499999999,เหี้ย,0.3,main,4800
C:\Users\muldi\Documents\Playground\University\senior-project-1\dataset\internet\clear\ใต้น้ำยังจะตามมาอีก!!.wav,12.3600485,12.6600485,กู,0.3,main,4800
C:\Users\muldi\Documents\Playground\University\senior-project-1\dataset\internet\clear\โอ๊ต.wav,1.2,1.5,none,0.3,none_sample,4800
C:\Users\muldi\Documents\Playground\University\senior-project-1\dataset\internet\noise\จัดอันดับ ทหารสุดฮา.wav,5.5338674999999995,5.833867499999999,เย็ด,0.3,main,4800
C:\Users\muldi\Documents\Playground\University\senior-project-1\dataset\internet\clear\ใต้น้ำยังจะตามมาอีก!!.wav,6.125929999999999,6.425929999999999,มึง,0.3,context_0.8,4800
C:\Users\muldi\Documents\Playground\University\senior-project-1\dataset\internet\clear\ช่วยด้วย!! นวยจะมาอยู่ด้วย!!.wav,13.646268000000001,13.946268000000002,มึง,0.3,context_0.8,4800
C:\Users\muldi\Documents\Playground\University\senior-project-1\dataset\internet\clear\รายการเย็ดแม่.wav,208.6214465,208.9214465,เหี้ย,0.3,main,4800
C:\Users\muldi\Documents\Playground\University\senior-project-1\dataset\internet\clear\รายการเย็ดแม่.wav,582.280521,582.580521,เย็ด,0.3,context_0.6,4800
C:\Users\muldi\Documents\Playground\University\senior-project-1\dataset\internet\clear\รายการเย็ดแม่.wav,35.412074999999994,35.71207499999999,เย็ด,0.3,context_0.4,4800
C:\Users\muldi\Documents\Playground\University\senior-project-1\dataset\internet\clear\Horror movie for WOKE!!!!!.wav,729.234579,729.534579,กู,0.3,context_0.6,4800
C:\Users\muldi\Documents\Playground\University\senior-project-1\dataset\internet\clear\รายการเย็ดแม่.wav,7.799999999999995,8.099999999999996,none,0.3,none_sample,4800
C:\Users\muldi\Documents\Playground\University\senior-project-1\dataset\internet\clear\โอ๊ต.wav,144.515871,144.81587100000002,กู,0.3,context_0.4,4800
C:\Users\muldi\Documents\Playground\University\senior-project-1\dataset\internet\clear\Horror movie for WOKE!!!!!.wav,452.9193385,453.2193385,เหี้ย,0.3,main,4800
C:\Users\muldi\Documents\Playground\University\senior-project-1\dataset\internet\clear\รายการเย็ดแม่.wav,299.91928900000005,300.21928900000006,กู,0.3,context_0.4,4800
C:\Users\muldi\Documents\Playground\University\senior-project-1\dataset\internet\clear\โอ๊ต.wav,273.038414,273.338414,กู,0.3,main,4800
C:\Users\muldi\Documents\Playground\University\senior-project-1\dataset\internet\clear\รายการเย็ดแม่.wav,208.7944685,209.0944685,เหี้ย,0.3,main,4800
C:\Users\muldi\Documents\Playground\University\senior-project-1\dataset\internet\clear\รายการเย็ดแม่.wav,107.159344,107.459344,เย็ด,0.3,context_0.8,4800
C:\Users\muldi\Documents\Playground\University\senior-project-1\dataset\internet\clear\รายการเย็ดแม่.wav,114.83402099999999,115.13402099999999,เย็ด,0.3,context_0.8,4800
C:\Users\muldi\Documents\Playground\University\senior-project-1\dataset\internet\clear\รายการเย็ดแม่.wav,510.16821600000003,510.46821600000004,กู,0.3,context_0.8,4800
C:\Users\muldi\Documents\Playground\University\senior-project-1\dataset\internet\clear\Horror movie for WOKE!!!!!.wav,558.418045,558.718045,กู,0.3,context_0.4,4800
C:\Users\muldi\Documents\Playground\University\senior-project-1\dataset\internet\clear\รายการเย็ดแม่.wav,106.348161,106.648161,เย็ด,0.3,context_0.6,4800
C:\Users\muldi\Documents\Playground\University\senior-project-1\dataset\internet\clear\เพื่อนบ้านหรรษาของจริงๆ.wav,37.834212,38.134212,เหี้ย,0.3,main,4800
C:\Users\muldi\Documents\Playground\University\senior-project-1\dataset\internet\clear\Horror movie for WOKE!!!!!.wav,10.800000000000004,11.100000000000005,none,0.3,none_sample,4800
C:\Users\muldi\Documents\Playground\University\senior-project-1\dataset\internet\clear\รายการเย็ดแม่.wav,33.938825,34.238825,เย็ด,0.3,context_0.8,4800
C:\Users\muldi\Documents\Playground\University\senior-project-1\dataset\internet\clear\รายการเย็ดแม่.wav,107.519723,107.819723,เย็ด,0.3,context_0.4,4800
C:\Users\muldi\Documents\Playground\University\senior-project-1\dataset\internet\clear\เพื่อนบ้านหรรษาของจริงๆ.wav,22.196907500000002,22.496907500000002,มึง,0.3,main,4800
C:\Users\muldi\Documents\Playground\University\senior-project-1\dataset\internet\clear\รายการเย็ดแม่.wav,106.795602,107.095602,เย็ด,0.3,context_0.8,4800
C:\Users\muldi\Documents\Playground\University\senior-project-1\dataset\internet\clear\รายการเย็ดแม่.wav,177.88553,178.18553,เย็ด,0.3,context_0.4,4800
C:\Users\muldi\Documents\Playground\University\senior-project-1\dataset\internet\clear\รายการเย็ดแม่.wav,798.388588,798.688588,เย็ด,0.3,context_0.2,4800
C:\Users\muldi\Documents\Playground\University\senior-project-1\dataset\internet\clear\Horror movie for WOKE!!!!!.wav,729.7298169999999,730.0298169999999,กู,0.3,context_0.4,4800
C:\Users\muldi\Documents\Playground\University\senior-project-1\dataset\internet\clear\ประชุมรวมญาติเชลซี.wav,144.707836,145.007836,กู,0.3,context_0.4,4800
C:\Users\muldi\Documents\Playground\University\senior-project-1\dataset\internet\clear\จารย์แดง1.wav,0.023714,0.323714,กู,0.3,context_0.4,4800
C:\Users\muldi\Documents\Playground\University\senior-project-1\dataset\internet\clear\มันไปเล่นเอไอเอสชั่วโมงละ60บาท.wav,8.5937325,8.8937325,เหี้ย,0.3,main,4800
C:\Users\muldi\Documents\Playground\University\senior-project-1\dataset\internet\clear\Horror movie for WOKE!!!!!.wav,1.8,2.1,none,0.3,none_sample,4800
C:\Users\muldi\Documents\Playground\University\senior-project-1\dataset\internet\clear\รายการเย็ดแม่.wav,432.4934525,432.7934525,เหี้ย,0.3,main,4800
C:\Users\muldi\Documents\Playground\University\senior-project-1\dataset\internet\clear\รายการเย็ดแม่.wav,108.545772,108.845772,เย็ด,0.3,context_0.6,4800
C:\Users\muldi\Documents\Playground\University\senior-project-1\dataset\internet\clear\เกิดแต่กับคีร์มากค่ะ.wav,39.965866,40.265865999999995,กู,0.3,context_0.4,4800
C:\Users\muldi\Documents\Playground\University\senior-project-1\dataset\internet\clear\อะไรหายากสุด.wav,0.0,0.3,none,0.3,none_sample,4800
C:\Users\muldi\Documents\Playground\University\senior-project-1\dataset\internet\clear\Horror movie for WOKE!!!!!.wav,250.816222,251.11622200000002,เหี้ย,0.3,main,4800
C:\Users\muldi\Documents\Playground\University\senior-project-1\dataset\internet\clear\พากย์สุดโต่ง VS พากย์สุขุม.wav,118.7221635,119.02216349999999,มึง,0.3,main,4800
C:\Users\muldi\Documents\Playground\University\senior-project-1\dataset\internet\clear\เพื่อนบ้านหรรษาของจริงๆ.wav,36.151314,36.451313999999996,กู,0.3,context_0.6,4800
C:\Users\muldi\Documents\Playground\University\senior-project-1\dataset\internet\clear\Horror movie for WOKE!!!!!.wav,609.592548,609.8925479999999,มึง,0.3,context_0.2,4800
C:\Users\muldi\Documents\Playground\University\senior-project-1\dataset\internet\clear\ใต้น้ำยังจะตามมาอีก!!.wav,9.231705999999999,9.531706,กู,0.3,context_0.6,4800
C:\Users\muldi\Documents\Playground\University\senior-project-1\dataset\internet\clear\รายการเย็ดแม่.wav,255.11347,255.41347000000002,กู,0.3,context_0.8,4800
C:\Users\muldi\Documents\Playground\University\senior-project-1\dataset\internet\clear\Horror movie for WOKE!!!!!.wav,666.8842475,667.1842475,เหี้ย,0.3,main,4800
C:\Users\muldi\Documents\Playground\University\senior-project-1\dataset\internet\clear\รายการเย็ดแม่.wav,205.10897699999998,205.408977,กู,0.3,context_0.2,4800
C:\Users\muldi\Documents\Playground\University\senior-project-1\dataset\internet\clear\Horror movie for WOKE!!!!!.wav,163.23590349999998,163.5359035,มึง,0.3,main,4800
C:\Users\muldi\Documents\Playground\University\senior-project-1\dataset\internet\clear\รายการเย็ดแม่.wav,816.8500610000001,817.150061,กู,0.3,context_0.6,4800
C:\Users\muldi\Documents\Playground\University\senior-project-1\dataset\internet\clear\รายการเย็ดแม่.wav,114.74402099999999,115.04402099999999,เย็ด,0.3,context_0.2,4800
C:\Users\muldi\Documents\Playground\University\senior-project-1\dataset\internet\clear\รายการเย็ดแม่.wav,818.691827,818.991827,กู,0.3,context_0.2,4800
C:\Users\muldi\Documents\Playground\University\senior-project-1\dataset\internet\clear\มันไปเล่นเอไอเอสชั่วโมงละ60บาท.wav,10.450894,10.750894,กู,0.3,context_0.4,4800
C:\Users\muldi\Documents\Playground\University\senior-project-1\dataset\internet\clear\ถ้าจะมาหลอกแค่นี้ อย่ามาดีกว่าไอ้น้อง.wav,42.498238,42.798238,กู,0.3,main,4800
C:\Users\muldi\Documents\Playground\University\senior-project-1\dataset\internet\clear\รายการเย็ดแม่.wav,6.299999999999996,6.599999999999996,none,0.3,none_sample,4800
C:\Users\muldi\Documents\Playground\University\senior-project-1\dataset\internet\clear\โอ๊ต.wav,2.4,2.6999999999999997,none,0.3,none_sample,4800
C:\Users\muldi\Documents\Playground\University\senior-project-1\dataset\internet\clear\รายการเย็ดแม่.wav,19.50000000000002,19.800000000000022,none,0.3,none_sample,4800
C:\Users\muldi\Documents\Playground\University\senior-project-1\dataset\internet\clear\ประชุมรวมญาติเชลซี.wav,180.445019,180.745019,กู,0.3,context_0.2,4800
C:\Users\muldi\Documents\Playground\University\senior-project-1\dataset\internet\clear\ประชุมรวมญาติเชลซี.wav,143.540189,143.840189,เหี้ย,0.3,main,4800
C:\Users\muldi\Documents\Playground\University\senior-project-1\dataset\internet\clear\Horror movie for WOKE!!!!!.wav,808.0175475,808.3175474999999,เหี้ย,0.3,main,4800
C:\Users\muldi\Documents\Playground\University\senior-project-1\dataset\internet\clear\Horror movie for WOKE!!!!!.wav,553.53755,553.83755,มึง,0.3,main,4800
C:\Users\muldi\Documents\Playground\University\senior-project-1\dataset\internet\clear\รายการเย็ดแม่.wav,951.7577170000001,952.057717,เย็ด,0.3,context_0.8,4800
C:\Users\muldi\Documents\Playground\University\senior-project-1\dataset\internet\clear\Horror movie for WOKE!!!!!.wav,731.9037715000001,732.2037715,เหี้ย,0.3,main,4800
C:\Users\muldi\Documents\Playground\University\senior-project-1\dataset\internet\clear\รายการเย็ดแม่.wav,3.2999999999999976,3.5999999999999974,none,0.3,none_sample,4800
C:\Users\muldi\Documents\Playground\University\senior-project-1\dataset\internet\clear\Horror movie for WOKE!!!!!.wav,5.999999999999998,6.299999999999998,none,0.3,none_sample,4800
C:\Users\muldi\Documents\Playground\University\senior-project-1\dataset\internet\clear\Horror movie for WOKE!!!!!.wav,988.8425410000001,989.142541,มึง,0.3,main,4800
C:\Users\muldi\Documents\Playground\University\senior-project-1\dataset\internet\clear\ใต้น้ำยังจะตามมาอีก!!.wav,0.0,0.3,none,0.3,none_sample,4800
C:\Users\muldi\Documents\Playground\University\senior-project-1\dataset\internet\clear\Horror movie for WOKE!!!!!.wav,475.658725,475.958725,เหี้ย,0.3,main,4800
C:\Users\muldi\Documents\Playground\University\senior-project-1\dataset\internet\clear\เกิดแต่กับคีร์มากค่ะ.wav,13.5794075,13.879407500000001,กู,0.3,main,4800
C:\Users\muldi\Documents\Playground\University\senior-project-1\dataset\internet\clear\รายการเย็ดแม่.wav,106.795602,107.095602,เย็ด,0.3,context_0.8,4800
C:\Users\muldi\Documents\Playground\University\senior-project-1\dataset\internet\clear\Horror movie for WOKE!!!!!.wav,81.1188185,81.4188185,เหี้ย,0.3,main,4800
C:\Users\muldi\Documents\Playground\University\senior-project-1\dataset\internet\clear\เดินเตะทุกอย่างบนโลก!.wav,3.479999999999998,3.779999999999998,none,0.3,none_sample,4800
C:\Users\muldi\Documents\Playground\University\senior-project-1\dataset\internet\clear\อะไรหายากสุด.wav,13.896202,14.196202000000001,มึง,0.3,context_0.4,4800
C:\Users\muldi\Documents\Playground\University\senior-project-1\dataset\internet\clear\รายการเย็ดแม่.wav,1.2,1.5,none,0.3,none_sample,4800
C:\Users\muldi\Documents\Playground\University\senior-project-1\dataset\internet\clear\จารย์แดง1.wav,3.4150880000000003,3.715088,เหี้ย,0.3,main,4800
C:\Users\muldi\Documents\Playground\University\senior-project-1\dataset\internet\clear\โอ๊ต.wav,130.49006949999998,130.7900695,กู,0.3,main,4800
C:\Users\muldi\Documents\Playground\University\senior-project-1\dataset\internet\clear\Horror movie for WOKE!!!!!.wav,517.4831485000001,517.7831485,เหี้ย,0.3,main,4800
C:\Users\muldi\Documents\Playground\University\senior-project-1\dataset\internet\clear\Horror movie for WOKE!!!!!.wav,12.000000000000007,12.300000000000008,none,0.3,none_sample,4800
C:\Users\muldi\Documents\Playground\University\senior-project-1\dataset\internet\clear\ช่วยด้วย!! นวยจะมาอยู่ด้วย!!.wav,13.556268000000001,13.856268000000002,มึง,0.3,context_0.2,4800
C:\Users\muldi\Documents\Playground\University\senior-project-1\dataset\internet\clear\รายการเย็ดแม่.wav,114.80402099999999,115.10402099999999,เย็ด,0.3,context_0.6,4800
C:\Users\muldi\Documents\Playground\University\senior-project-1\dataset\internet\clear\Horror movie for WOKE!!!!!.wav,731.9037715000001,732.2037715,เหี้ย,0.3,main,4800
C:\Users\muldi\Documents\Playground\University\senior-project-1\dataset\internet\clear\รายการเย็ดแม่.wav,208.7944685,209.0944685,เหี้ย,0.3,main,4800
C:\Users\muldi\Documents\Playground\University\senior-project-1\dataset\internet\clear\ถ้าจะมาหลอกแค่นี้ อย่ามาดีกว่าไอ้น้อง.wav,15.785319499999998,16.085319499999997,กู,0.3,main,4800
C:\Users\muldi\Documents\Playground\University\senior-project-1\dataset\internet\clear\Horror movie for WOKE!!!!!.wav,1013.9639515,1014.2639515,เหี้ย,0.3,main,4800
C:\Users\muldi\Documents\Playground\University\senior-project-1\dataset\internet\clear\Horror movie for WOKE!!!!!.wav,1055.767682,1056.0676819999999,เหี้ย,0.3,main,4800
C:\Users\muldi\Documents\Playground\University\senior-project-1\dataset\internet\clear\ชีวิตมันจะสู้ก็ต้องสู้ #honkaistarrail.wav,0.0,0.3,none,0.3,none_sample,4800
C:\Users\muldi\Documents\Playground\University\senior-project-1\dataset\internet\clear\รายการเย็ดแม่.wav,8.099999999999996,8.399999999999997,none,0.3,none_sample,4800
C:\Users\muldi\Documents\Playground\University\senior-project-1\dataset\internet\clear\ถ้าวันนึงหีมึงเหี่ยว.wav,7.2278845,7.5278845,มึง,0.3,main,4800
C:\Users\muldi\Documents\Playground\University\senior-project-1\dataset\internet\clear\รายการเย็ดแม่.wav,951.7277170000001,952.027717,เย็ด,0.3,context_0.6,4800
C:\Users\muldi\Documents\Playground\University\senior-project-1\dataset\internet\clear\เดินเตะทุกอย่างบนโลก!.wav,44.096848,44.396848,กู,0.3,main,4800
C:\Users\muldi\Documents\Playground\University\senior-project-1\dataset\internet\clear\รายการเย็ดแม่.wav,107.903488,108.203488,เย็ด,0.3,context_0.4,4800
C:\Users\muldi\Documents\Playground\University\senior-project-1\dataset\internet\clear\เกิดแต่กับคีร์มากค่ะ.wav,0.3,0.6,none,0.3,none_sample,4800
C:\Users\muldi\Documents\Playground\University\senior-project-1\dataset\internet\clear\รายการเย็ดแม่.wav,34.920411,35.220411,เย็ด,0.3,context_0.8,4800
C:\Users\muldi\Documents\Playground\University\senior-project-1\dataset\internet\clear\Horror movie for WOKE!!!!!.wav,554.6495590000001,554.949559,เหี้ย,0.3,main,4800
C:\Users\muldi\Documents\Playground\University\senior-project-1\dataset\internet\clear\Horror movie for WOKE!!!!!.wav,99.17375299999999,99.47375299999999,กู,0.3,context_0.4,4800
C:\Users\muldi\Documents\Playground\University\senior-project-1\dataset\internet\clear\รายการเย็ดแม่.wav,583.925751,584.225751,เย็ด,0.3,context_0.2,4800
C:\Users\muldi\Documents\Playground\University\senior-project-1\dataset\internet\clear\รายการเย็ดแม่.wav,243.389185,243.689185,มึง,0.3,main,4800
C:\Users\muldi\Documents\Playground\University\senior-project-1\dataset\internet\clear\Horror movie for WOKE!!!!!.wav,185.463758,185.76375800000002,เหี้ย,0.3,context_0.8,4800
C:\Users\muldi\Documents\Playground\University\senior-project-1\dataset\internet\clear\ลิ้นจระเข้ กินอะไรก็อร่อย.wav,0.8999999999999999,1.2,none,0.3,none_sample,4800
C:\Users\muldi\Documents\Playground\University\senior-project-1\dataset\internet\clear\รายการเย็ดแม่.wav,108.485772,108.785772,เย็ด,0.3,context_0.2,4800
C:\Users\muldi\Documents\Playground\University\senior-project-1\dataset\internet\noise\อะไรคือสิ่งที่ถูก.wav,9.772852,10.072852000000001,กู,0.3,context_0.6,4800
C:\Users\muldi\Documents\Playground\University\senior-project-1\dataset\internet\clear\จารย์แดง1.wav,6.4506955,6.7506955,มึง,0.3,main,4800
C:\Users\muldi\Documents\Playground\University\senior-project-1\dataset\internet\clear\Yo mama & แซนวิชบลูเบอร์รี่.wav,61.7425865,62.0425865,มึง,0.3,main,4800
C:\Users\muldi\Documents\Playground\University\senior-project-1\dataset\internet\clear\อะไรหายากสุด.wav,0.0,0.3,none,0.3,none_sample,4800
C:\Users\muldi\Documents\Playground\University\senior-project-1\dataset\internet\clear\Horror movie for WOKE!!!!!.wav,811.875369,812.1753689999999,เย็ด,0.3,context_0.2,4800
C:\Users\muldi\Documents\Playground\University\senior-project-1\dataset\internet\clear\อะไรหายากสุด.wav,16.73312,17.03312,กู,0.3,main,4800
C:\Users\muldi\Documents\Playground\University\senior-project-1\dataset\internet\clear\รายการเย็ดแม่.wav,582.280521,582.580521,เย็ด,0.3,context_0.6,4800
C:\Users\muldi\Documents\Playground\University\senior-project-1\dataset\internet\clear\Horror movie for WOKE!!!!!.wav,811.905369,812.2053689999999,เย็ด,0.3,context_0.4,4800
C:\Users\muldi\Documents\Playground\University\senior-project-1\dataset\internet\clear\Horror movie for WOKE!!!!!.wav,1105.6988020000001,1105.998802,กู,0.3,context_0.8,4800
C:\Users\muldi\Documents\Playground\University\senior-project-1\dataset\internet\clear\อะไรหายากสุด.wav,13.956202000000001,14.256202000000002,มึง,0.3,context_0.8,4800
C:\Users\muldi\Documents\Playground\University\senior-project-1\dataset\internet\clear\ใต้น้ำยังจะตามมาอีก!!.wav,21.476080500000002,21.776080500000003,เหี้ย,0.3,main,4800
C:\Users\muldi\Documents\Playground\University\senior-project-1\dataset\internet\clear\Horror movie for WOKE!!!!!.wav,3.599999999999999,3.899999999999999,none,0.3,none_sample,4800
C:\Users\muldi\Documents\Playground\University\senior-project-1\dataset\internet\clear\ใต้น้ำยังจะตามมาอีก!!.wav,19.284388,19.584388,กู,0.3,context_0.8,4800
C:\Users\muldi\Documents\Playground\University\senior-project-1\dataset\internet\clear\Horror movie for WOKE!!!!!.wav,557.4031600000001,557.70316,กู,0.3,context_0.6,4800
C:\Users\muldi\Documents\Playground\University\senior-project-1\dataset\internet\clear\Horror movie for WOKE!!!!!.wav,883.24046,883.5404599999999,มึง,0.3,context_0.4,4800
C:\Users\muldi\Documents\Playground\University\senior-project-1\dataset\internet\clear\รายการเย็ดแม่.wav,749.6010620000001,749.901062,กู,0.3,context_0.8,4800
C:\Users\muldi\Documents\Playground\University\senior-project-1\dataset\internet\clear\รายการเย็ดแม่.wav,792.8360389999999,793.1360389999999,มึง,0.3,context_0.4,4800
C:\Users\muldi\Documents\Playground\University\senior-project-1\dataset\internet\clear\มันไปเล่นเอไอเอสชั่วโมงละ60บาท.wav,3.828172,4.128172,กู,0.3,context_0.2,4800
C:\Users\muldi\Documents\Playground\University\senior-project-1\dataset\internet\clear\รายการเย็ดแม่.wav,170.10498199999998,170.404982,มึง,0.3,main,4800
C:\Users\muldi\Documents\Playground\University\senior-project-1\dataset\internet\clear\รายการเย็ดแม่.wav,107.129344,107.429344,เย็ด,0.3,context_0.6,4800
C:\Users\muldi\Documents\Playground\University\senior-project-1\dataset\internet\clear\โอ๊ต.wav,1.2,1.5,none,0.3,none_sample,4800
C:\Users\muldi\Documents\Playground\University\senior-project-1\dataset\internet\noise\อะไรคือสิ่งที่ถูก.wav,0.8999999999999999,1.2,none,0.3,none_sample,4800
C:\Users\muldi\Documents\Playground\University\senior-project-1\dataset\internet\clear\ช่วยด้วย!! นวยจะมาอยู่ด้วย!!.wav,13.616268,13.916268,มึง,0.3,context_0.6,4800
C:\Users\muldi\Documents\Playground\University\senior-project-1\dataset\internet\clear\รายการเย็ดแม่.wav,107.519723,107.819723,เย็ด,0.3,context_0.4,4800
C:\Users\muldi\Documents\Playground\University\senior-project-1\dataset\internet\clear\จารย์แดง1.wav,7.379096,7.6790959999999995,เหี้ย,0.3,main,4800
C:\Users\muldi\Documents\Playground\University\senior-project-1\dataset\internet\clear\Horror movie for WOKE!!!!!.wav,517.4831485000001,517.7831485,เหี้ย,0.3,main,4800
C:\Users\muldi\Documents\Playground\University\senior-project-1\dataset\internet\clear\ถ้าวันนึงหีมึงเหี่ยว.wav,7.2278845,7.5278845,มึง,0.3,main,4800
C:\Users\muldi\Documents\Playground\University\senior-project-1\dataset\internet\clear\Horror movie for WOKE!!!!!.wav,185.463758,185.76375800000002,เหี้ย,0.3,context_0.8,4800
C:\Users\muldi\Documents\Playground\University\senior-project-1\dataset\internet\clear\Yo mama & แซนวิชบลูเบอร์รี่.wav,103.845744,104.145744,มึง,0.3,context_0.6,4800
C:\Users\muldi\Documents\Playground\University\senior-project-1\dataset\internet\clear\Horror movie for WOKE!!!!!.wav,868.802179,869.102179,กู,0.3,context_0.4,4800
C:\Users\muldi\Documents\Playground\University\senior-project-1\dataset\internet\clear\Horror movie for WOKE!!!!!.wav,1063.5399415,1063.8399415,เหี้ย,0.3,main,4800
C:\Users\muldi\Documents\Playground\University\senior-project-1\dataset\internet\clear\รายการเย็ดแม่.wav,435.72819250000003,436.02819250000005,เหี้ย,0.3,main,4800
C:\Users\muldi\Documents\Playground\University\senior-project-1\dataset\internet\clear\Horror movie for WOKE!!!!!.wav,1013.9639515,1014.2639515,เหี้ย,0.3,main,4800
C:\Users\muldi\Documents\Playground\University\senior-project-1\dataset\internet\clear\Horror movie for WOKE!!!!!.wav,464.733783,465.033783,เหี้ย,0.3,main,4800
C:\Users\muldi\Documents\Playground\University\senior-project-1\dataset\internet\clear\ซามามาเท.wav,7.482102,7.782102,กู,0.3,context_0.2,4800
C:\Users\muldi\Documents\Playground\University\senior-project-1\dataset\internet\clear\Horror movie for WOKE!!!!!.wav,535.607566,535.907566,มึง,0.3,main,4800
C:\Users\muldi\Documents\Playground\University\senior-project-1\dataset\internet\clear\Horror movie for WOKE!!!!!.wav,600.5988235000001,600.8988235,มึง,0.3,main,4800
C:\Users\muldi\Documents\Playground\University\senior-project-1\dataset\internet\clear\Horror movie for WOKE!!!!!.wav,185.463758,185.76375800000002,เหี้ย,0.3,context_0.8,4800
C:\Users\muldi\Documents\Playground\University\senior-project-1\dataset\internet\clear\รายการเย็ดแม่.wav,8.999999999999998,9.299999999999999,none,0.3,none_sample,4800
C:\Users\muldi\Documents\Playground\University\senior-project-1\dataset\internet\clear\เพื่อนบ้านหรรษาของจริงๆ.wav,42.8032445,43.103244499999995,มึง,0.3,main,4800
C:\Users\muldi\Documents\Playground\University\senior-project-1\dataset\internet\clear\Horror movie for WOKE!!!!!.wav,12.300000000000008,12.600000000000009,none,0.3,none_sample,4800
C:\Users\muldi\Documents\Playground\University\senior-project-1\dataset\internet\clear\เดินเตะทุกอย่างบนโลก!.wav,29.326449,29.626449,กู,0.3,context_0.8,4800
C:\Users\muldi\Documents\Playground\University\senior-project-1\dataset\internet\clear\รายการเย็ดแม่.wav,6.599999999999996,6.899999999999996,none,0.3,none_sample,4800
C:\Users\muldi\Documents\Playground\University\senior-project-1\dataset\internet\clear\รายการเย็ดแม่.wav,432.4934525,432.7934525,เหี้ย,0.3,main,4800
C:\Users\muldi\Documents\Playground\University\senior-project-1\dataset\internet\clear\รายการเย็ดแม่.wav,492.3433865,492.6433865,เหี้ย,0.3,main,4800
C:\Users\muldi\Documents\Playground\University\senior-project-1\dataset\internet\clear\เดินเตะทุกอย่างบนโลก!.wav,11.64444,11.94444,กู,0.3,context_0.6,4800
C:\Users\muldi\Documents\Playground\University\senior-project-1\dataset\internet\clear\Horror movie for WOKE!!!!!.wav,250.816222,251.11622200000002,เหี้ย,0.3,main,4800
C:\Users\muldi\Documents\Playground\University\senior-project-1\dataset\internet\clear\Horror movie for WOKE!!!!!.wav,874.1064339999999,874.4064339999999,มึง,0.3,context_0.4,4800
C:\Users\muldi\Documents\Playground\University\senior-project-1\dataset\internet\clear\รายการเย็ดแม่.wav,653.230944,653.530944,เหี้ย,0.3,context_0.2,4800
C:\Users\muldi\Documents\Playground\University\senior-project-1\dataset\internet\clear\รายการเย็ดแม่.wav,582.220521,582.5205209999999,เย็ด,0.3,context_0.2,4800
C:\Users\muldi\Documents\Playground\University\senior-project-1\dataset\internet\clear\รายการเย็ดแม่.wav,934.713337,935.013337,เย็ด,0.3,main,4800
C:\Users\muldi\Documents\Playground\University\senior-project-1\dataset\internet\clear\รายการเย็ดแม่.wav,108.545772,108.845772,เย็ด,0.3,context_0.6,4800
C:\Users\muldi\Documents\Playground\University\senior-project-1\dataset\internet\clear\รายการเย็ดแม่.wav,14.700000000000012,15.000000000000012,none,0.3,none_sample,4800
C:\Users\muldi\Documents\Playground\University\senior-project-1\dataset\internet\clear\Horror movie for WOKE!!!!!.wav,475.658725,475.958725,เหี้ย,0.3,main,4800
C:\Users\muldi\Documents\Playground\University\senior-project-1\dataset\internet\clear\รายการเย็ดแม่.wav,951.667717,951.967717,เย็ด,0.3,context_0.2,4800
C:\Users\muldi\Documents\Playground\University\senior-project-1\dataset\internet\clear\Yo mama & แซนวิชบลูเบอร์รี่.wav,103.845744,104.145744,มึง,0.3,context_0.6,4800
C:\Users\muldi\Documents\Playground\University\senior-project-1\dataset\internet\clear\Horror movie for WOKE!!!!!.wav,578.3670490000001,578.667049,เหี้ย,0.3,main,4800
C:\Users\muldi\Documents\Playground\University\senior-project-1\dataset\internet\clear\รายการเย็ดแม่.wav,784.9614835000001,785.2614835,เหี้ย,0.3,main,4800
C:\Users\muldi\Documents\Playground\University\senior-project-1\dataset\internet\clear\Horror movie for WOKE!!!!!.wav,111.74920599999999,112.04920599999998,เหี้ย,0.3,main,4800
C:\Users\muldi\Documents\Playground\University\senior-project-1\dataset\internet\clear\รายการเย็ดแม่.wav,36.842985000000006,37.142985,เย็ด,0.3,main,4800
C:\Users\muldi\Documents\Playground\University\senior-project-1\dataset\internet\clear\รายการเย็ดแม่.wav,2.8270980000000003,3.127098,เย็ด,0.3,context_0.4,4800
C:\Users\muldi\Documents\Playground\University\senior-project-1\dataset\internet\clear\เกิดแต่กับคีร์มากค่ะ.wav,26.0116375,26.3116375,มึง,0.3,main,4800
C:\Users\muldi\Documents\Playground\University\senior-project-1\dataset\internet\clear\รายการเย็ดแม่.wav,108.83964,109.13964,กู,0.3,context_0.6,4800
C:\Users\muldi\Documents\Playground\University\senior-project-1\dataset\internet\clear\Yo mama & แซนวิชบลูเบอร์รี่.wav,1.8,2.1,none,0.3,none_sample,4800
C:\Users\muldi\Documents\Playground\University\senior-project-1\dataset\internet\clear\Horror movie for WOKE!!!!!.wav,2.4,2.6999999999999997,none,0.3,none_sample,4800
C:\Users\muldi\Documents\Playground\University\senior-project-1\dataset\internet\clear\Horror movie for WOKE!!!!!.wav,14.100000000000012,14.400000000000013,none,0.3,none_sample,4800
C:\Users\muldi\Documents\Playground\University\senior-project-1\dataset\internet\clear\Horror movie for WOKE!!!!!.wav,804.5881345,804.8881345,มึง,0.3,main,4800
C:\Users\muldi\Documents\Playground\University\senior-project-1\dataset\internet\clear\Horror movie for WOKE!!!!!.wav,22.667007,22.967007000000002,มึง,0.3,context_0.4,4800
C:\Users\muldi\Documents\Playground\University\senior-project-1\dataset\internet\clear\รายการเย็ดแม่.wav,670.218123,670.518123,เหี้ย,0.3,main,4800
C:\Users\muldi\Documents\Playground\University\senior-project-1\dataset\internet\clear\รายการเย็ดแม่.wav,15.000000000000012,15.300000000000013,none,0.3,none_sample,4800
C:\Users\muldi\Documents\Playground\University\senior-project-1\dataset\internet\clear\รายการเย็ดแม่.wav,150.922117,151.222117,เย็ด,0.3,main,4800
C:\Users\muldi\Documents\Playground\University\senior-project-1\dataset\internet\clear\โอ๊ต.wav,0.3,0.6,none,0.3,none_sample,4800
C:\Users\muldi\Documents\Playground\University\senior-project-1\dataset\internet\clear\ช่วยด้วย!! นวยจะมาอยู่ด้วย!!.wav,13.586268,13.886268000000001,มึง,0.3,context_0.4,4800
C:\Users\muldi\Documents\Playground\University\senior-project-1\dataset\internet\clear\รายการเย็ดแม่.wav,34.830411000000005,35.130411,เย็ด,0.3,context_0.2,4800
C:\Users\muldi\Documents\Playground\University\senior-project-1\dataset\internet\clear\รายการเย็ดแม่.wav,8.399999999999997,8.699999999999998,none,0.3,none_sample,4800
C:\Users\muldi\Documents\Playground\University\senior-project-1\dataset\internet\clear\มันไปเล่นเอไอเอสชั่วโมงละ60บาท.wav,8.5937325,8.8937325,เหี้ย,0.3,main,4800
C:\Users\muldi\Documents\Playground\University\senior-project-1\dataset\internet\clear\Horror movie for WOKE!!!!!.wav,825.094468,825.394468,มึง,0.3,main,4800
C:\Users\muldi\Documents\Playground\University\senior-project-1\dataset\internet\clear\Horror movie for WOKE!!!!!.wav,917.8241710000001,918.124171,เหี้ย,0.3,main,4800
C:\Users\muldi\Documents\Playground\University\senior-project-1\dataset\internet\clear\รายการเย็ดแม่.wav,17.700000000000017,18.000000000000018,none,0.3,none_sample,4800
C:\Users\muldi\Documents\Playground\University\senior-project-1\dataset\internet\clear\เคยอยากเป็นวีค่ายกระต่าย.wav,11.832371,12.132371000000001,กู,0.3,context_0.8,4800
C:\Users\muldi\Documents\Playground\University\senior-project-1\dataset\internet\clear\ถ้าวันนึงหีมึงเหี่ยว.wav,11.419285,11.719285000000001,มึง,0.3,main,4800
C:\Users\muldi\Documents\Playground\University\senior-project-1\dataset\internet\clear\รายการเย็ดแม่.wav,934.713337,935.013337,เย็ด,0.3,main,4800
C:\Users\muldi\Documents\Playground\University\senior-project-1\dataset\internet\clear\รายการเย็ดแม่.wav,107.099344,107.399344,เย็ด,0.3,context_0.4,4800
C:\Users\muldi\Documents\Playground\University\senior-project-1\dataset\internet\clear\รายการเย็ดแม่.wav,107.069344,107.369344,เย็ด,0.3,context_0.2,4800
C:\Users\muldi\Documents\Playground\University\senior-project-1\dataset\internet\clear\รายการเย็ดแม่.wav,107.099344,107.399344,เย็ด,0.3,context_0.4,4800
C:\Users\muldi\Documents\Playground\University\senior-project-1\dataset\internet\clear\เพื่อนบ้านหรรษาของจริงๆ.wav,39.622068999999996,39.92206899999999,กู,0.3,context_0.4,4800
C:\Users\muldi\Documents\Playground\University\senior-project-1\dataset\internet\clear\Horror movie for WOKE!!!!!.wav,812.9890505,813.2890504999999,กู,0.3,main,4800
C:\Users\muldi\Documents\Playground\University\senior-project-1\dataset\internet\clear\Horror movie for WOKE!!!!!.wav,826.157457,826.457457,มึง,0.3,main,4800
C:\Users\muldi\Documents\Playground\University\senior-project-1\dataset\internet\clear\ช่วยด้วย!! นวยจะมาอยู่ด้วย!!.wav,13.556268000000001,13.856268000000002,มึง,0.3,context_0.2,4800
C:\Users\muldi\Documents\Playground\University\senior-project-1\dataset\internet\clear\รายการเย็ดแม่.wav,18.30000000000002,18.60000000000002,none,0.3,none_sample,4800
C:\Users\muldi\Documents\Playground\University\senior-project-1\dataset\internet\clear\รายการเย็ดแม่.wav,20.100000000000023,20.400000000000023,none,0.3,none_sample,4800
C:\Users\muldi\Documents\Playground\University\senior-project-1\dataset\internet\clear\ถ้าวันนึงหีมึงเหี่ยว.wav,0.6,0.8999999999999999,none,0.3,none_sample,4800
C:\Users\muldi\Documents\Playground\University\senior-project-1\dataset\internet\clear\รายการเย็ดแม่.wav,8.699999999999998,8.999999999999998,none,0.3,none_sample,4800
C:\Users\muldi\Documents\Playground\University\senior-project-1\dataset\internet\clear\อะไรหายากสุด.wav,13.896202,14.196202000000001,มึง,0.3,context_0.4,4800
C:\Users\muldi\Documents\Playground\University\senior-project-1\dataset\internet\clear\Horror movie for WOKE!!!!!.wav,811.935369,812.235369,เย็ด,0.3,context_0.6,4800
C:\Users\muldi\Documents\Playground\University\senior-project-1\dataset\internet\clear\Horror movie for WOKE!!!!!.wav,587.9530605000001,588.2530605000001,มึง,0.3,main,4800
C:\Users\muldi\Documents\Playground\University\senior-project-1\dataset\internet\clear\เกิดแต่กับคีร์มากค่ะ.wav,0.6,0.8999999999999999,none,0.3,none_sample,4800
C:\Users\muldi\Documents\Playground\University\senior-project-1\dataset\internet\clear\เดินเตะทุกอย่างบนโลก!.wav,20.377368,20.677368,กู,0.3,context_0.2,4800
C:\Users\muldi\Documents\Playground\University\senior-project-1\dataset\internet\clear\รายการเย็ดแม่.wav,35.472075,35.772074999999994,เย็ด,0.3,context_0.8,4800
C:\Users\muldi\Documents\Playground\University\senior-project-1\dataset\internet\clear\รายการเย็ดแม่.wav,943.780357,944.0803569999999,กู,0.3,context_0.8,4800
C:\Users\muldi\Documents\Playground\University\senior-project-1\dataset\internet\clear\ถ้าวันนึงหีมึงเหี่ยว.wav,0.6,0.8999999999999999,none,0.3,none_sample,4800
C:\Users\muldi\Documents\Playground\University\senior-project-1\dataset\internet\clear\จารย์แดง1.wav,0.08371400000000001,0.383714,กู,0.3,context_0.8,4800
C:\Users\muldi\Documents\Playground\University\senior-project-1\dataset\internet\clear\Horror movie for WOKE!!!!!.wav,969.608184,969.908184,กู,0.3,context_0.6,4800
C:\Users\muldi\Documents\Playground\University\senior-project-1\dataset\internet\clear\Horror movie for WOKE!!!!!.wav,430.055199,430.355199,มึง,0.3,main,4800
C:\Users\muldi\Documents\Playground\University\senior-project-1\dataset\internet\clear\ลิ้นจระเข้ กินอะไรก็อร่อย.wav,19.201587000000004,19.501587000000004,กู,0.3,main,4800
C:\Users\muldi\Documents\Playground\University\senior-project-1\dataset\internet\clear\รายการเย็ดแม่.wav,17.400000000000016,17.700000000000017,none,0.3,none_sample,4800
C:\Users\muldi\Documents\Playground\University\senior-project-1\dataset\internet\clear\รายการเย็ดแม่.wav,4.1999999999999975,4.499999999999997,none,0.3,none_sample,4800
C:\Users\muldi\Documents\Playground\University\senior-project-1\dataset\internet\clear\Horror movie for WOKE!!!!!.wav,81.1188185,81.4188185,เหี้ย,0.3,main,4800
C:\Users\muldi\Documents\Playground\University\senior-project-1\dataset\internet\clear\Horror movie for WOKE!!!!!.wav,185.403758,185.70375800000002,เหี้ย,0.3,context_0.4,4800
C:\Users\muldi\Documents\Playground\University\senior-project-1\dataset\internet\clear\รายการเย็ดแม่.wav,582.220521,582.5205209999999,เย็ด,0.3,context_0.2,4800
C:\Users\muldi\Documents\Playground\University\senior-project-1\dataset\internet\clear\Horror movie for WOKE!!!!!.wav,513.527569,513.8275689999999,มึง,0.3,context_0.4,4800
C:\Users\muldi\Documents\Playground\University\senior-project-1\dataset\internet\clear\Horror movie for WOKE!!!!!.wav,537.175816,537.475816,มึง,0.3,main,4800
C:\Users\muldi\Documents\Playground\University\senior-project-1\dataset\internet\clear\Horror movie for WOKE!!!!!.wav,1065.685189,1065.985189,เหี้ย,0.3,context_0.8,4800
C:\Users\muldi\Documents\Playground\University\senior-project-1\dataset\internet\clear\รายการเย็ดแม่.wav,609.467748,609.767748,เหี้ย,0.3,main,4800
C:\Users\muldi\Documents\Playground\University\senior-project-1\dataset\internet\clear\รายการเย็ดแม่.wav,582.310521,582.610521,เย็ด,0.3,context_0.8,4800
C:\Users\muldi\Documents\Playground\University\senior-project-1\dataset\internet\clear\Horror movie for WOKE!!!!!.wav,1065.685189,1065.985189,เหี้ย,0.3,context_0.8,4800
C:\Users\muldi\Documents\Playground\University\senior-project-1\dataset\internet\clear\Horror movie for WOKE!!!!!.wav,811.875369,812.1753689999999,เย็ด,0.3,context_0.2,4800
C:\Users\muldi\Documents\Playground\University\senior-project-1\dataset\internet\clear\รายการเย็ดแม่.wav,33.878825,34.178824999999996,เย็ด,0.3,context_0.4,4800
C:\Users\muldi\Documents\Playground\University\senior-project-1\dataset\internet\clear\Horror movie for WOKE!!!!!.wav,895.5380495,895.8380495,เหี้ย,0.3,main,4800
C:\Users\muldi\Documents\Playground\University\senior-project-1\dataset\internet\clear\เกิดแต่กับคีร์มากค่ะ.wav,0.3,0.6,none,0.3,none_sample,4800
C:\Users\muldi\Documents\Playground\University\senior-project-1\dataset\internet\noise\อะไรคือสิ่งที่ถูก.wav,0.0,0.3,none,0.3,none_sample,4800
C:\Users\muldi\Documents\Playground\University\senior-project-1\dataset\internet\clear\รายการเย็ดแม่.wav,107.159344,107.459344,เย็ด,0.3,context_0.8,4800
C:\Users\muldi\Documents\Playground\University\senior-project-1\dataset\internet\clear\รายการเย็ดแม่.wav,243.389185,243.689185,มึง,0.3,main,4800
C:\Users\muldi\Documents\Playground\University\senior-project-1\dataset\internet\clear\เดินเตะทุกอย่างบนโลก!.wav,16.863305,17.163305,กู,0.3,context_0.8,4800
C:\Users\muldi\Documents\Playground\University\senior-project-1\dataset\internet\clear\ช่วยด้วย!! นวยจะมาอยู่ด้วย!!.wav,13.646268000000001,13.946268000000002,มึง,0.3,context_0.8,4800
C:\Users\muldi\Documents\Playground\University\senior-project-1\dataset\internet\clear\Horror movie for WOKE!!!!!.wav,515.237332,515.537332,มึง,0.3,main,4800
C:\Users\muldi\Documents\Playground\University\senior-project-1\dataset\internet\clear\รายการเย็ดแม่.wav,108.545772,108.845772,เย็ด,0.3,context_0.6,4800
C:\Users\muldi\Documents\Playground\University\senior-project-1\dataset\internet\clear\Horror movie for WOKE!!!!!.wav,15.600000000000016,15.900000000000016,none,0.3,none_sample,4800
C:\Users\muldi\Documents\Playground\University\senior-project-1\dataset\internet\clear\Horror movie for WOKE!!!!!.wav,1065.5951890000001,1065.895189,เหี้ย,0.3,context_0.2,4800
C:\Users\muldi\Documents\Playground\University\senior-project-1\dataset\internet\clear\รายการเย็ดแม่.wav,8.399999999999997,8.699999999999998,none,0.3,none_sample,4800
C:\Users\muldi\Documents\Playground\University\senior-project-1\dataset\internet\clear\Horror movie for WOKE!!!!!.wav,233.8755545,234.1755545,เหี้ย,0.3,main,4800
C:\Users\muldi\Documents\Playground\University\senior-project-1\dataset\internet\clear\Horror movie for WOKE!!!!!.wav,464.733783,465.033783,เหี้ย,0.3,main,4800
C:\Users\muldi\Documents\Playground\University\senior-project-1\dataset\internet\clear\อะไรหายากสุด.wav,13.926202,14.226202,มึง,0.3,context_0.6,4800
C:\Users\muldi\Documents\Playground\University\senior-project-1\dataset\internet\clear\อะชิมะหม๋า.wav,10.151355,10.451355000000001,กู,0.3,context_0.8,4800
C:\Users\muldi\Documents\Playground\University\senior-project-1\dataset\internet\clear\Yo mama & แซนวิชบลูเบอร์รี่.wav,107.454321,107.75432099999999,มึง,0.3,context_0.8,4800
C:\Users\muldi\Documents\Playground\University\senior-project-1\dataset\internet\clear\อะชิมะหม๋า.wav,0.3,0.6,none,0.3,none_sample,4800
C:\Users\muldi\Documents\Playground\University\senior-project-1\dataset\internet\clear\รายการเย็ดแม่.wav,653.2909440000001,653.590944,เหี้ย,0.3,context_0.6,4800
C:\Users\muldi\Documents\Playground\University\senior-project-1\dataset\internet\clear\รายการเย็ดแม่.wav,2.8870980000000004,3.187098,เย็ด,0.3,context_0.8,4800
C:\Users\muldi\Documents\Playground\University\senior-project-1\dataset\internet\clear\Horror movie for WOKE!!!!!.wav,1065.655189,1065.955189,เหี้ย,0.3,context_0.6,4800
C:\Users\muldi\Documents\Playground\University\senior-project-1\dataset\internet\clear\Horror movie for WOKE!!!!!.wav,1065.5951890000001,1065.895189,เหี้ย,0.3,context_0.2,4800
C:\Users\muldi\Documents\Playground\University\senior-project-1\dataset\internet\clear\รายการเย็ดแม่.wav,33.938825,34.238825,เย็ด,0.3,context_0.8,4800
C:\Users\muldi\Documents\Playground\University\senior-project-1\dataset\internet\clear\Yo mama & แซนวิชบลูเบอร์รี่.wav,0.3,0.6,none,0.3,none_sample,4800
C:\Users\muldi\Documents\Playground\University\senior-project-1\dataset\internet\clear\Horror movie for WOKE!!!!!.wav,926.5205500000001,926.82055,มึง,0.3,main,4800
C:\Users\muldi\Documents\Playground\University\senior-project-1\dataset\internet\clear\รายการเย็ดแม่.wav,653.260944,653.560944,เหี้ย,0.3,context_0.4,4800
C:\Users\muldi\Documents\Playground\University\senior-project-1\dataset\internet\clear\โอ๊ต.wav,57.959944,58.259944,มึง,0.3,context_0.2,4800
C:\Users\muldi\Documents\Playground\University\senior-project-1\dataset\internet\clear\Horror movie for WOKE!!!!!.wav,1001.2870210000001,1001.587021,กู,0.3,context_0.6,4800
C:\Users\muldi\Documents\Playground\University\senior-project-1\dataset\internet\clear\เพื่อนบ้านหรรษาของจริงๆ.wav,30.703568,31.003568,กู,0.3,context_0.4,4800
C:\Users\muldi\Documents\Playground\University\senior-project-1\dataset\internet\noise\หาสัญลักษณ์ตามฉบับ New World Order ในเพลง จี่หอย.wav,100.9359925,101.2359925,มึง,0.3,main,4800
C:\Users\muldi\Documents\Playground\University\senior-project-1\dataset\internet\clear\Horror movie for WOKE!!!!!.wav,804.5881345,804.8881345,มึง,0.3,main,4800
C:\Users\muldi\Documents\Playground\University\senior-project-1\dataset\internet\clear\รายการเย็ดแม่.wav,106.765602,107.065602,เย็ด,0.3,context_0.6,4800
C:\Users\muldi\Documents\Playground\University\senior-project-1\dataset\internet\clear\ถ้าจะมาหลอกแค่นี้ อย่ามาดีกว่าไอ้น้อง.wav,19.352608,19.652608,กู,0.3,context_0.8,4800
C:\Users\muldi\Documents\Playground\University\senior-project-1\dataset\internet\clear\มันไปเล่นเอไอเอสชั่วโมงละ60บาท.wav,8.5937325,8.8937325,เหี้ย,0.3,main,4800
C:\Users\muldi\Documents\Playground\University\senior-project-1\dataset\internet\clear\Horror movie for WOKE!!!!!.wav,820.394117,820.694117,มึง,0.3,main,4800
C:\Users\muldi\Documents\Playground\University\senior-project-1\dataset\internet\clear\อะไรหายากสุด.wav,13.926202,14.226202,มึง,0.3,context_0.6,4800
C:\Users\muldi\Documents\Playground\University\senior-project-1\dataset\internet\clear\Horror movie for WOKE!!!!!.wav,811.905369,812.2053689999999,เย็ด,0.3,context_0.4,4800
C:\Users\muldi\Documents\Playground\University\senior-project-1\dataset\internet\clear\รายการเย็ดแม่.wav,21.000000000000025,21.300000000000026,none,0.3,none_sample,4800
C:\Users\muldi\Documents\Playground\University\senior-project-1\dataset\internet\clear\Horror movie for WOKE!!!!!.wav,1103.197582,1103.497582,กู,0.3,context_0.6,4800
C:\Users\muldi\Documents\Playground\University\senior-project-1\dataset\internet\clear\ซามามาเท.wav,25.632837000000002,25.932837000000003,มึง,0.3,main,4800
C:\Users\muldi\Documents\Playground\University\senior-project-1\dataset\internet\clear\Horror movie for WOKE!!!!!.wav,558.388045,558.688045,กู,0.3,context_0.2,4800
C:\Users\muldi\Documents\Playground\University\senior-project-1\dataset\internet\clear\Horror movie for WOKE!!!!!.wav,1001.257021,1001.557021,กู,0.3,context_0.4,4800
C:\Users\muldi\Documents\Playground\University\senior-project-1\dataset\internet\clear\Horror movie for WOKE!!!!!.wav,475.658725,475.958725,เหี้ย,0.3,main,4800
C:\Users\muldi\Documents\Playground\University\senior-project-1\dataset\internet\clear\Horror movie for WOKE!!!!!.wav,811.965369,812.265369,เย็ด,0.3,context_0.8,4800
C:\Users\muldi\Documents\Playground\University\senior-project-1\dataset\internet\clear\Horror movie for WOKE!!!!!.wav,553.53755,553.83755,มึง,0.3,main,4800
C:\Users\muldi\Documents\Playground\University\senior-project-1\dataset\internet\clear\รายการเย็ดแม่.wav,10.200000000000001,10.500000000000002,none,0.3,none_sample,4800
C:\Users\muldi\Documents\Playground\University\senior-project-1\dataset\internet\clear\Horror movie for WOKE!!!!!.wav,26.2309475,26.5309475,กู,0.3,main,4800
C:\Users\muldi\Documents\Playground\University\senior-project-1\dataset\internet\clear\รายการเย็ดแม่.wav,9.9,10.200000000000001,none,0.3,none_sample,4800
C:\Users\muldi\Documents\Playground\University\senior-project-1\dataset\internet\clear\Horror movie for WOKE!!!!!.wav,394.044194,394.344194,มึง,0.3,context_0.4,4800
C:\Users\muldi\Documents\Playground\University\senior-project-1\dataset\internet\clear\รายการเย็ดแม่.wav,260.96394,261.26394,เหี้ย,0.3,main,4800
C:\Users\muldi\Documents\Playground\University\senior-project-1\dataset\internet\clear\รายการเย็ดแม่.wav,34.860411,35.160410999999996,เย็ด,0.3,context_0.4,4800
C:\Users\muldi\Documents\Playground\University\senior-project-1\dataset\internet\clear\Horror movie for WOKE!!!!!.wav,968.7818715,969.0818714999999,มึง,0.3,main,4800
C:\Users\muldi\Documents\Playground\University\senior-project-1\dataset\internet\clear\รายการเย็ดแม่.wav,4.1999999999999975,4.499999999999997,none,0.3,none_sample,4800
C:\Users\muldi\Documents\Playground\University\senior-project-1\dataset\internet\clear\Horror movie for WOKE!!!!!.wav,670.681471,670.9814709999999,เหี้ย,0.3,main,4800
C:\Users\muldi\Documents\Playground\University\senior-project-1\dataset\internet\clear\มันไปเล่นเอไอเอสชั่วโมงละ60บาท.wav,10.420894,10.720894000000001,กู,0.3,context_0.2,4800
C:\Users\muldi\Documents\Playground\University\senior-project-1\dataset\internet\clear\รายการเย็ดแม่.wav,798.418588,798.718588,เย็ด,0.3,context_0.4,4800
C:\Users\muldi\Documents\Playground\University\senior-project-1\dataset\internet\clear\Horror movie for WOKE!!!!!.wav,1105.6688020000001,1105.968802,กู,0.3,context_0.6,4800
C:\Users\muldi\Documents\Playground\University\senior-project-1\dataset\internet\clear\รายการเย็ดแม่.wav,177.94553,178.24553,เย็ด,0.3,context_0.8,4800
C:\Users\muldi\Documents\Playground\University\senior-project-1\dataset\internet\clear\รายการเย็ดแม่.wav,572.592939,572.892939,เย็ด,0.3,main,4800
C:\Users\muldi\Documents\Playground\University\senior-project-1\dataset\internet\clear\รายการเย็ดแม่.wav,106.318161,106.618161,เย็ด,0.3,context_0.4,4800
C:\Users\muldi\Documents\Playground\University\senior-project-1\dataset\internet\clear\Horror movie for WOKE!!!!!.wav,518.1279350000001,518.427935,มึง,0.3,context_0.6,4800
C:\Users\muldi\Documents\Playground\University\senior-project-1\dataset\internet\clear\รายการเย็ดแม่.wav,20.700000000000024,21.000000000000025,none,0.3,none_sample,4800
C:\Users\muldi\Documents\Playground\University\senior-project-1\dataset\internet\clear\จารย์แดง1.wav,7.6556904999999995,7.955690499999999,มึง,0.3,main,4800
C:\Users\muldi\Documents\Playground\University\senior-project-1\dataset\internet\clear\ใต้น้ำยังจะตามมาอีก!!.wav,19.254388000000002,19.554388000000003,กู,0.3,context_0.6,4800
C:\Users\muldi\Documents\Playground\University\senior-project-1\dataset\internet\clear\คนน่ากลัวกว่าผีบอกเลย!.wav,45.038615,45.338615,กู,0.3,context_0.2,4800
C:\Users\muldi\Documents\Playground\University\senior-project-1\dataset\internet\clear\Horror movie for WOKE!!!!!.wav,590.2712495,590.5712494999999,มึง,0.3,main,4800
C:\Users\muldi\Documents\Playground\University\senior-project-1\dataset\internet\clear\รายการเย็ดแม่.wav,36.842985000000006,37.142985,เย็ด,0.3,main,4800
C:\Users\muldi\Documents\Playground\University\senior-project-1\dataset\internet\clear\ใต้น้ำยังจะตามมาอีก!!.wav,6.06593,6.36593,มึง,0.3,context_0.4,4800
C:\Users\muldi\Documents\Playground\University\senior-project-1\dataset\internet\clear\เคยอยากเป็นวีค่ายกระต่าย.wav,11.772371,12.072371,กู,0.3,context_0.4,4800
C:\Users\muldi\Documents\Playground\University\senior-project-1\dataset\internet\clear\Horror movie for WOKE!!!!!.wav,185.433758,185.73375800000002,เหี้ย,0.3,context_0.6,4800
C:\Users\muldi\Documents\Playground\University\senior-project-1\dataset\internet\clear\ถ้าวันนึงหีมึงเหี่ยว.wav,15.6319,15.9319,มึง,0.3,main,4800
C:\Users\muldi\Documents\Playground\University\senior-project-1\dataset\internet\clear\รายการเย็ดแม่.wav,13.80000000000001,14.10000000000001,none,0.3,none_sample,4800
C:\Users\muldi\Documents\Playground\University\senior-project-1\dataset\internet\clear\Horror movie for WOKE!!!!!.wav,2.1,2.4,none,0.3,none_sample,4800
C:\Users\muldi\Documents\Playground\University\senior-project-1\dataset\internet\clear\Horror movie for WOKE!!!!!.wav,883.21046,883.51046,มึง,0.3,context_0.2,4800
C:\Users\muldi\Documents\Playground\University\senior-project-1\dataset\internet\clear\Horror movie for WOKE!!!!!.wav,973.5184385000001,973.8184385000001,กู,0.3,main,4800
C:\Users\muldi\Documents\Playground\University\senior-project-1\dataset\internet\clear\Yo mama & แซนวิชบลูเบอร์รี่.wav,92.01385499999999,92.31385499999999,มึง,0.3,main,4800
C:\Users\muldi\Documents\Playground\University\senior-project-1\dataset\internet\noise\อะไรคือสิ่งที่ถูก.wav,9.802852000000001,10.102852000000002,กู,0.3,context_0.8,4800
C:\Users\muldi\Documents\Playground\University\senior-project-1\dataset\internet\clear\เดินเตะทุกอย่างบนโลก!.wav,11.58444,11.884440000000001,กู,0.3,context_0.2,4800
C:\Users\muldi\Documents\Playground\University\senior-project-1\dataset\internet\clear\รายการเย็ดแม่.wav,35.412074999999994,35.71207499999999,เย็ด,0.3,context_0.4,4800
C:\Users\muldi\Documents\Playground\University\senior-project-1\dataset\internet\clear\รายการเย็ดแม่.wav,3.2999999999999976,3.5999999999999974,none,0.3,none_sample,4800
C:\Users\muldi\Documents\Playground\University\senior-project-1\dataset\internet\clear\Horror movie for WOKE!!!!!.wav,17.10000000000002,17.40000000000002,none,0.3,none_sample,4800
C:\Users\muldi\Documents\Playground\University\senior-project-1\dataset\internet\clear\Horror movie for WOKE!!!!!.wav,111.74920599999999,112.04920599999998,เหี้ย,0.3,main,4800
C:\Users\muldi\Documents\Playground\University\senior-project-1\dataset\internet\clear\รายการเย็ดแม่.wav,404.99325600000003,405.29325600000004,กู,0.3,context_0.4,4800
C:\Users\muldi\Documents\Playground\University\senior-project-1\dataset\internet\clear\Horror movie for WOKE!!!!!.wav,185.433758,185.73375800000002,เหี้ย,0.3,context_0.6,4800
C:\Users\muldi\Documents\Playground\University\senior-project-1\dataset\internet\clear\รายการเย็ดแม่.wav,8.399999999999997,8.699999999999998,none,0.3,none_sample,4800
C:\Users\muldi\Documents\Playground\University\senior-project-1\dataset\internet\clear\Yo mama & แซนวิชบลูเบอร์รี่.wav,96.6231605,96.9231605,มึง,0.3,main,4800
C:\Users\muldi\Documents\Playground\University\senior-project-1\dataset\internet\clear\รายการเย็ดแม่.wav,106.288161,106.588161,เย็ด,0.3,context_0.2,4800
C:\Users\muldi\Documents\Playground\University\senior-project-1\dataset\internet\clear\รายการเย็ดแม่.wav,16.800000000000015,17.100000000000016,none,0.3,none_sample,4800
C:\Users\muldi\Documents\Playground\University\senior-project-1\dataset\internet\clear\Yo mama & แซนวิชบลูเบอร์รี่.wav,98.49823899999998,98.79823899999998,มึง,0.3,main,4800
C:\Users\muldi\Documents\Playground\University\senior-project-1\dataset\internet\clear\รายการเย็ดแม่.wav,580.888769,581.188769,กู,0.3,context_0.4,4800
C:\Users\muldi\Documents\Playground\University\senior-project-1\dataset\internet\clear\รายการเย็ดแม่.wav,107.873488,108.17348799999999,เย็ด,0.3,context_0.2,4800
C:\Users\muldi\Documents\Playground\University\senior-project-1\dataset\internet\clear\จารย์แดง1.wav,6.4506955,6.7506955,มึง,0.3,main,4800
C:\Users\muldi\Documents\Playground\University\senior-project-1\dataset\internet\clear\ซามามาเท.wav,0.3,0.6,none,0.3,none_sample,4800
C:\Users\muldi\Documents\Playground\University\senior-project-1\dataset\internet\clear\รายการเย็ดแม่.wav,0.0,0.3,none,0.3,none_sample,4800
C:\Users\muldi\Documents\Playground\University\senior-project-1\dataset\internet\clear\ซามามาเท.wav,0.6,0.8999999999999999,none,0.3,none_sample,4800
C:\Users\muldi\Documents\Playground\University\senior-project-1\dataset\internet\clear\เดินเตะทุกอย่างบนโลก!.wav,15.759596,16.059596,กู,0.3,context_0.8,4800
C:\Users\muldi\Documents\Playground\University\senior-project-1\dataset\internet\clear\Horror movie for WOKE!!!!!.wav,528.9947040000001,529.294704,มึง,0.3,main,4800
C:\Users\muldi\Documents\Playground\University\senior-project-1\dataset\internet\clear\เกิดแต่กับคีร์มากค่ะ.wav,2.8165555,3.1165555,มึง,0.3,main,4800
C:\Users\muldi\Documents\Playground\University\senior-project-1\dataset\internet\clear\โอ๊ต.wav,1076.619185,1076.919185,เหี้ย,0.3,main,4800
C:\Users\muldi\Documents\Playground\University\senior-project-1\dataset\internet\clear\ใต้น้ำยังจะตามมาอีก!!.wav,6.09593,6.39593,มึง,0.3,context_0.6,4800
C:\Users\muldi\Documents\Playground\University\senior-project-1\dataset\internet\clear\รายการเย็ดแม่.wav,108.80964,109.10964,กู,0.3,context_0.4,4800
C:\Users\muldi\Documents\Playground\University\senior-project-1\dataset\internet\clear\รายการเย็ดแม่.wav,3.2999999999999976,3.5999999999999974,none,0.3,none_sample,4800
C:\Users\muldi\Documents\Playground\University\senior-project-1\dataset\internet\clear\รายการเย็ดแม่.wav,520.052131,520.352131,กู,0.3,context_0.8,4800
C:\Users\muldi\Documents\Playground\University\senior-project-1\dataset\internet\clear\Horror movie for WOKE!!!!!.wav,391.33526300000005,391.63526300000007,กู,0.3,main,4800
C:\Users\muldi\Documents\Playground\University\senior-project-1\dataset\internet\clear\Horror movie for WOKE!!!!!.wav,98.1573765,98.4573765,เหี้ย,0.3,main,4800
C:\Users\muldi\Documents\Playground\University\senior-project-1\dataset\internet\clear\รายการเย็ดแม่.wav,92.522736,92.82273599999999,กู,0.3,context_0.2,4800
C:\Users\muldi\Documents\Playground\University\senior-project-1\dataset\internet\clear\เพื่อนบ้านหรรษาของจริงๆ.wav,0.3,0.6,none,0.3,none_sample,4800
C:\Users\muldi\Documents\Playground\University\senior-project-1\dataset\internet\clear\รายการเย็ดแม่.wav,588.7887755,589.0887755,เหี้ย,0.3,main,4800
C:\Users\muldi\Documents\Playground\University\senior-project-1\dataset\internet\clear\รายการเย็ดแม่.wav,33.908825,34.208825,เย็ด,0.3,context_0.6,4800
C:\Users\muldi\Documents\Playground\University\senior-project-1\dataset\internet\clear\จารย์แดง1.wav,8.553010500000001,8.853010500000002,เหี้ย,0.3,main,4800
C:\Users\muldi\Documents\Playground\University\senior-project-1\dataset\internet\clear\Horror movie for WOKE!!!!!.wav,826.711044,827.011044,กู,0.3,context_0.4,4800
C:\Users\muldi\Documents\Playground\University\senior-project-1\dataset\internet\clear\Horror movie for WOKE!!!!!.wav,1065.625189,1065.925189,เหี้ย,0.3,context_0.4,4800
C:\Users\muldi\Documents\Playground\University\senior-project-1\dataset\internet\clear\Horror movie for WOKE!!!!!.wav,1021.5948080000001,1021.894808,เหี้ย,0.3,main,4800
C:\Users\muldi\Documents\Playground\University\senior-project-1\dataset\internet\clear\เคยอยากเป็นวีค่ายกระต่าย.wav,11.742371,12.042371000000001,กู,0.3,context_0.2,4800
C:\Users\muldi\Documents\Playground\University\senior-project-1\dataset\internet\clear\ใต้น้ำยังจะตามมาอีก!!.wav,9.261706,9.561706000000001,กู,0.3,context_0.8,4800
C:\Users\muldi\Documents\Playground\University\senior-project-1\dataset\internet\clear\รายการเย็ดแม่.wav,2.797098,3.097098,เย็ด,0.3,context_0.2,4800
C:\Users\muldi\Documents\Playground\University\senior-project-1\dataset\internet\clear\ประชุมรวมญาติเชลซี.wav,0.6,0.8999999999999999,none,0.3,none_sample,4800
C:\Users\muldi\Documents\Playground\University\senior-project-1\dataset\internet\clear\เดินเตะทุกอย่างบนโลก!.wav,2.6999999999999997,2.9999999999999996,none,0.3,none_sample,4800
C:\Users\muldi\Documents\Playground\University\senior-project-1\dataset\internet\clear\เดินเตะทุกอย่างบนโลก!.wav,1.5,1.8,none,0.3,none_sample,4800
C:\Users\muldi\Documents\Playground\University\senior-project-1\dataset\internet\noise\อะไรคือสิ่งที่ถูก.wav,1.62,1.9200000000000002,none,0.3,none_sample,4800
C:\Users\muldi\Documents\Playground\University\senior-project-1\dataset\internet\clear\รายการเย็ดแม่.wav,609.467748,609.767748,เหี้ย,0.3,main,4800
C:\Users\muldi\Documents\Playground\University\senior-project-1\dataset\internet\clear\Horror movie for WOKE!!!!!.wav,1013.9639515,1014.2639515,เหี้ย,0.3,main,4800
C:\Users\muldi\Documents\Playground\University\senior-project-1\dataset\internet\clear\Horror movie for WOKE!!!!!.wav,547.6609820000001,547.9609820000001,กู,0.3,context_0.6,4800
C:\Users\muldi\Documents\Playground\University\senior-project-1\dataset\internet\clear\เพื่อนบ้านหรรษาของจริงๆ.wav,37.834212,38.134212,เหี้ย,0.3,main,4800
C:\Users\muldi\Documents\Playground\University\senior-project-1\dataset\internet\clear\ใต้น้ำยังจะตามมาอีก!!.wav,19.224388,19.524388000000002,กู,0.3,context_0.4,4800
C:\Users\muldi\Documents\Playground\University\senior-project-1\dataset\internet\clear\รายการเย็ดแม่.wav,13.500000000000009,13.80000000000001,none,0.3,none_sample,4800
C:\Users\muldi\Documents\Playground\University\senior-project-1\dataset\internet\clear\Horror movie for WOKE!!!!!.wav,883.30046,883.60046,มึง,0.3,context_0.8,4800
C:\Users\muldi\Documents\Playground\University\senior-project-1\dataset\internet\clear\จารย์แดง1.wav,6.4506955,6.7506955,มึง,0.3,main,4800
C:\Users\muldi\Documents\Playground\University\senior-project-1\dataset\internet\clear\รายการเย็ดแม่.wav,798.418588,798.718588,เย็ด,0.3,context_0.4,4800
C:\Users\muldi\Documents\Playground\University\senior-project-1\dataset\internet\clear\โอ๊ต.wav,273.5404125,273.8404125,กู,0.3,main,4800
C:\Users\muldi\Documents\Playground\University\senior-project-1\dataset\internet\clear\Horror movie for WOKE!!!!!.wav,825.094468,825.394468,มึง,0.3,main,4800
C:\Users\muldi\Documents\Playground\University\senior-project-1\dataset\internet\noise\หาสัญลักษณ์ตามฉบับ New World Order ในเพลง จี่หอย.wav,100.9359925,101.2359925,มึง,0.3,main,4800
C:\Users\muldi\Documents\Playground\University\senior-project-1\dataset\internet\clear\พากย์สุดโต่ง VS พากย์สุขุม.wav,118.7221635,119.02216349999999,มึง,0.3,main,4800
C:\Users\muldi\Documents\Playground\University\senior-project-1\dataset\internet\clear\Yo mama & แซนวิชบลูเบอร์รี่.wav,103.875744,104.175744,มึง,0.3,context_0.8,4800
C:\Users\muldi\Documents\Playground\University\senior-project-1\dataset\internet\clear\รายการเย็ดแม่.wav,208.6214465,208.9214465,เหี้ย,0.3,main,4800
C:\Users\muldi\Documents\Playground\University\senior-project-1\dataset\internet\clear\เดินเตะทุกอย่างบนโลก!.wav,0.6,0.8999999999999999,none,0.3,none_sample,4800
C:\Users\muldi\Documents\Playground\University\senior-project-1\dataset\internet\clear\Horror movie for WOKE!!!!!.wav,1065.655189,1065.955189,เหี้ย,0.3,context_0.6,4800
C:\Users\muldi\Documents\Playground\University\senior-project-1\dataset\internet\clear\จารย์แดง1.wav,3.4150880000000003,3.715088,เหี้ย,0.3,main,4800
C:\Users\muldi\Documents\Playground\University\senior-project-1\dataset\internet\clear\โอ๊ต.wav,1.5,1.8,none,0.3,none_sample,4800
C:\Users\muldi\Documents\Playground\University\senior-project-1\dataset\internet\clear\Horror movie for WOKE!!!!!.wav,1055.767682,1056.0676819999999,เหี้ย,0.3,main,4800
C:\Users\muldi\Documents\Playground\University\senior-project-1\dataset\internet\clear\รายการเย็ดแม่.wav,107.129344,107.429344,เย็ด,0.3,context_0.6,4800
C:\Users\muldi\Documents\Playground\University\senior-project-1\dataset\internet\clear\Horror movie for WOKE!!!!!.wav,824.551056,824.851056,กู,0.3,context_0.4,4800
C:\Users\muldi\Documents\Playground\University\senior-project-1\dataset\internet\clear\Horror movie for WOKE!!!!!.wav,825.094468,825.394468,มึง,0.3,main,4800
C:\Users\muldi\Documents\Playground\University\senior-project-1\dataset\internet\clear\รายการเย็ดแม่.wav,32.5336345,32.833634499999995,เย็ด,0.3,main,4800
C:\Users\muldi\Documents\Playground\University\senior-project-1\dataset\internet\clear\ชีวิตมันจะสู้ก็ต้องสู้ #honkaistarrail.wav,0.3,0.6,none,0.3,none_sample,4800
C:\Users\muldi\Documents\Playground\University\senior-project-1\dataset\internet\clear\Horror movie for WOKE!!!!!.wav,430.055199,430.355199,มึง,0.3,main,4800
C:\Users\muldi\Documents\Playground\University\senior-project-1\dataset\internet\clear\Horror movie for WOKE!!!!!.wav,808.0175475,808.3175474999999,เหี้ย,0.3,main,4800
C:\Users\muldi\Documents\Playground\University\senior-project-1\dataset\internet\clear\รายการเย็ดแม่.wav,206.305352,206.605352,กู,0.3,context_0.4,4800
C:\Users\muldi\Documents\Playground\University\senior-project-1\dataset\internet\clear\รายการเย็ดแม่.wav,177.94553,178.24553,เย็ด,0.3,context_0.8,4800
C:\Users\muldi\Documents\Playground\University\senior-project-1\dataset\internet\clear\รายการเย็ดแม่.wav,670.218123,670.518123,เหี้ย,0.3,main,4800
C:\Users\muldi\Documents\Playground\University\senior-project-1\dataset\internet\clear\Horror movie for WOKE!!!!!.wav,874.166434,874.4664339999999,มึง,0.3,context_0.8,4800
C:\Users\muldi\Documents\Playground\University\senior-project-1\dataset\internet\clear\Horror movie for WOKE!!!!!.wav,7.799999999999997,8.099999999999998,none,0.3,none_sample,4800
C:\Users\muldi\Documents\Playground\University\senior-project-1\dataset\internet\clear\ประชุมรวมญาติเชลซี.wav,180.505019,180.80501900000002,กู,0.3,context_0.6,4800
C:\Users\muldi\Documents\Playground\University\senior-project-1\dataset\internet\clear\รายการเย็ดแม่.wav,182.0581215,182.3581215,เหี้ย,0.3,main,4800
C:\Users\muldi\Documents\Playground\University\senior-project-1\dataset\internet\clear\รายการเย็ดแม่.wav,204.262261,204.562261,มึง,0.3,main,4800
C:\Users\muldi\Documents\Playground\University\senior-project-1\dataset\internet\clear\Yo mama & แซนวิชบลูเบอร์รี่.wav,107.39432099999999,107.69432099999999,มึง,0.3,context_0.4,4800
C:\Users\muldi\Documents\Playground\University\senior-project-1\dataset\internet\clear\Horror movie for WOKE!!!!!.wav,1021.5948080000001,1021.894808,เหี้ย,0.3,main,4800
C:\Users\muldi\Documents\Playground\University\senior-project-1\dataset\internet\clear\Horror movie for WOKE!!!!!.wav,858.112414,858.4124139999999,กู,0.3,context_0.4,4800
C:\Users\muldi\Documents\Playground\University\senior-project-1\dataset\internet\clear\Horror movie for WOKE!!!!!.wav,563.540125,563.840125,กู,0.3,context_0.4,4800
C:\Users\muldi\Documents\Playground\University\senior-project-1\dataset\internet\clear\Yo mama & แซนวิชบลูเบอร์รี่.wav,44.627643,44.927642999999996,มึง,0.3,main,4800
C:\Users\muldi\Documents\Playground\University\senior-project-1\dataset\internet\clear\รายการเย็ดแม่.wav,653.260944,653.560944,เหี้ย,0.3,context_0.4,4800
C:\Users\muldi\Documents\Playground\University\senior-project-1\dataset\internet\clear\Horror movie for WOKE!!!!!.wav,185.373758,185.67375800000002,เหี้ย,0.3,context_0.2,4800
C:\Users\muldi\Documents\Playground\University\senior-project-1\dataset\internet\clear\Horror movie for WOKE!!!!!.wav,731.9037715000001,732.2037715,เหี้ย,0.3,main,4800
C:\Users\muldi\Documents\Playground\University\senior-project-1\dataset\internet\clear\Horror movie for WOKE!!!!!.wav,665.590141,665.890141,เหี้ย,0.3,main,4800
C:\Users\muldi\Documents\Playground\University\senior-project-1\dataset\internet\clear\Yo mama & แซนวิชบลูเบอร์รี่.wav,107.39432099999999,107.69432099999999,มึง,0.3,context_0.4,4800
C:\Users\muldi\Documents\Playground\University\senior-project-1\dataset\internet\clear\Horror movie for WOKE!!!!!.wav,883.21046,883.51046,มึง,0.3,context_0.2,4800
C:\Users\muldi\Documents\Playground\University\senior-project-1\dataset\internet\clear\ลิ้นจระเข้ กินอะไรก็อร่อย.wav,12.0628985,12.3628985,กู,0.3,main,4800
C:\Users\muldi\Documents\Playground\University\senior-project-1\dataset\internet\clear\รายการเย็ดแม่.wav,588.7887755,589.0887755,เหี้ย,0.3,main,4800
C:\Users\muldi\Documents\Playground\University\senior-project-1\dataset\internet\clear\Horror movie for WOKE!!!!!.wav,9.600000000000001,9.900000000000002,none,0.3,none_sample,4800
C:\Users\muldi\Documents\Playground\University\senior-project-1\dataset\internet\clear\Horror movie for WOKE!!!!!.wav,729.204579,729.5045789999999,กู,0.3,context_0.4,4800
C:\Users\muldi\Documents\Playground\University\senior-project-1\dataset\internet\clear\Yo mama & แซนวิชบลูเบอร์รี่.wav,24.2747715,24.5747715,มึง,0.3,main,4800
C:\Users\muldi\Documents\Playground\University\senior-project-1\dataset\internet\clear\เดินเตะทุกอย่างบนโลก!.wav,11.61444,11.91444,กู,0.3,context_0.4,4800
C:\Users\muldi\Documents\Playground\University\senior-project-1\dataset\internet\clear\เดินเตะทุกอย่างบนโลก!.wav,1.5,1.8,none,0.3,none_sample,4800
C:\Users\muldi\Documents\Playground\University\senior-project-1\dataset\internet\clear\วิ่งหนี or วิ่งใส่.wav,11.752995,12.052995000000001,กู,0.3,main,4800
C:\Users\muldi\Documents\Playground\University\senior-project-1\dataset\internet\clear\รายการเย็ดแม่.wav,582.220521,582.5205209999999,เย็ด,0.3,context_0.2,4800
C:\Users\muldi\Documents\Playground\University\senior-project-1\dataset\internet\clear\รายการเย็ดแม่.wav,35.472075,35.772074999999994,เย็ด,0.3,context_0.8,4800
C:\Users\muldi\Documents\Playground\University\senior-project-1\dataset\internet\clear\Horror movie for WOKE!!!!!.wav,874.1064339999999,874.4064339999999,มึง,0.3,context_0.4,4800
C:\Users\muldi\Documents\Playground\University\senior-project-1\dataset\internet\clear\รายการเย็ดแม่.wav,2.8870980000000004,3.187098,เย็ด,0.3,context_0.8,4800
C:\Users\muldi\Documents\Playground\University\senior-project-1\dataset\internet\clear\Horror movie for WOKE!!!!!.wav,526.6697015,526.9697014999999,มึง,0.3,main,4800
C:\Users\muldi\Documents\Playground\University\senior-project-1\dataset\internet\clear\รายการเย็ดแม่.wav,582.2505209999999,582.5505209999999,เย็ด,0.3,context_0.4,4800
C:\Users\muldi\Documents\Playground\University\senior-project-1\dataset\internet\clear\รายการเย็ดแม่.wav,960.210035,960.5100349999999,กู,0.3,context_0.4,4800
C:\Users\muldi\Documents\Playground\University\senior-project-1\dataset\internet\clear\Horror movie for WOKE!!!!!.wav,895.5380495,895.8380495,เหี้ย,0.3,main,4800
C:\Users\muldi\Documents\Playground\University\senior-project-1\dataset\internet\clear\Horror movie for WOKE!!!!!.wav,81.1188185,81.4188185,เหี้ย,0.3,main,4800
C:\Users\muldi\Documents\Playground\University\senior-project-1\dataset\internet\clear\Horror movie for WOKE!!!!!.wav,518.1579350000001,518.457935,มึง,0.3,context_0.8,4800
C:\Users\muldi\Documents\Playground\University\senior-project-1\dataset\internet\clear\รายการเย็ดแม่.wav,774.2324105,774.5324105,กู,0.3,main,4800
C:\Users\muldi\Documents\Playground\University\senior-project-1\dataset\internet\clear\Yo mama & แซนวิชบลูเบอร์รี่.wav,83.67128299999999,83.97128299999999,มึง,0.3,main,4800
C:\Users\muldi\Documents\Playground\University\senior-project-1\dataset\internet\clear\เดินเตะทุกอย่างบนโลก!.wav,20.407368,20.707368000000002,กู,0.3,context_0.4,4800
C:\Users\muldi\Documents\Playground\University\senior-project-1\dataset\internet\clear\รายการเย็ดแม่.wav,107.489723,107.789723,เย็ด,0.3,context_0.2,4800
C:\Users\muldi\Documents\Playground\University\senior-project-1\dataset\internet\clear\ใต้น้ำยังจะตามมาอีก!!.wav,49.123995,49.423995,เหี้ย,0.3,main,4800
C:\Users\muldi\Documents\Playground\University\senior-project-1\dataset\internet\clear\Horror movie for WOKE!!!!!.wav,0.3,0.6,none,0.3,none_sample,4800
C:\Users\muldi\Documents\Playground\University\senior-project-1\dataset\internet\clear\Horror movie for WOKE!!!!!.wav,32.973757,33.273756999999996,เหี้ย,0.3,main,4800
C:\Users\muldi\Documents\Playground\University\senior-project-1\dataset\internet\clear\จารย์แดง1.wav,7.379096,7.6790959999999995,เหี้ย,0.3,main,4800
C:\Users\muldi\Documents\Playground\University\senior-project-1\dataset\internet\clear\รายการเย็ดแม่.wav,34.830411000000005,35.130411,เย็ด,0.3,context_0.2,4800
C:\Users\muldi\Documents\Playground\University\senior-project-1\dataset\internet\clear\Horror movie for WOKE!!!!!.wav,811.875369,812.1753689999999,เย็ด,0.3,context_0.2,4800
C:\Users\muldi\Documents\Playground\University\senior-project-1\dataset\internet\clear\Horror movie for WOKE!!!!!.wav,10.500000000000004,10.800000000000004,none,0.3,none_sample,4800
C:\Users\muldi\Documents\Playground\University\senior-project-1\dataset\internet\clear\รายการเย็ดแม่.wav,33.938825,34.238825,เย็ด,0.3,context_0.8,4800
C:\Users\muldi\Documents\Playground\University\senior-project-1\dataset\internet\clear\ชีวิตมันจะสู้ก็ต้องสู้ #honkaistarrail.wav,0.3,0.6,none,0.3,none_sample,4800
C:\Users\muldi\Documents\Playground\University\senior-project-1\dataset\internet\clear\Horror movie for WOKE!!!!!.wav,12.90000000000001,13.20000000000001,none,0.3,none_sample,4800
C:\Users\muldi\Documents\Playground\University\senior-project-1\dataset\internet\effect\เมื่อไตระบายความในใจ.wav,92.92029499999998,93.22029499999998,มึง,0.3,main,4800
C:\Users\muldi\Documents\Playground\University\senior-project-1\dataset\internet\clear\รายการเย็ดแม่.wav,934.713337,935.013337,เย็ด,0.3,main,4800
C:\Users\muldi\Documents\Playground\University\senior-project-1\dataset\internet\clear\Horror movie for WOKE!!!!!.wav,430.055199,430.355199,มึง,0.3,main,4800
C:\Users\muldi\Documents\Playground\University\senior-project-1\dataset\internet\clear\รายการเย็ดแม่.wav,432.4934525,432.7934525,เหี้ย,0.3,main,4800
C:\Users\muldi\Documents\Playground\University\senior-project-1\dataset\internet\clear\รายการเย็ดแม่.wav,653.320944,653.620944,เหี้ย,0.3,context_0.8,4800
C:\Users\muldi\Documents\Playground\University\senior-project-1\dataset\internet\clear\รายการเย็ดแม่.wav,816.820061,817.120061,กู,0.3,context_0.4,4800
C:\Users\muldi\Documents\Playground\University\senior-project-1\dataset\internet\clear\รายการเย็ดแม่.wav,792.8360389999999,793.1360389999999,มึง,0.3,context_0.4,4800
C:\Users\muldi\Documents\Playground\University\senior-project-1\dataset\internet\clear\รายการเย็ดแม่.wav,2.1,2.4,none,0.3,none_sample,4800
C:\Users\muldi\Documents\Playground\University\senior-project-1\dataset\internet\clear\Horror movie for WOKE!!!!!.wav,917.8241710000001,918.124171,เหี้ย,0.3,main,4800
C:\Users\muldi\Documents\Playground\University\senior-project-1\dataset\internet\clear\เคยอยากเป็นวีค่ายกระต่าย.wav,11.802370999999999,12.102371,กู,0.3,context_0.6,4800
C:\Users\muldi\Documents\Playground\University\senior-project-1\dataset\internet\clear\รายการเย็ดแม่.wav,114.77402099999999,115.07402099999999,เย็ด,0.3,context_0.4,4800
C:\Users\muldi\Documents\Playground\University\senior-project-1\dataset\internet\clear\ประชุมรวมญาติเชลซี.wav,0.6,0.8999999999999999,none,0.3,none_sample,4800
C:\Users\muldi\Documents\Playground\University\senior-project-1\dataset\internet\clear\Horror movie for WOKE!!!!!.wav,665.590141,665.890141,เหี้ย,0.3,main,4800
C:\Users\muldi\Documents\Playground\University\senior-project-1\dataset\internet\clear\รายการเย็ดแม่.wav,107.159344,107.459344,เย็ด,0.3,context_0.8,4800
C:\Users\muldi\Documents\Playground\University\senior-project-1\dataset\internet\clear\ถ้าวันนึงหีมึงเหี่ยว.wav,12.838725,13.138725,กู,0.3,context_0.4,4800
C:\Users\muldi\Documents\Playground\University\senior-project-1\dataset\internet\clear\อะชิมะหม๋า.wav,19.062031500000003,19.362031500000004,มึง,0.3,main,4800
C:\Users\muldi\Documents\Playground\University\senior-project-1\dataset\internet\clear\รายการเย็ดแม่.wav,783.7090274999999,784.0090274999999,เหี้ย,0.3,main,4800
C:\Users\muldi\Documents\Playground\University\senior-project-1\dataset\internet\clear\เพื่อนบ้านหรรษาของจริงๆ.wav,37.834212,38.134212,เหี้ย,0.3,main,4800
C:\Users\muldi\Documents\Playground\University\senior-project-1\dataset\internet\clear\Horror movie for WOKE!!!!!.wav,458.697717,458.997717,เหี้ย,0.3,main,4800
C:\Users\muldi\Documents\Playground\University\senior-project-1\dataset\internet\clear\รายการเย็ดแม่.wav,106.378161,106.678161,เย็ด,0.3,context_0.8,4800
C:\Users\muldi\Documents\Playground\University\senior-project-1\dataset\internet\clear\รายการเย็ดแม่.wav,92.552736,92.852736,กู,0.3,context_0.4,4800
C:\Users\muldi\Documents\Playground\University\senior-project-1\dataset\internet\clear\รายการเย็ดแม่.wav,108.545772,108.845772,เย็ด,0.3,context_0.6,4800
C:\Users\muldi\Documents\Playground\University\senior-project-1\dataset\internet\noise\อะไรคือสิ่งที่ถูก.wav,2.167271,2.4672709999999998,กู,0.3,context_0.6,4800
C:\Users\muldi\Documents\Playground\University\senior-project-1\dataset\internet\clear\Horror movie for WOKE!!!!!.wav,1021.5948080000001,1021.894808,เหี้ย,0.3,main,4800
C:\Users\muldi\Documents\Playground\University\senior-project-1\dataset\internet\clear\รายการเย็ดแม่.wav,444.39571850000004,444.69571850000005,เหี้ย,0.3,main,4800
C:\Users\muldi\Documents\Playground\University\senior-project-1\dataset\internet\clear\โอ๊ต.wav,20.366934,20.666934,กู,0.3,context_0.2,4800
C:\Users\muldi\Documents\Playground\University\senior-project-1\dataset\internet\clear\รายการเย็ดแม่.wav,34.830411000000005,35.130411,เย็ด,0.3,context_0.2,4800
C:\Users\muldi\Documents\Playground\University\senior-project-1\dataset\internet\clear\ซามามาเท.wav,18.30396,18.60396,กู,0.3,context_0.4,4800
C:\Users\muldi\Documents\Playground\University\senior-project-1\dataset\internet\clear\รายการเย็ดแม่.wav,13.80000000000001,14.10000000000001,none,0.3,none_sample,4800
C:\Users\muldi\Documents\Playground\University\senior-project-1\dataset\internet\clear\Horror movie for WOKE!!!!!.wav,983.499685,983.799685,มึง,0.3,main,4800
C:\Users\muldi\Documents\Playground\University\senior-project-1\dataset\internet\clear\รายการเย็ดแม่.wav,260.96394,261.26394,เหี้ย,0.3,main,4800
C:\Users\muldi\Documents\Playground\University\senior-project-1\dataset\internet\clear\รายการเย็ดแม่.wav,108.575772,108.875772,เย็ด,0.3,context_0.8,4800
C:\Users\muldi\Documents\Playground\University\senior-project-1\dataset\internet\clear\รายการเย็ดแม่.wav,14.700000000000012,15.000000000000012,none,0.3,none_sample,4800
C:\Users\muldi\Documents\Playground\University\senior-project-1\dataset\internet\clear\Horror movie for WOKE!!!!!.wav,1019.4414225,1019.7414225,มึง,0.3,main,4800
C:\Users\muldi\Documents\Playground\University\senior-project-1\dataset\internet\clear\Horror movie for WOKE!!!!!.wav,452.9193385,453.2193385,เหี้ย,0.3,main,4800
C:\Users\muldi\Documents\Playground\University\senior-project-1\dataset\internet\clear\ชีวิตมันจะสู้ก็ต้องสู้ #honkaistarrail.wav,24.327903000000003,24.627903000000003,มึง,0.3,context_0.6,4800
C:\Users\muldi\Documents\Playground\University\senior-project-1\dataset\internet\clear\ลิ้นจระเข้ กินอะไรก็อร่อย.wav,39.616405,39.916405,กู,0.3,context_0.2,4800
C:\Users\muldi\Documents\Playground\University\senior-project-1\dataset\internet\clear\Horror movie for WOKE!!!!!.wav,564.916637,565.216637,มึง,0.3,main,4800
C:\Users\muldi\Documents\Playground\University\senior-project-1\dataset\internet\clear\รายการเย็ดแม่.wav,34.830411000000005,35.130411,เย็ด,0.3,context_0.2,4800
C:\Users\muldi\Documents\Playground\University\senior-project-1\dataset\internet\clear\Horror movie for WOKE!!!!!.wav,883.24046,883.5404599999999,มึง,0.3,context_0.4,4800
C:\Users\muldi\Documents\Playground\University\senior-project-1\dataset\internet\clear\Horror movie for WOKE!!!!!.wav,2.4,2.6999999999999997,none,0.3,none_sample,4800
C:\Users\muldi\Documents\Playground\University\senior-project-1\dataset\internet\clear\รายการเย็ดแม่.wav,651.86817,652.1681699999999,กู,0.3,context_0.2,4800
C:\Users\muldi\Documents\Playground\University\senior-project-1\dataset\internet\clear\รายการเย็ดแม่.wav,444.39571850000004,444.69571850000005,เหี้ย,0.3,main,4800
C:\Users\muldi\Documents\Playground\University\senior-project-1\dataset\internet\clear\Horror movie for WOKE!!!!!.wav,18.300000000000022,18.600000000000023,none,0.3,none_sample,4800
C:\Users\muldi\Documents\Playground\University\senior-project-1\dataset\internet\clear\ชีวิตมันจะสู้ก็ต้องสู้ #honkaistarrail.wav,3.477078,3.777078,มึง,0.3,main,4800
C:\Users\muldi\Documents\Playground\University\senior-project-1\dataset\internet\clear\Horror movie for WOKE!!!!!.wav,1063.5399415,1063.8399415,เหี้ย,0.3,main,4800
C:\Users\muldi\Documents\Playground\University\senior-project-1\dataset\internet\clear\Horror movie for WOKE!!!!!.wav,1065.655189,1065.955189,เหี้ย,0.3,context_0.6,4800
C:\Users\muldi\Documents\Playground\University\senior-project-1\dataset\internet\clear\ประชุมรวมญาติเชลซี.wav,142.821353,143.121353,กู,0.3,context_0.2,4800
C:\Users\muldi\Documents\Playground\University\senior-project-1\dataset\internet\clear\ลิ้นจระเข้ กินอะไรก็อร่อย.wav,58.756471999999995,59.05647199999999,เหี้ย,0.3,main,4800
C:\Users\muldi\Documents\Playground\University\senior-project-1\dataset\internet\clear\รายการเย็ดแม่.wav,114.80402099999999,115.10402099999999,เย็ด,0.3,context_0.6,4800
C:\Users\muldi\Documents\Playground\University\senior-project-1\dataset\internet\clear\รายการเย็ดแม่.wav,951.7577170000001,952.057717,เย็ด,0.3,context_0.8,4800
C:\Users\muldi\Documents\Playground\University\senior-project-1\dataset\internet\clear\เกิดแต่กับคีร์มากค่ะ.wav,26.0116375,26.3116375,มึง,0.3,main,4800
C:\Users\muldi\Documents\Playground\University\senior-project-1\dataset\internet\clear\รายการเย็ดแม่.wav,35.382075,35.682075,เย็ด,0.3,context_0.2,4800
C:\Users\muldi\Documents\Playground\University\senior-project-1\dataset\internet\clear\Horror movie for WOKE!!!!!.wav,8.399999999999999,8.7,none,0.3,none_sample,4800
C:\Users\muldi\Documents\Playground\University\senior-project-1\dataset\internet\clear\Horror movie for WOKE!!!!!.wav,1017.0669675,1017.3669675,มึง,0.3,main,4800
C:\Users\muldi\Documents\Playground\University\senior-project-1\dataset\internet\clear\รายการเย็ดแม่.wav,151.976016,152.276016,กู,0.3,context_0.8,4800
C:\Users\muldi\Documents\Playground\University\senior-project-1\dataset\internet\clear\รายการเย็ดแม่.wav,653.260944,653.560944,เหี้ย,0.3,context_0.4,4800
C:\Users\muldi\Documents\Playground\University\senior-project-1\dataset\internet\clear\Horror movie for WOKE!!!!!.wav,553.53755,553.83755,มึง,0.3,main,4800
C:\Users\muldi\Documents\Playground\University\senior-project-1\dataset\internet\clear\Horror movie for WOKE!!!!!.wav,1065.625189,1065.925189,เหี้ย,0.3,context_0.4,4800
C:\Users\muldi\Documents\Playground\University\senior-project-1\dataset\internet\clear\รายการเย็ดแม่.wav,13.200000000000008,13.500000000000009,none,0.3,none_sample,4800
C:\Users\muldi\Documents\Playground\University\senior-project-1\dataset\internet\clear\Horror movie for WOKE!!!!!.wav,874.136434,874.436434,มึง,0.3,context_0.6,4800
C:\Users\muldi\Documents\Playground\University\senior-project-1\dataset\internet\clear\รายการเย็ดแม่.wav,951.667717,951.967717,เย็ด,0.3,context_0.2,4800
C:\Users\muldi\Documents\Playground\University\senior-project-1\dataset\internet\clear\รายการเย็ดแม่.wav,150.922117,151.222117,เย็ด,0.3,main,4800
C:\Users\muldi\Documents\Playground\University\senior-project-1\dataset\internet\clear\รายการเย็ดแม่.wav,2.8870980000000004,3.187098,เย็ด,0.3,context_0.8,4800
C:\Users\muldi\Documents\Playground\University\senior-project-1\dataset\internet\clear\รายการเย็ดแม่.wav,432.4934525,432.7934525,เหี้ย,0.3,main,4800
C:\Users\muldi\Documents\Playground\University\senior-project-1\dataset\internet\clear\Horror movie for WOKE!!!!!.wav,1065.5951890000001,1065.895189,เหี้ย,0.3,context_0.2,4800
C:\Users\muldi\Documents\Playground\University\senior-project-1\dataset\internet\clear\รายการเย็ดแม่.wav,11.100000000000003,11.400000000000004,none,0.3,none_sample,4800
C:\Users\muldi\Documents\Playground\University\senior-project-1\dataset\internet\clear\เกิดแต่กับคีร์มากค่ะ.wav,2.8165555,3.1165555,มึง,0.3,main,4800
C:\Users\muldi\Documents\Playground\University\senior-project-1\dataset\internet\clear\รายการเย็ดแม่.wav,2.857098,3.157098,เย็ด,0.3,context_0.6,4800
C:\Users\muldi\Documents\Playground\University\senior-project-1\dataset\internet\clear\อะชิมะหม๋า.wav,18.564348000000003,18.864348000000003,กู,0.3,main,4800
C:\Users\muldi\Documents\Playground\University\senior-project-1\dataset\internet\clear\รายการเย็ดแม่.wav,206.365352,206.665352,กู,0.3,context_0.8,4800
C:\Users\muldi\Documents\Playground\University\senior-project-1\dataset\internet\clear\รายการเย็ดแม่.wav,650.5075155000001,650.8075155,กู,0.3,main,4800
C:\Users\muldi\Documents\Playground\University\senior-project-1\dataset\internet\clear\รายการเย็ดแม่.wav,13.80000000000001,14.10000000000001,none,0.3,none_sample,4800
C:\Users\muldi\Documents\Playground\University\senior-project-1\dataset\internet\clear\ใต้น้ำยังจะตามมาอีก!!.wav,21.476080500000002,21.776080500000003,เหี้ย,0.3,main,4800
C:\Users\muldi\Documents\Playground\University\senior-project-1\dataset\internet\clear\รายการเย็ดแม่.wav,107.933488,108.233488,เย็ด,0.3,context_0.6,4800
C:\Users\muldi\Documents\Playground\University\senior-project-1\dataset\internet\clear\เดินเตะทุกอย่างบนโลก!.wav,11.67444,11.974440000000001,กู,0.3,context_0.8,4800
C:\Users\muldi\Documents\Playground\University\senior-project-1\dataset\internet\clear\รายการเย็ดแม่.wav,255.02347,255.32347000000001,กู,0.3,context_0.2,4800
C:\Users\muldi\Documents\Playground\University\senior-project-1\dataset\internet\clear\ประชุมรวมญาติเชลซี.wav,142.851353,143.151353,กู,0.3,context_0.4,4800
C:\Users\muldi\Documents\Playground\University\senior-project-1\dataset\internet\clear\Horror movie for WOKE!!!!!.wav,608.9103819999999,609.2103819999999,มึง,0.3,context_0.4,4800
C:\Users\muldi\Documents\Playground\University\senior-project-1\dataset\internet\clear\รายการเย็ดแม่.wav,299.97928900000005,300.27928900000006,กู,0.3,context_0.8,4800
C:\Users\muldi\Documents\Playground\University\senior-project-1\dataset\internet\clear\รายการเย็ดแม่.wav,114.83402099999999,115.13402099999999,เย็ด,0.3,context_0.8,4800
C:\Users\muldi\Documents\Playground\University\senior-project-1\dataset\internet\clear\Horror movie for WOKE!!!!!.wav,729.789817,730.0898169999999,กู,0.3,context_0.8,4800
C:\Users\muldi\Documents\Playground\University\senior-project-1\dataset\internet\clear\Horror movie for WOKE!!!!!.wav,811.965369,812.265369,เย็ด,0.3,context_0.8,4800
C:\Users\muldi\Documents\Playground\University\senior-project-1\dataset\internet\clear\Horror movie for WOKE!!!!!.wav,400.9121195,401.21211950000003,มึง,0.3,main,4800
C:\Users\muldi\Documents\Playground\University\senior-project-1\dataset\internet\clear\รายการเย็ดแม่.wav,783.7090274999999,784.0090274999999,เหี้ย,0.3,main,4800
C:\Users\muldi\Documents\Playground\University\senior-project-1\dataset\internet\clear\รายการเย็ดแม่.wav,435.72819250000003,436.02819250000005,เหี้ย,0.3,main,4800
C:\Users\muldi\Documents\Playground\University\senior-project-1\dataset\internet\clear\รายการเย็ดแม่.wav,798.418588,798.718588,เย็ด,0.3,context_0.4,4800
C:\Users\muldi\Documents\Playground\University\senior-project-1\dataset\internet\clear\เพื่อนบ้านหรรษาของจริงๆ.wav,55.048219,55.348219,เหี้ย,0.3,main,4800
C:\Users\muldi\Documents\Playground\University\senior-project-1\dataset\internet\clear\เดินเตะทุกอย่างบนโลก!.wav,2.957213,3.2572129999999997,กู,0.3,main,4800
C:\Users\muldi\Documents\Playground\University\senior-project-1\dataset\internet\clear\รายการเย็ดแม่.wav,15.600000000000014,15.900000000000015,none,0.3,none_sample,4800
C:\Users\muldi\Documents\Playground\University\senior-project-1\dataset\internet\clear\รายการเย็ดแม่.wav,177.91553,178.21553,เย็ด,0.3,context_0.6,4800
C:\Users\muldi\Documents\Playground\University\senior-project-1\dataset\internet\clear\รายการเย็ดแม่.wav,420.6492585,420.9492585,เหี้ย,0.3,main,4800
C:\Users\muldi\Documents\Playground\University\senior-project-1\dataset\internet\clear\เดินเตะทุกอย่างบนโลก!.wav,15.669596,15.969596000000001,กู,0.3,context_0.2,4800
C:\Users\muldi\Documents\Playground\University\senior-project-1\dataset\internet\clear\Horror movie for WOKE!!!!!.wav,600.5988235000001,600.8988235,มึง,0.3,main,4800
C:\Users\muldi\Documents\Playground\University\senior-project-1\dataset\internet\clear\เกิดแต่กับคีร์มากค่ะ.wav,0.3,0.6,none,0.3,none_sample,4800
C:\Users\muldi\Documents\Playground\University\senior-project-1\dataset\internet\clear\ช่วยด้วย!! นวยจะมาอยู่ด้วย!!.wav,13.556268000000001,13.856268000000002,มึง,0.3,context_0.2,4800
C:\Users\muldi\Documents\Playground\University\senior-project-1\dataset\internet\clear\รายการเย็ดแม่.wav,2.8270980000000003,3.127098,เย็ด,0.3,context_0.4,4800
C:\Users\muldi\Documents\Playground\University\senior-project-1\dataset\internet\clear\Horror movie for WOKE!!!!!.wav,19.500000000000025,19.800000000000026,none,0.3,none_sample,4800
C:\Users\muldi\Documents\Playground\University\senior-project-1\dataset\internet\clear\รายการเย็ดแม่.wav,818.721827,819.0218269999999,กู,0.3,context_0.4,4800
C:\Users\muldi\Documents\Playground\University\senior-project-1\dataset\internet\clear\Horror movie for WOKE!!!!!.wav,609.652548,609.952548,มึง,0.3,context_0.6,4800
C:\Users\muldi\Documents\Playground\University\senior-project-1\dataset\internet\clear\ใต้น้ำยังจะตามมาอีก!!.wav,9.201706,9.501706,กู,0.3,context_0.4,4800
C:\Users\muldi\Documents\Playground\University\senior-project-1\dataset\internet\clear\Horror movie for WOKE!!!!!.wav,5.999999999999998,6.299999999999998,none,0.3,none_sample,4800
C:\Users\muldi\Documents\Playground\University\senior-project-1\dataset\internet\clear\รายการเย็ดแม่.wav,798.4785880000001,798.778588,เย็ด,0.3,context_0.8,4800
C:\Users\muldi\Documents\Playground\University\senior-project-1\dataset\internet\clear\ประชุมรวมญาติเชลซี.wav,180.475019,180.77501900000001,กู,0.3,context_0.4,4800
C:\Users\muldi\Documents\Playground\University\senior-project-1\dataset\internet\clear\รายการเย็ดแม่.wav,651.92817,652.22817,กู,0.3,context_0.6,4800
C:\Users\muldi\Documents\Playground\University\senior-project-1\dataset\internet\clear\โอ๊ต.wav,20.426934000000003,20.726934000000004,กู,0.3,context_0.6,4800
C:\Users\muldi\Documents\Playground\University\senior-project-1\dataset\internet\clear\Horror movie for WOKE!!!!!.wav,1001.3170210000001,1001.617021,กู,0.3,context_0.8,4800
C:\Users\muldi\Documents\Playground\University\senior-project-1\dataset\internet\clear\เกิดแต่กับคีร์มากค่ะ.wav,22.545673999999998,22.845674,กู,0.3,context_0.2,4800
C:\Users\muldi\Documents\Playground\University\senior-project-1\dataset\internet\clear\ชีวิตมันจะสู้ก็ต้องสู้ #honkaistarrail.wav,11.304795,11.604795000000001,มึง,0.3,main,4800
C:\Users\muldi\Documents\Playground\University\senior-project-1\dataset\internet\clear\รายการเย็ดแม่.wav,944.2183580000001,944.518358,กู,0.3,context_0.6,4800
C:\Users\muldi\Documents\Playground\University\senior-project-1\dataset\internet\clear\Horror movie for WOKE!!!!!.wav,554.6495590000001,554.949559,เหี้ย,0.3,main,4800
C:\Users\muldi\Documents\Playground\University\senior-project-1\dataset\internet\clear\Horror movie for WOKE!!!!!.wav,402.60043300000007,402.9004330000001,มึง,0.3,main,4800
C:\Users\muldi\Documents\Playground\University\senior-project-1\dataset\internet\clear\รายการเย็ดแม่.wav,582.280521,582.580521,เย็ด,0.3,context_0.6,4800
C:\Users\muldi\Documents\Playground\University\senior-project-1\dataset\internet\clear\รายการเย็ดแม่.wav,444.39571850000004,444.69571850000005,เหี้ย,0.3,main,4800
C:\Users\muldi\Documents\Playground\University\senior-project-1\dataset\internet\clear\รายการเย็ดแม่.wav,177.94553,178.24553,เย็ด,0.3,context_0.8,4800
C:\Users\muldi\Documents\Playground\University\senior-project-1\dataset\internet\clear\เดินเตะทุกอย่างบนโลก!.wav,21.445581500000003,21.745581500000004,กู,0.3,main,4800
C:\Users\muldi\Documents\Playground\University\senior-project-1\dataset\internet\clear\Horror movie for WOKE!!!!!.wav,152.147745,152.447745,เย็ด,0.3,main,4800
C:\Users\muldi\Documents\Playground\University\senior-project-1\dataset\internet\clear\Horror movie for WOKE!!!!!.wav,563.600125,563.900125,กู,0.3,context_0.8,4800
C:\Users\muldi\Documents\Playground\University\senior-project-1\dataset\internet\clear\Horror movie for WOKE!!!!!.wav,394.014194,394.314194,มึง,0.3,context_0.2,4800
C:\Users\muldi\Documents\Playground\University\senior-project-1\dataset\internet\clear\รายการเย็ดแม่.wav,107.129344,107.429344,เย็ด,0.3,context_0.6,4800
C:\Users\muldi\Documents\Playground\University\senior-project-1\dataset\internet\clear\รายการเย็ดแม่.wav,20.400000000000023,20.700000000000024,none,0.3,none_sample,4800
C:\Users\muldi\Documents\Playground\University\senior-project-1\dataset\internet\clear\รายการเย็ดแม่.wav,818.781827,819.081827,กู,0.3,context_0.8,4800
C:\Users\muldi\Documents\Playground\University\senior-project-1\dataset\internet\clear\โอ๊ต.wav,2.1,2.4,none,0.3,none_sample,4800
C:\Users\muldi\Documents\Playground\University\senior-project-1\dataset\internet\clear\Horror movie for WOKE!!!!!.wav,10.200000000000003,10.500000000000004,none,0.3,none_sample,4800
C:\Users\muldi\Documents\Playground\University\senior-project-1\dataset\internet\clear\รายการเย็ดแม่.wav,798.418588,798.718588,เย็ด,0.3,context_0.4,4800
C:\Users\muldi\Documents\Playground\University\senior-project-1\dataset\internet\clear\รายการเย็ดแม่.wav,818.751827,819.051827,กู,0.3,context_0.6,4800
C:\Users\muldi\Documents\Playground\University\senior-project-1\dataset\internet\clear\Horror movie for WOKE!!!!!.wav,22.697007000000003,22.997007000000004,มึง,0.3,context_0.6,4800
C:\Users\muldi\Documents\Playground\University\senior-project-1\dataset\internet\clear\รายการเย็ดแม่.wav,583.925751,584.225751,เย็ด,0.3,context_0.2,4800
C:\Users\muldi\Documents\Playground\University\senior-project-1\dataset\internet\clear\เพื่อนบ้านหรรษาของจริงๆ.wav,0.3,0.6,none,0.3,none_sample,4800
C:\Users\muldi\Documents\Playground\University\senior-project-1\dataset\internet\clear\โอ๊ต.wav,0.0,0.3,none,0.3,none_sample,4800
C:\Users\muldi\Documents\Playground\University\senior-project-1\dataset\internet\clear\รายการเย็ดแม่.wav,432.4934525,432.7934525,เหี้ย,0.3,main,4800
C:\Users\muldi\Documents\Playground\University\senior-project-1\dataset\internet\clear\Horror movie for WOKE!!!!!.wav,22.667007,22.967007000000002,มึง,0.3,context_0.4,4800
C:\Users\muldi\Documents\Playground\University\senior-project-1\dataset\internet\clear\Horror movie for WOKE!!!!!.wav,613.318783,613.618783,มึง,0.3,main,4800
C:\Users\muldi\Documents\Playground\University\senior-project-1\dataset\internet\clear\รายการเย็ดแม่.wav,2.857098,3.157098,เย็ด,0.3,context_0.6,4800
C:\Users\muldi\Documents\Playground\University\senior-project-1\dataset\internet\clear\รายการเย็ดแม่.wav,8.099999999999996,8.399999999999997,none,0.3,none_sample,4800
C:\Users\muldi\Documents\Playground\University\senior-project-1\dataset\internet\clear\ศาลเจ้าทางม้าลายอยู่ไหน!!.wav,43.897563,44.197562999999995,เหี้ย,0.3,main,4800
C:\Users\muldi\Documents\Playground\University\senior-project-1\dataset\internet\clear\โอ๊ต.wav,239.343806,239.643806,กู,0.3,main,4800
C:\Users\muldi\Documents\Playground\University\senior-project-1\dataset\internet\clear\เกิดแต่กับคีร์มากค่ะ.wav,16.315783000000003,16.615783000000004,กู,0.3,main,4800
C:\Users\muldi\Documents\Playground\University\senior-project-1\dataset\internet\clear\รายการเย็ดแม่.wav,713.588822,713.888822,กู,0.3,context_0.2,4800
C:\Users\muldi\Documents\Playground\University\senior-project-1\dataset\internet\clear\รายการเย็ดแม่.wav,2.4,2.6999999999999997,none,0.3,none_sample,4800
C:\Users\muldi\Documents\Playground\University\senior-project-1\dataset\internet\clear\ศาลเจ้าทางม้าลายอยู่ไหน!!.wav,0.0,0.3,none,0.3,none_sample,4800
C:\Users\muldi\Documents\Playground\University\senior-project-1\dataset\internet\clear\Horror movie for WOKE!!!!!.wav,917.8241710000001,918.124171,เหี้ย,0.3,main,4800
C:\Users\muldi\Documents\Playground\University\senior-project-1\dataset\internet\clear\เพื่อนบ้านหรรษาของจริงๆ.wav,1.2,1.5,none,0.3,none_sample,4800
C:\Users\muldi\Documents\Playground\University\senior-project-1\dataset\internet\clear\Horror movie for WOKE!!!!!.wav,0.6,0.8999999999999999,none,0.3,none_sample,4800
C:\Users\muldi\Documents\Playground\University\senior-project-1\dataset\internet\clear\รายการเย็ดแม่.wav,815.6852445000001,815.9852445,เหี้ย,0.3,main,4800
C:\Users\muldi\Documents\Playground\University\senior-project-1\dataset\internet\clear\รายการเย็ดแม่.wav,208.7944685,209.0944685,เหี้ย,0.3,main,4800
C:\Users\muldi\Documents\Playground\University\senior-project-1\dataset\internet\clear\Horror movie for WOKE!!!!!.wav,185.373758,185.67375800000002,เหี้ย,0.3,context_0.2,4800
C:\Users\muldi\Documents\Playground\University\senior-project-1\dataset\internet\clear\Yo mama & แซนวิชบลูเบอร์รี่.wav,2.4,2.6999999999999997,none,0.3,none_sample,4800
C:\Users\muldi\Documents\Playground\University\senior-project-1\dataset\internet\clear\รายการเย็ดแม่.wav,797.619027,797.9190269999999,กู,0.3,context_0.4,4800
C:\Users\muldi\Documents\Playground\University\senior-project-1\dataset\internet\clear\Horror movie for WOKE!!!!!.wav,1021.5948080000001,1021.894808,เหี้ย,0.3,main,4800
C:\Users\muldi\Documents\Playground\University\senior-project-1\dataset\internet\clear\Horror movie for WOKE!!!!!.wav,152.147745,152.447745,เย็ด,0.3,main,4800
C:\Users\muldi\Documents\Playground\University\senior-project-1\dataset\internet\clear\Horror movie for WOKE!!!!!.wav,1080.6843000000001,1080.9843,กู,0.3,context_0.8,4800
C:\Users\muldi\Documents\Playground\University\senior-project-1\dataset\internet\clear\รายการเย็ดแม่.wav,21.900000000000027,22.200000000000028,none,0.3,none_sample,4800
C:\Users\muldi\Documents\Playground\University\senior-project-1\dataset\internet\clear\โอ๊ต.wav,58.019943999999995,58.31994399999999,มึง,0.3,context_0.6,4800
C:\Users\muldi\Documents\Playground\University\senior-project-1\dataset\internet\clear\Horror movie for WOKE!!!!!.wav,969.578184,969.8781839999999,กู,0.3,context_0.4,4800
C:\Users\muldi\Documents\Playground\University\senior-project-1\dataset\internet\clear\รายการเย็ดแม่.wav,106.765602,107.065602,เย็ด,0.3,context_0.6,4800
C:\Users\muldi\Documents\Playground\University\senior-project-1\dataset\internet\clear\Horror movie for WOKE!!!!!.wav,811.965369,812.265369,เย็ด,0.3,context_0.8,4800
C:\Users\muldi\Documents\Playground\University\senior-project-1\dataset\internet\clear\รายการเย็ดแม่.wav,582.220521,582.5205209999999,เย็ด,0.3,context_0.2,4800
C:\Users\muldi\Documents\Playground\University\senior-project-1\dataset\internet\clear\Horror movie for WOKE!!!!!.wav,857.5012315,857.8012315,มึง,0.3,main,4800
C:\Users\muldi\Documents\Playground\University\senior-project-1\dataset\internet\clear\รายการเย็ดแม่.wav,106.795602,107.095602,เย็ด,0.3,context_0.8,4800
C:\Users\muldi\Documents\Playground\University\senior-project-1\dataset\internet\clear\Horror movie for WOKE!!!!!.wav,185.463758,185.76375800000002,เหี้ย,0.3,context_0.8,4800
C:\Users\muldi\Documents\Playground\University\senior-project-1\dataset\internet\clear\เพื่อนบ้านหรรษาของจริงๆ.wav,30.673568,30.973568,กู,0.3,context_0.2,4800
C:\Users\muldi\Documents\Playground\University\senior-project-1\dataset\internet\clear\ลิ้นจระเข้ กินอะไรก็อร่อย.wav,53.738686,54.038686,กู,0.3,main,4800
C:\Users\muldi\Documents\Playground\University\senior-project-1\dataset\internet\clear\โอ๊ต.wav,0.8999999999999999,1.2,none,0.3,none_sample,4800
C:\Users\muldi\Documents\Playground\University\senior-project-1\dataset\internet\clear\ลิ้นจระเข้ กินอะไรก็อร่อย.wav,60.562196,60.862196,กู,0.3,main,4800
C:\Users\muldi\Documents\Playground\University\senior-project-1\dataset\internet\clear\รายการเย็ดแม่.wav,798.4485880000001,798.748588,เย็ด,0.3,context_0.6,4800
C:\Users\muldi\Documents\Playground\University\senior-project-1\dataset\internet\clear\เกิดแต่กับคีร์มากค่ะ.wav,0.3,0.6,none,0.3,none_sample,4800
C:\Users\muldi\Documents\Playground\University\senior-project-1\dataset\internet\clear\Horror movie for WOKE!!!!!.wav,825.094468,825.394468,มึง,0.3,main,4800
C:\Users\muldi\Documents\Playground\University\senior-project-1\dataset\internet\clear\Horror movie for WOKE!!!!!.wav,5.999999999999998,6.299999999999998,none,0.3,none_sample,4800
C:\Users\muldi\Documents\Playground\University\senior-project-1\dataset\internet\clear\Horror movie for WOKE!!!!!.wav,926.032676,926.332676,กู,0.3,context_0.8,4800
C:\Users\muldi\Documents\Playground\University\senior-project-1\dataset\internet\clear\รายการเย็ดแม่.wav,150.922117,151.222117,เย็ด,0.3,main,4800
C:\Users\muldi\Documents\Playground\University\senior-project-1\dataset\internet\clear\Horror movie for WOKE!!!!!.wav,1021.5948080000001,1021.894808,เหี้ย,0.3,main,4800
C:\Users\muldi\Documents\Playground\University\senior-project-1\dataset\internet\clear\รายการเย็ดแม่.wav,420.6492585,420.9492585,เหี้ย,0.3,main,4800
C:\Users\muldi\Documents\Playground\University\senior-project-1\dataset\internet\clear\รายการเย็ดแม่.wav,822.787803,823.087803,เหี้ย,0.3,main,4800
C:\Users\muldi\Documents\Playground\University\senior-project-1\dataset\internet\clear\รายการเย็ดแม่.wav,5.9999999999999964,6.299999999999996,none,0.3,none_sample,4800
C:\Users\muldi\Documents\Playground\University\senior-project-1\dataset\internet\clear\รายการเย็ดแม่.wav,208.7944685,209.0944685,เหี้ย,0.3,main,4800
C:\Users\muldi\Documents\Playground\University\senior-project-1\dataset\internet\clear\อะไรหายากสุด.wav,13.896202,14.196202000000001,มึง,0.3,context_0.4,4800
C:\Users\muldi\Documents\Playground\University\senior-project-1\dataset\internet\clear\วิ่งหนี or วิ่งใส่.wav,0.0,0.3,none,0.3,none_sample,4800
C:\Users\muldi\Documents\Playground\University\senior-project-1\dataset\internet\clear\โอ๊ต.wav,1.8,2.1,none,0.3,none_sample,4800
C:\Users\muldi\Documents\Playground\University\senior-project-1\dataset\internet\clear\Horror movie for WOKE!!!!!.wav,151.467432,151.767432,มึง,0.3,main,4800
C:\Users\muldi\Documents\Playground\University\senior-project-1\dataset\internet\clear\รายการเย็ดแม่.wav,208.7944685,209.0944685,เหี้ย,0.3,main,4800
C:\Users\muldi\Documents\Playground\University\senior-project-1\dataset\internet\clear\เดินเตะทุกอย่างบนโลก!.wav,9.4225,9.7225,กู,0.3,main,4800
C:\Users\muldi\Documents\Playground\University\senior-project-1\dataset\internet\clear\Yo mama & แซนวิชบลูเบอร์รี่.wav,100.50266249999999,100.80266249999998,มึง,0.3,main,4800
C:\Users\muldi\Documents\Playground\University\senior-project-1\dataset\internet\clear\ชีวิตมันจะสู้ก็ต้องสู้ #honkaistarrail.wav,24.267903,24.567903,มึง,0.3,context_0.2,4800
C:\Users\muldi\Documents\Playground\University\senior-project-1\dataset\internet\clear\รายการเย็ดแม่.wav,17.100000000000016,17.400000000000016,none,0.3,none_sample,4800
C:\Users\muldi\Documents\Playground\University\senior-project-1\dataset\internet\clear\Horror movie for WOKE!!!!!.wav,609.652548,609.952548,มึง,0.3,context_0.6,4800
C:\Users\muldi\Documents\Playground\University\senior-project-1\dataset\internet\clear\Horror movie for WOKE!!!!!.wav,578.3670490000001,578.667049,เหี้ย,0.3,main,4800
C:\Users\muldi\Documents\Playground\University\senior-project-1\dataset\internet\clear\รายการเย็ดแม่.wav,205.13897699999998,205.438977,กู,0.3,context_0.4,4800
C:\Users\muldi\Documents\Playground\University\senior-project-1\dataset\internet\clear\รายการเย็ดแม่.wav,783.7090274999999,784.0090274999999,เหี้ย,0.3,main,4800
C:\Users\muldi\Documents\Playground\University\senior-project-1\dataset\internet\clear\ใต้น้ำยังจะตามมาอีก!!.wav,11.069030499999998,11.3690305,เหี้ย,0.3,main,4800
C:\Users\muldi\Documents\Playground\University\senior-project-1\dataset\internet\clear\รายการเย็ดแม่.wav,92.582736,92.882736,กู,0.3,context_0.6,4800
C:\Users\muldi\Documents\Playground\University\senior-project-1\dataset\internet\clear\รายการเย็ดแม่.wav,34.890411,35.190411,เย็ด,0.3,context_0.6,4800
C:\Users\muldi\Documents\Playground\University\senior-project-1\dataset\internet\clear\Horror movie for WOKE!!!!!.wav,400.9121195,401.21211950000003,มึง,0.3,main,4800
C:\Users\muldi\Documents\Playground\University\senior-project-1\dataset\internet\clear\Horror movie for WOKE!!!!!.wav,557.37316,557.6731599999999,กู,0.3,context_0.4,4800
C:\Users\muldi\Documents\Playground\University\senior-project-1\dataset\internet\clear\รายการเย็ดแม่.wav,107.873488,108.17348799999999,เย็ด,0.3,context_0.2,4800
C:\Users\muldi\Documents\Playground\University\senior-project-1\dataset\internet\clear\รายการเย็ดแม่.wav,955.877899,956.1778989999999,กู,0.3,context_0.2,4800
C:\Users\muldi\Documents\Playground\University\senior-project-1\dataset\internet\clear\รายการเย็ดแม่.wav,7.199999999999996,7.499999999999996,none,0.3,none_sample,4800
C:\Users\muldi\Documents\Playground\University\senior-project-1\dataset\internet\clear\Horror movie for WOKE!!!!!.wav,1021.5948080000001,1021.894808,เหี้ย,0.3,main,4800
C:\Users\muldi\Documents\Playground\University\senior-project-1\dataset\internet\clear\รายการเย็ดแม่.wav,653.260944,653.560944,เหี้ย,0.3,context_0.4,4800
C:\Users\muldi\Documents\Playground\University\senior-project-1\dataset\internet\clear\รายการเย็ดแม่.wav,8.699999999999998,8.999999999999998,none,0.3,none_sample,4800
C:\Users\muldi\Documents\Playground\University\senior-project-1\dataset\internet\clear\รายการเย็ดแม่.wav,114.77402099999999,115.07402099999999,เย็ด,0.3,context_0.4,4800
C:\Users\muldi\Documents\Playground\University\senior-project-1\dataset\internet\clear\Horror movie for WOKE!!!!!.wav,1065.685189,1065.985189,เหี้ย,0.3,context_0.8,4800
C:\Users\muldi\Documents\Playground\University\senior-project-1\dataset\internet\clear\ใต้น้ำยังจะตามมาอีก!!.wav,9.91089,10.210890000000001,มึง,0.3,main,4800
C:\Users\muldi\Documents\Playground\University\senior-project-1\dataset\internet\clear\รายการเย็ดแม่.wav,518.41936,518.7193599999999,กู,0.3,main,4800
C:\Users\muldi\Documents\Playground\University\senior-project-1\dataset\internet\clear\Horror movie for WOKE!!!!!.wav,3.2999999999999994,3.599999999999999,none,0.3,none_sample,4800
C:\Users\muldi\Documents\Playground\University\senior-project-1\dataset\internet\clear\อะชิมะหม๋า.wav,10.091355,10.391355,กู,0.3,context_0.4,4800
C:\Users\muldi\Documents\Playground\University\senior-project-1\dataset\internet\clear\มันไปเล่นเอไอเอสชั่วโมงละ60บาท.wav,8.5937325,8.8937325,เหี้ย,0.3,main,4800
C:\Users\muldi\Documents\Playground\University\senior-project-1\dataset\internet\clear\Horror movie for WOKE!!!!!.wav,513.5575690000001,513.857569,มึง,0.3,context_0.6,4800
C:\Users\muldi\Documents\Playground\University\senior-project-1\dataset\internet\clear\Horror movie for WOKE!!!!!.wav,3.899999999999999,4.199999999999999,none,0.3,none_sample,4800
C:\Users\muldi\Documents\Playground\University\senior-project-1\dataset\internet\clear\รายการเย็ดแม่.wav,6.599999999999996,6.899999999999996,none,0.3,none_sample,4800
C:\Users\muldi\Documents\Playground\University\senior-project-1\dataset\internet\clear\รายการเย็ดแม่.wav,944.188358,944.488358,กู,0.3,context_0.4,4800
C:\Users\muldi\Documents\Playground\University\senior-project-1\dataset\internet\clear\รายการเย็ดแม่.wav,9.9,10.200000000000001,none,0.3,none_sample,4800
C:\Users\muldi\Documents\Playground\University\senior-project-1\dataset\internet\clear\พากย์สุดโต่ง VS พากย์สุขุม.wav,116.37138199999998,116.67138199999998,มึง,0.3,main,4800
C:\Users\muldi\Documents\Playground\University\senior-project-1\dataset\internet\clear\เพื่อนบ้านหรรษาของจริงๆ.wav,0.3,0.6,none,0.3,none_sample,4800
C:\Users\muldi\Documents\Playground\University\senior-project-1\dataset\internet\clear\ถ้าวันนึงหีมึงเหี่ยว.wav,0.0,0.3,none,0.3,none_sample,4800
C:\Users\muldi\Documents\Playground\University\senior-project-1\dataset\internet\clear\รายการเย็ดแม่.wav,435.72819250000003,436.02819250000005,เหี้ย,0.3,main,4800
C:\Users\muldi\Documents\Playground\University\senior-project-1\dataset\internet\clear\รายการเย็ดแม่.wav,492.3433865,492.6433865,เหี้ย,0.3,main,4800
C:\Users\muldi\Documents\Playground\University\senior-project-1\dataset\internet\clear\รายการเย็ดแม่.wav,106.318161,106.618161,เย็ด,0.3,context_0.4,4800
C:\Users\muldi\Documents\Playground\University\senior-project-1\dataset\internet\clear\Horror movie for WOKE!!!!!.wav,18.600000000000023,18.900000000000023,none,0.3,none_sample,4800
C:\Users\muldi\Documents\Playground\University\senior-project-1\dataset\internet\clear\รายการเย็ดแม่.wav,951.697717,951.997717,เย็ด,0.3,context_0.4,4800
C:\Users\muldi\Documents\Playground\University\senior-project-1\dataset\internet\clear\รายการเย็ดแม่.wav,255.05347,255.35347000000002,กู,0.3,context_0.4,4800
C:\Users\muldi\Documents\Playground\University\senior-project-1\dataset\internet\clear\Horror movie for WOKE!!!!!.wav,1.2,1.5,none,0.3,none_sample,4800
C:\Users\muldi\Documents\Playground\University\senior-project-1\dataset\internet\clear\โอ๊ต.wav,2.1,2.4,none,0.3,none_sample,4800
C:\Users\muldi\Documents\Playground\University\senior-project-1\dataset\internet\clear\Horror movie for WOKE!!!!!.wav,1080.5943000000002,1080.8943000000002,กู,0.3,context_0.2,4800
C:\Users\muldi\Documents\Playground\University\senior-project-1\dataset\internet\clear\Horror movie for WOKE!!!!!.wav,151.467432,151.767432,มึง,0.3,main,4800
C:\Users\muldi\Documents\Playground\University\senior-project-1\dataset\internet\clear\รายการเย็ดแม่.wav,36.842985000000006,37.142985,เย็ด,0.3,main,4800
C:\Users\muldi\Documents\Playground\University\senior-project-1\dataset\internet\clear\รายการเย็ดแม่.wav,12.000000000000005,12.300000000000006,none,0.3,none_sample,4800
C:\Users\muldi\Documents\Playground\University\senior-project-1\dataset\internet\clear\ถ้าวันนึงหีมึงเหี่ยว.wav,0.8999999999999999,1.2,none,0.3,none_sample,4800
C:\Users\muldi\Documents\Playground\University\senior-project-1\dataset\internet\clear\Horror movie for WOKE!!!!!.wav,564.7970320000001,565.097032,เหี้ย,0.3,main,4800
C:\Users\muldi\Documents\Playground\University\senior-project-1\dataset\internet\clear\อะชิมะหม๋า.wav,19.062031500000003,19.362031500000004,มึง,0.3,main,4800
C:\Users\muldi\Documents\Playground\University\senior-project-1\dataset\internet\clear\รายการเย็ดแม่.wav,150.922117,151.222117,เย็ด,0.3,main,4800
C:\Users\muldi\Documents\Playground\University\senior-project-1\dataset\internet\clear\รายการเย็ดแม่.wav,106.705602,107.005602,เย็ด,0.3,context_0.2,4800
C:\Users\muldi\Documents\Playground\University\senior-project-1\dataset\internet\clear\Horror movie for WOKE!!!!!.wav,5.099999999999999,5.399999999999999,none,0.3,none_sample,4800
C:\Users\muldi\Documents\Playground\University\senior-project-1\dataset\internet\clear\รายการเย็ดแม่.wav,36.842985000000006,37.142985,เย็ด,0.3,main,4800
C:\Users\muldi\Documents\Playground\University\senior-project-1\dataset\internet\clear\ถ้าจะมาหลอกแค่นี้ อย่ามาดีกว่าไอ้น้อง.wav,0.0,0.3,none,0.3,none_sample,4800
C:\Users\muldi\Documents\Playground\University\senior-project-1\dataset\internet\clear\ใต้น้ำยังจะตามมาอีก!!.wav,6.03593,6.335929999999999,มึง,0.3,context_0.2,4800
C:\Users\muldi\Documents\Playground\University\senior-project-1\dataset\internet\clear\Horror movie for WOKE!!!!!.wav,1055.767682,1056.0676819999999,เหี้ย,0.3,main,4800
C:\Users\muldi\Documents\Playground\University\senior-project-1\dataset\internet\clear\รายการเย็ดแม่.wav,12.600000000000007,12.900000000000007,none,0.3,none_sample,4800
C:\Users\muldi\Documents\Playground\University\senior-project-1\dataset\internet\clear\Horror movie for WOKE!!!!!.wav,10.800000000000004,11.100000000000005,none,0.3,none_sample,4800
C:\Users\muldi\Documents\Playground\University\senior-project-1\dataset\internet\clear\Horror movie for WOKE!!!!!.wav,1081.2344104999997,1081.5344104999997,กู,0.3,main,4800
C:\Users\muldi\Documents\Playground\University\senior-project-1\dataset\internet\clear\Horror movie for WOKE!!!!!.wav,475.658725,475.958725,เหี้ย,0.3,main,4800
C:\Users\muldi\Documents\Playground\University\senior-project-1\dataset\internet\clear\Horror movie for WOKE!!!!!.wav,608.940382,609.240382,มึง,0.3,context_0.6,4800
C:\Users\muldi\Documents\Playground\University\senior-project-1\dataset\internet\clear\Horror movie for WOKE!!!!!.wav,608.970382,609.2703819999999,มึง,0.3,context_0.8,4800
C:\Users\muldi\Documents\Playground\University\senior-project-1\dataset\internet\clear\รายการเย็ดแม่.wav,18.60000000000002,18.90000000000002,none,0.3,none_sample,4800
C:\Users\muldi\Documents\Playground\University\senior-project-1\dataset\internet\clear\รายการเย็ดแม่.wav,493.77348400000005,494.07348400000006,กู,0.3,context_0.8,4800
C:\Users\muldi\Documents\Playground\University\senior-project-1\dataset\internet\clear\โอ๊ต.wav,127.388485,127.688485,กู,0.3,context_0.6,4800
C:\Users\muldi\Documents\Playground\University\senior-project-1\dataset\internet\clear\Yo mama & แซนวิชบลูเบอร์รี่.wav,57.8842565,58.1842565,มึง,0.3,main,4800
C:\Users\muldi\Documents\Playground\University\senior-project-1\dataset\internet\clear\ลิ้นจระเข้ กินอะไรก็อร่อย.wav,0.0,0.3,none,0.3,none_sample,4800
C:\Users\muldi\Documents\Playground\University\senior-project-1\dataset\internet\clear\รายการเย็ดแม่.wav,204.096029,204.396029,เหี้ย,0.3,main,4800
C:\Users\muldi\Documents\Playground\University\senior-project-1\dataset\internet\clear\ถ้าวันนึงหีมึงเหี่ยว.wav,0.0,0.3,none,0.3,none_sample,4800
C:\Users\muldi\Documents\Playground\University\senior-project-1\dataset\internet\clear\รายการเย็ดแม่.wav,299.949289,300.24928900000003,กู,0.3,context_0.6,4800
C:\Users\muldi\Documents\Playground\University\senior-project-1\dataset\internet\clear\โอ๊ต.wav,20.456934,20.756934,กู,0.3,context_0.8,4800
C:\Users\muldi\Documents\Playground\University\senior-project-1\dataset\internet\clear\Horror movie for WOKE!!!!!.wav,14.100000000000012,14.400000000000013,none,0.3,none_sample,4800
C:\Users\muldi\Documents\Playground\University\senior-project-1\dataset\internet\clear\รายการเย็ดแม่.wav,177.94553,178.24553,เย็ด,0.3,context_0.8,4800
C:\Users\muldi\Documents\Playground\University\senior-project-1\dataset\internet\clear\Horror movie for WOKE!!!!!.wav,860.9446335000001,861.2446335000001,มึง,0.3,main,4800
C:\Users\muldi\Documents\Playground\University\senior-project-1\dataset\internet\clear\Yo mama & แซนวิชบลูเบอร์รี่.wav,107.36432099999999,107.66432099999999,มึง,0.3,context_0.2,4800
C:\Users\muldi\Documents\Playground\University\senior-project-1\dataset\internet\clear\ใต้น้ำยังจะตามมาอีก!!.wav,0.8999999999999999,1.2,none,0.3,none_sample,4800
C:\Users\muldi\Documents\Playground\University\senior-project-1\dataset\internet\clear\รายการเย็ดแม่.wav,114.74402099999999,115.04402099999999,เย็ด,0.3,context_0.2,4800
C:\Users\muldi\Documents\Playground\University\senior-project-1\dataset\internet\clear\รายการเย็ดแม่.wav,107.873488,108.17348799999999,เย็ด,0.3,context_0.2,4800
C:\Users\muldi\Documents\Playground\University\senior-project-1\dataset\internet\clear\Horror movie for WOKE!!!!!.wav,858.142414,858.442414,กู,0.3,context_0.6,4800
C:\Users\muldi\Documents\Playground\University\senior-project-1\dataset\internet\clear\Horror movie for WOKE!!!!!.wav,1021.5948080000001,1021.894808,เหี้ย,0.3,main,4800
C:\Users\muldi\Documents\Playground\University\senior-project-1\dataset\internet\clear\Horror movie for WOKE!!!!!.wav,808.0175475,808.3175474999999,เหี้ย,0.3,main,4800
C:\Users\muldi\Documents\Playground\University\senior-project-1\dataset\internet\clear\Horror movie for WOKE!!!!!.wav,563.510125,563.810125,กู,0.3,context_0.2,4800
C:\Users\muldi\Documents\Playground\University\senior-project-1\dataset\internet\clear\ลิ้นจระเข้ กินอะไรก็อร่อย.wav,0.6,0.8999999999999999,none,0.3,none_sample,4800
C:\Users\muldi\Documents\Playground\University\senior-project-1\dataset\internet\clear\เดินเตะทุกอย่างบนโลก!.wav,32.031262,32.331261999999995,กู,0.3,context_0.6,4800
C:\Users\muldi\Documents\Playground\University\senior-project-1\dataset\internet\clear\Horror movie for WOKE!!!!!.wav,826.681044,826.981044,กู,0.3,context_0.2,4800
C:\Users\muldi\Documents\Playground\University\senior-project-1\dataset\internet\clear\Horror movie for WOKE!!!!!.wav,578.3670490000001,578.667049,เหี้ย,0.3,main,4800
C:\Users\muldi\Documents\Playground\University\senior-project-1\dataset\internet\clear\Horror movie for WOKE!!!!!.wav,402.60043300000007,402.9004330000001,มึง,0.3,main,4800
C:\Users\muldi\Documents\Playground\University\senior-project-1\dataset\internet\clear\Horror movie for WOKE!!!!!.wav,868.8321790000001,869.1321790000001,กู,0.3,context_0.6,4800
C:\Users\muldi\Documents\Playground\University\senior-project-1\dataset\internet\clear\รายการเย็ดแม่.wav,822.787803,823.087803,เหี้ย,0.3,main,4800
C:\Users\muldi\Documents\Playground\University\senior-project-1\dataset\internet\clear\Horror movie for WOKE!!!!!.wav,98.1573765,98.4573765,เหี้ย,0.3,main,4800
C:\Users\muldi\Documents\Playground\University\senior-project-1\dataset\internet\clear\Horror movie for WOKE!!!!!.wav,185.373758,185.67375800000002,เหี้ย,0.3,context_0.2,4800
C:\Users\muldi\Documents\Playground\University\senior-project-1\dataset\internet\clear\คนน่ากลัวกว่าผีบอกเลย!.wav,45.098614999999995,45.39861499999999,กู,0.3,context_0.6,4800
C:\Users\muldi\Documents\Playground\University\senior-project-1\dataset\internet\clear\Horror movie for WOKE!!!!!.wav,537.175816,537.475816,มึง,0.3,main,4800
C:\Users\muldi\Documents\Playground\University\senior-project-1\dataset\internet\clear\รายการเย็ดแม่.wav,32.5336345,32.833634499999995,เย็ด,0.3,main,4800
C:\Users\muldi\Documents\Playground\University\senior-project-1\dataset\internet\clear\Horror movie for WOKE!!!!!.wav,1103.137582,1103.437582,กู,0.3,context_0.2,4800
C:\Users\muldi\Documents\Playground\University\senior-project-1\dataset\internet\clear\รายการเย็ดแม่.wav,798.4485880000001,798.748588,เย็ด,0.3,context_0.6,4800
C:\Users\muldi\Documents\Playground\University\senior-project-1\dataset\internet\clear\Horror movie for WOKE!!!!!.wav,895.5380495,895.8380495,เหี้ย,0.3,main,4800
C:\Users\muldi\Documents\Playground\University\senior-project-1\dataset\internet\clear\รายการเย็ดแม่.wav,2.797098,3.097098,เย็ด,0.3,context_0.2,4800
C:\Users\muldi\Documents\Playground\University\senior-project-1\dataset\internet\clear\Horror movie for WOKE!!!!!.wav,1021.5948080000001,1021.894808,เหี้ย,0.3,main,4800
C:\Users\muldi\Documents\Playground\University\senior-project-1\dataset\internet\clear\Yo mama & แซนวิชบลูเบอร์รี่.wav,103.845744,104.145744,มึง,0.3,context_0.6,4800
C:\Users\muldi\Documents\Playground\University\senior-project-1\dataset\internet\clear\ใต้น้ำยังจะตามมาอีก!!.wav,6.125929999999999,6.425929999999999,มึง,0.3,context_0.8,4800
C:\Users\muldi\Documents\Playground\University\senior-project-1\dataset\internet\clear\รายการเย็ดแม่.wav,0.0,0.3,none,0.3,none_sample,4800
C:\Users\muldi\Documents\Playground\University\senior-project-1\dataset\internet\clear\Horror movie for WOKE!!!!!.wav,1.2,1.5,none,0.3,none_sample,4800
C:\Users\muldi\Documents\Playground\University\senior-project-1\dataset\internet\clear\เดินเตะทุกอย่างบนโลก!.wav,2.1,2.4,none,0.3,none_sample,4800
C:\Users\muldi\Documents\Playground\University\senior-project-1\dataset\internet\clear\Horror movie for WOKE!!!!!.wav,820.394117,820.694117,มึง,0.3,main,4800
C:\Users\muldi\Documents\Playground\University\senior-project-1\dataset\internet\clear\รายการเย็ดแม่.wav,106.705602,107.005602,เย็ด,0.3,context_0.2,4800
C:\Users\muldi\Documents\Playground\University\senior-project-1\dataset\internet\clear\Horror movie for WOKE!!!!!.wav,1013.9639515,1014.2639515,เหี้ย,0.3,main,4800
C:\Users\muldi\Documents\Playground\University\senior-project-1\dataset\internet\clear\Yo mama & แซนวิชบลูเบอร์รี่.wav,107.39432099999999,107.69432099999999,มึง,0.3,context_0.4,4800
C:\Users\muldi\Documents\Playground\University\senior-project-1\dataset\internet\clear\รายการเย็ดแม่.wav,114.83402099999999,115.13402099999999,เย็ด,0.3,context_0.8,4800
C:\Users\muldi\Documents\Playground\University\senior-project-1\dataset\internet\clear\Horror movie for WOKE!!!!!.wav,547.630982,547.930982,กู,0.3,context_0.4,4800
C:\Users\muldi\Documents\Playground\University\senior-project-1\dataset\internet\clear\รายการเย็ดแม่.wav,151.88601599999998,152.186016,กู,0.3,context_0.2,4800
C:\Users\muldi\Documents\Playground\University\senior-project-1\dataset\internet\clear\Horror movie for WOKE!!!!!.wav,1105.6088020000002,1105.9088020000002,กู,0.3,context_0.2,4800
C:\Users\muldi\Documents\Playground\University\senior-project-1\dataset\internet\clear\Horror movie for WOKE!!!!!.wav,185.433758,185.73375800000002,เหี้ย,0.3,context_0.6,4800
C:\Users\muldi\Documents\Playground\University\senior-project-1\dataset\internet\clear\รายการเย็ดแม่.wav,582.220521,582.5205209999999,เย็ด,0.3,context_0.2,4800
C:\Users\muldi\Documents\Playground\University\senior-project-1\dataset\internet\clear\เดินเตะทุกอย่างบนโลก!.wav,33.5915295,33.8915295,กู,0.3,main,4800
C:\Users\muldi\Documents\Playground\University\senior-project-1\dataset\internet\clear\รายการเย็ดแม่.wav,107.549723,107.849723,เย็ด,0.3,context_0.6,4800
C:\Users\muldi\Documents\Playground\University\senior-project-1\dataset\internet\clear\Horror movie for WOKE!!!!!.wav,731.9037715000001,732.2037715,เหี้ย,0.3,main,4800
C:\Users\muldi\Documents\Playground\University\senior-project-1\dataset\internet\clear\รายการเย็ดแม่.wav,584.015751,584.315751,เย็ด,0.3,context_0.8,4800
C:\Users\muldi\Documents\Playground\University\senior-project-1\dataset\internet\clear\รายการเย็ดแม่.wav,93.7026865,94.0026865,เย็ด,0.3,main,4800
C:\Users\muldi\Documents\Playground\University\senior-project-1\dataset\internet\clear\Horror movie for WOKE!!!!!.wav,564.7970320000001,565.097032,เหี้ย,0.3,main,4800
C:\Users\muldi\Documents\Playground\University\senior-project-1\dataset\internet\clear\ใต้น้ำยังจะตามมาอีก!!.wav,6.125929999999999,6.425929999999999,มึง,0.3,context_0.8,4800
C:\Users\muldi\Documents\Playground\University\senior-project-1\dataset\internet\clear\รายการเย็ดแม่.wav,580.9487690000001,581.248769,กู,0.3,context_0.8,4800
C:\Users\muldi\Documents\Playground\University\senior-project-1\dataset\internet\clear\Yo mama & แซนวิชบลูเบอร์รี่.wav,102.79067599999999,103.09067599999999,มึง,0.3,main,4800
C:\Users\muldi\Documents\Playground\University\senior-project-1\dataset\internet\clear\ช่วยด้วย!! นวยจะมาอยู่ด้วย!!.wav,13.616268,13.916268,มึง,0.3,context_0.6,4800
C:\Users\muldi\Documents\Playground\University\senior-project-1\dataset\internet\clear\รายการเย็ดแม่.wav,3.2999999999999976,3.5999999999999974,none,0.3,none_sample,4800
C:\Users\muldi\Documents\Playground\University\senior-project-1\dataset\internet\noise\อะไรคือสิ่งที่ถูก.wav,51.411080999999996,51.71108099999999,กู,0.3,context_0.6,4800
C:\Users\muldi\Documents\Playground\University\senior-project-1\dataset\internet\clear\เกิดแต่กับคีร์มากค่ะ.wav,39.995866,40.295866,กู,0.3,context_0.6,4800
C:\Users\muldi\Documents\Playground\University\senior-project-1\dataset\internet\clear\Horror movie for WOKE!!!!!.wav,868.8621790000001,869.162179,กู,0.3,context_0.8,4800
C:\Users\muldi\Documents\Playground\University\senior-project-1\dataset\internet\clear\Yo mama & แซนวิชบลูเบอร์รี่.wav,102.79067599999999,103.09067599999999,มึง,0.3,main,4800
C:\Users\muldi\Documents\Playground\University\senior-project-1\dataset\internet\clear\อะไรหายากสุด.wav,0.0,0.3,none,0.3,none_sample,4800
C:\Users\muldi\Documents\Playground\University\senior-project-1\dataset\internet\clear\Horror movie for WOKE!!!!!.wav,558.4780450000001,558.778045,กู,0.3,context_0.8,4800
C:\Users\muldi\Documents\Playground\University\senior-project-1\dataset\internet\clear\รายการเย็ดแม่.wav,609.467748,609.767748,เหี้ย,0.3,main,4800
C:\Users\muldi\Documents\Playground\University\senior-project-1\dataset\internet\clear\Horror movie for WOKE!!!!!.wav,724.2380875,724.5380875,เหี้ย,0.3,main,4800
C:\Users\muldi\Documents\Playground\University\senior-project-1\dataset\internet\clear\Yo mama & แซนวิชบลูเบอร์รี่.wav,83.67128299999999,83.97128299999999,มึง,0.3,main,4800
C:\Users\muldi\Documents\Playground\University\senior-project-1\dataset\internet\clear\รายการเย็ดแม่.wav,9.9,10.200000000000001,none,0.3,none_sample,4800
C:\Users\muldi\Documents\Playground\University\senior-project-1\dataset\internet\clear\รายการเย็ดแม่.wav,752.472671,752.772671,เหี้ย,0.3,main,4800
C:\Users\muldi\Documents\Playground\University\senior-project-1\dataset\internet\clear\รายการเย็ดแม่.wav,35.442074999999996,35.74207499999999,เย็ด,0.3,context_0.6,4800
C:\Users\muldi\Documents\Playground\University\senior-project-1\dataset\internet\clear\Horror movie for WOKE!!!!!.wav,609.6225479999999,609.9225479999999,มึง,0.3,context_0.4,4800
C:\Users\muldi\Documents\Playground\University\senior-project-1\dataset\internet\clear\รายการเย็ดแม่.wav,255.08347,255.38347000000002,กู,0.3,context_0.6,4800
C:\Users\muldi\Documents\Playground\University\senior-project-1\dataset\internet\clear\รายการเย็ดแม่.wav,588.7887755,589.0887755,เหี้ย,0.3,main,4800
C:\Users\muldi\Documents\Playground\University\senior-project-1\dataset\internet\clear\ถ้าวันนึงหีมึงเหี่ยว.wav,13.808399,14.108399,มึง,0.3,main,4800
C:\Users\muldi\Documents\Playground\University\senior-project-1\dataset\internet\clear\รายการเย็ดแม่.wav,106.735602,107.035602,เย็ด,0.3,context_0.4,4800
C:\Users\muldi\Documents\Playground\University\senior-project-1\dataset\internet\clear\Horror movie for WOKE!!!!!.wav,81.1188185,81.4188185,เหี้ย,0.3,main,4800
C:\Users\muldi\Documents\Playground\University\senior-project-1\dataset\internet\clear\ศาลเจ้าทางม้าลายอยู่ไหน!!.wav,43.897563,44.197562999999995,เหี้ย,0.3,main,4800
C:\Users\muldi\Documents\Playground\University\senior-project-1\dataset\internet\clear\รายการเย็ดแม่.wav,13.80000000000001,14.10000000000001,none,0.3,none_sample,4800
C:\Users\muldi\Documents\Playground\University\senior-project-1\dataset\internet\music\คนหายไปไหนหมดเนี่ยช่วงนี้.wav,70.533171,70.833171,กู,0.3,main,4800
C:\Users\muldi\Documents\Playground\University\senior-project-1\dataset\internet\clear\Horror movie for WOKE!!!!!.wav,558.4480450000001,558.748045,กู,0.3,context_0.6,4800
C:\Users\muldi\Documents\Playground\University\senior-project-1\dataset\internet\clear\Horror movie for WOKE!!!!!.wav,8.099999999999998,8.399999999999999,none,0.3,none_sample,4800
C:\Users\muldi\Documents\Playground\University\senior-project-1\dataset\internet\clear\ลิ้นจระเข้ กินอะไรก็อร่อย.wav,58.756471999999995,59.05647199999999,เหี้ย,0.3,main,4800
C:\Users\muldi\Documents\Playground\University\senior-project-1\dataset\internet\clear\รายการเย็ดแม่.wav,33.938825,34.238825,เย็ด,0.3,context_0.8,4800
C:\Users\muldi\Documents\Playground\University\senior-project-1\dataset\internet\noise\อะไรคือสิ่งที่ถูก.wav,1.476835,1.776835,มึง,0.3,context_0.8,4800
C:\Users\muldi\Documents\Playground\University\senior-project-1\dataset\internet\clear\รายการเย็ดแม่.wav,93.7026865,94.0026865,เย็ด,0.3,main,4800
C:\Users\muldi\Documents\Playground\University\senior-project-1\dataset\internet\clear\เกิดแต่กับคีร์มากค่ะ.wav,2.8165555,3.1165555,มึง,0.3,main,4800
C:\Users\muldi\Documents\Playground\University\senior-project-1\dataset\internet\clear\ถ้าวันนึงหีมึงเหี่ยว.wav,15.914715500000002,16.2147155,มึง,0.3,main,4800
C:\Users\muldi\Documents\Playground\University\senior-project-1\dataset\internet\clear\ประชุมรวมญาติเชลซี.wav,0.3,0.6,none,0.3,none_sample,4800
C:\Users\muldi\Documents\Playground\University\senior-project-1\dataset\internet\clear\Horror movie for WOKE!!!!!.wav,554.6495590000001,554.949559,เหี้ย,0.3,main,4800
C:\Users\muldi\Documents\Playground\University\senior-project-1\dataset\internet\clear\Horror movie for WOKE!!!!!.wav,15.900000000000016,16.200000000000017,none,0.3,none_sample,4800
C:\Users\muldi\Documents\Playground\University\senior-project-1\dataset\internet\clear\Horror movie for WOKE!!!!!.wav,857.5012315,857.8012315,มึง,0.3,main,4800
C:\Users\muldi\Documents\Playground\University\senior-project-1\dataset\internet\clear\โอ๊ต.wav,1076.619185,1076.919185,เหี้ย,0.3,main,4800
C:\Users\muldi\Documents\Playground\University\senior-project-1\dataset\internet\clear\Horror movie for WOKE!!!!!.wav,185.463758,185.76375800000002,เหี้ย,0.3,context_0.8,4800
C:\Users\muldi\Documents\Playground\University\senior-project-1\dataset\internet\clear\รายการเย็ดแม่.wav,204.262261,204.562261,มึง,0.3,main,4800
C:\Users\muldi\Documents\Playground\University\senior-project-1\dataset\internet\clear\รายการเย็ดแม่.wav,204.096029,204.396029,เหี้ย,0.3,main,4800
C:\Users\muldi\Documents\Playground\University\senior-project-1\dataset\internet\clear\รายการเย็ดแม่.wav,15.000000000000012,15.300000000000013,none,0.3,none_sample,4800
C:\Users\muldi\Documents\Playground\University\senior-project-1\dataset\internet\clear\รายการเย็ดแม่.wav,572.592939,572.892939,เย็ด,0.3,main,4800
C:\Users\muldi\Documents\Playground\University\senior-project-1\dataset\internet\clear\Yo mama & แซนวิชบลูเบอร์รี่.wav,107.39432099999999,107.69432099999999,มึง,0.3,context_0.4,4800
C:\Users\muldi\Documents\Playground\University\senior-project-1\dataset\internet\clear\Horror movie for WOKE!!!!!.wav,74.2611865,74.56118649999999,มึง,0.3,main,4800
C:\Users\muldi\Documents\Playground\University\senior-project-1\dataset\internet\clear\รายการเย็ดแม่.wav,177.85553,178.15553,เย็ด,0.3,context_0.2,4800
C:\Users\muldi\Documents\Playground\University\senior-project-1\dataset\internet\clear\Horror movie for WOKE!!!!!.wav,670.681471,670.9814709999999,เหี้ย,0.3,main,4800
C:\Users\muldi\Documents\Playground\University\senior-project-1\dataset\internet\clear\โอ๊ต.wav,0.8999999999999999,1.2,none,0.3,none_sample,4800
C:\Users\muldi\Documents\Playground\University\senior-project-1\dataset\internet\clear\ช่วยด้วย!! นวยจะมาอยู่ด้วย!!.wav,0.3,0.6,none,0.3,none_sample,4800
C:\Users\muldi\Documents\Playground\University\senior-project-1\dataset\internet\clear\รายการเย็ดแม่.wav,702.6953925,702.9953925,เหี้ย,0.3,main,4800
C:\Users\muldi\Documents\Playground\University\senior-project-1\dataset\internet\clear\รายการเย็ดแม่.wav,951.7277170000001,952.027717,เย็ด,0.3,context_0.6,4800
C:\Users\muldi\Documents\Playground\University\senior-project-1\dataset\internet\clear\Horror movie for WOKE!!!!!.wav,917.8241710000001,918.124171,เหี้ย,0.3,main,4800
C:\Users\muldi\Documents\Playground\University\senior-project-1\dataset\internet\clear\รายการเย็ดแม่.wav,572.592939,572.892939,เย็ด,0.3,main,4800
C:\Users\muldi\Documents\Playground\University\senior-project-1\dataset\internet\clear\รายการเย็ดแม่.wav,34.920411,35.220411,เย็ด,0.3,context_0.8,4800
C:\Users\muldi\Documents\Playground\University\senior-project-1\dataset\internet\clear\Horror movie for WOKE!!!!!.wav,98.1573765,98.4573765,เหี้ย,0.3,main,4800
C:\Users\muldi\Documents\Playground\University\senior-project-1\dataset\internet\clear\วิ่งหนี or วิ่งใส่.wav,3.566494,3.866494,กู,0.3,main,4800
C:\Users\muldi\Documents\Playground\University\senior-project-1\dataset\internet\clear\ใต้น้ำยังจะตามมาอีก!!.wav,11.069030499999998,11.3690305,เหี้ย,0.3,main,4800
C:\Users\muldi\Documents\Playground\University\senior-project-1\dataset\internet\clear\Yo mama & แซนวิชบลูเบอร์รี่.wav,96.6231605,96.9231605,มึง,0.3,main,4800
C:\Users\muldi\Documents\Playground\University\senior-project-1\dataset\internet\clear\Horror movie for WOKE!!!!!.wav,811.875369,812.1753689999999,เย็ด,0.3,context_0.2,4800
C:\Users\muldi\Documents\Playground\University\senior-project-1\dataset\internet\clear\Horror movie for WOKE!!!!!.wav,666.8842475,667.1842475,เหี้ย,0.3,main,4800
C:\Users\muldi\Documents\Playground\University\senior-project-1\dataset\internet\clear\รายการเย็ดแม่.wav,643.704785,644.004785,เหี้ย,0.3,main,4800
C:\Users\muldi\Documents\Playground\University\senior-project-1\dataset\internet\clear\มันไปเล่นเอไอเอสชั่วโมงละ60บาท.wav,0.6,0.8999999999999999,none,0.3,none_sample,4800
C:\Users\muldi\Documents\Playground\University\senior-project-1\dataset\internet\clear\รายการเย็ดแม่.wav,32.5336345,32.833634499999995,เย็ด,0.3,main,4800
C:\Users\muldi\Documents\Playground\University\senior-project-1\dataset\internet\clear\Horror movie for WOKE!!!!!.wav,926.5205500000001,926.82055,มึง,0.3,main,4800
C:\Users\muldi\Documents\Playground\University\senior-project-1\dataset\internet\clear\ช่วยด้วย!! นวยจะมาอยู่ด้วย!!.wav,33.605217,33.905217,กู,0.3,main,4800
C:\Users\muldi\Documents\Playground\University\senior-project-1\dataset\internet\clear\Horror movie for WOKE!!!!!.wav,1055.767682,1056.0676819999999,เหี้ย,0.3,main,4800
C:\Users\muldi\Documents\Playground\University\senior-project-1\dataset\internet\clear\พากย์สุดโต่ง VS พากย์สุขุม.wav,118.7221635,119.02216349999999,มึง,0.3,main,4800
C:\Users\muldi\Documents\Playground\University\senior-project-1\dataset\internet\clear\รายการเย็ดแม่.wav,2.999999999999998,3.2999999999999976,none,0.3,none_sample,4800
C:\Users\muldi\Documents\Playground\University\senior-project-1\dataset\internet\clear\พากย์สุดโต่ง VS พากย์สุขุม.wav,56.454324,56.754324,กู,0.3,main,4800
C:\Users\muldi\Documents\Playground\University\senior-project-1\dataset\internet\clear\Horror movie for WOKE!!!!!.wav,3.2999999999999994,3.599999999999999,none,0.3,none_sample,4800
C:\Users\muldi\Documents\Playground\University\senior-project-1\dataset\internet\clear\Horror movie for WOKE!!!!!.wav,731.9037715000001,732.2037715,เหี้ย,0.3,main,4800
C:\Users\muldi\Documents\Playground\University\senior-project-1\dataset\internet\clear\ลิ้นจระเข้ กินอะไรก็อร่อย.wav,3.0796745,3.3796744999999997,กู,0.3,main,4800
C:\Users\muldi\Documents\Playground\University\senior-project-1\dataset\internet\noise\อะไรคือสิ่งที่ถูก.wav,51.351081,51.651081,กู,0.3,context_0.2,4800
C:\Users\muldi\Documents\Playground\University\senior-project-1\dataset\internet\clear\รายการเย็ดแม่.wav,675.2226565,675.5226564999999,เหี้ย,0.3,main,4800
C:\Users\muldi\Documents\Playground\University\senior-project-1\dataset\internet\clear\Horror movie for WOKE!!!!!.wav,820.394117,820.694117,มึง,0.3,main,4800
C:\Users\muldi\Documents\Playground\University\senior-project-1\dataset\internet\clear\รายการเย็ดแม่.wav,798.4785880000001,798.778588,เย็ด,0.3,context_0.8,4800
C:\Users\muldi\Documents\Playground\University\senior-project-1\dataset\internet\clear\รายการเย็ดแม่.wav,107.579723,107.879723,เย็ด,0.3,context_0.8,4800
C:\Users\muldi\Documents\Playground\University\senior-project-1\dataset\internet\clear\รายการเย็ดแม่.wav,108.545772,108.845772,เย็ด,0.3,context_0.6,4800
C:\Users\muldi\Documents\Playground\University\senior-project-1\dataset\internet\clear\รายการเย็ดแม่.wav,444.39571850000004,444.69571850000005,เหี้ย,0.3,main,4800
C:\Users\muldi\Documents\Playground\University\senior-project-1\dataset\internet\clear\Horror movie for WOKE!!!!!.wav,526.6697015,526.9697014999999,มึง,0.3,main,4800
C:\Users\muldi\Documents\Playground\University\senior-project-1\dataset\internet\clear\เดินเตะทุกอย่างบนโลก!.wav,3.1799999999999984,3.479999999999998,none,0.3,none_sample,4800
C:\Users\muldi\Documents\Playground\University\senior-project-1\dataset\internet\clear\Horror movie for WOKE!!!!!.wav,394.014194,394.314194,มึง,0.3,context_0.2,4800
C:\Users\muldi\Documents\Playground\University\senior-project-1\dataset\internet\clear\รายการเย็ดแม่.wav,206.275352,206.575352,กู,0.3,context_0.2,4800
C:\Users\muldi\Documents\Playground\University\senior-project-1\dataset\internet\clear\เพื่อนบ้านหรรษาของจริงๆ.wav,39.652069,39.952068999999995,กู,0.3,context_0.6,4800
C:\Users\muldi\Documents\Playground\University\senior-project-1\dataset\internet\clear\Yo mama & แซนวิชบลูเบอร์รี่.wav,100.50266249999999,100.80266249999998,มึง,0.3,main,4800
C:\Users\muldi\Documents\Playground\University\senior-project-1\dataset\internet\clear\คนน่ากลัวกว่าผีบอกเลย!.wav,47.941366,48.241366,กู,0.3,context_0.8,4800
C:\Users\muldi\Documents\Playground\University\senior-project-1\dataset\internet\clear\วิ่งหนี or วิ่งใส่.wav,0.3,0.6,none,0.3,none_sample,4800
C:\Users\muldi\Documents\Playground\University\senior-project-1\dataset\internet\clear\Horror movie for WOKE!!!!!.wav,883.30046,883.60046,มึง,0.3,context_0.8,4800
C:\Users\muldi\Documents\Playground\University\senior-project-1\dataset\internet\clear\โอ๊ต.wav,1.2,1.5,none,0.3,none_sample,4800
C:\Users\muldi\Documents\Playground\University\senior-project-1\dataset\internet\clear\จารย์แดง1.wav,3.4150880000000003,3.715088,เหี้ย,0.3,main,4800
C:\Users\muldi\Documents\Playground\University\senior-project-1\dataset\internet\clear\เพื่อนบ้านหรรษาของจริงๆ.wav,5.211919999999999,5.511919999999999,มึง,0.3,main,4800
C:\Users\muldi\Documents\Playground\University\senior-project-1\dataset\internet\clear\รายการเย็ดแม่.wav,653.260944,653.560944,เหี้ย,0.3,context_0.4,4800
C:\Users\muldi\Documents\Playground\University\senior-project-1\dataset\internet\clear\รายการเย็ดแม่.wav,653.260944,653.560944,เหี้ย,0.3,context_0.4,4800
C:\Users\muldi\Documents\Playground\University\senior-project-1\dataset\internet\clear\รายการเย็ดแม่.wav,7.799999999999995,8.099999999999996,none,0.3,none_sample,4800
C:\Users\muldi\Documents\Playground\University\senior-project-1\dataset\internet\clear\Horror movie for WOKE!!!!!.wav,6.899999999999998,7.1999999999999975,none,0.3,none_sample,4800
C:\Users\muldi\Documents\Playground\University\senior-project-1\dataset\internet\clear\โอ๊ต.wav,2.1,2.4,none,0.3,none_sample,4800
C:\Users\muldi\Documents\Playground\University\senior-project-1\dataset\internet\clear\Horror movie for WOKE!!!!!.wav,22.727007,23.027007,มึง,0.3,context_0.8,4800
C:\Users\muldi\Documents\Playground\University\senior-project-1\dataset\internet\clear\เกิดแต่กับคีร์มากค่ะ.wav,0.3,0.6,none,0.3,none_sample,4800
C:\Users\muldi\Documents\Playground\University\senior-project-1\dataset\internet\clear\Horror movie for WOKE!!!!!.wav,233.8755545,234.1755545,เหี้ย,0.3,main,4800
C:\Users\muldi\Documents\Playground\University\senior-project-1\dataset\internet\clear\Horror movie for WOKE!!!!!.wav,858.172414,858.472414,กู,0.3,context_0.8,4800
C:\Users\muldi\Documents\Playground\University\senior-project-1\dataset\internet\clear\Horror movie for WOKE!!!!!.wav,526.6697015,526.9697014999999,มึง,0.3,main,4800
C:\Users\muldi\Documents\Playground\University\senior-project-1\dataset\internet\clear\เกิดแต่กับคีร์มากค่ะ.wav,0.8999999999999999,1.2,none,0.3,none_sample,4800
C:\Users\muldi\Documents\Playground\University\senior-project-1\dataset\internet\clear\รายการเย็ดแม่.wav,0.8999999999999999,1.2,none,0.3,none_sample,4800
C:\Users\muldi\Documents\Playground\University\senior-project-1\dataset\internet\clear\รายการเย็ดแม่.wav,21.000000000000025,21.300000000000026,none,0.3,none_sample,4800
C:\Users\muldi\Documents\Playground\University\senior-project-1\dataset\internet\clear\ชีวิตมันจะสู้ก็ต้องสู้ #honkaistarrail.wav,6.1970315,6.497031499999999,มึง,0.3,main,4800
C:\Users\muldi\Documents\Playground\University\senior-project-1\dataset\internet\noise\อะไรคือสิ่งที่ถูก.wav,2.137271,2.437271,กู,0.3,context_0.4,4800
C:\Users\muldi\Documents\Playground\University\senior-project-1\dataset\internet\clear\รายการเย็ดแม่.wav,107.933488,108.233488,เย็ด,0.3,context_0.6,4800
C:\Users\muldi\Documents\Playground\University\senior-project-1\dataset\internet\clear\รายการเย็ดแม่.wav,34.860411,35.160410999999996,เย็ด,0.3,context_0.4,4800
C:\Users\muldi\Documents\Playground\University\senior-project-1\dataset\internet\clear\รายการเย็ดแม่.wav,107.963488,108.263488,เย็ด,0.3,context_0.8,4800
C:\Users\muldi\Documents\Playground\University\senior-project-1\dataset\internet\clear\ชีวิตมันจะสู้ก็ต้องสู้ #honkaistarrail.wav,24.357903,24.657903,มึง,0.3,context_0.8,4800
C:\Users\muldi\Documents\Playground\University\senior-project-1\dataset\internet\clear\Horror movie for WOKE!!!!!.wav,518.067935,518.367935,มึง,0.3,context_0.2,4800
C:\Users\muldi\Documents\Playground\University\senior-project-1\dataset\internet\noise\อะไรคือสิ่งที่ถูก.wav,9.712852000000002,10.012852000000002,กู,0.3,context_0.2,4800
C:\Users\muldi\Documents\Playground\University\senior-project-1\dataset\internet\clear\Horror movie for WOKE!!!!!.wav,609.6225479999999,609.9225479999999,มึง,0.3,context_0.4,4800
C:\Users\muldi\Documents\Playground\University\senior-project-1\dataset\internet\clear\Horror movie for WOKE!!!!!.wav,111.74920599999999,112.04920599999998,เหี้ย,0.3,main,4800
C:\Users\muldi\Documents\Playground\University\senior-project-1\dataset\internet\clear\Horror movie for WOKE!!!!!.wav,1055.767682,1056.0676819999999,เหี้ย,0.3,main,4800
C:\Users\muldi\Documents\Playground\University\senior-project-1\dataset\internet\clear\Horror movie for WOKE!!!!!.wav,515.237332,515.537332,มึง,0.3,main,4800
C:\Users\muldi\Documents\Playground\University\senior-project-1\dataset\internet\clear\จารย์แดง1.wav,0.053714,0.353714,กู,0.3,context_0.6,4800
C:\Users\muldi\Documents\Playground\University\senior-project-1\dataset\internet\clear\ถ้าวันนึงหีมึงเหี่ยว.wav,8.117842999999999,8.417843,กู,0.3,main,4800
C:\Users\muldi\Documents\Playground\University\senior-project-1\dataset\internet\clear\รายการเย็ดแม่.wav,114.77402099999999,115.07402099999999,เย็ด,0.3,context_0.4,4800
C:\Users\muldi\Documents\Playground\University\senior-project-1\dataset\internet\clear\Horror movie for WOKE!!!!!.wav,8.099999999999998,8.399999999999999,none,0.3,none_sample,4800
C:\Users\muldi\Documents\Playground\University\senior-project-1\dataset\internet\clear\รายการเย็ดแม่.wav,798.4485880000001,798.748588,เย็ด,0.3,context_0.6,4800
C:\Users\muldi\Documents\Playground\University\senior-project-1\dataset\internet\clear\Horror movie for WOKE!!!!!.wav,874.136434,874.436434,มึง,0.3,context_0.6,4800
C:\Users\muldi\Documents\Playground\University\senior-project-1\dataset\internet\clear\รายการเย็ดแม่.wav,9.6,9.9,none,0.3,none_sample,4800
C:\Users\muldi\Documents\Playground\University\senior-project-1\dataset\internet\clear\รายการเย็ดแม่.wav,659.4899905000001,659.7899905,เหี้ย,0.3,main,4800
C:\Users\muldi\Documents\Playground\University\senior-project-1\dataset\internet\clear\Horror movie for WOKE!!!!!.wav,185.463758,185.76375800000002,เหี้ย,0.3,context_0.8,4800
C:\Users\muldi\Documents\Playground\University\senior-project-1\dataset\internet\clear\Horror movie for WOKE!!!!!.wav,1103.227582,1103.527582,กู,0.3,context_0.8,4800
C:\Users\muldi\Documents\Playground\University\senior-project-1\dataset\internet\clear\Horror movie for WOKE!!!!!.wav,531.3735760000001,531.673576,มึง,0.3,main,4800
C:\Users\muldi\Documents\Playground\University\senior-project-1\dataset\internet\clear\เพื่อนบ้านหรรษาของจริงๆ.wav,39.682069,39.982068999999996,กู,0.3,context_0.8,4800
C:\Users\muldi\Documents\Playground\University\senior-project-1\dataset\internet\clear\ลิ้นจระเข้ กินอะไรก็อร่อย.wav,39.706405,40.006404999999994,กู,0.3,context_0.8,4800
C:\Users\muldi\Documents\Playground\University\senior-project-1\dataset\internet\clear\โอ๊ต.wav,1076.619185,1076.919185,เหี้ย,0.3,main,4800
C:\Users\muldi\Documents\Playground\University\senior-project-1\dataset\internet\clear\Horror movie for WOKE!!!!!.wav,394.044194,394.344194,มึง,0.3,context_0.4,4800
C:\Users\muldi\Documents\Playground\University\senior-project-1\dataset\internet\clear\Horror movie for WOKE!!!!!.wav,15.000000000000014,15.300000000000015,none,0.3,none_sample,4800
C:\Users\muldi\Documents\Playground\University\senior-project-1\dataset\internet\clear\เดินเตะทุกอย่างบนโลก!.wav,4.914079,5.214079,กู,0.3,context_0.4,4800
C:\Users\muldi\Documents\Playground\University\senior-project-1\dataset\internet\clear\โอ๊ต.wav,144.575871,144.87587100000002,กู,0.3,context_0.8,4800
C:\Users\muldi\Documents\Playground\University\senior-project-1\dataset\internet\clear\โอ๊ต.wav,1088.7368510000001,1089.036851,กู,0.3,context_0.6,4800
C:\Users\muldi\Documents\Playground\University\senior-project-1\dataset\internet\clear\ช่วยด้วย!! นวยจะมาอยู่ด้วย!!.wav,0.3,0.6,none,0.3,none_sample,4800
C:\Users\muldi\Documents\Playground\University\senior-project-1\dataset\internet\clear\Horror movie for WOKE!!!!!.wav,4.199999999999999,4.499999999999999,none,0.3,none_sample,4800
C:\Users\muldi\Documents\Playground\University\senior-project-1\dataset\internet\clear\รายการเย็ดแม่.wav,114.80402099999999,115.10402099999999,เย็ด,0.3,context_0.6,4800
C:\Users\muldi\Documents\Playground\University\senior-project-1\dataset\internet\clear\เดินเตะทุกอย่างบนโลก!.wav,3.479999999999998,3.779999999999998,none,0.3,none_sample,4800
C:\Users\muldi\Documents\Playground\University\senior-project-1\dataset\internet\clear\Horror movie for WOKE!!!!!.wav,81.1188185,81.4188185,เหี้ย,0.3,main,4800
C:\Users\muldi\Documents\Playground\University\senior-project-1\dataset\internet\clear\Horror movie for WOKE!!!!!.wav,563.5701250000001,563.870125,กู,0.3,context_0.6,4800
C:\Users\muldi\Documents\Playground\University\senior-project-1\dataset\internet\clear\คนน่ากลัวกว่าผีบอกเลย!.wav,45.068614999999994,45.36861499999999,กู,0.3,context_0.4,4800
C:\Users\muldi\Documents\Playground\University\senior-project-1\dataset\internet\clear\รายการเย็ดแม่.wav,107.519723,107.819723,เย็ด,0.3,context_0.4,4800
C:\Users\muldi\Documents\Playground\University\senior-project-1\dataset\internet\clear\ถ้าจะมาหลอกแค่นี้ อย่ามาดีกว่าไอ้น้อง.wav,0.3,0.6,none,0.3,none_sample,4800
C:\Users\muldi\Documents\Playground\University\senior-project-1\dataset\internet\clear\โอ๊ต.wav,1088.6768510000002,1088.9768510000001,กู,0.3,context_0.2,4800
C:\Users\muldi\Documents\Playground\University\senior-project-1\dataset\internet\clear\โอ๊ต.wav,0.8999999999999999,1.2,none,0.3,none_sample,4800
C:\Users\muldi\Documents\Playground\University\senior-project-1\dataset\internet\clear\เดินเตะทุกอย่างบนโลก!.wav,2.4,2.6999999999999997,none,0.3,none_sample,4800
C:\Users\muldi\Documents\Playground\University\senior-project-1\dataset\internet\clear\เกิดแต่กับคีร์มากค่ะ.wav,22.575674,22.875674,กู,0.3,context_0.4,4800
C:\Users\muldi\Documents\Playground\University\senior-project-1\dataset\internet\clear\Horror movie for WOKE!!!!!.wav,15.900000000000016,16.200000000000017,none,0.3,none_sample,4800
C:\Users\muldi\Documents\Playground\University\senior-project-1\dataset\internet\clear\รายการเย็ดแม่.wav,107.519723,107.819723,เย็ด,0.3,context_0.4,4800
C:\Users\muldi\Documents\Playground\University\senior-project-1\dataset\internet\clear\Horror movie for WOKE!!!!!.wav,185.463758,185.76375800000002,เหี้ย,0.3,context_0.8,4800
C:\Users\muldi\Documents\Playground\University\senior-project-1\dataset\internet\clear\Yo mama & แซนวิชบลูเบอร์รี่.wav,61.7425865,62.0425865,มึง,0.3,main,4800
C:\Users\muldi\Documents\Playground\University\senior-project-1\dataset\internet\clear\รายการเย็ดแม่.wav,579.0220435,579.3220435,เหี้ย,0.3,main,4800
C:\Users\muldi\Documents\Playground\University\senior-project-1\dataset\internet\clear\ใต้น้ำยังจะตามมาอีก!!.wav,49.123995,49.423995,เหี้ย,0.3,main,4800
C:\Users\muldi\Documents\Playground\University\senior-project-1\dataset\internet\clear\Horror movie for WOKE!!!!!.wav,991.7377775000001,992.0377775000001,เหี้ย,0.3,main,4800
C:\Users\muldi\Documents\Playground\University\senior-project-1\dataset\internet\clear\รายการเย็ดแม่.wav,0.3,0.6,none,0.3,none_sample,4800
C:\Users\muldi\Documents\Playground\University\senior-project-1\dataset\internet\clear\รายการเย็ดแม่.wav,4.799999999999997,5.099999999999997,none,0.3,none_sample,4800
C:\Users\muldi\Documents\Playground\University\senior-project-1\dataset\internet\clear\เพื่อนบ้านหรรษาของจริงๆ.wav,42.8032445,43.103244499999995,มึง,0.3,main,4800
C:\Users\muldi\Documents\Playground\University\senior-project-1\dataset\internet\clear\รายการเย็ดแม่.wav,815.6852445000001,815.9852445,เหี้ย,0.3,main,4800
C:\Users\muldi\Documents\Playground\University\senior-project-1\dataset\internet\clear\Horror movie for WOKE!!!!!.wav,826.7710440000001,827.071044,กู,0.3,context_0.8,4800
C:\Users\muldi\Documents\Playground\University\senior-project-1\dataset\internet\clear\Horror movie for WOKE!!!!!.wav,613.318783,613.618783,มึง,0.3,main,4800
C:\Users\muldi\Documents\Playground\University\senior-project-1\dataset\internet\clear\รายการเย็ดแม่.wav,951.667717,951.967717,เย็ด,0.3,context_0.2,4800
C:\Users\muldi\Documents\Playground\University\senior-project-1\dataset\internet\clear\รายการเย็ดแม่.wav,36.842985000000006,37.142985,เย็ด,0.3,main,4800
C:\Users\muldi\Documents\Playground\University\senior-project-1\dataset\internet\clear\รายการเย็ดแม่.wav,798.388588,798.688588,เย็ด,0.3,context_0.2,4800
C:\Users\muldi\Documents\Playground\University\senior-project-1\dataset\internet\clear\Horror movie for WOKE!!!!!.wav,820.394117,820.694117,มึง,0.3,main,4800
C:\Users\muldi\Documents\Playground\University\senior-project-1\dataset\internet\clear\รายการเย็ดแม่.wav,10.500000000000002,10.800000000000002,none,0.3,none_sample,4800
C:\Users\muldi\Documents\Playground\University\senior-project-1\dataset\internet\clear\Horror movie for WOKE!!!!!.wav,670.681471,670.9814709999999,เหี้ย,0.3,main,4800
C:\Users\muldi\Documents\Playground\University\senior-project-1\dataset\internet\clear\รายการเย็ดแม่.wav,106.795602,107.095602,เย็ด,0.3,context_0.8,4800
C:\Users\muldi\Documents\Playground\University\senior-project-1\dataset\internet\clear\Horror movie for WOKE!!!!!.wav,73.674201,73.974201,กู,0.3,context_0.6,4800
C:\Users\muldi\Documents\Playground\University\senior-project-1\dataset\internet\clear\รายการเย็ดแม่.wav,657.214551,657.514551,เหี้ย,0.3,main,4800
C:\Users\muldi\Documents\Playground\University\senior-project-1\dataset\internet\clear\Horror movie for WOKE!!!!!.wav,874.1064339999999,874.4064339999999,มึง,0.3,context_0.4,4800
C:\Users\muldi\Documents\Playground\University\senior-project-1\dataset\internet\clear\Yo mama & แซนวิชบลูเบอร์รี่.wav,103.845744,104.145744,มึง,0.3,context_0.6,4800
C:\Users\muldi\Documents\Playground\University\senior-project-1\dataset\internet\clear\Horror movie for WOKE!!!!!.wav,8.099999999999998,8.399999999999999,none,0.3,none_sample,4800
C:\Users\muldi\Documents\Playground\University\senior-project-1\dataset\internet\clear\Horror movie for WOKE!!!!!.wav,6.299999999999998,6.599999999999998,none,0.3,none_sample,4800
C:\Users\muldi\Documents\Playground\University\senior-project-1\dataset\internet\clear\รายการเย็ดแม่.wav,15.900000000000015,16.200000000000014,none,0.3,none_sample,4800
C:\Users\muldi\Documents\Playground\University\senior-project-1\dataset\internet\clear\รายการเย็ดแม่.wav,752.472671,752.772671,เหี้ย,0.3,main,4800
C:\Users\muldi\Documents\Playground\University\senior-project-1\dataset\internet\clear\รายการเย็ดแม่.wav,659.4899905000001,659.7899905,เหี้ย,0.3,main,4800
C:\Users\muldi\Documents\Playground\University\senior-project-1\dataset\internet\clear\Horror movie for WOKE!!!!!.wav,731.9037715000001,732.2037715,เหี้ย,0.3,main,4800
C:\Users\muldi\Documents\Playground\University\senior-project-1\dataset\internet\clear\รายการเย็ดแม่.wav,246.32571599999997,246.62571599999998,มึง,0.3,main,4800
C:\Users\muldi\Documents\Playground\University\senior-project-1\dataset\internet\clear\เดินเตะทุกอย่างบนโลก!.wav,1.8,2.1,none,0.3,none_sample,4800
C:\Users\muldi\Documents\Playground\University\senior-project-1\dataset\internet\clear\ใต้น้ำยังจะตามมาอีก!!.wav,9.171706,9.471706000000001,กู,0.3,context_0.2,4800
C:\Users\muldi\Documents\Playground\University\senior-project-1\dataset\internet\clear\ลิ้นจระเข้ กินอะไรก็อร่อย.wav,59.749531,60.049530999999995,กู,0.3,context_0.6,4800
C:\Users\muldi\Documents\Playground\University\senior-project-1\dataset\internet\clear\Horror movie for WOKE!!!!!.wav,564.7970320000001,565.097032,เหี้ย,0.3,main,4800
C:\Users\muldi\Documents\Playground\University\senior-project-1\dataset\internet\clear\โอ๊ต.wav,1169.8105379999997,1170.1105379999997,กู,0.3,main,4800
C:\Users\muldi\Documents\Playground\University\senior-project-1\dataset\internet\clear\เพื่อนบ้านหรรษาของจริงๆ.wav,37.834212,38.134212,เหี้ย,0.3,main,4800
C:\Users\muldi\Documents\Playground\University\senior-project-1\dataset\internet\clear\รายการเย็ดแม่.wav,7.799999999999995,8.099999999999996,none,0.3,none_sample,4800
C:\Users\muldi\Documents\Playground\University\senior-project-1\dataset\internet\clear\รายการเย็ดแม่.wav,108.515772,108.815772,เย็ด,0.3,context_0.4,4800
C:\Users\muldi\Documents\Playground\University\senior-project-1\dataset\internet\clear\Horror movie for WOKE!!!!!.wav,0.3,0.6,none,0.3,none_sample,4800
C:\Users\muldi\Documents\Playground\University\senior-project-1\dataset\internet\clear\รายการเย็ดแม่.wav,151.946016,152.246016,กู,0.3,context_0.6,4800
C:\Users\muldi\Documents\Playground\University\senior-project-1\dataset\internet\clear\โอ๊ต.wav,1.5,1.8,none,0.3,none_sample,4800
C:\Users\muldi\Documents\Playground\University\senior-project-1\dataset\internet\clear\รายการเย็ดแม่.wav,584.015751,584.315751,เย็ด,0.3,context_0.8,4800
C:\Users\muldi\Documents\Playground\University\senior-project-1\dataset\internet\clear\Horror movie for WOKE!!!!!.wav,513.587569,513.887569,มึง,0.3,context_0.8,4800
C:\Users\muldi\Documents\Playground\University\senior-project-1\dataset\internet\clear\Yo mama & แซนวิชบลูเบอร์รี่.wav,107.36432099999999,107.66432099999999,มึง,0.3,context_0.2,4800
C:\Users\muldi\Documents\Playground\University\senior-project-1\dataset\internet\clear\Horror movie for WOKE!!!!!.wav,15.900000000000016,16.200000000000017,none,0.3,none_sample,4800
C:\Users\muldi\Documents\Playground\University\senior-project-1\dataset\internet\clear\รายการเย็ดแม่.wav,444.39571850000004,444.69571850000005,เหี้ย,0.3,main,4800
C:\Users\muldi\Documents\Playground\University\senior-project-1\dataset\internet\clear\ใต้น้ำยังจะตามมาอีก!!.wav,6.09593,6.39593,มึง,0.3,context_0.6,4800
C:\Users\muldi\Documents\Playground\University\senior-project-1\dataset\internet\clear\รายการเย็ดแม่.wav,420.6492585,420.9492585,เหี้ย,0.3,main,4800
C:\Users\muldi\Documents\Playground\University\senior-project-1\dataset\internet\clear\ชีวิตมันจะสู้ก็ต้องสู้ #honkaistarrail.wav,17.143318,17.443318,เหี้ย,0.3,main,4800
C:\Users\muldi\Documents\Playground\University\senior-project-1\dataset\internet\clear\จารย์แดง1.wav,7.6556904999999995,7.955690499999999,มึง,0.3,main,4800
C:\Users\muldi\Documents\Playground\University\senior-project-1\dataset\internet\clear\รายการเย็ดแม่.wav,643.704785,644.004785,เหี้ย,0.3,main,4800
C:\Users\muldi\Documents\Playground\University\senior-project-1\dataset\internet\clear\มันไปเล่นเอไอเอสชั่วโมงละ60บาท.wav,0.0,0.3,none,0.3,none_sample,4800
C:\Users\muldi\Documents\Playground\University\senior-project-1\dataset\internet\clear\Yo mama & แซนวิชบลูเบอร์รี่.wav,0.8999999999999999,1.2,none,0.3,none_sample,4800
C:\Users\muldi\Documents\Playground\University\senior-project-1\dataset\internet\clear\รายการเย็ดแม่.wav,106.318161,106.618161,เย็ด,0.3,context_0.4,4800
C:\Users\muldi\Documents\Playground\University\senior-project-1\dataset\internet\clear\รายการเย็ดแม่.wav,34.890411,35.190411,เย็ด,0.3,context_0.6,4800
C:\Users\muldi\Documents\Playground\University\senior-project-1\dataset\internet\clear\Horror movie for WOKE!!!!!.wav,99.14375299999999,99.44375299999999,กู,0.3,context_0.2,4800
C:\Users\muldi\Documents\Playground\University\senior-project-1\dataset\internet\clear\รายการเย็ดแม่.wav,34.890411,35.190411,เย็ด,0.3,context_0.6,4800
C:\Users\muldi\Documents\Playground\University\senior-project-1\dataset\internet\clear\รายการเย็ดแม่.wav,643.704785,644.004785,เหี้ย,0.3,main,4800
C:\Users\muldi\Documents\Playground\University\senior-project-1\dataset\internet\clear\Horror movie for WOKE!!!!!.wav,430.055199,430.355199,มึง,0.3,main,4800
C:\Users\muldi\Documents\Playground\University\senior-project-1\dataset\internet\clear\รายการเย็ดแม่.wav,493.71348400000005,494.01348400000006,กู,0.3,context_0.4,4800
C:\Users\muldi\Documents\Playground\University\senior-project-1\dataset\internet\clear\มันไปเล่นเอไอเอสชั่วโมงละ60บาท.wav,10.480894,10.780894,กู,0.3,context_0.6,4800
C:\Users\muldi\Documents\Playground\University\senior-project-1\dataset\internet\clear\เพื่อนบ้านหรรษาของจริงๆ.wav,22.196907500000002,22.496907500000002,มึง,0.3,main,4800
C:\Users\muldi\Documents\Playground\University\senior-project-1\dataset\internet\clear\รายการเย็ดแม่.wav,0.0,0.3,none,0.3,none_sample,4800
C:\Users\muldi\Documents\Playground\University\senior-project-1\dataset\internet\clear\Horror movie for WOKE!!!!!.wav,824.6110560000001,824.911056,กู,0.3,context_0.8,4800
C:\Users\muldi\Documents\Playground\University\senior-project-1\dataset\internet\clear\Yo mama & แซนวิชบลูเบอร์รี่.wav,2.4,2.6999999999999997,none,0.3,none_sample,4800
C:\Users\muldi\Documents\Playground\University\senior-project-1\dataset\internet\clear\รายการเย็ดแม่.wav,9.6,9.9,none,0.3,none_sample,4800
C:\Users\muldi\Documents\Playground\University\senior-project-1\dataset\internet\clear\รายการเย็ดแม่.wav,204.262261,204.562261,มึง,0.3,main,4800
C:\Users\muldi\Documents\Playground\University\senior-project-1\dataset\internet\clear\รายการเย็ดแม่.wav,114.77402099999999,115.07402099999999,เย็ด,0.3,context_0.4,4800
C:\Users\muldi\Documents\Playground\University\senior-project-1\dataset\internet\clear\ถ้าจะมาหลอกแค่นี้ อย่ามาดีกว่าไอ้น้อง.wav,0.0,0.3,none,0.3,none_sample,4800
C:\Users\muldi\Documents\Playground\University\senior-project-1\dataset\internet\clear\จารย์แดง1.wav,7.6556904999999995,7.955690499999999,มึง,0.3,main,4800
C:\Users\muldi\Documents\Playground\University\senior-project-1\dataset\internet\clear\รายการเย็ดแม่.wav,107.099344,107.399344,เย็ด,0.3,context_0.4,4800
C:\Users\muldi\Documents\Playground\University\senior-project-1\dataset\internet\clear\ประชุมรวมญาติเชลซี.wav,143.540189,143.840189,เหี้ย,0.3,main,4800
C:\Users\muldi\Documents\Playground\University\senior-project-1\dataset\internet\clear\Horror movie for WOKE!!!!!.wav,8.099999999999998,8.399999999999999,none,0.3,none_sample,4800
C:\Users\muldi\Documents\Playground\University\senior-project-1\dataset\internet\clear\Horror movie for WOKE!!!!!.wav,15.600000000000016,15.900000000000016,none,0.3,none_sample,4800
C:\Users\muldi\Documents\Playground\University\senior-project-1\dataset\internet\clear\Horror movie for WOKE!!!!!.wav,9.600000000000001,9.900000000000002,none,0.3,none_sample,4800
C:\Users\muldi\Documents\Playground\University\senior-project-1\dataset\internet\clear\รายการเย็ดแม่.wav,33.848825000000005,34.148825,เย็ด,0.3,context_0.2,4800
C:\Users\muldi\Documents\Playground\University\senior-project-1\dataset\internet\clear\รายการเย็ดแม่.wav,713.6488220000001,713.9488220000001,กู,0.3,context_0.6,4800
C:\Users\muldi\Documents\Playground\University\senior-project-1\dataset\internet\clear\รายการเย็ดแม่.wav,114.77402099999999,115.07402099999999,เย็ด,0.3,context_0.4,4800
C:\Users\muldi\Documents\Playground\University\senior-project-1\dataset\internet\clear\ชีวิตมันจะสู้ก็ต้องสู้ #honkaistarrail.wav,24.357903,24.657903,มึง,0.3,context_0.8,4800
C:\Users\muldi\Documents\Playground\University\senior-project-1\dataset\internet\clear\รายการเย็ดแม่.wav,35.382075,35.682075,เย็ด,0.3,context_0.2,4800
C:\Users\muldi\Documents\Playground\University\senior-project-1\dataset\internet\clear\Yo mama & แซนวิชบลูเบอร์รี่.wav,83.67128299999999,83.97128299999999,มึง,0.3,main,4800
C:\Users\muldi\Documents\Playground\University\senior-project-1\dataset\internet\clear\รายการเย็ดแม่.wav,21.000000000000025,21.300000000000026,none,0.3,none_sample,4800
C:\Users\muldi\Documents\Playground\University\senior-project-1\dataset\internet\clear\รายการเย็ดแม่.wav,177.91553,178.21553,เย็ด,0.3,context_0.6,4800
C:\Users\muldi\Documents\Playground\University\senior-project-1\dataset\internet\clear\รายการเย็ดแม่.wav,653.230944,653.530944,เหี้ย,0.3,context_0.2,4800
C:\Users\muldi\Documents\Playground\University\senior-project-1\dataset\internet\clear\เกิดแต่กับคีร์มากค่ะ.wav,0.0,0.3,none,0.3,none_sample,4800
C:\Users\muldi\Documents\Playground\University\senior-project-1\dataset\internet\clear\รายการเย็ดแม่.wav,745.611126,745.911126,กู,0.3,context_0.4,4800
C:\Users\muldi\Documents\Playground\University\senior-project-1\dataset\internet\clear\Horror movie for WOKE!!!!!.wav,826.157457,826.457457,มึง,0.3,main,4800
C:\Users\muldi\Documents\Playground\University\senior-project-1\dataset\internet\clear\รายการเย็ดแม่.wav,788.977523,789.277523,เหี้ย,0.3,main,4800
C:\Users\muldi\Documents\Playground\University\senior-project-1\dataset\internet\clear\รายการเย็ดแม่.wav,749.5710620000001,749.871062,กู,0.3,context_0.6,4800
C:\Users\muldi\Documents\Playground\University\senior-project-1\dataset\internet\clear\รายการเย็ดแม่.wav,297.62327000000005,297.92327000000006,เหี้ย,0.3,main,4800
C:\Users\muldi\Documents\Playground\University\senior-project-1\dataset\internet\clear\Horror movie for WOKE!!!!!.wav,529.908684,530.208684,มึง,0.3,main,4800
C:\Users\muldi\Documents\Playground\University\senior-project-1\dataset\internet\clear\รายการเย็ดแม่.wav,106.705602,107.005602,เย็ด,0.3,context_0.2,4800
C:\Users\muldi\Documents\Playground\University\senior-project-1\dataset\internet\clear\Horror movie for WOKE!!!!!.wav,74.2611865,74.56118649999999,มึง,0.3,main,4800
C:\Users\muldi\Documents\Playground\University\senior-project-1\dataset\internet\clear\รายการเย็ดแม่.wav,114.80402099999999,115.10402099999999,เย็ด,0.3,context_0.6,4800
C:\Users\muldi\Documents\Playground\University\senior-project-1\dataset\internet\clear\รายการเย็ดแม่.wav,12.600000000000007,12.900000000000007,none,0.3,none_sample,4800
C:\Users\muldi\Documents\Playground\University\senior-project-1\dataset\internet\clear\ใต้น้ำยังจะตามมาอีก!!.wav,49.123995,49.423995,เหี้ย,0.3,main,4800
C:\Users\muldi\Documents\Playground\University\senior-project-1\dataset\internet\clear\รายการเย็ดแม่.wav,0.0,0.3,none,0.3,none_sample,4800
C:\Users\muldi\Documents\Playground\University\senior-project-1\dataset\internet\clear\รายการเย็ดแม่.wav,260.96394,261.26394,เหี้ย,0.3,main,4800
C:\Users\muldi\Documents\Playground\University\senior-project-1\dataset\internet\clear\รายการเย็ดแม่.wav,5.699999999999997,5.9999999999999964,none,0.3,none_sample,4800
C:\Users\muldi\Documents\Playground\University\senior-project-1\dataset\internet\clear\รายการเย็ดแม่.wav,107.579723,107.879723,เย็ด,0.3,context_0.8,4800
C:\Users\muldi\Documents\Playground\University\senior-project-1\dataset\internet\clear\รายการเย็ดแม่.wav,4.1999999999999975,4.499999999999997,none,0.3,none_sample,4800
C:\Users\muldi\Documents\Playground\University\senior-project-1\dataset\internet\clear\รายการเย็ดแม่.wav,653.2909440000001,653.590944,เหี้ย,0.3,context_0.6,4800
C:\Users\muldi\Documents\Playground\University\senior-project-1\dataset\internet\clear\อะไรหายากสุด.wav,13.926202,14.226202,มึง,0.3,context_0.6,4800
C:\Users\muldi\Documents\Playground\University\senior-project-1\dataset\internet\clear\Horror movie for WOKE!!!!!.wav,811.875369,812.1753689999999,เย็ด,0.3,context_0.2,4800
C:\Users\muldi\Documents\Playground\University\senior-project-1\dataset\internet\noise\อะไรคือสิ่งที่ถูก.wav,1.4168349999999998,1.7168349999999999,มึง,0.3,context_0.4,4800
C:\Users\muldi\Documents\Playground\University\senior-project-1\dataset\internet\clear\รายการเย็ดแม่.wav,669.921523,670.2215229999999,เหี้ย,0.3,main,4800
C:\Users\muldi\Documents\Playground\University\senior-project-1\dataset\internet\clear\จารย์แดง1.wav,8.553010500000001,8.853010500000002,เหี้ย,0.3,main,4800
C:\Users\muldi\Documents\Playground\University\senior-project-1\dataset\internet\clear\Horror movie for WOKE!!!!!.wav,587.9530605000001,588.2530605000001,มึง,0.3,main,4800
C:\Users\muldi\Documents\Playground\University\senior-project-1\dataset\internet\clear\รายการเย็ดแม่.wav,17.400000000000016,17.700000000000017,none,0.3,none_sample,4800
C:\Users\muldi\Documents\Playground\University\senior-project-1\dataset\internet\clear\Horror movie for WOKE!!!!!.wav,1103.167582,1103.467582,กู,0.3,context_0.4,4800
C:\Users\muldi\Documents\Playground\University\senior-project-1\dataset\internet\clear\รายการเย็ดแม่.wav,108.545772,108.845772,เย็ด,0.3,context_0.6,4800
C:\Users\muldi\Documents\Playground\University\senior-project-1\dataset\internet\clear\เกิดแต่กับคีร์มากค่ะ.wav,0.3,0.6,none,0.3,none_sample,4800
C:\Users\muldi\Documents\Playground\University\senior-project-1\dataset\internet\clear\รายการเย็ดแม่.wav,108.545772,108.845772,เย็ด,0.3,context_0.6,4800
C:\Users\muldi\Documents\Playground\University\senior-project-1\dataset\internet\clear\รายการเย็ดแม่.wav,207.257418,207.557418,กู,0.3,context_0.6,4800
C:\Users\muldi\Documents\Playground\University\senior-project-1\dataset\internet\clear\Horror movie for WOKE!!!!!.wav,233.8755545,234.1755545,เหี้ย,0.3,main,4800
C:\Users\muldi\Documents\Playground\University\senior-project-1\dataset\internet\clear\Horror movie for WOKE!!!!!.wav,396.91501900000003,397.21501900000004,มึง,0.3,main,4800
C:\Users\muldi\Documents\Playground\University\senior-project-1\dataset\internet\clear\รายการเย็ดแม่.wav,745.6711260000001,745.971126,กู,0.3,context_0.8,4800
C:\Users\muldi\Documents\Playground\University\senior-project-1\dataset\internet\clear\รายการเย็ดแม่.wav,791.7409945,792.0409945,มึง,0.3,main,4800
C:\Users\muldi\Documents\Playground\University\senior-project-1\dataset\internet\clear\รายการเย็ดแม่.wav,582.280521,582.580521,เย็ด,0.3,context_0.6,4800
C:\Users\muldi\Documents\Playground\University\senior-project-1\dataset\internet\clear\รายการเย็ดแม่.wav,14.400000000000011,14.700000000000012,none,0.3,none_sample,4800
C:\Users\muldi\Documents\Playground\University\senior-project-1\dataset\internet\clear\Horror movie for WOKE!!!!!.wav,857.5012315,857.8012315,มึง,0.3,main,4800
C:\Users\muldi\Documents\Playground\University\senior-project-1\dataset\internet\clear\Horror movie for WOKE!!!!!.wav,152.147745,152.447745,เย็ด,0.3,main,4800
C:\Users\muldi\Documents\Playground\University\senior-project-1\dataset\internet\clear\เพื่อนบ้านหรรษาของจริงๆ.wav,30.763568,31.063568,กู,0.3,context_0.8,4800
C:\Users\muldi\Documents\Playground\University\senior-project-1\dataset\internet\clear\รายการเย็ดแม่.wav,609.467748,609.767748,เหี้ย,0.3,main,4800
C:\Users\muldi\Documents\Playground\University\senior-project-1\dataset\internet\clear\รายการเย็ดแม่.wav,748.219915,748.519915,กู,0.3,main,4800
C:\Users\muldi\Documents\Playground\University\senior-project-1\dataset\internet\clear\เดินเตะทุกอย่างบนโลก!.wav,1.2,1.5,none,0.3,none_sample,4800
C:\Users\muldi\Documents\Playground\University\senior-project-1\dataset\internet\clear\รายการเย็ดแม่.wav,2.8870980000000004,3.187098,เย็ด,0.3,context_0.8,4800
C:\Users\muldi\Documents\Playground\University\senior-project-1\dataset\internet\clear\เกิดแต่กับคีร์มากค่ะ.wav,26.0116375,26.3116375,มึง,0.3,main,4800
C:\Users\muldi\Documents\Playground\University\senior-project-1\dataset\internet\clear\Horror movie for WOKE!!!!!.wav,22.697007000000003,22.997007000000004,มึง,0.3,context_0.6,4800
C:\Users\muldi\Documents\Playground\University\senior-project-1\dataset\internet\clear\ประชุมรวมญาติเชลซี.wav,144.767836,145.067836,กู,0.3,context_0.8,4800
C:\Users\muldi\Documents\Playground\University\senior-project-1\dataset\internet\clear\Horror movie for WOKE!!!!!.wav,613.318783,613.618783,มึง,0.3,main,4800
C:\Users\muldi\Documents\Playground\University\senior-project-1\dataset\internet\clear\โอ๊ต.wav,127.418485,127.718485,กู,0.3,context_0.8,4800
C:\Users\muldi\Documents\Playground\University\senior-project-1\dataset\internet\clear\Horror movie for WOKE!!!!!.wav,32.973757,33.273756999999996,เหี้ย,0.3,main,4800
C:\Users\muldi\Documents\Playground\University\senior-project-1\dataset\internet\clear\รายการเย็ดแม่.wav,18.90000000000002,19.20000000000002,none,0.3,none_sample,4800
C:\Users\muldi\Documents\Playground\University\senior-project-1\dataset\internet\clear\รายการเย็ดแม่.wav,879.1756265,879.4756265,กู,0.3,main,4800
C:\Users\muldi\Documents\Playground\University\senior-project-1\dataset\internet\clear\Horror movie for WOKE!!!!!.wav,883.24046,883.5404599999999,มึง,0.3,context_0.4,4800
C:\Users\muldi\Documents\Playground\University\senior-project-1\dataset\internet\clear\เพื่อนบ้านหรรษาของจริงๆ.wav,22.196907500000002,22.496907500000002,มึง,0.3,main,4800
C:\Users\muldi\Documents\Playground\University\senior-project-1\dataset\internet\clear\Yo mama & แซนวิชบลูเบอร์รี่.wav,98.49823899999998,98.79823899999998,มึง,0.3,main,4800
C:\Users\muldi\Documents\Playground\University\senior-project-1\dataset\internet\clear\รายการเย็ดแม่.wav,653.320944,653.620944,เหี้ย,0.3,context_0.8,4800
C:\Users\muldi\Documents\Playground\University\senior-project-1\dataset\internet\clear\ชีวิตมันจะสู้ก็ต้องสู้ #honkaistarrail.wav,17.143318,17.443318,เหี้ย,0.3,main,4800
C:\Users\muldi\Documents\Playground\University\senior-project-1\dataset\internet\clear\รายการเย็ดแม่.wav,582.280521,582.580521,เย็ด,0.3,context_0.6,4800
C:\Users\muldi\Documents\Playground\University\senior-project-1\dataset\internet\clear\เกิดแต่กับคีร์มากค่ะ.wav,40.025866,40.325866,กู,0.3,context_0.8,4800
C:\Users\muldi\Documents\Playground\University\senior-project-1\dataset\internet\clear\รายการเย็ดแม่.wav,444.39571850000004,444.69571850000005,เหี้ย,0.3,main,4800
C:\Users\muldi\Documents\Playground\University\senior-project-1\dataset\internet\clear\Horror movie for WOKE!!!!!.wav,81.1188185,81.4188185,เหี้ย,0.3,main,4800
