file_path,start_time,end_time,label,window_size,variant_type,audio_samples
C:\Users\muldi\Documents\Playground\University\senior-project-1\dataset\internet\clear\Horror movie for WOKE!!!!!.wav,19.933268,20.933268,กู,1.0,context_0.2,16000
C:\Users\muldi\Documents\Playground\University\senior-project-1\dataset\internet\clear\Horror movie for WOKE!!!!!.wav,20.033268,21.033268,กู,1.0,context_0.4,16000
C:\Users\muldi\Documents\Playground\University\senior-project-1\dataset\internet\clear\Horror movie for WOKE!!!!!.wav,20.133268,21.133268,กู,1.0,context_0.6,16000
C:\Users\muldi\Documents\Playground\University\senior-project-1\dataset\internet\clear\Horror movie for WOKE!!!!!.wav,20.233268,21.233268,กู,1.0,context_0.8,16000
C:\Users\muldi\Documents\Playground\University\senior-project-1\dataset\internet\clear\Horror movie for WOKE!!!!!.wav,22.357007000000003,23.357007000000003,มึง,1.0,context_0.2,16000
C:\Users\muldi\Documents\Playground\University\senior-project-1\dataset\internet\clear\Horror movie for WOKE!!!!!.wav,22.457007,23.457007,มึง,1.0,context_0.4,16000
C:\Users\muldi\Documents\Playground\University\senior-project-1\dataset\internet\clear\Horror movie for WOKE!!!!!.wav,22.557007000000002,23.557007000000002,มึง,1.0,context_0.6,16000
C:\Users\muldi\Documents\Playground\University\senior-project-1\dataset\internet\clear\Horror movie for WOKE!!!!!.wav,22.657007,23.657007,มึง,1.0,context_0.8,16000
C:\Users\muldi\Documents\Playground\University\senior-project-1\dataset\internet\clear\Horror movie for WOKE!!!!!.wav,23.188952,24.188952,กู,1.0,context_0.2,16000
C:\Users\muldi\Documents\Playground\University\senior-project-1\dataset\internet\clear\Horror movie for WOKE!!!!!.wav,23.288952,24.288952,กู,1.0,context_0.4,16000
C:\Users\muldi\Documents\Playground\University\senior-project-1\dataset\internet\clear\Horror movie for WOKE!!!!!.wav,23.388952,24.388952,กู,1.0,context_0.6,16000
C:\Users\muldi\Documents\Playground\University\senior-project-1\dataset\internet\clear\Horror movie for WOKE!!!!!.wav,23.488951999999998,24.488951999999998,กู,1.0,context_0.8,16000
C:\Users\muldi\Documents\Playground\University\senior-project-1\dataset\internet\clear\Horror movie for WOKE!!!!!.wav,25.931104,26.931104,กู,1.0,context_0.2,16000
C:\Users\muldi\Documents\Playground\University\senior-project-1\dataset\internet\clear\Horror movie for WOKE!!!!!.wav,26.031104,27.031104,กู,1.0,context_0.4,16000
C:\Users\muldi\Documents\Playground\University\senior-project-1\dataset\internet\clear\Horror movie for WOKE!!!!!.wav,26.131104,27.131104,กู,1.0,context_0.6,16000
C:\Users\muldi\Documents\Playground\University\senior-project-1\dataset\internet\clear\Horror movie for WOKE!!!!!.wav,26.231104,27.231104,กู,1.0,context_0.8,16000
C:\Users\muldi\Documents\Playground\University\senior-project-1\dataset\internet\clear\Horror movie for WOKE!!!!!.wav,32.647886,33.647886,เหี้ย,1.0,context_0.2,16000
C:\Users\muldi\Documents\Playground\University\senior-project-1\dataset\internet\clear\Horror movie for WOKE!!!!!.wav,32.747886,33.747886,เหี้ย,1.0,context_0.4,16000
C:\Users\muldi\Documents\Playground\University\senior-project-1\dataset\internet\clear\Horror movie for WOKE!!!!!.wav,32.847885999999995,33.847885999999995,เหี้ย,1.0,context_0.6,16000
C:\Users\muldi\Documents\Playground\University\senior-project-1\dataset\internet\clear\Horror movie for WOKE!!!!!.wav,32.947886,33.947886,เหี้ย,1.0,context_0.8,16000
C:\Users\muldi\Documents\Playground\University\senior-project-1\dataset\internet\clear\Horror movie for WOKE!!!!!.wav,73.334201,74.334201,กู,1.0,context_0.2,16000
C:\Users\muldi\Documents\Playground\University\senior-project-1\dataset\internet\clear\Horror movie for WOKE!!!!!.wav,73.434201,74.434201,กู,1.0,context_0.4,16000
C:\Users\muldi\Documents\Playground\University\senior-project-1\dataset\internet\clear\Horror movie for WOKE!!!!!.wav,73.534201,74.534201,กู,1.0,context_0.6,16000
C:\Users\muldi\Documents\Playground\University\senior-project-1\dataset\internet\clear\Horror movie for WOKE!!!!!.wav,73.634201,74.634201,กู,1.0,context_0.8,16000
C:\Users\muldi\Documents\Playground\University\senior-project-1\dataset\internet\clear\Horror movie for WOKE!!!!!.wav,73.953244,74.953244,มึง,1.0,context_0.2,16000
C:\Users\muldi\Documents\Playground\University\senior-project-1\dataset\internet\clear\Horror movie for WOKE!!!!!.wav,74.053244,75.053244,มึง,1.0,context_0.4,16000
C:\Users\muldi\Documents\Playground\University\senior-project-1\dataset\internet\clear\Horror movie for WOKE!!!!!.wav,74.153244,75.153244,มึง,1.0,context_0.6,16000
C:\Users\muldi\Documents\Playground\University\senior-project-1\dataset\internet\clear\Horror movie for WOKE!!!!!.wav,74.25324400000001,75.25324400000001,มึง,1.0,context_0.8,16000
C:\Users\muldi\Documents\Playground\University\senior-project-1\dataset\internet\clear\Horror movie for WOKE!!!!!.wav,80.76881850000001,81.76881850000001,เหี้ย,1.0,main,16000
C:\Users\muldi\Documents\Playground\University\senior-project-1\dataset\internet\clear\Horror movie for WOKE!!!!!.wav,97.830894,98.830894,เหี้ย,1.0,context_0.2,16000
C:\Users\muldi\Documents\Playground\University\senior-project-1\dataset\internet\clear\Horror movie for WOKE!!!!!.wav,97.93089400000001,98.93089400000001,เหี้ย,1.0,context_0.4,16000
C:\Users\muldi\Documents\Playground\University\senior-project-1\dataset\internet\clear\Horror movie for WOKE!!!!!.wav,98.030894,99.030894,เหี้ย,1.0,context_0.6,16000
C:\Users\muldi\Documents\Playground\University\senior-project-1\dataset\internet\clear\Horror movie for WOKE!!!!!.wav,98.13089400000001,99.13089400000001,เหี้ย,1.0,context_0.8,16000
C:\Users\muldi\Documents\Playground\University\senior-project-1\dataset\internet\clear\Horror movie for WOKE!!!!!.wav,98.86375299999999,99.86375299999999,กู,1.0,context_0.2,16000
C:\Users\muldi\Documents\Playground\University\senior-project-1\dataset\internet\clear\Horror movie for WOKE!!!!!.wav,98.963753,99.963753,กู,1.0,context_0.4,16000
C:\Users\muldi\Documents\Playground\University\senior-project-1\dataset\internet\clear\Horror movie for WOKE!!!!!.wav,99.06375299999999,100.06375299999999,กู,1.0,context_0.6,16000
C:\Users\muldi\Documents\Playground\University\senior-project-1\dataset\internet\clear\Horror movie for WOKE!!!!!.wav,99.163753,100.163753,กู,1.0,context_0.8,16000
C:\Users\muldi\Documents\Playground\University\senior-project-1\dataset\internet\clear\Horror movie for WOKE!!!!!.wav,111.402627,112.402627,เหี้ย,1.0,context_0.2,16000
C:\Users\muldi\Documents\Playground\University\senior-project-1\dataset\internet\clear\Horror movie for WOKE!!!!!.wav,111.502627,112.502627,เหี้ย,1.0,context_0.4,16000
C:\Users\muldi\Documents\Playground\University\senior-project-1\dataset\internet\clear\Horror movie for WOKE!!!!!.wav,111.602627,112.602627,เหี้ย,1.0,context_0.6,16000
C:\Users\muldi\Documents\Playground\University\senior-project-1\dataset\internet\clear\Horror movie for WOKE!!!!!.wav,111.702627,112.702627,เหี้ย,1.0,context_0.8,16000
C:\Users\muldi\Documents\Playground\University\senior-project-1\dataset\internet\clear\Horror movie for WOKE!!!!!.wav,150.517787,151.517787,กู,1.0,context_0.2,16000
C:\Users\muldi\Documents\Playground\University\senior-project-1\dataset\internet\clear\Horror movie for WOKE!!!!!.wav,150.617787,151.617787,กู,1.0,context_0.4,16000
C:\Users\muldi\Documents\Playground\University\senior-project-1\dataset\internet\clear\Horror movie for WOKE!!!!!.wav,150.71778700000002,151.71778700000002,กู,1.0,context_0.6,16000
C:\Users\muldi\Documents\Playground\University\senior-project-1\dataset\internet\clear\Horror movie for WOKE!!!!!.wav,150.817787,151.817787,กู,1.0,context_0.8,16000
C:\Users\muldi\Documents\Playground\University\senior-project-1\dataset\internet\clear\Horror movie for WOKE!!!!!.wav,151.167484,152.167484,มึง,1.0,context_0.2,16000
C:\Users\muldi\Documents\Playground\University\senior-project-1\dataset\internet\clear\Horror movie for WOKE!!!!!.wav,151.267484,152.267484,มึง,1.0,context_0.4,16000
C:\Users\muldi\Documents\Playground\University\senior-project-1\dataset\internet\clear\Horror movie for WOKE!!!!!.wav,151.36748400000002,152.36748400000002,มึง,1.0,context_0.6,16000
C:\Users\muldi\Documents\Playground\University\senior-project-1\dataset\internet\clear\Horror movie for WOKE!!!!!.wav,151.467484,152.467484,มึง,1.0,context_0.8,16000
C:\Users\muldi\Documents\Playground\University\senior-project-1\dataset\internet\clear\Horror movie for WOKE!!!!!.wav,151.839442,152.839442,เย็ด,1.0,context_0.2,16000
C:\Users\muldi\Documents\Playground\University\senior-project-1\dataset\internet\clear\Horror movie for WOKE!!!!!.wav,151.93944199999999,152.93944199999999,เย็ด,1.0,context_0.4,16000
C:\Users\muldi\Documents\Playground\University\senior-project-1\dataset\internet\clear\Horror movie for WOKE!!!!!.wav,152.039442,153.039442,เย็ด,1.0,context_0.6,16000
C:\Users\muldi\Documents\Playground\University\senior-project-1\dataset\internet\clear\Horror movie for WOKE!!!!!.wav,152.139442,153.139442,เย็ด,1.0,context_0.8,16000
C:\Users\muldi\Documents\Playground\University\senior-project-1\dataset\internet\clear\Horror movie for WOKE!!!!!.wav,162.918824,163.918824,มึง,1.0,context_0.2,16000
C:\Users\muldi\Documents\Playground\University\senior-project-1\dataset\internet\clear\Horror movie for WOKE!!!!!.wav,163.018824,164.018824,มึง,1.0,context_0.4,16000
C:\Users\muldi\Documents\Playground\University\senior-project-1\dataset\internet\clear\Horror movie for WOKE!!!!!.wav,163.11882400000002,164.11882400000002,มึง,1.0,context_0.6,16000
C:\Users\muldi\Documents\Playground\University\senior-project-1\dataset\internet\clear\Horror movie for WOKE!!!!!.wav,163.218824,164.218824,มึง,1.0,context_0.8,16000
C:\Users\muldi\Documents\Playground\University\senior-project-1\dataset\internet\clear\Horror movie for WOKE!!!!!.wav,185.093758,186.093758,เหี้ย,1.0,context_0.2,16000
C:\Users\muldi\Documents\Playground\University\senior-project-1\dataset\internet\clear\Horror movie for WOKE!!!!!.wav,185.193758,186.193758,เหี้ย,1.0,context_0.4,16000
C:\Users\muldi\Documents\Playground\University\senior-project-1\dataset\internet\clear\Horror movie for WOKE!!!!!.wav,185.29375800000003,186.29375800000003,เหี้ย,1.0,context_0.6,16000
C:\Users\muldi\Documents\Playground\University\senior-project-1\dataset\internet\clear\Horror movie for WOKE!!!!!.wav,185.39375800000002,186.39375800000002,เหี้ย,1.0,context_0.8,16000
C:\Users\muldi\Documents\Playground\University\senior-project-1\dataset\internet\clear\Horror movie for WOKE!!!!!.wav,233.501956,234.501956,เหี้ย,1.0,context_0.2,16000
C:\Users\muldi\Documents\Playground\University\senior-project-1\dataset\internet\clear\Horror movie for WOKE!!!!!.wav,233.601956,234.601956,เหี้ย,1.0,context_0.4,16000
C:\Users\muldi\Documents\Playground\University\senior-project-1\dataset\internet\clear\Horror movie for WOKE!!!!!.wav,233.70195600000002,234.70195600000002,เหี้ย,1.0,context_0.6,16000
C:\Users\muldi\Documents\Playground\University\senior-project-1\dataset\internet\clear\Horror movie for WOKE!!!!!.wav,233.80195600000002,234.80195600000002,เหี้ย,1.0,context_0.8,16000
C:\Users\muldi\Documents\Playground\University\senior-project-1\dataset\internet\clear\Horror movie for WOKE!!!!!.wav,250.059551,251.059551,เหี้ย,1.0,context_0.2,16000
C:\Users\muldi\Documents\Playground\University\senior-project-1\dataset\internet\clear\Horror movie for WOKE!!!!!.wav,250.159551,251.159551,เหี้ย,1.0,context_0.4,16000
C:\Users\muldi\Documents\Playground\University\senior-project-1\dataset\internet\clear\Horror movie for WOKE!!!!!.wav,250.25955100000002,251.25955100000002,เหี้ย,1.0,context_0.6,16000
C:\Users\muldi\Documents\Playground\University\senior-project-1\dataset\internet\clear\Horror movie for WOKE!!!!!.wav,250.359551,251.359551,เหี้ย,1.0,context_0.8,16000
C:\Users\muldi\Documents\Playground\University\senior-project-1\dataset\internet\clear\Horror movie for WOKE!!!!!.wav,250.46622200000002,251.46622200000002,เหี้ย,1.0,main,16000
C:\Users\muldi\Documents\Playground\University\senior-project-1\dataset\internet\clear\Horror movie for WOKE!!!!!.wav,390.042997,391.042997,กู,1.0,context_0.2,16000
C:\Users\muldi\Documents\Playground\University\senior-project-1\dataset\internet\clear\Horror movie for WOKE!!!!!.wav,390.142997,391.142997,กู,1.0,context_0.4,16000
C:\Users\muldi\Documents\Playground\University\senior-project-1\dataset\internet\clear\Horror movie for WOKE!!!!!.wav,390.242997,391.242997,กู,1.0,context_0.6,16000
C:\Users\muldi\Documents\Playground\University\senior-project-1\dataset\internet\clear\Horror movie for WOKE!!!!!.wav,390.34299699999997,391.34299699999997,กู,1.0,context_0.8,16000
C:\Users\muldi\Documents\Playground\University\senior-project-1\dataset\internet\clear\Horror movie for WOKE!!!!!.wav,391.015775,392.015775,กู,1.0,context_0.2,16000
C:\Users\muldi\Documents\Playground\University\senior-project-1\dataset\internet\clear\Horror movie for WOKE!!!!!.wav,391.115775,392.115775,กู,1.0,context_0.4,16000
C:\Users\muldi\Documents\Playground\University\senior-project-1\dataset\internet\clear\Horror movie for WOKE!!!!!.wav,391.215775,392.215775,กู,1.0,context_0.6,16000
C:\Users\muldi\Documents\Playground\University\senior-project-1\dataset\internet\clear\Horror movie for WOKE!!!!!.wav,391.315775,392.315775,กู,1.0,context_0.8,16000
C:\Users\muldi\Documents\Playground\University\senior-project-1\dataset\internet\clear\Horror movie for WOKE!!!!!.wav,393.734194,394.734194,มึง,1.0,context_0.2,16000
C:\Users\muldi\Documents\Playground\University\senior-project-1\dataset\internet\clear\Horror movie for WOKE!!!!!.wav,393.83419399999997,394.83419399999997,มึง,1.0,context_0.4,16000
C:\Users\muldi\Documents\Playground\University\senior-project-1\dataset\internet\clear\Horror movie for WOKE!!!!!.wav,393.934194,394.934194,มึง,1.0,context_0.6,16000
C:\Users\muldi\Documents\Playground\University\senior-project-1\dataset\internet\clear\Horror movie for WOKE!!!!!.wav,394.03419399999996,395.03419399999996,มึง,1.0,context_0.8,16000
C:\Users\muldi\Documents\Playground\University\senior-project-1\dataset\internet\clear\Horror movie for WOKE!!!!!.wav,396.615719,397.615719,มึง,1.0,context_0.2,16000
C:\Users\muldi\Documents\Playground\University\senior-project-1\dataset\internet\clear\Horror movie for WOKE!!!!!.wav,396.715719,397.715719,มึง,1.0,context_0.4,16000
C:\Users\muldi\Documents\Playground\University\senior-project-1\dataset\internet\clear\Horror movie for WOKE!!!!!.wav,396.815719,397.815719,มึง,1.0,context_0.6,16000
C:\Users\muldi\Documents\Playground\University\senior-project-1\dataset\internet\clear\Horror movie for WOKE!!!!!.wav,396.91571899999997,397.91571899999997,มึง,1.0,context_0.8,16000
C:\Users\muldi\Documents\Playground\University\senior-project-1\dataset\internet\clear\Horror movie for WOKE!!!!!.wav,400.602705,401.602705,มึง,1.0,context_0.2,16000
C:\Users\muldi\Documents\Playground\University\senior-project-1\dataset\internet\clear\Horror movie for WOKE!!!!!.wav,400.702705,401.702705,มึง,1.0,context_0.4,16000
C:\Users\muldi\Documents\Playground\University\senior-project-1\dataset\internet\clear\Horror movie for WOKE!!!!!.wav,400.802705,401.802705,มึง,1.0,context_0.6,16000
C:\Users\muldi\Documents\Playground\University\senior-project-1\dataset\internet\clear\Horror movie for WOKE!!!!!.wav,400.90270499999997,401.90270499999997,มึง,1.0,context_0.8,16000
C:\Users\muldi\Documents\Playground\University\senior-project-1\dataset\internet\clear\Horror movie for WOKE!!!!!.wav,402.28580300000004,403.28580300000004,มึง,1.0,context_0.2,16000
C:\Users\muldi\Documents\Playground\University\senior-project-1\dataset\internet\clear\Horror movie for WOKE!!!!!.wav,402.385803,403.385803,มึง,1.0,context_0.4,16000
C:\Users\muldi\Documents\Playground\University\senior-project-1\dataset\internet\clear\Horror movie for WOKE!!!!!.wav,402.48580300000003,403.48580300000003,มึง,1.0,context_0.6,16000
C:\Users\muldi\Documents\Playground\University\senior-project-1\dataset\internet\clear\Horror movie for WOKE!!!!!.wav,402.585803,403.585803,มึง,1.0,context_0.8,16000
C:\Users\muldi\Documents\Playground\University\senior-project-1\dataset\internet\clear\Horror movie for WOKE!!!!!.wav,429.73512700000003,430.73512700000003,มึง,1.0,context_0.2,16000
C:\Users\muldi\Documents\Playground\University\senior-project-1\dataset\internet\clear\Horror movie for WOKE!!!!!.wav,429.835127,430.835127,มึง,1.0,context_0.4,16000
C:\Users\muldi\Documents\Playground\University\senior-project-1\dataset\internet\clear\Horror movie for WOKE!!!!!.wav,429.935127,430.935127,มึง,1.0,context_0.6,16000
C:\Users\muldi\Documents\Playground\University\senior-project-1\dataset\internet\clear\Horror movie for WOKE!!!!!.wav,430.035127,431.035127,มึง,1.0,context_0.8,16000
C:\Users\muldi\Documents\Playground\University\senior-project-1\dataset\internet\clear\Horror movie for WOKE!!!!!.wav,452.56933849999996,453.56933849999996,เหี้ย,1.0,main,16000
C:\Users\muldi\Documents\Playground\University\senior-project-1\dataset\internet\clear\Horror movie for WOKE!!!!!.wav,458.347717,459.347717,เหี้ย,1.0,main,16000
C:\Users\muldi\Documents\Playground\University\senior-project-1\dataset\internet\clear\Horror movie for WOKE!!!!!.wav,464.416067,465.416067,เหี้ย,1.0,context_0.2,16000
C:\Users\muldi\Documents\Playground\University\senior-project-1\dataset\internet\clear\Horror movie for WOKE!!!!!.wav,464.51606699999996,465.51606699999996,เหี้ย,1.0,context_0.4,16000
C:\Users\muldi\Documents\Playground\University\senior-project-1\dataset\internet\clear\Horror movie for WOKE!!!!!.wav,464.616067,465.616067,เหี้ย,1.0,context_0.6,16000
C:\Users\muldi\Documents\Playground\University\senior-project-1\dataset\internet\clear\Horror movie for WOKE!!!!!.wav,464.71606699999995,465.71606699999995,เหี้ย,1.0,context_0.8,16000
C:\Users\muldi\Documents\Playground\University\senior-project-1\dataset\internet\clear\Horror movie for WOKE!!!!!.wav,475.308725,476.308725,เหี้ย,1.0,main,16000
C:\Users\muldi\Documents\Playground\University\senior-project-1\dataset\internet\clear\Horror movie for WOKE!!!!!.wav,508.84195200000005,509.84195200000005,มึง,1.0,context_0.2,16000
C:\Users\muldi\Documents\Playground\University\senior-project-1\dataset\internet\clear\Horror movie for WOKE!!!!!.wav,508.941952,509.941952,มึง,1.0,context_0.4,16000
C:\Users\muldi\Documents\Playground\University\senior-project-1\dataset\internet\clear\Horror movie for WOKE!!!!!.wav,509.04195200000004,510.04195200000004,มึง,1.0,context_0.6,16000
C:\Users\muldi\Documents\Playground\University\senior-project-1\dataset\internet\clear\Horror movie for WOKE!!!!!.wav,509.141952,510.141952,มึง,1.0,context_0.8,16000
C:\Users\muldi\Documents\Playground\University\senior-project-1\dataset\internet\clear\Horror movie for WOKE!!!!!.wav,513.217569,514.217569,มึง,1.0,context_0.2,16000
C:\Users\muldi\Documents\Playground\University\senior-project-1\dataset\internet\clear\Horror movie for WOKE!!!!!.wav,513.317569,514.317569,มึง,1.0,context_0.4,16000
C:\Users\muldi\Documents\Playground\University\senior-project-1\dataset\internet\clear\Horror movie for WOKE!!!!!.wav,513.417569,514.417569,มึง,1.0,context_0.6,16000
C:\Users\muldi\Documents\Playground\University\senior-project-1\dataset\internet\clear\Horror movie for WOKE!!!!!.wav,513.517569,514.517569,มึง,1.0,context_0.8,16000
C:\Users\muldi\Documents\Playground\University\senior-project-1\dataset\internet\clear\Horror movie for WOKE!!!!!.wav,514.919671,515.919671,มึง,1.0,context_0.2,16000
C:\Users\muldi\Documents\Playground\University\senior-project-1\dataset\internet\clear\Horror movie for WOKE!!!!!.wav,515.019671,516.019671,มึง,1.0,context_0.4,16000
C:\Users\muldi\Documents\Playground\University\senior-project-1\dataset\internet\clear\Horror movie for WOKE!!!!!.wav,515.1196709999999,516.1196709999999,มึง,1.0,context_0.6,16000
C:\Users\muldi\Documents\Playground\University\senior-project-1\dataset\internet\clear\Horror movie for WOKE!!!!!.wav,515.219671,516.219671,มึง,1.0,context_0.8,16000
C:\Users\muldi\Documents\Playground\University\senior-project-1\dataset\internet\clear\Horror movie for WOKE!!!!!.wav,517.163128,518.163128,เหี้ย,1.0,context_0.2,16000
C:\Users\muldi\Documents\Playground\University\senior-project-1\dataset\internet\clear\Horror movie for WOKE!!!!!.wav,517.263128,518.263128,เหี้ย,1.0,context_0.4,16000
C:\Users\muldi\Documents\Playground\University\senior-project-1\dataset\internet\clear\Horror movie for WOKE!!!!!.wav,517.363128,518.363128,เหี้ย,1.0,context_0.6,16000
C:\Users\muldi\Documents\Playground\University\senior-project-1\dataset\internet\clear\Horror movie for WOKE!!!!!.wav,517.463128,518.463128,เหี้ย,1.0,context_0.8,16000
C:\Users\muldi\Documents\Playground\University\senior-project-1\dataset\internet\clear\Horror movie for WOKE!!!!!.wav,517.7879350000001,518.7879350000001,มึง,1.0,context_0.2,16000
C:\Users\muldi\Documents\Playground\University\senior-project-1\dataset\internet\clear\Horror movie for WOKE!!!!!.wav,517.8879350000001,518.8879350000001,มึง,1.0,context_0.4,16000
C:\Users\muldi\Documents\Playground\University\senior-project-1\dataset\internet\clear\Horror movie for WOKE!!!!!.wav,517.987935,518.987935,มึง,1.0,context_0.6,16000
C:\Users\muldi\Documents\Playground\University\senior-project-1\dataset\internet\clear\Horror movie for WOKE!!!!!.wav,518.087935,519.087935,มึง,1.0,context_0.8,16000
C:\Users\muldi\Documents\Playground\University\senior-project-1\dataset\internet\clear\Horror movie for WOKE!!!!!.wav,524.844557,525.844557,มึง,1.0,context_0.2,16000
C:\Users\muldi\Documents\Playground\University\senior-project-1\dataset\internet\clear\Horror movie for WOKE!!!!!.wav,524.944557,525.944557,มึง,1.0,context_0.4,16000
C:\Users\muldi\Documents\Playground\University\senior-project-1\dataset\internet\clear\Horror movie for WOKE!!!!!.wav,525.0445569999999,526.0445569999999,มึง,1.0,context_0.6,16000
C:\Users\muldi\Documents\Playground\University\senior-project-1\dataset\internet\clear\Horror movie for WOKE!!!!!.wav,525.144557,526.144557,มึง,1.0,context_0.8,16000
C:\Users\muldi\Documents\Playground\University\senior-project-1\dataset\internet\clear\Horror movie for WOKE!!!!!.wav,526.356592,527.356592,มึง,1.0,context_0.2,16000
C:\Users\muldi\Documents\Playground\University\senior-project-1\dataset\internet\clear\Horror movie for WOKE!!!!!.wav,526.456592,527.456592,มึง,1.0,context_0.4,16000
C:\Users\muldi\Documents\Playground\University\senior-project-1\dataset\internet\clear\Horror movie for WOKE!!!!!.wav,526.5565919999999,527.5565919999999,มึง,1.0,context_0.6,16000
C:\Users\muldi\Documents\Playground\University\senior-project-1\dataset\internet\clear\Horror movie for WOKE!!!!!.wav,526.6565919999999,527.6565919999999,มึง,1.0,context_0.8,16000
C:\Users\muldi\Documents\Playground\University\senior-project-1\dataset\internet\clear\Horror movie for WOKE!!!!!.wav,528.65042,529.65042,มึง,1.0,context_0.2,16000
C:\Users\muldi\Documents\Playground\University\senior-project-1\dataset\internet\clear\Horror movie for WOKE!!!!!.wav,528.7504200000001,529.7504200000001,มึง,1.0,context_0.4,16000
C:\Users\muldi\Documents\Playground\University\senior-project-1\dataset\internet\clear\Horror movie for WOKE!!!!!.wav,528.85042,529.85042,มึง,1.0,context_0.6,16000
C:\Users\muldi\Documents\Playground\University\senior-project-1\dataset\internet\clear\Horror movie for WOKE!!!!!.wav,528.95042,529.95042,มึง,1.0,context_0.8,16000
C:\Users\muldi\Documents\Playground\University\senior-project-1\dataset\internet\clear\Horror movie for WOKE!!!!!.wav,529.597856,530.597856,มึง,1.0,context_0.2,16000
C:\Users\muldi\Documents\Playground\University\senior-project-1\dataset\internet\clear\Horror movie for WOKE!!!!!.wav,529.697856,530.697856,มึง,1.0,context_0.4,16000
C:\Users\muldi\Documents\Playground\University\senior-project-1\dataset\internet\clear\Horror movie for WOKE!!!!!.wav,529.7978559999999,530.7978559999999,มึง,1.0,context_0.6,16000
C:\Users\muldi\Documents\Playground\University\senior-project-1\dataset\internet\clear\Horror movie for WOKE!!!!!.wav,529.8978559999999,530.8978559999999,มึง,1.0,context_0.8,16000
C:\Users\muldi\Documents\Playground\University\senior-project-1\dataset\internet\clear\Horror movie for WOKE!!!!!.wav,530.998841,531.998841,มึง,1.0,context_0.2,16000
C:\Users\muldi\Documents\Playground\University\senior-project-1\dataset\internet\clear\Horror movie for WOKE!!!!!.wav,531.098841,532.098841,มึง,1.0,context_0.4,16000
C:\Users\muldi\Documents\Playground\University\senior-project-1\dataset\internet\clear\Horror movie for WOKE!!!!!.wav,531.1988409999999,532.1988409999999,มึง,1.0,context_0.6,16000
C:\Users\muldi\Documents\Playground\University\senior-project-1\dataset\internet\clear\Horror movie for WOKE!!!!!.wav,531.2988409999999,532.2988409999999,มึง,1.0,context_0.8,16000
C:\Users\muldi\Documents\Playground\University\senior-project-1\dataset\internet\clear\Horror movie for WOKE!!!!!.wav,533.079786,534.079786,มึง,1.0,context_0.2,16000
C:\Users\muldi\Documents\Playground\University\senior-project-1\dataset\internet\clear\Horror movie for WOKE!!!!!.wav,533.179786,534.179786,มึง,1.0,context_0.4,16000
C:\Users\muldi\Documents\Playground\University\senior-project-1\dataset\internet\clear\Horror movie for WOKE!!!!!.wav,533.279786,534.279786,มึง,1.0,context_0.6,16000
C:\Users\muldi\Documents\Playground\University\senior-project-1\dataset\internet\clear\Horror movie for WOKE!!!!!.wav,533.379786,534.379786,มึง,1.0,context_0.8,16000
C:\Users\muldi\Documents\Playground\University\senior-project-1\dataset\internet\clear\Horror movie for WOKE!!!!!.wav,535.3106730000001,536.3106730000001,มึง,1.0,context_0.2,16000
C:\Users\muldi\Documents\Playground\University\senior-project-1\dataset\internet\clear\Horror movie for WOKE!!!!!.wav,535.4106730000001,536.4106730000001,มึง,1.0,context_0.4,16000
C:\Users\muldi\Documents\Playground\University\senior-project-1\dataset\internet\clear\Horror movie for WOKE!!!!!.wav,535.510673,536.510673,มึง,1.0,context_0.6,16000
C:\Users\muldi\Documents\Playground\University\senior-project-1\dataset\internet\clear\Horror movie for WOKE!!!!!.wav,535.610673,536.610673,มึง,1.0,context_0.8,16000
C:\Users\muldi\Documents\Playground\University\senior-project-1\dataset\internet\clear\Horror movie for WOKE!!!!!.wav,536.840854,537.840854,มึง,1.0,context_0.2,16000
C:\Users\muldi\Documents\Playground\University\senior-project-1\dataset\internet\clear\Horror movie for WOKE!!!!!.wav,536.9408540000001,537.9408540000001,มึง,1.0,context_0.4,16000
C:\Users\muldi\Documents\Playground\University\senior-project-1\dataset\internet\clear\Horror movie for WOKE!!!!!.wav,537.040854,538.040854,มึง,1.0,context_0.6,16000
C:\Users\muldi\Documents\Playground\University\senior-project-1\dataset\internet\clear\Horror movie for WOKE!!!!!.wav,537.140854,538.140854,มึง,1.0,context_0.8,16000
C:\Users\muldi\Documents\Playground\University\senior-project-1\dataset\internet\clear\Horror movie for WOKE!!!!!.wav,545.4104540000001,546.4104540000001,มึง,1.0,context_0.2,16000
C:\Users\muldi\Documents\Playground\University\senior-project-1\dataset\internet\clear\Horror movie for WOKE!!!!!.wav,545.5104540000001,546.5104540000001,มึง,1.0,context_0.4,16000
C:\Users\muldi\Documents\Playground\University\senior-project-1\dataset\internet\clear\Horror movie for WOKE!!!!!.wav,545.610454,546.610454,มึง,1.0,context_0.6,16000
C:\Users\muldi\Documents\Playground\University\senior-project-1\dataset\internet\clear\Horror movie for WOKE!!!!!.wav,545.710454,546.710454,มึง,1.0,context_0.8,16000
C:\Users\muldi\Documents\Playground\University\senior-project-1\dataset\internet\clear\Horror movie for WOKE!!!!!.wav,547.3209820000001,548.3209820000001,กู,1.0,context_0.2,16000
C:\Users\muldi\Documents\Playground\University\senior-project-1\dataset\internet\clear\Horror movie for WOKE!!!!!.wav,547.4209820000001,548.4209820000001,กู,1.0,context_0.4,16000
C:\Users\muldi\Documents\Playground\University\senior-project-1\dataset\internet\clear\Horror movie for WOKE!!!!!.wav,547.520982,548.520982,กู,1.0,context_0.6,16000
C:\Users\muldi\Documents\Playground\University\senior-project-1\dataset\internet\clear\Horror movie for WOKE!!!!!.wav,547.620982,548.620982,กู,1.0,context_0.8,16000
C:\Users\muldi\Documents\Playground\University\senior-project-1\dataset\internet\clear\Horror movie for WOKE!!!!!.wav,553.238961,554.238961,มึง,1.0,context_0.2,16000
C:\Users\muldi\Documents\Playground\University\senior-project-1\dataset\internet\clear\Horror movie for WOKE!!!!!.wav,553.338961,554.338961,มึง,1.0,context_0.4,16000
C:\Users\muldi\Documents\Playground\University\senior-project-1\dataset\internet\clear\Horror movie for WOKE!!!!!.wav,553.438961,554.438961,มึง,1.0,context_0.6,16000
C:\Users\muldi\Documents\Playground\University\senior-project-1\dataset\internet\clear\Horror movie for WOKE!!!!!.wav,553.538961,554.538961,มึง,1.0,context_0.8,16000
C:\Users\muldi\Documents\Playground\University\senior-project-1\dataset\internet\clear\Horror movie for WOKE!!!!!.wav,554.329163,555.329163,เหี้ย,1.0,context_0.2,16000
C:\Users\muldi\Documents\Playground\University\senior-project-1\dataset\internet\clear\Horror movie for WOKE!!!!!.wav,554.429163,555.429163,เหี้ย,1.0,context_0.4,16000
C:\Users\muldi\Documents\Playground\University\senior-project-1\dataset\internet\clear\Horror movie for WOKE!!!!!.wav,554.5291629999999,555.5291629999999,เหี้ย,1.0,context_0.6,16000
C:\Users\muldi\Documents\Playground\University\senior-project-1\dataset\internet\clear\Horror movie for WOKE!!!!!.wav,554.629163,555.629163,เหี้ย,1.0,context_0.8,16000
C:\Users\muldi\Documents\Playground\University\senior-project-1\dataset\internet\clear\Horror movie for WOKE!!!!!.wav,556.233008,557.233008,กู,1.0,context_0.2,16000
C:\Users\muldi\Documents\Playground\University\senior-project-1\dataset\internet\clear\Horror movie for WOKE!!!!!.wav,556.3330080000001,557.3330080000001,กู,1.0,context_0.4,16000
C:\Users\muldi\Documents\Playground\University\senior-project-1\dataset\internet\clear\Horror movie for WOKE!!!!!.wav,556.433008,557.433008,กู,1.0,context_0.6,16000
C:\Users\muldi\Documents\Playground\University\senior-project-1\dataset\internet\clear\Horror movie for WOKE!!!!!.wav,556.533008,557.533008,กู,1.0,context_0.8,16000
C:\Users\muldi\Documents\Playground\University\senior-project-1\dataset\internet\clear\Horror movie for WOKE!!!!!.wav,557.06316,558.06316,กู,1.0,context_0.2,16000
C:\Users\muldi\Documents\Playground\University\senior-project-1\dataset\internet\clear\Horror movie for WOKE!!!!!.wav,557.1631600000001,558.1631600000001,กู,1.0,context_0.4,16000
C:\Users\muldi\Documents\Playground\University\senior-project-1\dataset\internet\clear\Horror movie for WOKE!!!!!.wav,557.26316,558.26316,กู,1.0,context_0.6,16000
C:\Users\muldi\Documents\Playground\University\senior-project-1\dataset\internet\clear\Horror movie for WOKE!!!!!.wav,557.36316,558.36316,กู,1.0,context_0.8,16000
C:\Users\muldi\Documents\Playground\University\senior-project-1\dataset\internet\clear\Horror movie for WOKE!!!!!.wav,558.1080450000001,559.1080450000001,กู,1.0,context_0.2,16000
C:\Users\muldi\Documents\Playground\University\senior-project-1\dataset\internet\clear\Horror movie for WOKE!!!!!.wav,558.2080450000001,559.2080450000001,กู,1.0,context_0.4,16000
C:\Users\muldi\Documents\Playground\University\senior-project-1\dataset\internet\clear\Horror movie for WOKE!!!!!.wav,558.308045,559.308045,กู,1.0,context_0.6,16000
C:\Users\muldi\Documents\Playground\University\senior-project-1\dataset\internet\clear\Horror movie for WOKE!!!!!.wav,558.408045,559.408045,กู,1.0,context_0.8,16000
C:\Users\muldi\Documents\Playground\University\senior-project-1\dataset\internet\clear\Horror movie for WOKE!!!!!.wav,563.230125,564.230125,กู,1.0,context_0.2,16000
C:\Users\muldi\Documents\Playground\University\senior-project-1\dataset\internet\clear\Horror movie for WOKE!!!!!.wav,563.3301250000001,564.3301250000001,กู,1.0,context_0.4,16000
C:\Users\muldi\Documents\Playground\University\senior-project-1\dataset\internet\clear\Horror movie for WOKE!!!!!.wav,563.430125,564.430125,กู,1.0,context_0.6,16000
C:\Users\muldi\Documents\Playground\University\senior-project-1\dataset\internet\clear\Horror movie for WOKE!!!!!.wav,563.530125,564.530125,กู,1.0,context_0.8,16000
C:\Users\muldi\Documents\Playground\University\senior-project-1\dataset\internet\clear\Horror movie for WOKE!!!!!.wav,564.488931,565.488931,เหี้ย,1.0,context_0.2,16000
C:\Users\muldi\Documents\Playground\University\senior-project-1\dataset\internet\clear\Horror movie for WOKE!!!!!.wav,564.588931,565.588931,เหี้ย,1.0,context_0.4,16000
C:\Users\muldi\Documents\Playground\University\senior-project-1\dataset\internet\clear\Horror movie for WOKE!!!!!.wav,564.6889309999999,565.6889309999999,เหี้ย,1.0,context_0.6,16000
C:\Users\muldi\Documents\Playground\University\senior-project-1\dataset\internet\clear\Horror movie for WOKE!!!!!.wav,564.7889309999999,565.7889309999999,เหี้ย,1.0,context_0.8,16000
C:\Users\muldi\Documents\Playground\University\senior-project-1\dataset\internet\clear\Horror movie for WOKE!!!!!.wav,564.605133,565.605133,มึง,1.0,context_0.2,16000
C:\Users\muldi\Documents\Playground\University\senior-project-1\dataset\internet\clear\Horror movie for WOKE!!!!!.wav,564.705133,565.705133,มึง,1.0,context_0.4,16000
C:\Users\muldi\Documents\Playground\University\senior-project-1\dataset\internet\clear\Horror movie for WOKE!!!!!.wav,564.805133,565.805133,มึง,1.0,context_0.6,16000
C:\Users\muldi\Documents\Playground\University\senior-project-1\dataset\internet\clear\Horror movie for WOKE!!!!!.wav,564.905133,565.905133,มึง,1.0,context_0.8,16000
C:\Users\muldi\Documents\Playground\University\senior-project-1\dataset\internet\clear\Horror movie for WOKE!!!!!.wav,578.044391,579.044391,เหี้ย,1.0,context_0.2,16000
C:\Users\muldi\Documents\Playground\University\senior-project-1\dataset\internet\clear\Horror movie for WOKE!!!!!.wav,578.144391,579.144391,เหี้ย,1.0,context_0.4,16000
C:\Users\muldi\Documents\Playground\University\senior-project-1\dataset\internet\clear\Horror movie for WOKE!!!!!.wav,578.244391,579.244391,เหี้ย,1.0,context_0.6,16000
C:\Users\muldi\Documents\Playground\University\senior-project-1\dataset\internet\clear\Horror movie for WOKE!!!!!.wav,578.344391,579.344391,เหี้ย,1.0,context_0.8,16000
C:\Users\muldi\Documents\Playground\University\senior-project-1\dataset\internet\clear\Horror movie for WOKE!!!!!.wav,587.641556,588.641556,มึง,1.0,context_0.2,16000
C:\Users\muldi\Documents\Playground\University\senior-project-1\dataset\internet\clear\Horror movie for WOKE!!!!!.wav,587.7415560000001,588.7415560000001,มึง,1.0,context_0.4,16000
C:\Users\muldi\Documents\Playground\University\senior-project-1\dataset\internet\clear\Horror movie for WOKE!!!!!.wav,587.841556,588.841556,มึง,1.0,context_0.6,16000
C:\Users\muldi\Documents\Playground\University\senior-project-1\dataset\internet\clear\Horror movie for WOKE!!!!!.wav,587.941556,588.941556,มึง,1.0,context_0.8,16000
C:\Users\muldi\Documents\Playground\University\senior-project-1\dataset\internet\clear\Horror movie for WOKE!!!!!.wav,589.940617,590.940617,มึง,1.0,context_0.2,16000
C:\Users\muldi\Documents\Playground\University\senior-project-1\dataset\internet\clear\Horror movie for WOKE!!!!!.wav,590.040617,591.040617,มึง,1.0,context_0.4,16000
C:\Users\muldi\Documents\Playground\University\senior-project-1\dataset\internet\clear\Horror movie for WOKE!!!!!.wav,590.1406169999999,591.1406169999999,มึง,1.0,context_0.6,16000
C:\Users\muldi\Documents\Playground\University\senior-project-1\dataset\internet\clear\Horror movie for WOKE!!!!!.wav,590.2406169999999,591.2406169999999,มึง,1.0,context_0.8,16000
C:\Users\muldi\Documents\Playground\University\senior-project-1\dataset\internet\clear\Horror movie for WOKE!!!!!.wav,591.853253,592.853253,กู,1.0,context_0.2,16000
C:\Users\muldi\Documents\Playground\University\senior-project-1\dataset\internet\clear\Horror movie for WOKE!!!!!.wav,591.953253,592.953253,กู,1.0,context_0.4,16000
C:\Users\muldi\Documents\Playground\University\senior-project-1\dataset\internet\clear\Horror movie for WOKE!!!!!.wav,592.0532529999999,593.0532529999999,กู,1.0,context_0.6,16000
C:\Users\muldi\Documents\Playground\University\senior-project-1\dataset\internet\clear\Horror movie for WOKE!!!!!.wav,592.153253,593.153253,กู,1.0,context_0.8,16000
C:\Users\muldi\Documents\Playground\University\senior-project-1\dataset\internet\clear\Horror movie for WOKE!!!!!.wav,600.268629,601.268629,มึง,1.0,context_0.2,16000
C:\Users\muldi\Documents\Playground\University\senior-project-1\dataset\internet\clear\Horror movie for WOKE!!!!!.wav,600.368629,601.368629,มึง,1.0,context_0.4,16000
C:\Users\muldi\Documents\Playground\University\senior-project-1\dataset\internet\clear\Horror movie for WOKE!!!!!.wav,600.468629,601.468629,มึง,1.0,context_0.6,16000
C:\Users\muldi\Documents\Playground\University\senior-project-1\dataset\internet\clear\Horror movie for WOKE!!!!!.wav,600.568629,601.568629,มึง,1.0,context_0.8,16000
C:\Users\muldi\Documents\Playground\University\senior-project-1\dataset\internet\clear\Horror movie for WOKE!!!!!.wav,608.600382,609.600382,มึง,1.0,context_0.2,16000
C:\Users\muldi\Documents\Playground\University\senior-project-1\dataset\internet\clear\Horror movie for WOKE!!!!!.wav,608.700382,609.700382,มึง,1.0,context_0.4,16000
C:\Users\muldi\Documents\Playground\University\senior-project-1\dataset\internet\clear\Horror movie for WOKE!!!!!.wav,608.8003819999999,609.8003819999999,มึง,1.0,context_0.6,16000
C:\Users\muldi\Documents\Playground\University\senior-project-1\dataset\internet\clear\Horror movie for WOKE!!!!!.wav,608.9003819999999,609.9003819999999,มึง,1.0,context_0.8,16000
C:\Users\muldi\Documents\Playground\University\senior-project-1\dataset\internet\clear\Horror movie for WOKE!!!!!.wav,609.312548,610.312548,มึง,1.0,context_0.2,16000
C:\Users\muldi\Documents\Playground\University\senior-project-1\dataset\internet\clear\Horror movie for WOKE!!!!!.wav,609.412548,610.412548,มึง,1.0,context_0.4,16000
C:\Users\muldi\Documents\Playground\University\senior-project-1\dataset\internet\clear\Horror movie for WOKE!!!!!.wav,609.5125479999999,610.5125479999999,มึง,1.0,context_0.6,16000
C:\Users\muldi\Documents\Playground\University\senior-project-1\dataset\internet\clear\Horror movie for WOKE!!!!!.wav,609.612548,610.612548,มึง,1.0,context_0.8,16000
C:\Users\muldi\Documents\Playground\University\senior-project-1\dataset\internet\clear\Horror movie for WOKE!!!!!.wav,613.019926,614.019926,มึง,1.0,context_0.2,16000
C:\Users\muldi\Documents\Playground\University\senior-project-1\dataset\internet\clear\Horror movie for WOKE!!!!!.wav,613.1199260000001,614.1199260000001,มึง,1.0,context_0.4,16000
C:\Users\muldi\Documents\Playground\University\senior-project-1\dataset\internet\clear\Horror movie for WOKE!!!!!.wav,613.219926,614.219926,มึง,1.0,context_0.6,16000
C:\Users\muldi\Documents\Playground\University\senior-project-1\dataset\internet\clear\Horror movie for WOKE!!!!!.wav,613.319926,614.319926,มึง,1.0,context_0.8,16000
C:\Users\muldi\Documents\Playground\University\senior-project-1\dataset\internet\clear\Horror movie for WOKE!!!!!.wav,652.768502,653.768502,มึง,1.0,context_0.2,16000
C:\Users\muldi\Documents\Playground\University\senior-project-1\dataset\internet\clear\Horror movie for WOKE!!!!!.wav,652.868502,653.868502,มึง,1.0,context_0.4,16000
C:\Users\muldi\Documents\Playground\University\senior-project-1\dataset\internet\clear\Horror movie for WOKE!!!!!.wav,652.968502,653.968502,มึง,1.0,context_0.6,16000
C:\Users\muldi\Documents\Playground\University\senior-project-1\dataset\internet\clear\Horror movie for WOKE!!!!!.wav,653.068502,654.068502,มึง,1.0,context_0.8,16000
C:\Users\muldi\Documents\Playground\University\senior-project-1\dataset\internet\clear\Horror movie for WOKE!!!!!.wav,665.2818100000001,666.2818100000001,เหี้ย,1.0,context_0.2,16000
C:\Users\muldi\Documents\Playground\University\senior-project-1\dataset\internet\clear\Horror movie for WOKE!!!!!.wav,665.3818100000001,666.3818100000001,เหี้ย,1.0,context_0.4,16000
C:\Users\muldi\Documents\Playground\University\senior-project-1\dataset\internet\clear\Horror movie for WOKE!!!!!.wav,665.48181,666.48181,เหี้ย,1.0,context_0.6,16000
C:\Users\muldi\Documents\Playground\University\senior-project-1\dataset\internet\clear\Horror movie for WOKE!!!!!.wav,665.58181,666.58181,เหี้ย,1.0,context_0.8,16000
C:\Users\muldi\Documents\Playground\University\senior-project-1\dataset\internet\clear\Horror movie for WOKE!!!!!.wav,666.587188,667.587188,เหี้ย,1.0,context_0.2,16000
C:\Users\muldi\Documents\Playground\University\senior-project-1\dataset\internet\clear\Horror movie for WOKE!!!!!.wav,666.687188,667.687188,เหี้ย,1.0,context_0.4,16000
C:\Users\muldi\Documents\Playground\University\senior-project-1\dataset\internet\clear\Horror movie for WOKE!!!!!.wav,666.7871879999999,667.7871879999999,เหี้ย,1.0,context_0.6,16000
C:\Users\muldi\Documents\Playground\University\senior-project-1\dataset\internet\clear\Horror movie for WOKE!!!!!.wav,666.8871879999999,667.8871879999999,เหี้ย,1.0,context_0.8,16000
C:\Users\muldi\Documents\Playground\University\senior-project-1\dataset\internet\clear\Horror movie for WOKE!!!!!.wav,670.284904,671.284904,เหี้ย,1.0,context_0.2,16000
C:\Users\muldi\Documents\Playground\University\senior-project-1\dataset\internet\clear\Horror movie for WOKE!!!!!.wav,670.384904,671.384904,เหี้ย,1.0,context_0.4,16000
C:\Users\muldi\Documents\Playground\University\senior-project-1\dataset\internet\clear\Horror movie for WOKE!!!!!.wav,670.4849039999999,671.4849039999999,เหี้ย,1.0,context_0.6,16000
C:\Users\muldi\Documents\Playground\University\senior-project-1\dataset\internet\clear\Horror movie for WOKE!!!!!.wav,670.5849039999999,671.5849039999999,เหี้ย,1.0,context_0.8,16000
C:\Users\muldi\Documents\Playground\University\senior-project-1\dataset\internet\clear\Horror movie for WOKE!!!!!.wav,723.9235630000001,724.9235630000001,เหี้ย,1.0,context_0.2,16000
C:\Users\muldi\Documents\Playground\University\senior-project-1\dataset\internet\clear\Horror movie for WOKE!!!!!.wav,724.0235630000001,725.0235630000001,เหี้ย,1.0,context_0.4,16000
C:\Users\muldi\Documents\Playground\University\senior-project-1\dataset\internet\clear\Horror movie for WOKE!!!!!.wav,724.123563,725.123563,เหี้ย,1.0,context_0.6,16000
C:\Users\muldi\Documents\Playground\University\senior-project-1\dataset\internet\clear\Horror movie for WOKE!!!!!.wav,724.223563,725.223563,เหี้ย,1.0,context_0.8,16000
C:\Users\muldi\Documents\Playground\University\senior-project-1\dataset\internet\clear\Horror movie for WOKE!!!!!.wav,728.894579,729.894579,กู,1.0,context_0.2,16000
C:\Users\muldi\Documents\Playground\University\senior-project-1\dataset\internet\clear\Horror movie for WOKE!!!!!.wav,728.994579,729.994579,กู,1.0,context_0.4,16000
C:\Users\muldi\Documents\Playground\University\senior-project-1\dataset\internet\clear\Horror movie for WOKE!!!!!.wav,729.094579,730.094579,กู,1.0,context_0.6,16000
C:\Users\muldi\Documents\Playground\University\senior-project-1\dataset\internet\clear\Horror movie for WOKE!!!!!.wav,729.194579,730.194579,กู,1.0,context_0.8,16000
C:\Users\muldi\Documents\Playground\University\senior-project-1\dataset\internet\clear\Horror movie for WOKE!!!!!.wav,729.419817,730.419817,กู,1.0,context_0.2,16000
C:\Users\muldi\Documents\Playground\University\senior-project-1\dataset\internet\clear\Horror movie for WOKE!!!!!.wav,729.519817,730.519817,กู,1.0,context_0.4,16000
C:\Users\muldi\Documents\Playground\University\senior-project-1\dataset\internet\clear\Horror movie for WOKE!!!!!.wav,729.6198169999999,730.6198169999999,กู,1.0,context_0.6,16000
C:\Users\muldi\Documents\Playground\University\senior-project-1\dataset\internet\clear\Horror movie for WOKE!!!!!.wav,729.7198169999999,730.7198169999999,กู,1.0,context_0.8,16000
C:\Users\muldi\Documents\Playground\University\senior-project-1\dataset\internet\clear\Horror movie for WOKE!!!!!.wav,731.550656,732.550656,เหี้ย,1.0,context_0.2,16000
C:\Users\muldi\Documents\Playground\University\senior-project-1\dataset\internet\clear\Horror movie for WOKE!!!!!.wav,731.650656,732.650656,เหี้ย,1.0,context_0.4,16000
C:\Users\muldi\Documents\Playground\University\senior-project-1\dataset\internet\clear\Horror movie for WOKE!!!!!.wav,731.7506559999999,732.7506559999999,เหี้ย,1.0,context_0.6,16000
C:\Users\muldi\Documents\Playground\University\senior-project-1\dataset\internet\clear\Horror movie for WOKE!!!!!.wav,731.850656,732.850656,เหี้ย,1.0,context_0.8,16000
C:\Users\muldi\Documents\Playground\University\senior-project-1\dataset\internet\clear\Horror movie for WOKE!!!!!.wav,804.2724830000001,805.2724830000001,มึง,1.0,context_0.2,16000
C:\Users\muldi\Documents\Playground\University\senior-project-1\dataset\internet\clear\Horror movie for WOKE!!!!!.wav,804.3724830000001,805.3724830000001,มึง,1.0,context_0.4,16000
C:\Users\muldi\Documents\Playground\University\senior-project-1\dataset\internet\clear\Horror movie for WOKE!!!!!.wav,804.472483,805.472483,มึง,1.0,context_0.6,16000
C:\Users\muldi\Documents\Playground\University\senior-project-1\dataset\internet\clear\Horror movie for WOKE!!!!!.wav,804.572483,805.572483,มึง,1.0,context_0.8,16000
C:\Users\muldi\Documents\Playground\University\senior-project-1\dataset\internet\clear\Horror movie for WOKE!!!!!.wav,807.7098520000001,808.7098520000001,เหี้ย,1.0,context_0.2,16000
C:\Users\muldi\Documents\Playground\University\senior-project-1\dataset\internet\clear\Horror movie for WOKE!!!!!.wav,807.8098520000001,808.8098520000001,เหี้ย,1.0,context_0.4,16000
C:\Users\muldi\Documents\Playground\University\senior-project-1\dataset\internet\clear\Horror movie for WOKE!!!!!.wav,807.909852,808.909852,เหี้ย,1.0,context_0.6,16000
C:\Users\muldi\Documents\Playground\University\senior-project-1\dataset\internet\clear\Horror movie for WOKE!!!!!.wav,808.009852,809.009852,เหี้ย,1.0,context_0.8,16000
C:\Users\muldi\Documents\Playground\University\senior-project-1\dataset\internet\clear\Horror movie for WOKE!!!!!.wav,811.595369,812.595369,เย็ด,1.0,context_0.2,16000
C:\Users\muldi\Documents\Playground\University\senior-project-1\dataset\internet\clear\Horror movie for WOKE!!!!!.wav,811.695369,812.695369,เย็ด,1.0,context_0.4,16000
C:\Users\muldi\Documents\Playground\University\senior-project-1\dataset\internet\clear\Horror movie for WOKE!!!!!.wav,811.7953689999999,812.7953689999999,เย็ด,1.0,context_0.6,16000
C:\Users\muldi\Documents\Playground\University\senior-project-1\dataset\internet\clear\Horror movie for WOKE!!!!!.wav,811.895369,812.895369,เย็ด,1.0,context_0.8,16000
C:\Users\muldi\Documents\Playground\University\senior-project-1\dataset\internet\clear\Horror movie for WOKE!!!!!.wav,812.665642,813.665642,กู,1.0,context_0.2,16000
C:\Users\muldi\Documents\Playground\University\senior-project-1\dataset\internet\clear\Horror movie for WOKE!!!!!.wav,812.7656420000001,813.7656420000001,กู,1.0,context_0.4,16000
C:\Users\muldi\Documents\Playground\University\senior-project-1\dataset\internet\clear\Horror movie for WOKE!!!!!.wav,812.865642,813.865642,กู,1.0,context_0.6,16000
C:\Users\muldi\Documents\Playground\University\senior-project-1\dataset\internet\clear\Horror movie for WOKE!!!!!.wav,812.965642,813.965642,กู,1.0,context_0.8,16000
C:\Users\muldi\Documents\Playground\University\senior-project-1\dataset\internet\clear\Horror movie for WOKE!!!!!.wav,820.087649,821.087649,มึง,1.0,context_0.2,16000
C:\Users\muldi\Documents\Playground\University\senior-project-1\dataset\internet\clear\Horror movie for WOKE!!!!!.wav,820.1876490000001,821.1876490000001,มึง,1.0,context_0.4,16000
C:\Users\muldi\Documents\Playground\University\senior-project-1\dataset\internet\clear\Horror movie for WOKE!!!!!.wav,820.287649,821.287649,มึง,1.0,context_0.6,16000
C:\Users\muldi\Documents\Playground\University\senior-project-1\dataset\internet\clear\Horror movie for WOKE!!!!!.wav,820.387649,821.387649,มึง,1.0,context_0.8,16000
C:\Users\muldi\Documents\Playground\University\senior-project-1\dataset\internet\clear\Horror movie for WOKE!!!!!.wav,824.2410560000001,825.2410560000001,กู,1.0,context_0.2,16000
C:\Users\muldi\Documents\Playground\University\senior-project-1\dataset\internet\clear\Horror movie for WOKE!!!!!.wav,824.3410560000001,825.3410560000001,กู,1.0,context_0.4,16000
C:\Users\muldi\Documents\Playground\University\senior-project-1\dataset\internet\clear\Horror movie for WOKE!!!!!.wav,824.441056,825.441056,กู,1.0,context_0.6,16000
C:\Users\muldi\Documents\Playground\University\senior-project-1\dataset\internet\clear\Horror movie for WOKE!!!!!.wav,824.541056,825.541056,กู,1.0,context_0.8,16000
C:\Users\muldi\Documents\Playground\University\senior-project-1\dataset\internet\clear\Horror movie for WOKE!!!!!.wav,824.792174,825.792174,มึง,1.0,context_0.2,16000
C:\Users\muldi\Documents\Playground\University\senior-project-1\dataset\internet\clear\Horror movie for WOKE!!!!!.wav,824.8921740000001,825.8921740000001,มึง,1.0,context_0.4,16000
C:\Users\muldi\Documents\Playground\University\senior-project-1\dataset\internet\clear\Horror movie for WOKE!!!!!.wav,824.992174,825.992174,มึง,1.0,context_0.6,16000
C:\Users\muldi\Documents\Playground\University\senior-project-1\dataset\internet\clear\Horror movie for WOKE!!!!!.wav,825.092174,826.092174,มึง,1.0,context_0.8,16000
C:\Users\muldi\Documents\Playground\University\senior-project-1\dataset\internet\clear\Horror movie for WOKE!!!!!.wav,825.8586,826.8586,มึง,1.0,context_0.2,16000
C:\Users\muldi\Documents\Playground\University\senior-project-1\dataset\internet\clear\Horror movie for WOKE!!!!!.wav,825.9586,826.9586,มึง,1.0,context_0.4,16000
C:\Users\muldi\Documents\Playground\University\senior-project-1\dataset\internet\clear\Horror movie for WOKE!!!!!.wav,826.0586,827.0586,มึง,1.0,context_0.6,16000
C:\Users\muldi\Documents\Playground\University\senior-project-1\dataset\internet\clear\Horror movie for WOKE!!!!!.wav,826.1586,827.1586,มึง,1.0,context_0.8,16000
C:\Users\muldi\Documents\Playground\University\senior-project-1\dataset\internet\clear\Horror movie for WOKE!!!!!.wav,826.4010440000001,827.4010440000001,กู,1.0,context_0.2,16000
C:\Users\muldi\Documents\Playground\University\senior-project-1\dataset\internet\clear\Horror movie for WOKE!!!!!.wav,826.5010440000001,827.5010440000001,กู,1.0,context_0.4,16000
C:\Users\muldi\Documents\Playground\University\senior-project-1\dataset\internet\clear\Horror movie for WOKE!!!!!.wav,826.601044,827.601044,กู,1.0,context_0.6,16000
C:\Users\muldi\Documents\Playground\University\senior-project-1\dataset\internet\clear\Horror movie for WOKE!!!!!.wav,826.701044,827.701044,กู,1.0,context_0.8,16000
C:\Users\muldi\Documents\Playground\University\senior-project-1\dataset\internet\clear\Horror movie for WOKE!!!!!.wav,857.1587410000001,858.1587410000001,มึง,1.0,context_0.2,16000
C:\Users\muldi\Documents\Playground\University\senior-project-1\dataset\internet\clear\Horror movie for WOKE!!!!!.wav,857.2587410000001,858.2587410000001,มึง,1.0,context_0.4,16000
C:\Users\muldi\Documents\Playground\University\senior-project-1\dataset\internet\clear\Horror movie for WOKE!!!!!.wav,857.358741,858.358741,มึง,1.0,context_0.6,16000
C:\Users\muldi\Documents\Playground\University\senior-project-1\dataset\internet\clear\Horror movie for WOKE!!!!!.wav,857.458741,858.458741,มึง,1.0,context_0.8,16000
C:\Users\muldi\Documents\Playground\University\senior-project-1\dataset\internet\clear\Horror movie for WOKE!!!!!.wav,857.802414,858.802414,กู,1.0,context_0.2,16000
C:\Users\muldi\Documents\Playground\University\senior-project-1\dataset\internet\clear\Horror movie for WOKE!!!!!.wav,857.902414,858.902414,กู,1.0,context_0.4,16000
C:\Users\muldi\Documents\Playground\University\senior-project-1\dataset\internet\clear\Horror movie for WOKE!!!!!.wav,858.0024139999999,859.0024139999999,กู,1.0,context_0.6,16000
C:\Users\muldi\Documents\Playground\University\senior-project-1\dataset\internet\clear\Horror movie for WOKE!!!!!.wav,858.102414,859.102414,กู,1.0,context_0.8,16000
C:\Users\muldi\Documents\Playground\University\senior-project-1\dataset\internet\clear\Horror movie for WOKE!!!!!.wav,859.888098,860.888098,เหี้ย,1.0,context_0.2,16000
C:\Users\muldi\Documents\Playground\University\senior-project-1\dataset\internet\clear\Horror movie for WOKE!!!!!.wav,859.988098,860.988098,เหี้ย,1.0,context_0.4,16000
C:\Users\muldi\Documents\Playground\University\senior-project-1\dataset\internet\clear\Horror movie for WOKE!!!!!.wav,860.088098,861.088098,เหี้ย,1.0,context_0.6,16000
C:\Users\muldi\Documents\Playground\University\senior-project-1\dataset\internet\clear\Horror movie for WOKE!!!!!.wav,860.188098,861.188098,เหี้ย,1.0,context_0.8,16000
C:\Users\muldi\Documents\Playground\University\senior-project-1\dataset\internet\clear\Horror movie for WOKE!!!!!.wav,860.6335250000001,861.6335250000001,มึง,1.0,context_0.2,16000
C:\Users\muldi\Documents\Playground\University\senior-project-1\dataset\internet\clear\Horror movie for WOKE!!!!!.wav,860.7335250000001,861.7335250000001,มึง,1.0,context_0.4,16000
C:\Users\muldi\Documents\Playground\University\senior-project-1\dataset\internet\clear\Horror movie for WOKE!!!!!.wav,860.833525,861.833525,มึง,1.0,context_0.6,16000
C:\Users\muldi\Documents\Playground\University\senior-project-1\dataset\internet\clear\Horror movie for WOKE!!!!!.wav,860.933525,861.933525,มึง,1.0,context_0.8,16000
C:\Users\muldi\Documents\Playground\University\senior-project-1\dataset\internet\clear\Horror movie for WOKE!!!!!.wav,868.4921790000001,869.4921790000001,กู,1.0,context_0.2,16000
C:\Users\muldi\Documents\Playground\University\senior-project-1\dataset\internet\clear\Horror movie for WOKE!!!!!.wav,868.5921790000001,869.5921790000001,กู,1.0,context_0.4,16000
C:\Users\muldi\Documents\Playground\University\senior-project-1\dataset\internet\clear\Horror movie for WOKE!!!!!.wav,868.692179,869.692179,กู,1.0,context_0.6,16000
C:\Users\muldi\Documents\Playground\University\senior-project-1\dataset\internet\clear\Horror movie for WOKE!!!!!.wav,868.792179,869.792179,กู,1.0,context_0.8,16000
C:\Users\muldi\Documents\Playground\University\senior-project-1\dataset\internet\clear\Horror movie for WOKE!!!!!.wav,871.4583630000001,872.4583630000001,มึง,1.0,context_0.2,16000
C:\Users\muldi\Documents\Playground\University\senior-project-1\dataset\internet\clear\Horror movie for WOKE!!!!!.wav,871.5583630000001,872.5583630000001,มึง,1.0,context_0.4,16000
C:\Users\muldi\Documents\Playground\University\senior-project-1\dataset\internet\clear\Horror movie for WOKE!!!!!.wav,871.658363,872.658363,มึง,1.0,context_0.6,16000
C:\Users\muldi\Documents\Playground\University\senior-project-1\dataset\internet\clear\Horror movie for WOKE!!!!!.wav,871.758363,872.758363,มึง,1.0,context_0.8,16000
C:\Users\muldi\Documents\Playground\University\senior-project-1\dataset\internet\clear\Horror movie for WOKE!!!!!.wav,873.796434,874.796434,มึง,1.0,context_0.2,16000
C:\Users\muldi\Documents\Playground\University\senior-project-1\dataset\internet\clear\Horror movie for WOKE!!!!!.wav,873.896434,874.896434,มึง,1.0,context_0.4,16000
C:\Users\muldi\Documents\Playground\University\senior-project-1\dataset\internet\clear\Horror movie for WOKE!!!!!.wav,873.9964339999999,874.9964339999999,มึง,1.0,context_0.6,16000
C:\Users\muldi\Documents\Playground\University\senior-project-1\dataset\internet\clear\Horror movie for WOKE!!!!!.wav,874.0964339999999,875.0964339999999,มึง,1.0,context_0.8,16000
C:\Users\muldi\Documents\Playground\University\senior-project-1\dataset\internet\clear\Horror movie for WOKE!!!!!.wav,878.445873,879.445873,มึง,1.0,context_0.2,16000
C:\Users\muldi\Documents\Playground\University\senior-project-1\dataset\internet\clear\Horror movie for WOKE!!!!!.wav,878.545873,879.545873,มึง,1.0,context_0.4,16000
C:\Users\muldi\Documents\Playground\University\senior-project-1\dataset\internet\clear\Horror movie for WOKE!!!!!.wav,878.6458729999999,879.6458729999999,มึง,1.0,context_0.6,16000
C:\Users\muldi\Documents\Playground\University\senior-project-1\dataset\internet\clear\Horror movie for WOKE!!!!!.wav,878.745873,879.745873,มึง,1.0,context_0.8,16000
C:\Users\muldi\Documents\Playground\University\senior-project-1\dataset\internet\clear\Horror movie for WOKE!!!!!.wav,882.93046,883.93046,มึง,1.0,context_0.2,16000
C:\Users\muldi\Documents\Playground\University\senior-project-1\dataset\internet\clear\Horror movie for WOKE!!!!!.wav,883.0304600000001,884.0304600000001,มึง,1.0,context_0.4,16000
C:\Users\muldi\Documents\Playground\University\senior-project-1\dataset\internet\clear\Horror movie for WOKE!!!!!.wav,883.13046,884.13046,มึง,1.0,context_0.6,16000
C:\Users\muldi\Documents\Playground\University\senior-project-1\dataset\internet\clear\Horror movie for WOKE!!!!!.wav,883.23046,884.23046,มึง,1.0,context_0.8,16000
C:\Users\muldi\Documents\Playground\University\senior-project-1\dataset\internet\clear\Horror movie for WOKE!!!!!.wav,895.183998,896.183998,เหี้ย,1.0,context_0.2,16000
C:\Users\muldi\Documents\Playground\University\senior-project-1\dataset\internet\clear\Horror movie for WOKE!!!!!.wav,895.283998,896.283998,เหี้ย,1.0,context_0.4,16000
C:\Users\muldi\Documents\Playground\University\senior-project-1\dataset\internet\clear\Horror movie for WOKE!!!!!.wav,895.3839979999999,896.3839979999999,เหี้ย,1.0,context_0.6,16000
C:\Users\muldi\Documents\Playground\University\senior-project-1\dataset\internet\clear\Horror movie for WOKE!!!!!.wav,895.4839979999999,896.4839979999999,เหี้ย,1.0,context_0.8,16000
C:\Users\muldi\Documents\Playground\University\senior-project-1\dataset\internet\clear\Horror movie for WOKE!!!!!.wav,917.4741710000001,918.4741710000001,เหี้ย,1.0,main,16000
C:\Users\muldi\Documents\Playground\University\senior-project-1\dataset\internet\clear\Horror movie for WOKE!!!!!.wav,925.662676,926.662676,กู,1.0,context_0.2,16000
C:\Users\muldi\Documents\Playground\University\senior-project-1\dataset\internet\clear\Horror movie for WOKE!!!!!.wav,925.762676,926.762676,กู,1.0,context_0.4,16000
C:\Users\muldi\Documents\Playground\University\senior-project-1\dataset\internet\clear\Horror movie for WOKE!!!!!.wav,925.862676,926.862676,กู,1.0,context_0.6,16000
C:\Users\muldi\Documents\Playground\University\senior-project-1\dataset\internet\clear\Horror movie for WOKE!!!!!.wav,925.962676,926.962676,กู,1.0,context_0.8,16000
C:\Users\muldi\Documents\Playground\University\senior-project-1\dataset\internet\clear\Horror movie for WOKE!!!!!.wav,926.21858,927.21858,มึง,1.0,context_0.2,16000
C:\Users\muldi\Documents\Playground\University\senior-project-1\dataset\internet\clear\Horror movie for WOKE!!!!!.wav,926.31858,927.31858,มึง,1.0,context_0.4,16000
C:\Users\muldi\Documents\Playground\University\senior-project-1\dataset\internet\clear\Horror movie for WOKE!!!!!.wav,926.4185799999999,927.4185799999999,มึง,1.0,context_0.6,16000
C:\Users\muldi\Documents\Playground\University\senior-project-1\dataset\internet\clear\Horror movie for WOKE!!!!!.wav,926.5185799999999,927.5185799999999,มึง,1.0,context_0.8,16000
C:\Users\muldi\Documents\Playground\University\senior-project-1\dataset\internet\clear\Horror movie for WOKE!!!!!.wav,968.4686800000001,969.4686800000001,มึง,1.0,context_0.2,16000
C:\Users\muldi\Documents\Playground\University\senior-project-1\dataset\internet\clear\Horror movie for WOKE!!!!!.wav,968.5686800000001,969.5686800000001,มึง,1.0,context_0.4,16000
C:\Users\muldi\Documents\Playground\University\senior-project-1\dataset\internet\clear\Horror movie for WOKE!!!!!.wav,968.66868,969.66868,มึง,1.0,context_0.6,16000
C:\Users\muldi\Documents\Playground\University\senior-project-1\dataset\internet\clear\Horror movie for WOKE!!!!!.wav,968.76868,969.76868,มึง,1.0,context_0.8,16000
C:\Users\muldi\Documents\Playground\University\senior-project-1\dataset\internet\clear\Horror movie for WOKE!!!!!.wav,969.268184,970.268184,กู,1.0,context_0.2,16000
C:\Users\muldi\Documents\Playground\University\senior-project-1\dataset\internet\clear\Horror movie for WOKE!!!!!.wav,969.368184,970.368184,กู,1.0,context_0.4,16000
C:\Users\muldi\Documents\Playground\University\senior-project-1\dataset\internet\clear\Horror movie for WOKE!!!!!.wav,969.468184,970.468184,กู,1.0,context_0.6,16000
C:\Users\muldi\Documents\Playground\University\senior-project-1\dataset\internet\clear\Horror movie for WOKE!!!!!.wav,969.568184,970.568184,กู,1.0,context_0.8,16000
C:\Users\muldi\Documents\Playground\University\senior-project-1\dataset\internet\clear\Horror movie for WOKE!!!!!.wav,973.185812,974.185812,กู,1.0,context_0.2,16000
C:\Users\muldi\Documents\Playground\University\senior-project-1\dataset\internet\clear\Horror movie for WOKE!!!!!.wav,973.2858120000001,974.2858120000001,กู,1.0,context_0.4,16000
C:\Users\muldi\Documents\Playground\University\senior-project-1\dataset\internet\clear\Horror movie for WOKE!!!!!.wav,973.385812,974.385812,กู,1.0,context_0.6,16000
C:\Users\muldi\Documents\Playground\University\senior-project-1\dataset\internet\clear\Horror movie for WOKE!!!!!.wav,973.485812,974.485812,กู,1.0,context_0.8,16000
C:\Users\muldi\Documents\Playground\University\senior-project-1\dataset\internet\clear\Horror movie for WOKE!!!!!.wav,983.189043,984.189043,มึง,1.0,context_0.2,16000
C:\Users\muldi\Documents\Playground\University\senior-project-1\dataset\internet\clear\Horror movie for WOKE!!!!!.wav,983.289043,984.289043,มึง,1.0,context_0.4,16000
C:\Users\muldi\Documents\Playground\University\senior-project-1\dataset\internet\clear\Horror movie for WOKE!!!!!.wav,983.3890429999999,984.3890429999999,มึง,1.0,context_0.6,16000
C:\Users\muldi\Documents\Playground\University\senior-project-1\dataset\internet\clear\Horror movie for WOKE!!!!!.wav,983.4890429999999,984.4890429999999,มึง,1.0,context_0.8,16000
C:\Users\muldi\Documents\Playground\University\senior-project-1\dataset\internet\clear\Horror movie for WOKE!!!!!.wav,985.189448,986.189448,มึง,1.0,context_0.2,16000
C:\Users\muldi\Documents\Playground\University\senior-project-1\dataset\internet\clear\Horror movie for WOKE!!!!!.wav,985.289448,986.289448,มึง,1.0,context_0.4,16000
C:\Users\muldi\Documents\Playground\University\senior-project-1\dataset\internet\clear\Horror movie for WOKE!!!!!.wav,985.3894479999999,986.3894479999999,มึง,1.0,context_0.6,16000
C:\Users\muldi\Documents\Playground\University\senior-project-1\dataset\internet\clear\Horror movie for WOKE!!!!!.wav,985.4894479999999,986.4894479999999,มึง,1.0,context_0.8,16000
C:\Users\muldi\Documents\Playground\University\senior-project-1\dataset\internet\clear\Horror movie for WOKE!!!!!.wav,988.507593,989.507593,มึง,1.0,context_0.2,16000
C:\Users\muldi\Documents\Playground\University\senior-project-1\dataset\internet\clear\Horror movie for WOKE!!!!!.wav,988.6075930000001,989.6075930000001,มึง,1.0,context_0.4,16000
C:\Users\muldi\Documents\Playground\University\senior-project-1\dataset\internet\clear\Horror movie for WOKE!!!!!.wav,988.707593,989.707593,มึง,1.0,context_0.6,16000
C:\Users\muldi\Documents\Playground\University\senior-project-1\dataset\internet\clear\Horror movie for WOKE!!!!!.wav,988.807593,989.807593,มึง,1.0,context_0.8,16000
C:\Users\muldi\Documents\Playground\University\senior-project-1\dataset\internet\clear\Horror movie for WOKE!!!!!.wav,991.438474,992.438474,เหี้ย,1.0,context_0.2,16000
C:\Users\muldi\Documents\Playground\University\senior-project-1\dataset\internet\clear\Horror movie for WOKE!!!!!.wav,991.5384740000001,992.5384740000001,เหี้ย,1.0,context_0.4,16000
C:\Users\muldi\Documents\Playground\University\senior-project-1\dataset\internet\clear\Horror movie for WOKE!!!!!.wav,991.638474,992.638474,เหี้ย,1.0,context_0.6,16000
C:\Users\muldi\Documents\Playground\University\senior-project-1\dataset\internet\clear\Horror movie for WOKE!!!!!.wav,991.738474,992.738474,เหี้ย,1.0,context_0.8,16000
C:\Users\muldi\Documents\Playground\University\senior-project-1\dataset\internet\clear\Horror movie for WOKE!!!!!.wav,1000.9470210000001,1001.9470210000001,กู,1.0,context_0.2,16000
C:\Users\muldi\Documents\Playground\University\senior-project-1\dataset\internet\clear\Horror movie for WOKE!!!!!.wav,1001.0470210000001,1002.0470210000001,กู,1.0,context_0.4,16000
C:\Users\muldi\Documents\Playground\University\senior-project-1\dataset\internet\clear\Horror movie for WOKE!!!!!.wav,1001.147021,1002.147021,กู,1.0,context_0.6,16000
C:\Users\muldi\Documents\Playground\University\senior-project-1\dataset\internet\clear\Horror movie for WOKE!!!!!.wav,1001.247021,1002.247021,กู,1.0,context_0.8,16000
C:\Users\muldi\Documents\Playground\University\senior-project-1\dataset\internet\clear\Horror movie for WOKE!!!!!.wav,1013.580815,1014.580815,เหี้ย,1.0,context_0.2,16000
C:\Users\muldi\Documents\Playground\University\senior-project-1\dataset\internet\clear\Horror movie for WOKE!!!!!.wav,1013.680815,1014.680815,เหี้ย,1.0,context_0.4,16000
C:\Users\muldi\Documents\Playground\University\senior-project-1\dataset\internet\clear\Horror movie for WOKE!!!!!.wav,1013.780815,1014.780815,เหี้ย,1.0,context_0.6,16000
C:\Users\muldi\Documents\Playground\University\senior-project-1\dataset\internet\clear\Horror movie for WOKE!!!!!.wav,1013.880815,1014.880815,เหี้ย,1.0,context_0.8,16000
C:\Users\muldi\Documents\Playground\University\senior-project-1\dataset\internet\clear\Horror movie for WOKE!!!!!.wav,1016.751567,1017.751567,มึง,1.0,context_0.2,16000
C:\Users\muldi\Documents\Playground\University\senior-project-1\dataset\internet\clear\Horror movie for WOKE!!!!!.wav,1016.851567,1017.851567,มึง,1.0,context_0.4,16000
C:\Users\muldi\Documents\Playground\University\senior-project-1\dataset\internet\clear\Horror movie for WOKE!!!!!.wav,1016.951567,1017.951567,มึง,1.0,context_0.6,16000
C:\Users\muldi\Documents\Playground\University\senior-project-1\dataset\internet\clear\Horror movie for WOKE!!!!!.wav,1017.051567,1018.051567,มึง,1.0,context_0.8,16000
C:\Users\muldi\Documents\Playground\University\senior-project-1\dataset\internet\clear\Horror movie for WOKE!!!!!.wav,1019.101843,1020.101843,มึง,1.0,context_0.2,16000
C:\Users\muldi\Documents\Playground\University\senior-project-1\dataset\internet\clear\Horror movie for WOKE!!!!!.wav,1019.201843,1020.201843,มึง,1.0,context_0.4,16000
C:\Users\muldi\Documents\Playground\University\senior-project-1\dataset\internet\clear\Horror movie for WOKE!!!!!.wav,1019.301843,1020.301843,มึง,1.0,context_0.6,16000
C:\Users\muldi\Documents\Playground\University\senior-project-1\dataset\internet\clear\Horror movie for WOKE!!!!!.wav,1019.401843,1020.401843,มึง,1.0,context_0.8,16000
C:\Users\muldi\Documents\Playground\University\senior-project-1\dataset\internet\clear\Horror movie for WOKE!!!!!.wav,1020.908714,1021.908714,เหี้ย,1.0,context_0.2,16000
C:\Users\muldi\Documents\Playground\University\senior-project-1\dataset\internet\clear\Horror movie for WOKE!!!!!.wav,1021.008714,1022.008714,เหี้ย,1.0,context_0.4,16000
C:\Users\muldi\Documents\Playground\University\senior-project-1\dataset\internet\clear\Horror movie for WOKE!!!!!.wav,1021.108714,1022.108714,เหี้ย,1.0,context_0.6,16000
C:\Users\muldi\Documents\Playground\University\senior-project-1\dataset\internet\clear\Horror movie for WOKE!!!!!.wav,1021.208714,1022.208714,เหี้ย,1.0,context_0.8,16000
C:\Users\muldi\Documents\Playground\University\senior-project-1\dataset\internet\clear\Horror movie for WOKE!!!!!.wav,1021.228146,1022.228146,เหี้ย,1.0,context_0.2,16000
C:\Users\muldi\Documents\Playground\University\senior-project-1\dataset\internet\clear\Horror movie for WOKE!!!!!.wav,1021.3281460000001,1022.3281460000001,เหี้ย,1.0,context_0.4,16000
C:\Users\muldi\Documents\Playground\University\senior-project-1\dataset\internet\clear\Horror movie for WOKE!!!!!.wav,1021.428146,1022.428146,เหี้ย,1.0,context_0.6,16000
C:\Users\muldi\Documents\Playground\University\senior-project-1\dataset\internet\clear\Horror movie for WOKE!!!!!.wav,1021.528146,1022.528146,เหี้ย,1.0,context_0.8,16000
C:\Users\muldi\Documents\Playground\University\senior-project-1\dataset\internet\clear\Horror movie for WOKE!!!!!.wav,1055.417682,1056.417682,เหี้ย,1.0,main,16000
C:\Users\muldi\Documents\Playground\University\senior-project-1\dataset\internet\clear\Horror movie for WOKE!!!!!.wav,1063.237166,1064.237166,เหี้ย,1.0,context_0.2,16000
C:\Users\muldi\Documents\Playground\University\senior-project-1\dataset\internet\clear\Horror movie for WOKE!!!!!.wav,1063.337166,1064.337166,เหี้ย,1.0,context_0.4,16000
C:\Users\muldi\Documents\Playground\University\senior-project-1\dataset\internet\clear\Horror movie for WOKE!!!!!.wav,1063.437166,1064.437166,เหี้ย,1.0,context_0.6,16000
C:\Users\muldi\Documents\Playground\University\senior-project-1\dataset\internet\clear\Horror movie for WOKE!!!!!.wav,1063.537166,1064.537166,เหี้ย,1.0,context_0.8,16000
C:\Users\muldi\Documents\Playground\University\senior-project-1\dataset\internet\clear\Horror movie for WOKE!!!!!.wav,1065.315189,1066.315189,เหี้ย,1.0,context_0.2,16000
C:\Users\muldi\Documents\Playground\University\senior-project-1\dataset\internet\clear\Horror movie for WOKE!!!!!.wav,1065.415189,1066.415189,เหี้ย,1.0,context_0.4,16000
C:\Users\muldi\Documents\Playground\University\senior-project-1\dataset\internet\clear\Horror movie for WOKE!!!!!.wav,1065.515189,1066.515189,เหี้ย,1.0,context_0.6,16000
C:\Users\muldi\Documents\Playground\University\senior-project-1\dataset\internet\clear\Horror movie for WOKE!!!!!.wav,1065.615189,1066.615189,เหี้ย,1.0,context_0.8,16000
C:\Users\muldi\Documents\Playground\University\senior-project-1\dataset\internet\clear\Horror movie for WOKE!!!!!.wav,1080.3143,1081.3143,กู,1.0,context_0.2,16000
C:\Users\muldi\Documents\Playground\University\senior-project-1\dataset\internet\clear\Horror movie for WOKE!!!!!.wav,1080.4143000000001,1081.4143000000001,กู,1.0,context_0.4,16000
C:\Users\muldi\Documents\Playground\University\senior-project-1\dataset\internet\clear\Horror movie for WOKE!!!!!.wav,1080.5143,1081.5143,กู,1.0,context_0.6,16000
C:\Users\muldi\Documents\Playground\University\senior-project-1\dataset\internet\clear\Horror movie for WOKE!!!!!.wav,1080.6143000000002,1081.6143000000002,กู,1.0,context_0.8,16000
C:\Users\muldi\Documents\Playground\University\senior-project-1\dataset\internet\clear\Horror movie for WOKE!!!!!.wav,1080.9153159999998,1081.9153159999998,กู,1.0,context_0.2,16000
C:\Users\muldi\Documents\Playground\University\senior-project-1\dataset\internet\clear\Horror movie for WOKE!!!!!.wav,1081.015316,1082.015316,กู,1.0,context_0.4,16000
C:\Users\muldi\Documents\Playground\University\senior-project-1\dataset\internet\clear\Horror movie for WOKE!!!!!.wav,1081.115316,1082.115316,กู,1.0,context_0.6,16000
C:\Users\muldi\Documents\Playground\University\senior-project-1\dataset\internet\clear\Horror movie for WOKE!!!!!.wav,1081.215316,1082.215316,กู,1.0,context_0.8,16000
C:\Users\muldi\Documents\Playground\University\senior-project-1\dataset\internet\clear\Horror movie for WOKE!!!!!.wav,1102.8575819999999,1103.8575819999999,กู,1.0,context_0.2,16000
C:\Users\muldi\Documents\Playground\University\senior-project-1\dataset\internet\clear\Horror movie for WOKE!!!!!.wav,1102.957582,1103.957582,กู,1.0,context_0.4,16000
C:\Users\muldi\Documents\Playground\University\senior-project-1\dataset\internet\clear\Horror movie for WOKE!!!!!.wav,1103.057582,1104.057582,กู,1.0,context_0.6,16000
C:\Users\muldi\Documents\Playground\University\senior-project-1\dataset\internet\clear\Horror movie for WOKE!!!!!.wav,1103.157582,1104.157582,กู,1.0,context_0.8,16000
C:\Users\muldi\Documents\Playground\University\senior-project-1\dataset\internet\clear\Horror movie for WOKE!!!!!.wav,1105.328802,1106.328802,กู,1.0,context_0.2,16000
C:\Users\muldi\Documents\Playground\University\senior-project-1\dataset\internet\clear\Horror movie for WOKE!!!!!.wav,1105.4288020000001,1106.4288020000001,กู,1.0,context_0.4,16000
C:\Users\muldi\Documents\Playground\University\senior-project-1\dataset\internet\clear\Horror movie for WOKE!!!!!.wav,1105.528802,1106.528802,กู,1.0,context_0.6,16000
C:\Users\muldi\Documents\Playground\University\senior-project-1\dataset\internet\clear\Horror movie for WOKE!!!!!.wav,1105.6288020000002,1106.6288020000002,กู,1.0,context_0.8,16000
C:\Users\muldi\Documents\Playground\University\senior-project-1\dataset\internet\clear\Horror movie for WOKE!!!!!.wav,0.0,1.0,none,1.0,none_sample,16000
C:\Users\muldi\Documents\Playground\University\senior-project-1\dataset\internet\clear\Horror movie for WOKE!!!!!.wav,1.0,2.0,none,1.0,none_sample,16000
C:\Users\muldi\Documents\Playground\University\senior-project-1\dataset\internet\clear\Horror movie for WOKE!!!!!.wav,2.0,3.0,none,1.0,none_sample,16000
C:\Users\muldi\Documents\Playground\University\senior-project-1\dataset\internet\clear\Horror movie for WOKE!!!!!.wav,3.0,4.0,none,1.0,none_sample,16000
C:\Users\muldi\Documents\Playground\University\senior-project-1\dataset\internet\clear\Horror movie for WOKE!!!!!.wav,4.0,5.0,none,1.0,none_sample,16000
C:\Users\muldi\Documents\Playground\University\senior-project-1\dataset\internet\clear\Horror movie for WOKE!!!!!.wav,5.0,6.0,none,1.0,none_sample,16000
C:\Users\muldi\Documents\Playground\University\senior-project-1\dataset\internet\clear\Horror movie for WOKE!!!!!.wav,6.0,7.0,none,1.0,none_sample,16000
C:\Users\muldi\Documents\Playground\University\senior-project-1\dataset\internet\clear\Horror movie for WOKE!!!!!.wav,7.0,8.0,none,1.0,none_sample,16000
C:\Users\muldi\Documents\Playground\University\senior-project-1\dataset\internet\clear\Horror movie for WOKE!!!!!.wav,8.0,9.0,none,1.0,none_sample,16000
C:\Users\muldi\Documents\Playground\University\senior-project-1\dataset\internet\clear\Horror movie for WOKE!!!!!.wav,9.0,10.0,none,1.0,none_sample,16000
C:\Users\muldi\Documents\Playground\University\senior-project-1\dataset\internet\clear\Horror movie for WOKE!!!!!.wav,10.0,11.0,none,1.0,none_sample,16000
C:\Users\muldi\Documents\Playground\University\senior-project-1\dataset\internet\clear\Horror movie for WOKE!!!!!.wav,11.0,12.0,none,1.0,none_sample,16000
C:\Users\muldi\Documents\Playground\University\senior-project-1\dataset\internet\clear\Horror movie for WOKE!!!!!.wav,12.0,13.0,none,1.0,none_sample,16000
C:\Users\muldi\Documents\Playground\University\senior-project-1\dataset\internet\clear\Horror movie for WOKE!!!!!.wav,13.0,14.0,none,1.0,none_sample,16000
C:\Users\muldi\Documents\Playground\University\senior-project-1\dataset\internet\clear\Horror movie for WOKE!!!!!.wav,14.0,15.0,none,1.0,none_sample,16000
C:\Users\muldi\Documents\Playground\University\senior-project-1\dataset\internet\clear\Horror movie for WOKE!!!!!.wav,15.0,16.0,none,1.0,none_sample,16000
C:\Users\muldi\Documents\Playground\University\senior-project-1\dataset\internet\clear\Horror movie for WOKE!!!!!.wav,16.0,17.0,none,1.0,none_sample,16000
C:\Users\muldi\Documents\Playground\University\senior-project-1\dataset\internet\clear\Horror movie for WOKE!!!!!.wav,17.0,18.0,none,1.0,none_sample,16000
C:\Users\muldi\Documents\Playground\University\senior-project-1\dataset\internet\clear\Horror movie for WOKE!!!!!.wav,18.0,19.0,none,1.0,none_sample,16000
C:\Users\muldi\Documents\Playground\University\senior-project-1\dataset\internet\clear\Horror movie for WOKE!!!!!.wav,19.0,20.0,none,1.0,none_sample,16000
C:\Users\muldi\Documents\Playground\University\senior-project-1\dataset\internet\clear\Horror movie for WOKE!!!!!.wav,20.500000000000007,21.500000000000007,none,1.0,none_sample,16000
C:\Users\muldi\Documents\Playground\University\senior-project-1\dataset\internet\clear\Horror movie for WOKE!!!!!.wav,21.500000000000007,22.500000000000007,none,1.0,none_sample,16000
C:\Users\muldi\Documents\Playground\University\senior-project-1\dataset\internet\clear\Horror movie for WOKE!!!!!.wav,23.700000000000024,24.700000000000024,none,1.0,none_sample,16000
C:\Users\muldi\Documents\Playground\University\senior-project-1\dataset\internet\clear\Horror movie for WOKE!!!!!.wav,24.700000000000024,25.700000000000024,none,1.0,none_sample,16000
C:\Users\muldi\Documents\Playground\University\senior-project-1\dataset\internet\clear\Horror movie for WOKE!!!!!.wav,26.500000000000036,27.500000000000036,none,1.0,none_sample,16000
C:\Users\muldi\Documents\Playground\University\senior-project-1\dataset\internet\clear\Horror movie for WOKE!!!!!.wav,27.500000000000036,28.500000000000036,none,1.0,none_sample,16000
C:\Users\muldi\Documents\Playground\University\senior-project-1\dataset\internet\clear\Horror movie for WOKE!!!!!.wav,28.500000000000036,29.500000000000036,none,1.0,none_sample,16000
C:\Users\muldi\Documents\Playground\University\senior-project-1\dataset\internet\clear\Horror movie for WOKE!!!!!.wav,29.500000000000036,30.500000000000036,none,1.0,none_sample,16000
C:\Users\muldi\Documents\Playground\University\senior-project-1\dataset\internet\clear\Horror movie for WOKE!!!!!.wav,30.500000000000036,31.500000000000036,none,1.0,none_sample,16000
C:\Users\muldi\Documents\Playground\University\senior-project-1\dataset\internet\clear\Horror movie for WOKE!!!!!.wav,31.500000000000036,32.500000000000036,none,1.0,none_sample,16000
C:\Users\muldi\Documents\Playground\University\senior-project-1\dataset\internet\clear\Horror movie for WOKE!!!!!.wav,33.200000000000045,34.200000000000045,none,1.0,none_sample,16000
C:\Users\muldi\Documents\Playground\University\senior-project-1\dataset\internet\clear\Horror movie for WOKE!!!!!.wav,34.200000000000045,35.200000000000045,none,1.0,none_sample,16000
C:\Users\muldi\Documents\Playground\University\senior-project-1\dataset\internet\clear\Horror movie for WOKE!!!!!.wav,35.200000000000045,36.200000000000045,none,1.0,none_sample,16000
C:\Users\muldi\Documents\Playground\University\senior-project-1\dataset\internet\clear\Horror movie for WOKE!!!!!.wav,36.200000000000045,37.200000000000045,none,1.0,none_sample,16000
C:\Users\muldi\Documents\Playground\University\senior-project-1\dataset\internet\clear\Horror movie for WOKE!!!!!.wav,37.200000000000045,38.200000000000045,none,1.0,none_sample,16000
C:\Users\muldi\Documents\Playground\University\senior-project-1\dataset\internet\clear\Horror movie for WOKE!!!!!.wav,38.200000000000045,39.200000000000045,none,1.0,none_sample,16000
C:\Users\muldi\Documents\Playground\University\senior-project-1\dataset\internet\clear\Horror movie for WOKE!!!!!.wav,39.200000000000045,40.200000000000045,none,1.0,none_sample,16000
C:\Users\muldi\Documents\Playground\University\senior-project-1\dataset\internet\clear\Horror movie for WOKE!!!!!.wav,40.200000000000045,41.200000000000045,none,1.0,none_sample,16000
C:\Users\muldi\Documents\Playground\University\senior-project-1\dataset\internet\clear\Horror movie for WOKE!!!!!.wav,41.200000000000045,42.200000000000045,none,1.0,none_sample,16000
C:\Users\muldi\Documents\Playground\University\senior-project-1\dataset\internet\clear\Horror movie for WOKE!!!!!.wav,42.200000000000045,43.200000000000045,none,1.0,none_sample,16000
C:\Users\muldi\Documents\Playground\University\senior-project-1\dataset\internet\clear\Horror movie for WOKE!!!!!.wav,43.200000000000045,44.200000000000045,none,1.0,none_sample,16000
C:\Users\muldi\Documents\Playground\University\senior-project-1\dataset\internet\clear\Horror movie for WOKE!!!!!.wav,44.200000000000045,45.200000000000045,none,1.0,none_sample,16000
C:\Users\muldi\Documents\Playground\University\senior-project-1\dataset\internet\clear\Horror movie for WOKE!!!!!.wav,45.200000000000045,46.200000000000045,none,1.0,none_sample,16000
C:\Users\muldi\Documents\Playground\University\senior-project-1\dataset\internet\clear\Horror movie for WOKE!!!!!.wav,46.200000000000045,47.200000000000045,none,1.0,none_sample,16000
C:\Users\muldi\Documents\Playground\University\senior-project-1\dataset\internet\clear\Horror movie for WOKE!!!!!.wav,47.200000000000045,48.200000000000045,none,1.0,none_sample,16000
C:\Users\muldi\Documents\Playground\University\senior-project-1\dataset\internet\clear\Horror movie for WOKE!!!!!.wav,48.200000000000045,49.200000000000045,none,1.0,none_sample,16000
C:\Users\muldi\Documents\Playground\University\senior-project-1\dataset\internet\clear\Horror movie for WOKE!!!!!.wav,49.200000000000045,50.200000000000045,none,1.0,none_sample,16000
C:\Users\muldi\Documents\Playground\University\senior-project-1\dataset\internet\clear\Horror movie for WOKE!!!!!.wav,50.200000000000045,51.200000000000045,none,1.0,none_sample,16000
C:\Users\muldi\Documents\Playground\University\senior-project-1\dataset\internet\clear\Horror movie for WOKE!!!!!.wav,51.200000000000045,52.200000000000045,none,1.0,none_sample,16000
C:\Users\muldi\Documents\Playground\University\senior-project-1\dataset\internet\clear\Horror movie for WOKE!!!!!.wav,52.200000000000045,53.200000000000045,none,1.0,none_sample,16000
C:\Users\muldi\Documents\Playground\University\senior-project-1\dataset\internet\clear\Horror movie for WOKE!!!!!.wav,53.200000000000045,54.200000000000045,none,1.0,none_sample,16000
C:\Users\muldi\Documents\Playground\University\senior-project-1\dataset\internet\clear\Horror movie for WOKE!!!!!.wav,54.200000000000045,55.200000000000045,none,1.0,none_sample,16000
C:\Users\muldi\Documents\Playground\University\senior-project-1\dataset\internet\clear\Horror movie for WOKE!!!!!.wav,55.200000000000045,56.200000000000045,none,1.0,none_sample,16000
C:\Users\muldi\Documents\Playground\University\senior-project-1\dataset\internet\clear\Horror movie for WOKE!!!!!.wav,56.200000000000045,57.200000000000045,none,1.0,none_sample,16000
C:\Users\muldi\Documents\Playground\University\senior-project-1\dataset\internet\clear\Horror movie for WOKE!!!!!.wav,57.200000000000045,58.200000000000045,none,1.0,none_sample,16000
C:\Users\muldi\Documents\Playground\University\senior-project-1\dataset\internet\clear\Horror movie for WOKE!!!!!.wav,58.200000000000045,59.200000000000045,none,1.0,none_sample,16000
C:\Users\muldi\Documents\Playground\University\senior-project-1\dataset\internet\clear\Horror movie for WOKE!!!!!.wav,59.200000000000045,60.200000000000045,none,1.0,none_sample,16000
C:\Users\muldi\Documents\Playground\University\senior-project-1\dataset\internet\clear\Horror movie for WOKE!!!!!.wav,60.200000000000045,61.200000000000045,none,1.0,none_sample,16000
C:\Users\muldi\Documents\Playground\University\senior-project-1\dataset\internet\clear\Horror movie for WOKE!!!!!.wav,61.200000000000045,62.200000000000045,none,1.0,none_sample,16000
C:\Users\muldi\Documents\Playground\University\senior-project-1\dataset\internet\clear\Horror movie for WOKE!!!!!.wav,62.200000000000045,63.200000000000045,none,1.0,none_sample,16000
C:\Users\muldi\Documents\Playground\University\senior-project-1\dataset\internet\clear\Horror movie for WOKE!!!!!.wav,63.200000000000045,64.20000000000005,none,1.0,none_sample,16000
C:\Users\muldi\Documents\Playground\University\senior-project-1\dataset\internet\clear\Horror movie for WOKE!!!!!.wav,64.20000000000005,65.20000000000005,none,1.0,none_sample,16000
C:\Users\muldi\Documents\Playground\University\senior-project-1\dataset\internet\clear\Horror movie for WOKE!!!!!.wav,65.20000000000005,66.20000000000005,none,1.0,none_sample,16000
C:\Users\muldi\Documents\Playground\University\senior-project-1\dataset\internet\clear\Horror movie for WOKE!!!!!.wav,66.20000000000005,67.20000000000005,none,1.0,none_sample,16000
C:\Users\muldi\Documents\Playground\University\senior-project-1\dataset\internet\clear\Horror movie for WOKE!!!!!.wav,67.20000000000005,68.20000000000005,none,1.0,none_sample,16000
C:\Users\muldi\Documents\Playground\University\senior-project-1\dataset\internet\clear\Horror movie for WOKE!!!!!.wav,68.20000000000005,69.20000000000005,none,1.0,none_sample,16000
C:\Users\muldi\Documents\Playground\University\senior-project-1\dataset\internet\clear\Horror movie for WOKE!!!!!.wav,69.20000000000005,70.20000000000005,none,1.0,none_sample,16000
C:\Users\muldi\Documents\Playground\University\senior-project-1\dataset\internet\clear\Horror movie for WOKE!!!!!.wav,70.20000000000005,71.20000000000005,none,1.0,none_sample,16000
C:\Users\muldi\Documents\Playground\University\senior-project-1\dataset\internet\clear\Horror movie for WOKE!!!!!.wav,71.20000000000005,72.20000000000005,none,1.0,none_sample,16000
C:\Users\muldi\Documents\Playground\University\senior-project-1\dataset\internet\clear\Horror movie for WOKE!!!!!.wav,72.20000000000005,73.20000000000005,none,1.0,none_sample,16000
C:\Users\muldi\Documents\Playground\University\senior-project-1\dataset\internet\clear\Horror movie for WOKE!!!!!.wav,74.49999999999997,75.49999999999997,none,1.0,none_sample,16000
C:\Users\muldi\Documents\Playground\University\senior-project-1\dataset\internet\clear\Horror movie for WOKE!!!!!.wav,75.49999999999997,76.49999999999997,none,1.0,none_sample,16000
C:\Users\muldi\Documents\Playground\University\senior-project-1\dataset\internet\clear\Horror movie for WOKE!!!!!.wav,76.49999999999997,77.49999999999997,none,1.0,none_sample,16000
C:\Users\muldi\Documents\Playground\University\senior-project-1\dataset\internet\clear\Horror movie for WOKE!!!!!.wav,77.49999999999997,78.49999999999997,none,1.0,none_sample,16000
C:\Users\muldi\Documents\Playground\University\senior-project-1\dataset\internet\clear\Horror movie for WOKE!!!!!.wav,78.49999999999997,79.49999999999997,none,1.0,none_sample,16000
C:\Users\muldi\Documents\Playground\University\senior-project-1\dataset\internet\clear\Horror movie for WOKE!!!!!.wav,79.49999999999997,80.49999999999997,none,1.0,none_sample,16000
C:\Users\muldi\Documents\Playground\University\senior-project-1\dataset\internet\clear\Horror movie for WOKE!!!!!.wav,81.49999999999991,82.49999999999991,none,1.0,none_sample,16000
C:\Users\muldi\Documents\Playground\University\senior-project-1\dataset\internet\clear\Horror movie for WOKE!!!!!.wav,82.49999999999991,83.49999999999991,none,1.0,none_sample,16000
C:\Users\muldi\Documents\Playground\University\senior-project-1\dataset\internet\clear\Horror movie for WOKE!!!!!.wav,83.49999999999991,84.49999999999991,none,1.0,none_sample,16000
C:\Users\muldi\Documents\Playground\University\senior-project-1\dataset\internet\clear\Horror movie for WOKE!!!!!.wav,84.49999999999991,85.49999999999991,none,1.0,none_sample,16000
C:\Users\muldi\Documents\Playground\University\senior-project-1\dataset\internet\clear\Horror movie for WOKE!!!!!.wav,85.49999999999991,86.49999999999991,none,1.0,none_sample,16000
C:\Users\muldi\Documents\Playground\University\senior-project-1\dataset\internet\clear\Horror movie for WOKE!!!!!.wav,86.49999999999991,87.49999999999991,none,1.0,none_sample,16000
C:\Users\muldi\Documents\Playground\University\senior-project-1\dataset\internet\clear\Horror movie for WOKE!!!!!.wav,87.49999999999991,88.49999999999991,none,1.0,none_sample,16000
C:\Users\muldi\Documents\Playground\University\senior-project-1\dataset\internet\clear\Horror movie for WOKE!!!!!.wav,88.49999999999991,89.49999999999991,none,1.0,none_sample,16000
C:\Users\muldi\Documents\Playground\University\senior-project-1\dataset\internet\clear\Horror movie for WOKE!!!!!.wav,89.49999999999991,90.49999999999991,none,1.0,none_sample,16000
C:\Users\muldi\Documents\Playground\University\senior-project-1\dataset\internet\clear\Horror movie for WOKE!!!!!.wav,90.49999999999991,91.49999999999991,none,1.0,none_sample,16000
C:\Users\muldi\Documents\Playground\University\senior-project-1\dataset\internet\clear\Horror movie for WOKE!!!!!.wav,91.49999999999991,92.49999999999991,none,1.0,none_sample,16000
C:\Users\muldi\Documents\Playground\University\senior-project-1\dataset\internet\clear\Horror movie for WOKE!!!!!.wav,92.49999999999991,93.49999999999991,none,1.0,none_sample,16000
C:\Users\muldi\Documents\Playground\University\senior-project-1\dataset\internet\clear\Horror movie for WOKE!!!!!.wav,93.49999999999991,94.49999999999991,none,1.0,none_sample,16000
C:\Users\muldi\Documents\Playground\University\senior-project-1\dataset\internet\clear\Horror movie for WOKE!!!!!.wav,94.49999999999991,95.49999999999991,none,1.0,none_sample,16000
C:\Users\muldi\Documents\Playground\University\senior-project-1\dataset\internet\clear\Horror movie for WOKE!!!!!.wav,95.49999999999991,96.49999999999991,none,1.0,none_sample,16000
C:\Users\muldi\Documents\Playground\University\senior-project-1\dataset\internet\clear\Horror movie for WOKE!!!!!.wav,96.49999999999991,97.49999999999991,none,1.0,none_sample,16000
C:\Users\muldi\Documents\Playground\University\senior-project-1\dataset\internet\clear\Horror movie for WOKE!!!!!.wav,99.3999999999998,100.3999999999998,none,1.0,none_sample,16000
C:\Users\muldi\Documents\Playground\University\senior-project-1\dataset\internet\clear\Horror movie for WOKE!!!!!.wav,100.3999999999998,101.3999999999998,none,1.0,none_sample,16000
C:\Users\muldi\Documents\Playground\University\senior-project-1\dataset\internet\clear\Horror movie for WOKE!!!!!.wav,101.3999999999998,102.3999999999998,none,1.0,none_sample,16000
C:\Users\muldi\Documents\Playground\University\senior-project-1\dataset\internet\clear\Horror movie for WOKE!!!!!.wav,102.3999999999998,103.3999999999998,none,1.0,none_sample,16000
C:\Users\muldi\Documents\Playground\University\senior-project-1\dataset\internet\clear\Horror movie for WOKE!!!!!.wav,103.3999999999998,104.3999999999998,none,1.0,none_sample,16000
C:\Users\muldi\Documents\Playground\University\senior-project-1\dataset\internet\clear\Horror movie for WOKE!!!!!.wav,104.3999999999998,105.3999999999998,none,1.0,none_sample,16000
C:\Users\muldi\Documents\Playground\University\senior-project-1\dataset\internet\clear\Horror movie for WOKE!!!!!.wav,105.3999999999998,106.3999999999998,none,1.0,none_sample,16000
C:\Users\muldi\Documents\Playground\University\senior-project-1\dataset\internet\clear\Horror movie for WOKE!!!!!.wav,106.3999999999998,107.3999999999998,none,1.0,none_sample,16000
C:\Users\muldi\Documents\Playground\University\senior-project-1\dataset\internet\clear\Horror movie for WOKE!!!!!.wav,107.3999999999998,108.3999999999998,none,1.0,none_sample,16000
C:\Users\muldi\Documents\Playground\University\senior-project-1\dataset\internet\clear\Horror movie for WOKE!!!!!.wav,108.3999999999998,109.3999999999998,none,1.0,none_sample,16000
C:\Users\muldi\Documents\Playground\University\senior-project-1\dataset\internet\clear\Horror movie for WOKE!!!!!.wav,109.3999999999998,110.3999999999998,none,1.0,none_sample,16000
C:\Users\muldi\Documents\Playground\University\senior-project-1\dataset\internet\clear\Horror movie for WOKE!!!!!.wav,110.3999999999998,111.3999999999998,none,1.0,none_sample,16000
C:\Users\muldi\Documents\Playground\University\senior-project-1\dataset\internet\clear\Horror movie for WOKE!!!!!.wav,111.99999999999977,112.99999999999977,none,1.0,none_sample,16000
C:\Users\muldi\Documents\Playground\University\senior-project-1\dataset\internet\clear\Horror movie for WOKE!!!!!.wav,112.99999999999977,113.99999999999977,none,1.0,none_sample,16000
C:\Users\muldi\Documents\Playground\University\senior-project-1\dataset\internet\clear\Horror movie for WOKE!!!!!.wav,113.99999999999977,114.99999999999977,none,1.0,none_sample,16000
C:\Users\muldi\Documents\Playground\University\senior-project-1\dataset\internet\clear\Horror movie for WOKE!!!!!.wav,114.99999999999977,115.99999999999977,none,1.0,none_sample,16000
C:\Users\muldi\Documents\Playground\University\senior-project-1\dataset\internet\clear\Horror movie for WOKE!!!!!.wav,115.99999999999977,116.99999999999977,none,1.0,none_sample,16000
C:\Users\muldi\Documents\Playground\University\senior-project-1\dataset\internet\clear\Horror movie for WOKE!!!!!.wav,116.99999999999977,117.99999999999977,none,1.0,none_sample,16000
C:\Users\muldi\Documents\Playground\University\senior-project-1\dataset\internet\clear\Horror movie for WOKE!!!!!.wav,117.99999999999977,118.99999999999977,none,1.0,none_sample,16000
C:\Users\muldi\Documents\Playground\University\senior-project-1\dataset\internet\clear\Horror movie for WOKE!!!!!.wav,118.99999999999977,119.99999999999977,none,1.0,none_sample,16000
C:\Users\muldi\Documents\Playground\University\senior-project-1\dataset\internet\clear\Horror movie for WOKE!!!!!.wav,119.99999999999977,120.99999999999977,none,1.0,none_sample,16000
C:\Users\muldi\Documents\Playground\University\senior-project-1\dataset\internet\clear\Horror movie for WOKE!!!!!.wav,120.99999999999977,121.99999999999977,none,1.0,none_sample,16000
C:\Users\muldi\Documents\Playground\University\senior-project-1\dataset\internet\clear\Horror movie for WOKE!!!!!.wav,121.99999999999977,122.99999999999977,none,1.0,none_sample,16000
C:\Users\muldi\Documents\Playground\University\senior-project-1\dataset\internet\clear\Horror movie for WOKE!!!!!.wav,122.99999999999977,123.99999999999977,none,1.0,none_sample,16000
C:\Users\muldi\Documents\Playground\University\senior-project-1\dataset\internet\clear\Horror movie for WOKE!!!!!.wav,123.99999999999977,124.99999999999977,none,1.0,none_sample,16000
C:\Users\muldi\Documents\Playground\University\senior-project-1\dataset\internet\clear\Horror movie for WOKE!!!!!.wav,124.99999999999977,125.99999999999977,none,1.0,none_sample,16000
C:\Users\muldi\Documents\Playground\University\senior-project-1\dataset\internet\clear\Horror movie for WOKE!!!!!.wav,125.99999999999977,126.99999999999977,none,1.0,none_sample,16000
C:\Users\muldi\Documents\Playground\University\senior-project-1\dataset\internet\clear\Horror movie for WOKE!!!!!.wav,126.99999999999977,127.99999999999977,none,1.0,none_sample,16000
C:\Users\muldi\Documents\Playground\University\senior-project-1\dataset\internet\clear\Horror movie for WOKE!!!!!.wav,127.99999999999977,128.99999999999977,none,1.0,none_sample,16000
C:\Users\muldi\Documents\Playground\University\senior-project-1\dataset\internet\clear\Horror movie for WOKE!!!!!.wav,128.99999999999977,129.99999999999977,none,1.0,none_sample,16000
C:\Users\muldi\Documents\Playground\University\senior-project-1\dataset\internet\clear\Horror movie for WOKE!!!!!.wav,129.99999999999977,130.99999999999977,none,1.0,none_sample,16000
C:\Users\muldi\Documents\Playground\University\senior-project-1\dataset\internet\clear\Horror movie for WOKE!!!!!.wav,130.99999999999977,131.99999999999977,none,1.0,none_sample,16000
C:\Users\muldi\Documents\Playground\University\senior-project-1\dataset\internet\clear\Horror movie for WOKE!!!!!.wav,131.99999999999977,132.99999999999977,none,1.0,none_sample,16000
C:\Users\muldi\Documents\Playground\University\senior-project-1\dataset\internet\clear\Horror movie for WOKE!!!!!.wav,132.99999999999977,133.99999999999977,none,1.0,none_sample,16000
C:\Users\muldi\Documents\Playground\University\senior-project-1\dataset\internet\clear\Horror movie for WOKE!!!!!.wav,133.99999999999977,134.99999999999977,none,1.0,none_sample,16000
C:\Users\muldi\Documents\Playground\University\senior-project-1\dataset\internet\clear\Horror movie for WOKE!!!!!.wav,134.99999999999977,135.99999999999977,none,1.0,none_sample,16000
C:\Users\muldi\Documents\Playground\University\senior-project-1\dataset\internet\clear\Horror movie for WOKE!!!!!.wav,135.99999999999977,136.99999999999977,none,1.0,none_sample,16000
C:\Users\muldi\Documents\Playground\University\senior-project-1\dataset\internet\clear\Horror movie for WOKE!!!!!.wav,136.99999999999977,137.99999999999977,none,1.0,none_sample,16000
C:\Users\muldi\Documents\Playground\University\senior-project-1\dataset\internet\clear\Horror movie for WOKE!!!!!.wav,137.99999999999977,138.99999999999977,none,1.0,none_sample,16000
C:\Users\muldi\Documents\Playground\University\senior-project-1\dataset\internet\clear\Horror movie for WOKE!!!!!.wav,138.99999999999977,139.99999999999977,none,1.0,none_sample,16000
C:\Users\muldi\Documents\Playground\University\senior-project-1\dataset\internet\clear\Horror movie for WOKE!!!!!.wav,139.99999999999977,140.99999999999977,none,1.0,none_sample,16000
C:\Users\muldi\Documents\Playground\University\senior-project-1\dataset\internet\clear\Horror movie for WOKE!!!!!.wav,140.99999999999977,141.99999999999977,none,1.0,none_sample,16000
C:\Users\muldi\Documents\Playground\University\senior-project-1\dataset\internet\clear\Horror movie for WOKE!!!!!.wav,141.99999999999977,142.99999999999977,none,1.0,none_sample,16000
C:\Users\muldi\Documents\Playground\University\senior-project-1\dataset\internet\clear\Horror movie for WOKE!!!!!.wav,142.99999999999977,143.99999999999977,none,1.0,none_sample,16000
C:\Users\muldi\Documents\Playground\University\senior-project-1\dataset\internet\clear\Horror movie for WOKE!!!!!.wav,143.99999999999977,144.99999999999977,none,1.0,none_sample,16000
C:\Users\muldi\Documents\Playground\University\senior-project-1\dataset\internet\clear\Horror movie for WOKE!!!!!.wav,144.99999999999977,145.99999999999977,none,1.0,none_sample,16000
C:\Users\muldi\Documents\Playground\University\senior-project-1\dataset\internet\clear\Horror movie for WOKE!!!!!.wav,145.99999999999977,146.99999999999977,none,1.0,none_sample,16000
C:\Users\muldi\Documents\Playground\University\senior-project-1\dataset\internet\clear\Horror movie for WOKE!!!!!.wav,146.99999999999977,147.99999999999977,none,1.0,none_sample,16000
C:\Users\muldi\Documents\Playground\University\senior-project-1\dataset\internet\clear\Horror movie for WOKE!!!!!.wav,147.99999999999977,148.99999999999977,none,1.0,none_sample,16000
C:\Users\muldi\Documents\Playground\University\senior-project-1\dataset\internet\clear\Yo mama & แซนวิชบลูเบอร์รี่.wav,18.632041,19.632041,มึง,1.0,context_0.2,16000
C:\Users\muldi\Documents\Playground\University\senior-project-1\dataset\internet\clear\Yo mama & แซนวิชบลูเบอร์รี่.wav,18.732041,19.732041,มึง,1.0,context_0.4,16000
C:\Users\muldi\Documents\Playground\University\senior-project-1\dataset\internet\clear\Yo mama & แซนวิชบลูเบอร์รี่.wav,18.832041,19.832041,มึง,1.0,context_0.6,16000
C:\Users\muldi\Documents\Playground\University\senior-project-1\dataset\internet\clear\Yo mama & แซนวิชบลูเบอร์รี่.wav,18.932040999999998,19.932040999999998,มึง,1.0,context_0.8,16000
C:\Users\muldi\Documents\Playground\University\senior-project-1\dataset\internet\clear\Yo mama & แซนวิชบลูเบอร์รี่.wav,22.622478,23.622478,มึง,1.0,context_0.2,16000
C:\Users\muldi\Documents\Playground\University\senior-project-1\dataset\internet\clear\Yo mama & แซนวิชบลูเบอร์รี่.wav,22.722478,23.722478,มึง,1.0,context_0.4,16000
C:\Users\muldi\Documents\Playground\University\senior-project-1\dataset\internet\clear\Yo mama & แซนวิชบลูเบอร์รี่.wav,22.822478,23.822478,มึง,1.0,context_0.6,16000
C:\Users\muldi\Documents\Playground\University\senior-project-1\dataset\internet\clear\Yo mama & แซนวิชบลูเบอร์รี่.wav,22.922477999999998,23.922477999999998,มึง,1.0,context_0.8,16000
C:\Users\muldi\Documents\Playground\University\senior-project-1\dataset\internet\clear\Yo mama & แซนวิชบลูเบอร์รี่.wav,23.940333000000003,24.940333000000003,มึง,1.0,context_0.2,16000
C:\Users\muldi\Documents\Playground\University\senior-project-1\dataset\internet\clear\Yo mama & แซนวิชบลูเบอร์รี่.wav,24.040333,25.040333,มึง,1.0,context_0.4,16000
C:\Users\muldi\Documents\Playground\University\senior-project-1\dataset\internet\clear\Yo mama & แซนวิชบลูเบอร์รี่.wav,24.140333000000002,25.140333000000002,มึง,1.0,context_0.6,16000
C:\Users\muldi\Documents\Playground\University\senior-project-1\dataset\internet\clear\Yo mama & แซนวิชบลูเบอร์รี่.wav,24.240333,25.240333,มึง,1.0,context_0.8,16000
C:\Users\muldi\Documents\Playground\University\senior-project-1\dataset\internet\clear\Yo mama & แซนวิชบลูเบอร์รี่.wav,25.609433000000003,26.609433000000003,มึง,1.0,context_0.2,16000
C:\Users\muldi\Documents\Playground\University\senior-project-1\dataset\internet\clear\Yo mama & แซนวิชบลูเบอร์รี่.wav,25.709433,26.709433,มึง,1.0,context_0.4,16000
C:\Users\muldi\Documents\Playground\University\senior-project-1\dataset\internet\clear\Yo mama & แซนวิชบลูเบอร์รี่.wav,25.809433000000002,26.809433000000002,มึง,1.0,context_0.6,16000
C:\Users\muldi\Documents\Playground\University\senior-project-1\dataset\internet\clear\Yo mama & แซนวิชบลูเบอร์รี่.wav,25.909433,26.909433,มึง,1.0,context_0.8,16000
C:\Users\muldi\Documents\Playground\University\senior-project-1\dataset\internet\clear\Yo mama & แซนวิชบลูเบอร์รี่.wav,27.761061,28.761061,มึง,1.0,context_0.2,16000
C:\Users\muldi\Documents\Playground\University\senior-project-1\dataset\internet\clear\Yo mama & แซนวิชบลูเบอร์รี่.wav,27.861061,28.861061,มึง,1.0,context_0.4,16000
C:\Users\muldi\Documents\Playground\University\senior-project-1\dataset\internet\clear\Yo mama & แซนวิชบลูเบอร์รี่.wav,27.961061,28.961061,มึง,1.0,context_0.6,16000
C:\Users\muldi\Documents\Playground\University\senior-project-1\dataset\internet\clear\Yo mama & แซนวิชบลูเบอร์รี่.wav,28.061061,29.061061,มึง,1.0,context_0.8,16000
C:\Users\muldi\Documents\Playground\University\senior-project-1\dataset\internet\clear\Yo mama & แซนวิชบลูเบอร์รี่.wav,29.596729,30.596729,มึง,1.0,context_0.2,16000
C:\Users\muldi\Documents\Playground\University\senior-project-1\dataset\internet\clear\Yo mama & แซนวิชบลูเบอร์รี่.wav,29.696728999999998,30.696728999999998,มึง,1.0,context_0.4,16000
C:\Users\muldi\Documents\Playground\University\senior-project-1\dataset\internet\clear\Yo mama & แซนวิชบลูเบอร์รี่.wav,29.796729,30.796729,มึง,1.0,context_0.6,16000
C:\Users\muldi\Documents\Playground\University\senior-project-1\dataset\internet\clear\Yo mama & แซนวิชบลูเบอร์รี่.wav,29.896728999999997,30.896728999999997,มึง,1.0,context_0.8,16000
C:\Users\muldi\Documents\Playground\University\senior-project-1\dataset\internet\clear\Yo mama & แซนวิชบลูเบอร์รี่.wav,34.018552,35.018552,มึง,1.0,context_0.2,16000
C:\Users\muldi\Documents\Playground\University\senior-project-1\dataset\internet\clear\Yo mama & แซนวิชบลูเบอร์รี่.wav,34.118552,35.118552,มึง,1.0,context_0.4,16000
C:\Users\muldi\Documents\Playground\University\senior-project-1\dataset\internet\clear\Yo mama & แซนวิชบลูเบอร์รี่.wav,34.218551999999995,35.218551999999995,มึง,1.0,context_0.6,16000
C:\Users\muldi\Documents\Playground\University\senior-project-1\dataset\internet\clear\Yo mama & แซนวิชบลูเบอร์รี่.wav,34.318552,35.318552,มึง,1.0,context_0.8,16000
C:\Users\muldi\Documents\Playground\University\senior-project-1\dataset\internet\clear\Yo mama & แซนวิชบลูเบอร์รี่.wav,40.1462,41.1462,มึง,1.0,context_0.2,16000
C:\Users\muldi\Documents\Playground\University\senior-project-1\dataset\internet\clear\Yo mama & แซนวิชบลูเบอร์รี่.wav,40.2462,41.2462,มึง,1.0,context_0.4,16000
C:\Users\muldi\Documents\Playground\University\senior-project-1\dataset\internet\clear\Yo mama & แซนวิชบลูเบอร์รี่.wav,40.346199999999996,41.346199999999996,มึง,1.0,context_0.6,16000
C:\Users\muldi\Documents\Playground\University\senior-project-1\dataset\internet\clear\Yo mama & แซนวิชบลูเบอร์รี่.wav,40.4462,41.4462,มึง,1.0,context_0.8,16000
C:\Users\muldi\Documents\Playground\University\senior-project-1\dataset\internet\clear\Yo mama & แซนวิชบลูเบอร์รี่.wav,44.269968,45.269968,มึง,1.0,context_0.2,16000
C:\Users\muldi\Documents\Playground\University\senior-project-1\dataset\internet\clear\Yo mama & แซนวิชบลูเบอร์รี่.wav,44.369968,45.369968,มึง,1.0,context_0.4,16000
C:\Users\muldi\Documents\Playground\University\senior-project-1\dataset\internet\clear\Yo mama & แซนวิชบลูเบอร์รี่.wav,44.469967999999994,45.469967999999994,มึง,1.0,context_0.6,16000
C:\Users\muldi\Documents\Playground\University\senior-project-1\dataset\internet\clear\Yo mama & แซนวิชบลูเบอร์รี่.wav,44.569967999999996,45.569967999999996,มึง,1.0,context_0.8,16000
C:\Users\muldi\Documents\Playground\University\senior-project-1\dataset\internet\clear\Yo mama & แซนวิชบลูเบอร์รี่.wav,57.551197,58.551197,มึง,1.0,context_0.2,16000
C:\Users\muldi\Documents\Playground\University\senior-project-1\dataset\internet\clear\Yo mama & แซนวิชบลูเบอร์รี่.wav,57.651197,58.651197,มึง,1.0,context_0.4,16000
C:\Users\muldi\Documents\Playground\University\senior-project-1\dataset\internet\clear\Yo mama & แซนวิชบลูเบอร์รี่.wav,57.751197,58.751197,มึง,1.0,context_0.6,16000
C:\Users\muldi\Documents\Playground\University\senior-project-1\dataset\internet\clear\Yo mama & แซนวิชบลูเบอร์รี่.wav,57.851197,58.851197,มึง,1.0,context_0.8,16000
C:\Users\muldi\Documents\Playground\University\senior-project-1\dataset\internet\clear\Yo mama & แซนวิชบลูเบอร์รี่.wav,59.609619,60.609619,มึง,1.0,context_0.2,16000
C:\Users\muldi\Documents\Playground\University\senior-project-1\dataset\internet\clear\Yo mama & แซนวิชบลูเบอร์รี่.wav,59.709619,60.709619,มึง,1.0,context_0.4,16000
C:\Users\muldi\Documents\Playground\University\senior-project-1\dataset\internet\clear\Yo mama & แซนวิชบลูเบอร์รี่.wav,59.809619,60.809619,มึง,1.0,context_0.6,16000
C:\Users\muldi\Documents\Playground\University\senior-project-1\dataset\internet\clear\Yo mama & แซนวิชบลูเบอร์รี่.wav,59.909619,60.909619,มึง,1.0,context_0.8,16000
C:\Users\muldi\Documents\Playground\University\senior-project-1\dataset\internet\clear\Yo mama & แซนวิชบลูเบอร์รี่.wav,61.445558,62.445558,มึง,1.0,context_0.2,16000
C:\Users\muldi\Documents\Playground\University\senior-project-1\dataset\internet\clear\Yo mama & แซนวิชบลูเบอร์รี่.wav,61.545558,62.545558,มึง,1.0,context_0.4,16000
C:\Users\muldi\Documents\Playground\University\senior-project-1\dataset\internet\clear\Yo mama & แซนวิชบลูเบอร์รี่.wav,61.645557999999994,62.645557999999994,มึง,1.0,context_0.6,16000
C:\Users\muldi\Documents\Playground\University\senior-project-1\dataset\internet\clear\Yo mama & แซนวิชบลูเบอร์รี่.wav,61.745557999999996,62.745557999999996,มึง,1.0,context_0.8,16000
C:\Users\muldi\Documents\Playground\University\senior-project-1\dataset\internet\clear\Yo mama & แซนวิชบลูเบอร์รี่.wav,79.168686,80.168686,มึง,1.0,context_0.2,16000
C:\Users\muldi\Documents\Playground\University\senior-project-1\dataset\internet\clear\Yo mama & แซนวิชบลูเบอร์รี่.wav,79.268686,80.268686,มึง,1.0,context_0.4,16000
C:\Users\muldi\Documents\Playground\University\senior-project-1\dataset\internet\clear\Yo mama & แซนวิชบลูเบอร์รี่.wav,79.368686,80.368686,มึง,1.0,context_0.6,16000
C:\Users\muldi\Documents\Playground\University\senior-project-1\dataset\internet\clear\Yo mama & แซนวิชบลูเบอร์รี่.wav,79.468686,80.468686,มึง,1.0,context_0.8,16000
C:\Users\muldi\Documents\Playground\University\senior-project-1\dataset\internet\clear\Yo mama & แซนวิชบลูเบอร์รี่.wav,83.315585,84.315585,มึง,1.0,context_0.2,16000
C:\Users\muldi\Documents\Playground\University\senior-project-1\dataset\internet\clear\Yo mama & แซนวิชบลูเบอร์รี่.wav,83.41558500000001,84.41558500000001,มึง,1.0,context_0.4,16000
C:\Users\muldi\Documents\Playground\University\senior-project-1\dataset\internet\clear\Yo mama & แซนวิชบลูเบอร์รี่.wav,83.515585,84.515585,มึง,1.0,context_0.6,16000
C:\Users\muldi\Documents\Playground\University\senior-project-1\dataset\internet\clear\Yo mama & แซนวิชบลูเบอร์รี่.wav,83.61558500000001,84.61558500000001,มึง,1.0,context_0.8,16000
C:\Users\muldi\Documents\Playground\University\senior-project-1\dataset\internet\clear\Yo mama & แซนวิชบลูเบอร์รี่.wav,87.115124,88.115124,มึง,1.0,context_0.2,16000
C:\Users\muldi\Documents\Playground\University\senior-project-1\dataset\internet\clear\Yo mama & แซนวิชบลูเบอร์รี่.wav,87.215124,88.215124,มึง,1.0,context_0.4,16000
C:\Users\muldi\Documents\Playground\University\senior-project-1\dataset\internet\clear\Yo mama & แซนวิชบลูเบอร์รี่.wav,87.315124,88.315124,มึง,1.0,context_0.6,16000
C:\Users\muldi\Documents\Playground\University\senior-project-1\dataset\internet\clear\Yo mama & แซนวิชบลูเบอร์รี่.wav,87.415124,88.415124,มึง,1.0,context_0.8,16000
C:\Users\muldi\Documents\Playground\University\senior-project-1\dataset\internet\clear\Yo mama & แซนวิชบลูเบอร์รี่.wav,91.67829599999999,92.67829599999999,มึง,1.0,context_0.2,16000
C:\Users\muldi\Documents\Playground\University\senior-project-1\dataset\internet\clear\Yo mama & แซนวิชบลูเบอร์รี่.wav,91.778296,92.778296,มึง,1.0,context_0.4,16000
C:\Users\muldi\Documents\Playground\University\senior-project-1\dataset\internet\clear\Yo mama & แซนวิชบลูเบอร์รี่.wav,91.87829599999999,92.87829599999999,มึง,1.0,context_0.6,16000
C:\Users\muldi\Documents\Playground\University\senior-project-1\dataset\internet\clear\Yo mama & แซนวิชบลูเบอร์รี่.wav,91.978296,92.978296,มึง,1.0,context_0.8,16000
C:\Users\muldi\Documents\Playground\University\senior-project-1\dataset\internet\clear\Yo mama & แซนวิชบลูเบอร์รี่.wav,96.301384,97.301384,มึง,1.0,context_0.2,16000
C:\Users\muldi\Documents\Playground\University\senior-project-1\dataset\internet\clear\Yo mama & แซนวิชบลูเบอร์รี่.wav,96.40138400000001,97.40138400000001,มึง,1.0,context_0.4,16000
C:\Users\muldi\Documents\Playground\University\senior-project-1\dataset\internet\clear\Yo mama & แซนวิชบลูเบอร์รี่.wav,96.501384,97.501384,มึง,1.0,context_0.6,16000
C:\Users\muldi\Documents\Playground\University\senior-project-1\dataset\internet\clear\Yo mama & แซนวิชบลูเบอร์รี่.wav,96.60138400000001,97.60138400000001,มึง,1.0,context_0.8,16000
C:\Users\muldi\Documents\Playground\University\senior-project-1\dataset\internet\clear\Yo mama & แซนวิชบลูเบอร์รี่.wav,98.15506099999999,99.15506099999999,มึง,1.0,context_0.2,16000
C:\Users\muldi\Documents\Playground\University\senior-project-1\dataset\internet\clear\Yo mama & แซนวิชบลูเบอร์รี่.wav,98.255061,99.255061,มึง,1.0,context_0.4,16000
C:\Users\muldi\Documents\Playground\University\senior-project-1\dataset\internet\clear\Yo mama & แซนวิชบลูเบอร์รี่.wav,98.35506099999999,99.35506099999999,มึง,1.0,context_0.6,16000
C:\Users\muldi\Documents\Playground\University\senior-project-1\dataset\internet\clear\Yo mama & แซนวิชบลูเบอร์รี่.wav,98.455061,99.455061,มึง,1.0,context_0.8,16000
C:\Users\muldi\Documents\Playground\University\senior-project-1\dataset\internet\clear\Yo mama & แซนวิชบลูเบอร์รี่.wav,99.053283,100.053283,มึง,1.0,context_0.2,16000
C:\Users\muldi\Documents\Playground\University\senior-project-1\dataset\internet\clear\Yo mama & แซนวิชบลูเบอร์รี่.wav,99.153283,100.153283,มึง,1.0,context_0.4,16000
C:\Users\muldi\Documents\Playground\University\senior-project-1\dataset\internet\clear\Yo mama & แซนวิชบลูเบอร์รี่.wav,99.253283,100.253283,มึง,1.0,context_0.6,16000
C:\Users\muldi\Documents\Playground\University\senior-project-1\dataset\internet\clear\Yo mama & แซนวิชบลูเบอร์รี่.wav,99.353283,100.353283,มึง,1.0,context_0.8,16000
C:\Users\muldi\Documents\Playground\University\senior-project-1\dataset\internet\clear\Yo mama & แซนวิชบลูเบอร์รี่.wav,100.178463,101.178463,มึง,1.0,context_0.2,16000
C:\Users\muldi\Documents\Playground\University\senior-project-1\dataset\internet\clear\Yo mama & แซนวิชบลูเบอร์รี่.wav,100.278463,101.278463,มึง,1.0,context_0.4,16000
C:\Users\muldi\Documents\Playground\University\senior-project-1\dataset\internet\clear\Yo mama & แซนวิชบลูเบอร์รี่.wav,100.378463,101.378463,มึง,1.0,context_0.6,16000
C:\Users\muldi\Documents\Playground\University\senior-project-1\dataset\internet\clear\Yo mama & แซนวิชบลูเบอร์รี่.wav,100.478463,101.478463,มึง,1.0,context_0.8,16000
C:\Users\muldi\Documents\Playground\University\senior-project-1\dataset\internet\clear\Yo mama & แซนวิชบลูเบอร์รี่.wav,102.43657499999999,103.43657499999999,มึง,1.0,context_0.2,16000
C:\Users\muldi\Documents\Playground\University\senior-project-1\dataset\internet\clear\Yo mama & แซนวิชบลูเบอร์รี่.wav,102.536575,103.536575,มึง,1.0,context_0.4,16000
C:\Users\muldi\Documents\Playground\University\senior-project-1\dataset\internet\clear\Yo mama & แซนวิชบลูเบอร์รี่.wav,102.636575,103.636575,มึง,1.0,context_0.6,16000
C:\Users\muldi\Documents\Playground\University\senior-project-1\dataset\internet\clear\Yo mama & แซนวิชบลูเบอร์รี่.wav,102.736575,103.736575,มึง,1.0,context_0.8,16000
C:\Users\muldi\Documents\Playground\University\senior-project-1\dataset\internet\clear\Yo mama & แซนวิชบลูเบอร์รี่.wav,103.50574399999999,104.50574399999999,มึง,1.0,context_0.2,16000
C:\Users\muldi\Documents\Playground\University\senior-project-1\dataset\internet\clear\Yo mama & แซนวิชบลูเบอร์รี่.wav,103.605744,104.605744,มึง,1.0,context_0.4,16000
C:\Users\muldi\Documents\Playground\University\senior-project-1\dataset\internet\clear\Yo mama & แซนวิชบลูเบอร์รี่.wav,103.705744,104.705744,มึง,1.0,context_0.6,16000
C:\Users\muldi\Documents\Playground\University\senior-project-1\dataset\internet\clear\Yo mama & แซนวิชบลูเบอร์รี่.wav,103.805744,104.805744,มึง,1.0,context_0.8,16000
C:\Users\muldi\Documents\Playground\University\senior-project-1\dataset\internet\clear\Yo mama & แซนวิชบลูเบอร์รี่.wav,107.08432099999999,108.08432099999999,มึง,1.0,context_0.2,16000
C:\Users\muldi\Documents\Playground\University\senior-project-1\dataset\internet\clear\Yo mama & แซนวิชบลูเบอร์รี่.wav,107.184321,108.184321,มึง,1.0,context_0.4,16000
C:\Users\muldi\Documents\Playground\University\senior-project-1\dataset\internet\clear\Yo mama & แซนวิชบลูเบอร์รี่.wav,107.28432099999999,108.28432099999999,มึง,1.0,context_0.6,16000
C:\Users\muldi\Documents\Playground\University\senior-project-1\dataset\internet\clear\Yo mama & แซนวิชบลูเบอร์รี่.wav,107.384321,108.384321,มึง,1.0,context_0.8,16000
C:\Users\muldi\Documents\Playground\University\senior-project-1\dataset\internet\clear\Yo mama & แซนวิชบลูเบอร์รี่.wav,0.0,1.0,none,1.0,none_sample,16000
C:\Users\muldi\Documents\Playground\University\senior-project-1\dataset\internet\clear\Yo mama & แซนวิชบลูเบอร์รี่.wav,1.0,2.0,none,1.0,none_sample,16000
C:\Users\muldi\Documents\Playground\University\senior-project-1\dataset\internet\clear\Yo mama & แซนวิชบลูเบอร์รี่.wav,2.0,3.0,none,1.0,none_sample,16000
C:\Users\muldi\Documents\Playground\University\senior-project-1\dataset\internet\clear\Yo mama & แซนวิชบลูเบอร์รี่.wav,3.0,4.0,none,1.0,none_sample,16000
C:\Users\muldi\Documents\Playground\University\senior-project-1\dataset\internet\clear\Yo mama & แซนวิชบลูเบอร์รี่.wav,4.0,5.0,none,1.0,none_sample,16000
C:\Users\muldi\Documents\Playground\University\senior-project-1\dataset\internet\clear\Yo mama & แซนวิชบลูเบอร์รี่.wav,5.0,6.0,none,1.0,none_sample,16000
C:\Users\muldi\Documents\Playground\University\senior-project-1\dataset\internet\clear\Yo mama & แซนวิชบลูเบอร์รี่.wav,6.0,7.0,none,1.0,none_sample,16000
C:\Users\muldi\Documents\Playground\University\senior-project-1\dataset\internet\clear\Yo mama & แซนวิชบลูเบอร์รี่.wav,7.0,8.0,none,1.0,none_sample,16000
C:\Users\muldi\Documents\Playground\University\senior-project-1\dataset\internet\clear\Yo mama & แซนวิชบลูเบอร์รี่.wav,8.0,9.0,none,1.0,none_sample,16000
C:\Users\muldi\Documents\Playground\University\senior-project-1\dataset\internet\clear\Yo mama & แซนวิชบลูเบอร์รี่.wav,9.0,10.0,none,1.0,none_sample,16000
C:\Users\muldi\Documents\Playground\University\senior-project-1\dataset\internet\clear\Yo mama & แซนวิชบลูเบอร์รี่.wav,10.0,11.0,none,1.0,none_sample,16000
C:\Users\muldi\Documents\Playground\University\senior-project-1\dataset\internet\clear\Yo mama & แซนวิชบลูเบอร์รี่.wav,11.0,12.0,none,1.0,none_sample,16000
C:\Users\muldi\Documents\Playground\University\senior-project-1\dataset\internet\clear\Yo mama & แซนวิชบลูเบอร์รี่.wav,12.0,13.0,none,1.0,none_sample,16000
C:\Users\muldi\Documents\Playground\University\senior-project-1\dataset\internet\clear\Yo mama & แซนวิชบลูเบอร์รี่.wav,13.0,14.0,none,1.0,none_sample,16000
C:\Users\muldi\Documents\Playground\University\senior-project-1\dataset\internet\clear\Yo mama & แซนวิชบลูเบอร์รี่.wav,14.0,15.0,none,1.0,none_sample,16000
C:\Users\muldi\Documents\Playground\University\senior-project-1\dataset\internet\clear\Yo mama & แซนวิชบลูเบอร์รี่.wav,15.0,16.0,none,1.0,none_sample,16000
C:\Users\muldi\Documents\Playground\University\senior-project-1\dataset\internet\clear\Yo mama & แซนวิชบลูเบอร์รี่.wav,16.0,17.0,none,1.0,none_sample,16000
C:\Users\muldi\Documents\Playground\University\senior-project-1\dataset\internet\clear\Yo mama & แซนวิชบลูเบอร์รี่.wav,17.0,18.0,none,1.0,none_sample,16000
C:\Users\muldi\Documents\Playground\University\senior-project-1\dataset\internet\clear\Yo mama & แซนวิชบลูเบอร์รี่.wav,18.0,19.0,none,1.0,none_sample,16000
C:\Users\muldi\Documents\Playground\University\senior-project-1\dataset\internet\clear\Yo mama & แซนวิชบลูเบอร์รี่.wav,19.200000000000003,20.200000000000003,none,1.0,none_sample,16000
C:\Users\muldi\Documents\Playground\University\senior-project-1\dataset\internet\clear\Yo mama & แซนวิชบลูเบอร์รี่.wav,20.200000000000003,21.200000000000003,none,1.0,none_sample,16000
C:\Users\muldi\Documents\Playground\University\senior-project-1\dataset\internet\clear\Yo mama & แซนวิชบลูเบอร์รี่.wav,21.200000000000003,22.200000000000003,none,1.0,none_sample,16000
C:\Users\muldi\Documents\Playground\University\senior-project-1\dataset\internet\clear\Yo mama & แซนวิชบลูเบอร์รี่.wav,23.30000000000002,24.30000000000002,none,1.0,none_sample,16000
C:\Users\muldi\Documents\Playground\University\senior-project-1\dataset\internet\clear\Yo mama & แซนวิชบลูเบอร์รี่.wav,24.600000000000023,25.600000000000023,none,1.0,none_sample,16000
C:\Users\muldi\Documents\Playground\University\senior-project-1\dataset\internet\clear\Yo mama & แซนวิชบลูเบอร์รี่.wav,26.300000000000033,27.300000000000033,none,1.0,none_sample,16000
C:\Users\muldi\Documents\Playground\University\senior-project-1\dataset\internet\clear\Yo mama & แซนวิชบลูเบอร์รี่.wav,28.300000000000047,29.300000000000047,none,1.0,none_sample,16000
C:\Users\muldi\Documents\Playground\University\senior-project-1\dataset\internet\clear\Yo mama & แซนวิชบลูเบอร์รี่.wav,30.30000000000006,31.30000000000006,none,1.0,none_sample,16000
C:\Users\muldi\Documents\Playground\University\senior-project-1\dataset\internet\clear\Yo mama & แซนวิชบลูเบอร์รี่.wav,31.30000000000006,32.30000000000006,none,1.0,none_sample,16000
C:\Users\muldi\Documents\Playground\University\senior-project-1\dataset\internet\clear\Yo mama & แซนวิชบลูเบอร์รี่.wav,32.30000000000006,33.30000000000006,none,1.0,none_sample,16000
C:\Users\muldi\Documents\Playground\University\senior-project-1\dataset\internet\clear\Yo mama & แซนวิชบลูเบอร์รี่.wav,33.30000000000006,34.30000000000006,none,1.0,none_sample,16000
C:\Users\muldi\Documents\Playground\University\senior-project-1\dataset\internet\clear\คนน่ากลัวกว่าผีบอกเลย!.wav,44.758615,45.758615,กู,1.0,context_0.2,16000
C:\Users\muldi\Documents\Playground\University\senior-project-1\dataset\internet\clear\คนน่ากลัวกว่าผีบอกเลย!.wav,44.858615,45.858615,กู,1.0,context_0.4,16000
C:\Users\muldi\Documents\Playground\University\senior-project-1\dataset\internet\clear\คนน่ากลัวกว่าผีบอกเลย!.wav,44.958614999999995,45.958614999999995,กู,1.0,context_0.6,16000
C:\Users\muldi\Documents\Playground\University\senior-project-1\dataset\internet\clear\คนน่ากลัวกว่าผีบอกเลย!.wav,45.058614999999996,46.058614999999996,กู,1.0,context_0.8,16000
C:\Users\muldi\Documents\Playground\University\senior-project-1\dataset\internet\clear\คนน่ากลัวกว่าผีบอกเลย!.wav,47.571366000000005,48.571366000000005,กู,1.0,context_0.2,16000
C:\Users\muldi\Documents\Playground\University\senior-project-1\dataset\internet\clear\คนน่ากลัวกว่าผีบอกเลย!.wav,47.671366000000006,48.671366000000006,กู,1.0,context_0.4,16000
C:\Users\muldi\Documents\Playground\University\senior-project-1\dataset\internet\clear\คนน่ากลัวกว่าผีบอกเลย!.wav,47.771366,48.771366,กู,1.0,context_0.6,16000
C:\Users\muldi\Documents\Playground\University\senior-project-1\dataset\internet\clear\คนน่ากลัวกว่าผีบอกเลย!.wav,47.871366,48.871366,กู,1.0,context_0.8,16000
C:\Users\muldi\Documents\Playground\University\senior-project-1\dataset\internet\clear\คนน่ากลัวกว่าผีบอกเลย!.wav,0.0,1.0,none,1.0,none_sample,16000
C:\Users\muldi\Documents\Playground\University\senior-project-1\dataset\internet\clear\คนน่ากลัวกว่าผีบอกเลย!.wav,1.0,2.0,none,1.0,none_sample,16000
C:\Users\muldi\Documents\Playground\University\senior-project-1\dataset\internet\clear\จารย์แดง1.wav,0.0,1.0,กู,1.0,context_0.2,16000
C:\Users\muldi\Documents\Playground\University\senior-project-1\dataset\internet\clear\จารย์แดง1.wav,0.0,1.0,กู,1.0,context_0.4,16000
C:\Users\muldi\Documents\Playground\University\senior-project-1\dataset\internet\clear\จารย์แดง1.wav,0.0,1.0,กู,1.0,context_0.6,16000
C:\Users\muldi\Documents\Playground\University\senior-project-1\dataset\internet\clear\จารย์แดง1.wav,0.013714000000000018,1.013714,กู,1.0,context_0.8,16000
C:\Users\muldi\Documents\Playground\University\senior-project-1\dataset\internet\clear\จารย์แดง1.wav,3.072544,4.072544000000001,เหี้ย,1.0,context_0.2,16000
C:\Users\muldi\Documents\Playground\University\senior-project-1\dataset\internet\clear\จารย์แดง1.wav,3.1725440000000003,4.172544,เหี้ย,1.0,context_0.4,16000
C:\Users\muldi\Documents\Playground\University\senior-project-1\dataset\internet\clear\จารย์แดง1.wav,3.272544,4.272544,เหี้ย,1.0,context_0.6,16000
C:\Users\muldi\Documents\Playground\University\senior-project-1\dataset\internet\clear\จารย์แดง1.wav,3.372544,4.3725439999999995,เหี้ย,1.0,context_0.8,16000
C:\Users\muldi\Documents\Playground\University\senior-project-1\dataset\internet\clear\จารย์แดง1.wav,4.261520999999999,5.261520999999999,มึง,1.0,context_0.2,16000
C:\Users\muldi\Documents\Playground\University\senior-project-1\dataset\internet\clear\จารย์แดง1.wav,4.361521,5.361521,มึง,1.0,context_0.4,16000
C:\Users\muldi\Documents\Playground\University\senior-project-1\dataset\internet\clear\จารย์แดง1.wav,4.461520999999999,5.461520999999999,มึง,1.0,context_0.6,16000
C:\Users\muldi\Documents\Playground\University\senior-project-1\dataset\internet\clear\จารย์แดง1.wav,4.561521,5.561521,มึง,1.0,context_0.8,16000
C:\Users\muldi\Documents\Playground\University\senior-project-1\dataset\internet\clear\จารย์แดง1.wav,6.132306,7.132306,มึง,1.0,context_0.2,16000
C:\Users\muldi\Documents\Playground\University\senior-project-1\dataset\internet\clear\จารย์แดง1.wav,6.232306,7.232306,มึง,1.0,context_0.4,16000
C:\Users\muldi\Documents\Playground\University\senior-project-1\dataset\internet\clear\จารย์แดง1.wav,6.332306,7.332306,มึง,1.0,context_0.6,16000
C:\Users\muldi\Documents\Playground\University\senior-project-1\dataset\internet\clear\จารย์แดง1.wav,6.4323060000000005,7.4323060000000005,มึง,1.0,context_0.8,16000
C:\Users\muldi\Documents\Playground\University\senior-project-1\dataset\internet\clear\จารย์แดง1.wav,7.008369999999999,8.00837,เหี้ย,1.0,context_0.2,16000
C:\Users\muldi\Documents\Playground\University\senior-project-1\dataset\internet\clear\จารย์แดง1.wav,7.10837,8.10837,เหี้ย,1.0,context_0.4,16000
C:\Users\muldi\Documents\Playground\University\senior-project-1\dataset\internet\clear\จารย์แดง1.wav,7.2083699999999995,8.208369999999999,เหี้ย,1.0,context_0.6,16000
C:\Users\muldi\Documents\Playground\University\senior-project-1\dataset\internet\clear\จารย์แดง1.wav,7.30837,8.30837,เหี้ย,1.0,context_0.8,16000
C:\Users\muldi\Documents\Playground\University\senior-project-1\dataset\internet\clear\จารย์แดง1.wav,7.297617,8.297616999999999,มึง,1.0,context_0.2,16000
C:\Users\muldi\Documents\Playground\University\senior-project-1\dataset\internet\clear\จารย์แดง1.wav,7.397617,8.397617,มึง,1.0,context_0.4,16000
C:\Users\muldi\Documents\Playground\University\senior-project-1\dataset\internet\clear\จารย์แดง1.wav,7.497617,8.497617,มึง,1.0,context_0.6,16000
C:\Users\muldi\Documents\Playground\University\senior-project-1\dataset\internet\clear\จารย์แดง1.wav,7.5976170000000005,8.597617,มึง,1.0,context_0.8,16000
C:\Users\muldi\Documents\Playground\University\senior-project-1\dataset\internet\clear\จารย์แดง1.wav,8.203010500000001,9.203010500000001,เหี้ย,1.0,main,16000
C:\Users\muldi\Documents\Playground\University\senior-project-1\dataset\internet\clear\จารย์แดง1.wav,8.745258999999999,9.745258999999999,มึง,1.0,context_0.2,16000
C:\Users\muldi\Documents\Playground\University\senior-project-1\dataset\internet\clear\จารย์แดง1.wav,8.845258999999999,9.845258999999999,มึง,1.0,context_0.4,16000
C:\Users\muldi\Documents\Playground\University\senior-project-1\dataset\internet\clear\จารย์แดง1.wav,8.945259,9.945259,มึง,1.0,context_0.6,16000
C:\Users\muldi\Documents\Playground\University\senior-project-1\dataset\internet\clear\จารย์แดง1.wav,9.045259,10.045259,มึง,1.0,context_0.8,16000
C:\Users\muldi\Documents\Playground\University\senior-project-1\dataset\internet\clear\จารย์แดง1.wav,0.2,1.2,none,1.0,none_sample,16000
C:\Users\muldi\Documents\Playground\University\senior-project-1\dataset\internet\clear\จารย์แดง1.wav,1.2,2.2,none,1.0,none_sample,16000
C:\Users\muldi\Documents\Playground\University\senior-project-1\dataset\internet\clear\จารย์แดง1.wav,2.2,3.2,none,1.0,none_sample,16000
C:\Users\muldi\Documents\Playground\University\senior-project-1\dataset\internet\clear\จารย์แดง1.wav,4.799999999999998,5.799999999999998,none,1.0,none_sample,16000
C:\Users\muldi\Documents\Playground\University\senior-project-1\dataset\internet\clear\จารย์แดง1.wav,9.399999999999986,10.399999999999986,none,1.0,none_sample,16000
C:\Users\muldi\Documents\Playground\University\senior-project-1\dataset\internet\clear\จารย์แดง1.wav,10.399999999999986,11.399999999999986,none,1.0,none_sample,16000
C:\Users\muldi\Documents\Playground\University\senior-project-1\dataset\internet\clear\ชีวิตมันจะสู้ก็ต้องสู้ #honkaistarrail.wav,3.1148320000000003,4.114832,มึง,1.0,context_0.2,16000
C:\Users\muldi\Documents\Playground\University\senior-project-1\dataset\internet\clear\ชีวิตมันจะสู้ก็ต้องสู้ #honkaistarrail.wav,3.2148320000000004,4.214832,มึง,1.0,context_0.4,16000
C:\Users\muldi\Documents\Playground\University\senior-project-1\dataset\internet\clear\ชีวิตมันจะสู้ก็ต้องสู้ #honkaistarrail.wav,3.314832,4.314832,มึง,1.0,context_0.6,16000
C:\Users\muldi\Documents\Playground\University\senior-project-1\dataset\internet\clear\ชีวิตมันจะสู้ก็ต้องสู้ #honkaistarrail.wav,3.414832,4.4148320000000005,มึง,1.0,context_0.8,16000
C:\Users\muldi\Documents\Playground\University\senior-project-1\dataset\internet\clear\ชีวิตมันจะสู้ก็ต้องสู้ #honkaistarrail.wav,5.864837,6.864837,มึง,1.0,context_0.2,16000
C:\Users\muldi\Documents\Playground\University\senior-project-1\dataset\internet\clear\ชีวิตมันจะสู้ก็ต้องสู้ #honkaistarrail.wav,5.964837,6.964837,มึง,1.0,context_0.4,16000
C:\Users\muldi\Documents\Playground\University\senior-project-1\dataset\internet\clear\ชีวิตมันจะสู้ก็ต้องสู้ #honkaistarrail.wav,6.064837,7.064837,มึง,1.0,context_0.6,16000
C:\Users\muldi\Documents\Playground\University\senior-project-1\dataset\internet\clear\ชีวิตมันจะสู้ก็ต้องสู้ #honkaistarrail.wav,6.164837,7.164837,มึง,1.0,context_0.8,16000
C:\Users\muldi\Documents\Playground\University\senior-project-1\dataset\internet\clear\ชีวิตมันจะสู้ก็ต้องสู้ #honkaistarrail.wav,10.954795,11.954795,มึง,1.0,main,16000
C:\Users\muldi\Documents\Playground\University\senior-project-1\dataset\internet\clear\ชีวิตมันจะสู้ก็ต้องสู้ #honkaistarrail.wav,16.812415,17.812415,เหี้ย,1.0,context_0.2,16000
C:\Users\muldi\Documents\Playground\University\senior-project-1\dataset\internet\clear\ชีวิตมันจะสู้ก็ต้องสู้ #honkaistarrail.wav,16.912415,17.912415,เหี้ย,1.0,context_0.4,16000
C:\Users\muldi\Documents\Playground\University\senior-project-1\dataset\internet\clear\ชีวิตมันจะสู้ก็ต้องสู้ #honkaistarrail.wav,17.012415,18.012415,เหี้ย,1.0,context_0.6,16000
C:\Users\muldi\Documents\Playground\University\senior-project-1\dataset\internet\clear\ชีวิตมันจะสู้ก็ต้องสู้ #honkaistarrail.wav,17.112415,18.112415,เหี้ย,1.0,context_0.8,16000
C:\Users\muldi\Documents\Playground\University\senior-project-1\dataset\internet\clear\ชีวิตมันจะสู้ก็ต้องสู้ #honkaistarrail.wav,23.987903000000003,24.987903000000003,มึง,1.0,context_0.2,16000
C:\Users\muldi\Documents\Playground\University\senior-project-1\dataset\internet\clear\ชีวิตมันจะสู้ก็ต้องสู้ #honkaistarrail.wav,24.087903,25.087903,มึง,1.0,context_0.4,16000
C:\Users\muldi\Documents\Playground\University\senior-project-1\dataset\internet\clear\ชีวิตมันจะสู้ก็ต้องสู้ #honkaistarrail.wav,24.187903000000002,25.187903000000002,มึง,1.0,context_0.6,16000
C:\Users\muldi\Documents\Playground\University\senior-project-1\dataset\internet\clear\ชีวิตมันจะสู้ก็ต้องสู้ #honkaistarrail.wav,24.287903,25.287903,มึง,1.0,context_0.8,16000
C:\Users\muldi\Documents\Playground\University\senior-project-1\dataset\internet\clear\ชีวิตมันจะสู้ก็ต้องสู้ #honkaistarrail.wav,0.0,1.0,none,1.0,none_sample,16000
C:\Users\muldi\Documents\Playground\University\senior-project-1\dataset\internet\clear\ชีวิตมันจะสู้ก็ต้องสู้ #honkaistarrail.wav,1.0,2.0,none,1.0,none_sample,16000
C:\Users\muldi\Documents\Playground\University\senior-project-1\dataset\internet\clear\ชีวิตมันจะสู้ก็ต้องสู้ #honkaistarrail.wav,2.0,3.0,none,1.0,none_sample,16000
C:\Users\muldi\Documents\Playground\University\senior-project-1\dataset\internet\clear\ชีวิตมันจะสู้ก็ต้องสู้ #honkaistarrail.wav,3.8000000000000007,4.800000000000001,none,1.0,none_sample,16000
C:\Users\muldi\Documents\Playground\University\senior-project-1\dataset\internet\clear\ชีวิตมันจะสู้ก็ต้องสู้ #honkaistarrail.wav,4.800000000000001,5.800000000000001,none,1.0,none_sample,16000
C:\Users\muldi\Documents\Playground\University\senior-project-1\dataset\internet\clear\ช่วยด้วย!! นวยจะมาอยู่ด้วย!!.wav,12.547768999999999,13.547768999999999,กู,1.0,main,16000
C:\Users\muldi\Documents\Playground\University\senior-project-1\dataset\internet\clear\ช่วยด้วย!! นวยจะมาอยู่ด้วย!!.wav,13.276268,14.276268,มึง,1.0,context_0.2,16000
C:\Users\muldi\Documents\Playground\University\senior-project-1\dataset\internet\clear\ช่วยด้วย!! นวยจะมาอยู่ด้วย!!.wav,13.376268,14.376268,มึง,1.0,context_0.4,16000
C:\Users\muldi\Documents\Playground\University\senior-project-1\dataset\internet\clear\ช่วยด้วย!! นวยจะมาอยู่ด้วย!!.wav,13.476268000000001,14.476268000000001,มึง,1.0,context_0.6,16000
C:\Users\muldi\Documents\Playground\University\senior-project-1\dataset\internet\clear\ช่วยด้วย!! นวยจะมาอยู่ด้วย!!.wav,13.576268,14.576268,มึง,1.0,context_0.8,16000
C:\Users\muldi\Documents\Playground\University\senior-project-1\dataset\internet\clear\ช่วยด้วย!! นวยจะมาอยู่ด้วย!!.wav,33.255217,34.255217,กู,1.0,main,16000
C:\Users\muldi\Documents\Playground\University\senior-project-1\dataset\internet\clear\ช่วยด้วย!! นวยจะมาอยู่ด้วย!!.wav,0.0,1.0,none,1.0,none_sample,16000
C:\Users\muldi\Documents\Playground\University\senior-project-1\dataset\internet\clear\ช่วยด้วย!! นวยจะมาอยู่ด้วย!!.wav,1.0,2.0,none,1.0,none_sample,16000
C:\Users\muldi\Documents\Playground\University\senior-project-1\dataset\internet\clear\ซามามาเท.wav,7.202102,8.202102,กู,1.0,context_0.2,16000
C:\Users\muldi\Documents\Playground\University\senior-project-1\dataset\internet\clear\ซามามาเท.wav,7.3021020000000005,8.302102000000001,กู,1.0,context_0.4,16000
C:\Users\muldi\Documents\Playground\University\senior-project-1\dataset\internet\clear\ซามามาเท.wav,7.402102,8.402102,กู,1.0,context_0.6,16000
C:\Users\muldi\Documents\Playground\University\senior-project-1\dataset\internet\clear\ซามามาเท.wav,7.502102000000001,8.502102,กู,1.0,context_0.8,16000
C:\Users\muldi\Documents\Playground\University\senior-project-1\dataset\internet\clear\ซามามาเท.wav,17.99396,18.99396,กู,1.0,context_0.2,16000
C:\Users\muldi\Documents\Playground\University\senior-project-1\dataset\internet\clear\ซามามาเท.wav,18.09396,19.09396,กู,1.0,context_0.4,16000
C:\Users\muldi\Documents\Playground\University\senior-project-1\dataset\internet\clear\ซามามาเท.wav,18.19396,19.19396,กู,1.0,context_0.6,16000
C:\Users\muldi\Documents\Playground\University\senior-project-1\dataset\internet\clear\ซามามาเท.wav,18.29396,19.29396,กู,1.0,context_0.8,16000
C:\Users\muldi\Documents\Playground\University\senior-project-1\dataset\internet\clear\ซามามาเท.wav,25.318049000000002,26.318049000000002,มึง,1.0,context_0.2,16000
C:\Users\muldi\Documents\Playground\University\senior-project-1\dataset\internet\clear\ซามามาเท.wav,25.418049,26.418049,มึง,1.0,context_0.4,16000
C:\Users\muldi\Documents\Playground\University\senior-project-1\dataset\internet\clear\ซามามาเท.wav,25.518049,26.518049,มึง,1.0,context_0.6,16000
C:\Users\muldi\Documents\Playground\University\senior-project-1\dataset\internet\clear\ซามามาเท.wav,25.618049,26.618049,มึง,1.0,context_0.8,16000
C:\Users\muldi\Documents\Playground\University\senior-project-1\dataset\internet\clear\ซามามาเท.wav,25.447625000000002,26.447625000000002,มึง,1.0,context_0.2,16000
C:\Users\muldi\Documents\Playground\University\senior-project-1\dataset\internet\clear\ซามามาเท.wav,25.547625,26.547625,มึง,1.0,context_0.4,16000
C:\Users\muldi\Documents\Playground\University\senior-project-1\dataset\internet\clear\ซามามาเท.wav,25.647625,26.647625,มึง,1.0,context_0.6,16000
C:\Users\muldi\Documents\Playground\University\senior-project-1\dataset\internet\clear\ซามามาเท.wav,25.747625,26.747625,มึง,1.0,context_0.8,16000
C:\Users\muldi\Documents\Playground\University\senior-project-1\dataset\internet\clear\ซามามาเท.wav,0.0,1.0,none,1.0,none_sample,16000
C:\Users\muldi\Documents\Playground\University\senior-project-1\dataset\internet\clear\ซามามาเท.wav,1.0,2.0,none,1.0,none_sample,16000
C:\Users\muldi\Documents\Playground\University\senior-project-1\dataset\internet\clear\ซามามาเท.wav,2.0,3.0,none,1.0,none_sample,16000
C:\Users\muldi\Documents\Playground\University\senior-project-1\dataset\internet\clear\ซามามาเท.wav,3.0,4.0,none,1.0,none_sample,16000
C:\Users\muldi\Documents\Playground\University\senior-project-1\dataset\internet\clear\ซามามาเท.wav,4.0,5.0,none,1.0,none_sample,16000
C:\Users\muldi\Documents\Playground\University\senior-project-1\dataset\internet\clear\ถ้าจะมาหลอกแค่นี้ อย่ามาดีกว่าไอ้น้อง.wav,14.736640999999999,15.736640999999999,มึง,1.0,context_0.2,16000
C:\Users\muldi\Documents\Playground\University\senior-project-1\dataset\internet\clear\ถ้าจะมาหลอกแค่นี้ อย่ามาดีกว่าไอ้น้อง.wav,14.836640999999998,15.836640999999998,มึง,1.0,context_0.4,16000
C:\Users\muldi\Documents\Playground\University\senior-project-1\dataset\internet\clear\ถ้าจะมาหลอกแค่นี้ อย่ามาดีกว่าไอ้น้อง.wav,14.936641,15.936641,มึง,1.0,context_0.6,16000
C:\Users\muldi\Documents\Playground\University\senior-project-1\dataset\internet\clear\ถ้าจะมาหลอกแค่นี้ อย่ามาดีกว่าไอ้น้อง.wav,15.036641,16.036641,มึง,1.0,context_0.8,16000
C:\Users\muldi\Documents\Playground\University\senior-project-1\dataset\internet\clear\ถ้าจะมาหลอกแค่นี้ อย่ามาดีกว่าไอ้น้อง.wav,15.477913,16.477913,กู,1.0,context_0.2,16000
C:\Users\muldi\Documents\Playground\University\senior-project-1\dataset\internet\clear\ถ้าจะมาหลอกแค่นี้ อย่ามาดีกว่าไอ้น้อง.wav,15.577912999999999,16.577913,กู,1.0,context_0.4,16000
C:\Users\muldi\Documents\Playground\University\senior-project-1\dataset\internet\clear\ถ้าจะมาหลอกแค่นี้ อย่ามาดีกว่าไอ้น้อง.wav,15.677913,16.677913,กู,1.0,context_0.6,16000
C:\Users\muldi\Documents\Playground\University\senior-project-1\dataset\internet\clear\ถ้าจะมาหลอกแค่นี้ อย่ามาดีกว่าไอ้น้อง.wav,15.777913,16.777912999999998,กู,1.0,context_0.8,16000
C:\Users\muldi\Documents\Playground\University\senior-project-1\dataset\internet\clear\ถ้าจะมาหลอกแค่นี้ อย่ามาดีกว่าไอ้น้อง.wav,18.982608000000003,19.982608000000003,กู,1.0,context_0.2,16000
C:\Users\muldi\Documents\Playground\University\senior-project-1\dataset\internet\clear\ถ้าจะมาหลอกแค่นี้ อย่ามาดีกว่าไอ้น้อง.wav,19.082608,20.082608,กู,1.0,context_0.4,16000
C:\Users\muldi\Documents\Playground\University\senior-project-1\dataset\internet\clear\ถ้าจะมาหลอกแค่นี้ อย่ามาดีกว่าไอ้น้อง.wav,19.182608000000002,20.182608000000002,กู,1.0,context_0.6,16000
C:\Users\muldi\Documents\Playground\University\senior-project-1\dataset\internet\clear\ถ้าจะมาหลอกแค่นี้ อย่ามาดีกว่าไอ้น้อง.wav,19.282608,20.282608,กู,1.0,context_0.8,16000
C:\Users\muldi\Documents\Playground\University\senior-project-1\dataset\internet\clear\ถ้าจะมาหลอกแค่นี้ อย่ามาดีกว่าไอ้น้อง.wav,42.192481,43.192481,กู,1.0,context_0.2,16000
C:\Users\muldi\Documents\Playground\University\senior-project-1\dataset\internet\clear\ถ้าจะมาหลอกแค่นี้ อย่ามาดีกว่าไอ้น้อง.wav,42.292481,43.292481,กู,1.0,context_0.4,16000
C:\Users\muldi\Documents\Playground\University\senior-project-1\dataset\internet\clear\ถ้าจะมาหลอกแค่นี้ อย่ามาดีกว่าไอ้น้อง.wav,42.392481,43.392481,กู,1.0,context_0.6,16000
C:\Users\muldi\Documents\Playground\University\senior-project-1\dataset\internet\clear\ถ้าจะมาหลอกแค่นี้ อย่ามาดีกว่าไอ้น้อง.wav,42.492481,43.492481,กู,1.0,context_0.8,16000
C:\Users\muldi\Documents\Playground\University\senior-project-1\dataset\internet\clear\ถ้าจะมาหลอกแค่นี้ อย่ามาดีกว่าไอ้น้อง.wav,0.0,1.0,none,1.0,none_sample,16000
C:\Users\muldi\Documents\Playground\University\senior-project-1\dataset\internet\clear\ถ้าจะมาหลอกแค่นี้ อย่ามาดีกว่าไอ้น้อง.wav,1.0,2.0,none,1.0,none_sample,16000
C:\Users\muldi\Documents\Playground\University\senior-project-1\dataset\internet\clear\ถ้าจะมาหลอกแค่นี้ อย่ามาดีกว่าไอ้น้อง.wav,2.0,3.0,none,1.0,none_sample,16000
C:\Users\muldi\Documents\Playground\University\senior-project-1\dataset\internet\clear\ถ้าจะมาหลอกแค่นี้ อย่ามาดีกว่าไอ้น้อง.wav,3.0,4.0,none,1.0,none_sample,16000
C:\Users\muldi\Documents\Playground\University\senior-project-1\dataset\internet\clear\ถ้าจะมาหลอกแค่นี้ อย่ามาดีกว่าไอ้น้อง.wav,4.0,5.0,none,1.0,none_sample,16000
C:\Users\muldi\Documents\Playground\University\senior-project-1\dataset\internet\clear\ถ้าวันนึงหีมึงเหี่ยว.wav,5.170895,6.170895,มึง,1.0,context_0.2,16000
C:\Users\muldi\Documents\Playground\University\senior-project-1\dataset\internet\clear\ถ้าวันนึงหีมึงเหี่ยว.wav,5.270895,6.270895,มึง,1.0,context_0.4,16000
C:\Users\muldi\Documents\Playground\University\senior-project-1\dataset\internet\clear\ถ้าวันนึงหีมึงเหี่ยว.wav,5.370895,6.370895,มึง,1.0,context_0.6,16000
C:\Users\muldi\Documents\Playground\University\senior-project-1\dataset\internet\clear\ถ้าวันนึงหีมึงเหี่ยว.wav,5.4708950000000005,6.4708950000000005,มึง,1.0,context_0.8,16000
C:\Users\muldi\Documents\Playground\University\senior-project-1\dataset\internet\clear\ถ้าวันนึงหีมึงเหี่ยว.wav,6.882757,7.882757,มึง,1.0,context_0.2,16000
C:\Users\muldi\Documents\Playground\University\senior-project-1\dataset\internet\clear\ถ้าวันนึงหีมึงเหี่ยว.wav,6.982757,7.982757,มึง,1.0,context_0.4,16000
C:\Users\muldi\Documents\Playground\University\senior-project-1\dataset\internet\clear\ถ้าวันนึงหีมึงเหี่ยว.wav,7.082757,8.082757,มึง,1.0,context_0.6,16000
C:\Users\muldi\Documents\Playground\University\senior-project-1\dataset\internet\clear\ถ้าวันนึงหีมึงเหี่ยว.wav,7.1827570000000005,8.182757,มึง,1.0,context_0.8,16000
C:\Users\muldi\Documents\Playground\University\senior-project-1\dataset\internet\clear\ถ้าวันนึงหีมึงเหี่ยว.wav,7.487292,8.487292,กู,1.0,context_0.2,16000
C:\Users\muldi\Documents\Playground\University\senior-project-1\dataset\internet\clear\ถ้าวันนึงหีมึงเหี่ยว.wav,7.587292000000001,8.587292000000001,กู,1.0,context_0.4,16000
C:\Users\muldi\Documents\Playground\University\senior-project-1\dataset\internet\clear\ถ้าวันนึงหีมึงเหี่ยว.wav,7.687292,8.687292,กู,1.0,context_0.6,16000
C:\Users\muldi\Documents\Playground\University\senior-project-1\dataset\internet\clear\ถ้าวันนึงหีมึงเหี่ยว.wav,7.787292000000001,8.787292,กู,1.0,context_0.8,16000
C:\Users\muldi\Documents\Playground\University\senior-project-1\dataset\internet\clear\ถ้าวันนึงหีมึงเหี่ยว.wav,7.795119,8.795119,กู,1.0,context_0.2,16000
C:\Users\muldi\Documents\Playground\University\senior-project-1\dataset\internet\clear\ถ้าวันนึงหีมึงเหี่ยว.wav,7.895119,8.895119000000001,กู,1.0,context_0.4,16000
C:\Users\muldi\Documents\Playground\University\senior-project-1\dataset\internet\clear\ถ้าวันนึงหีมึงเหี่ยว.wav,7.995119,8.995118999999999,กู,1.0,context_0.6,16000
C:\Users\muldi\Documents\Playground\University\senior-project-1\dataset\internet\clear\ถ้าวันนึงหีมึงเหี่ยว.wav,8.095119,9.095119,กู,1.0,context_0.8,16000
C:\Users\muldi\Documents\Playground\University\senior-project-1\dataset\internet\clear\ถ้าวันนึงหีมึงเหี่ยว.wav,11.112722,12.112722,มึง,1.0,context_0.2,16000
C:\Users\muldi\Documents\Playground\University\senior-project-1\dataset\internet\clear\ถ้าวันนึงหีมึงเหี่ยว.wav,11.212722,12.212722,มึง,1.0,context_0.4,16000
C:\Users\muldi\Documents\Playground\University\senior-project-1\dataset\internet\clear\ถ้าวันนึงหีมึงเหี่ยว.wav,11.312722,12.312722,มึง,1.0,context_0.6,16000
C:\Users\muldi\Documents\Playground\University\senior-project-1\dataset\internet\clear\ถ้าวันนึงหีมึงเหี่ยว.wav,11.412722,12.412722,มึง,1.0,context_0.8,16000
C:\Users\muldi\Documents\Playground\University\senior-project-1\dataset\internet\clear\ถ้าวันนึงหีมึงเหี่ยว.wav,12.528725,13.528725,กู,1.0,context_0.2,16000
C:\Users\muldi\Documents\Playground\University\senior-project-1\dataset\internet\clear\ถ้าวันนึงหีมึงเหี่ยว.wav,12.628725,13.628725,กู,1.0,context_0.4,16000
C:\Users\muldi\Documents\Playground\University\senior-project-1\dataset\internet\clear\ถ้าวันนึงหีมึงเหี่ยว.wav,12.728725,13.728725,กู,1.0,context_0.6,16000
C:\Users\muldi\Documents\Playground\University\senior-project-1\dataset\internet\clear\ถ้าวันนึงหีมึงเหี่ยว.wav,12.828725,13.828725,กู,1.0,context_0.8,16000
C:\Users\muldi\Documents\Playground\University\senior-project-1\dataset\internet\clear\ถ้าวันนึงหีมึงเหี่ยว.wav,13.508701,14.508701,มึง,1.0,context_0.2,16000
C:\Users\muldi\Documents\Playground\University\senior-project-1\dataset\internet\clear\ถ้าวันนึงหีมึงเหี่ยว.wav,13.608701,14.608701,มึง,1.0,context_0.4,16000
C:\Users\muldi\Documents\Playground\University\senior-project-1\dataset\internet\clear\ถ้าวันนึงหีมึงเหี่ยว.wav,13.708701000000001,14.708701000000001,มึง,1.0,context_0.6,16000
C:\Users\muldi\Documents\Playground\University\senior-project-1\dataset\internet\clear\ถ้าวันนึงหีมึงเหี่ยว.wav,13.808701000000001,14.808701000000001,มึง,1.0,context_0.8,16000
C:\Users\muldi\Documents\Playground\University\senior-project-1\dataset\internet\clear\ถ้าวันนึงหีมึงเหี่ยว.wav,15.314563,16.314563,มึง,1.0,context_0.2,16000
C:\Users\muldi\Documents\Playground\University\senior-project-1\dataset\internet\clear\ถ้าวันนึงหีมึงเหี่ยว.wav,15.414563,16.414563,มึง,1.0,context_0.4,16000
C:\Users\muldi\Documents\Playground\University\senior-project-1\dataset\internet\clear\ถ้าวันนึงหีมึงเหี่ยว.wav,15.514563,16.514563000000003,มึง,1.0,context_0.6,16000
C:\Users\muldi\Documents\Playground\University\senior-project-1\dataset\internet\clear\ถ้าวันนึงหีมึงเหี่ยว.wav,15.614563,16.614563,มึง,1.0,context_0.8,16000
C:\Users\muldi\Documents\Playground\University\senior-project-1\dataset\internet\clear\ถ้าวันนึงหีมึงเหี่ยว.wav,15.576985,16.576985,มึง,1.0,context_0.2,16000
C:\Users\muldi\Documents\Playground\University\senior-project-1\dataset\internet\clear\ถ้าวันนึงหีมึงเหี่ยว.wav,15.676985,16.676985000000002,มึง,1.0,context_0.4,16000
C:\Users\muldi\Documents\Playground\University\senior-project-1\dataset\internet\clear\ถ้าวันนึงหีมึงเหี่ยว.wav,15.776985000000002,16.776985000000003,มึง,1.0,context_0.6,16000
C:\Users\muldi\Documents\Playground\University\senior-project-1\dataset\internet\clear\ถ้าวันนึงหีมึงเหี่ยว.wav,15.876985000000001,16.876985,มึง,1.0,context_0.8,16000
C:\Users\muldi\Documents\Playground\University\senior-project-1\dataset\internet\clear\ถ้าวันนึงหีมึงเหี่ยว.wav,0.0,1.0,none,1.0,none_sample,16000
C:\Users\muldi\Documents\Playground\University\senior-project-1\dataset\internet\clear\ถ้าวันนึงหีมึงเหี่ยว.wav,1.0,2.0,none,1.0,none_sample,16000
C:\Users\muldi\Documents\Playground\University\senior-project-1\dataset\internet\clear\ถ้าวันนึงหีมึงเหี่ยว.wav,2.0,3.0,none,1.0,none_sample,16000
C:\Users\muldi\Documents\Playground\University\senior-project-1\dataset\internet\clear\ถ้าวันนึงหีมึงเหี่ยว.wav,3.0,4.0,none,1.0,none_sample,16000
C:\Users\muldi\Documents\Playground\University\senior-project-1\dataset\internet\clear\ถ้าวันนึงหีมึงเหี่ยว.wav,4.0,5.0,none,1.0,none_sample,16000
C:\Users\muldi\Documents\Playground\University\senior-project-1\dataset\internet\clear\ถ้าวันนึงหีมึงเหี่ยว.wav,5.899999999999997,6.899999999999997,none,1.0,none_sample,16000
C:\Users\muldi\Documents\Playground\University\senior-project-1\dataset\internet\clear\ถ้าวันนึงหีมึงเหี่ยว.wav,8.399999999999991,9.399999999999991,none,1.0,none_sample,16000
C:\Users\muldi\Documents\Playground\University\senior-project-1\dataset\internet\clear\ถ้าวันนึงหีมึงเหี่ยว.wav,9.399999999999991,10.399999999999991,none,1.0,none_sample,16000
C:\Users\muldi\Documents\Playground\University\senior-project-1\dataset\internet\clear\ถ้าวันนึงหีมึงเหี่ยว.wav,10.399999999999991,11.399999999999991,none,1.0,none_sample,16000
C:\Users\muldi\Documents\Playground\University\senior-project-1\dataset\internet\clear\ถ้าวันนึงหีมึงเหี่ยว.wav,11.69999999999999,12.69999999999999,none,1.0,none_sample,16000
C:\Users\muldi\Documents\Playground\University\senior-project-1\dataset\internet\clear\ถ้าวันนึงหีมึงเหี่ยว.wav,14.099999999999985,15.099999999999985,none,1.0,none_sample,16000
C:\Users\muldi\Documents\Playground\University\senior-project-1\dataset\internet\clear\ถ้าวันนึงหีมึงเหี่ยว.wav,16.199999999999985,17.199999999999985,none,1.0,none_sample,16000
C:\Users\muldi\Documents\Playground\University\senior-project-1\dataset\internet\clear\ประชุมรวมญาติเชลซี.wav,142.541353,143.541353,กู,1.0,context_0.2,16000
C:\Users\muldi\Documents\Playground\University\senior-project-1\dataset\internet\clear\ประชุมรวมญาติเชลซี.wav,142.64135299999998,143.64135299999998,กู,1.0,context_0.4,16000
C:\Users\muldi\Documents\Playground\University\senior-project-1\dataset\internet\clear\ประชุมรวมญาติเชลซี.wav,142.741353,143.741353,กู,1.0,context_0.6,16000
C:\Users\muldi\Documents\Playground\University\senior-project-1\dataset\internet\clear\ประชุมรวมญาติเชลซี.wav,142.841353,143.841353,กู,1.0,context_0.8,16000
C:\Users\muldi\Documents\Playground\University\senior-project-1\dataset\internet\clear\ประชุมรวมญาติเชลซี.wav,143.233679,144.233679,เหี้ย,1.0,context_0.2,16000
C:\Users\muldi\Documents\Playground\University\senior-project-1\dataset\internet\clear\ประชุมรวมญาติเชลซี.wav,143.333679,144.333679,เหี้ย,1.0,context_0.4,16000
C:\Users\muldi\Documents\Playground\University\senior-project-1\dataset\internet\clear\ประชุมรวมญาติเชลซี.wav,143.433679,144.433679,เหี้ย,1.0,context_0.6,16000
C:\Users\muldi\Documents\Playground\University\senior-project-1\dataset\internet\clear\ประชุมรวมญาติเชลซี.wav,143.533679,144.533679,เหี้ย,1.0,context_0.8,16000
C:\Users\muldi\Documents\Playground\University\senior-project-1\dataset\internet\clear\ประชุมรวมญาติเชลซี.wav,144.39783599999998,145.39783599999998,กู,1.0,context_0.2,16000
C:\Users\muldi\Documents\Playground\University\senior-project-1\dataset\internet\clear\ประชุมรวมญาติเชลซี.wav,144.49783599999998,145.49783599999998,กู,1.0,context_0.4,16000
C:\Users\muldi\Documents\Playground\University\senior-project-1\dataset\internet\clear\ประชุมรวมญาติเชลซี.wav,144.597836,145.597836,กู,1.0,context_0.6,16000
C:\Users\muldi\Documents\Playground\University\senior-project-1\dataset\internet\clear\ประชุมรวมญาติเชลซี.wav,144.697836,145.697836,กู,1.0,context_0.8,16000
C:\Users\muldi\Documents\Playground\University\senior-project-1\dataset\internet\clear\ประชุมรวมญาติเชลซี.wav,180.165019,181.165019,กู,1.0,context_0.2,16000
C:\Users\muldi\Documents\Playground\University\senior-project-1\dataset\internet\clear\ประชุมรวมญาติเชลซี.wav,180.265019,181.265019,กู,1.0,context_0.4,16000
C:\Users\muldi\Documents\Playground\University\senior-project-1\dataset\internet\clear\ประชุมรวมญาติเชลซี.wav,180.36501900000002,181.36501900000002,กู,1.0,context_0.6,16000
C:\Users\muldi\Documents\Playground\University\senior-project-1\dataset\internet\clear\ประชุมรวมญาติเชลซี.wav,180.465019,181.465019,กู,1.0,context_0.8,16000
C:\Users\muldi\Documents\Playground\University\senior-project-1\dataset\internet\clear\ประชุมรวมญาติเชลซี.wav,181.123369,182.123369,กู,1.0,context_0.2,16000
C:\Users\muldi\Documents\Playground\University\senior-project-1\dataset\internet\clear\ประชุมรวมญาติเชลซี.wav,181.223369,182.223369,กู,1.0,context_0.4,16000
C:\Users\muldi\Documents\Playground\University\senior-project-1\dataset\internet\clear\ประชุมรวมญาติเชลซี.wav,181.323369,182.323369,กู,1.0,context_0.6,16000
C:\Users\muldi\Documents\Playground\University\senior-project-1\dataset\internet\clear\ประชุมรวมญาติเชลซี.wav,181.423369,182.423369,กู,1.0,context_0.8,16000
C:\Users\muldi\Documents\Playground\University\senior-project-1\dataset\internet\clear\ประชุมรวมญาติเชลซี.wav,0.0,1.0,none,1.0,none_sample,16000
C:\Users\muldi\Documents\Playground\University\senior-project-1\dataset\internet\clear\ประชุมรวมญาติเชลซี.wav,1.0,2.0,none,1.0,none_sample,16000
C:\Users\muldi\Documents\Playground\University\senior-project-1\dataset\internet\clear\ประชุมรวมญาติเชลซี.wav,2.0,3.0,none,1.0,none_sample,16000
C:\Users\muldi\Documents\Playground\University\senior-project-1\dataset\internet\clear\ประชุมรวมญาติเชลซี.wav,3.0,4.0,none,1.0,none_sample,16000
C:\Users\muldi\Documents\Playground\University\senior-project-1\dataset\internet\clear\ประชุมรวมญาติเชลซี.wav,4.0,5.0,none,1.0,none_sample,16000
C:\Users\muldi\Documents\Playground\University\senior-project-1\dataset\internet\clear\ประชุมรวมญาติเชลซี.wav,5.0,6.0,none,1.0,none_sample,16000
C:\Users\muldi\Documents\Playground\University\senior-project-1\dataset\internet\clear\พากย์สุดโต่ง VS พากย์สุขุม.wav,32.052874,33.052874,มึง,1.0,context_0.2,16000
C:\Users\muldi\Documents\Playground\University\senior-project-1\dataset\internet\clear\พากย์สุดโต่ง VS พากย์สุขุม.wav,32.152874000000004,33.152874000000004,มึง,1.0,context_0.4,16000
C:\Users\muldi\Documents\Playground\University\senior-project-1\dataset\internet\clear\พากย์สุดโต่ง VS พากย์สุขุม.wav,32.252874,33.252874,มึง,1.0,context_0.6,16000
C:\Users\muldi\Documents\Playground\University\senior-project-1\dataset\internet\clear\พากย์สุดโต่ง VS พากย์สุขุม.wav,32.352874,33.352874,มึง,1.0,context_0.8,16000
C:\Users\muldi\Documents\Playground\University\senior-project-1\dataset\internet\clear\พากย์สุดโต่ง VS พากย์สุขุม.wav,56.140153,57.140153,กู,1.0,context_0.2,16000
C:\Users\muldi\Documents\Playground\University\senior-project-1\dataset\internet\clear\พากย์สุดโต่ง VS พากย์สุขุม.wav,56.240153,57.240153,กู,1.0,context_0.4,16000
C:\Users\muldi\Documents\Playground\University\senior-project-1\dataset\internet\clear\พากย์สุดโต่ง VS พากย์สุขุม.wav,56.340152999999994,57.340152999999994,กู,1.0,context_0.6,16000
C:\Users\muldi\Documents\Playground\University\senior-project-1\dataset\internet\clear\พากย์สุดโต่ง VS พากย์สุขุม.wav,56.440152999999995,57.440152999999995,กู,1.0,context_0.8,16000
C:\Users\muldi\Documents\Playground\University\senior-project-1\dataset\internet\clear\พากย์สุดโต่ง VS พากย์สุขุม.wav,116.06745699999999,117.06745699999999,มึง,1.0,context_0.2,16000
C:\Users\muldi\Documents\Playground\University\senior-project-1\dataset\internet\clear\พากย์สุดโต่ง VS พากย์สุขุม.wav,116.167457,117.167457,มึง,1.0,context_0.4,16000
C:\Users\muldi\Documents\Playground\University\senior-project-1\dataset\internet\clear\พากย์สุดโต่ง VS พากย์สุขุม.wav,116.267457,117.267457,มึง,1.0,context_0.6,16000
C:\Users\muldi\Documents\Playground\University\senior-project-1\dataset\internet\clear\พากย์สุดโต่ง VS พากย์สุขุม.wav,116.367457,117.367457,มึง,1.0,context_0.8,16000
C:\Users\muldi\Documents\Playground\University\senior-project-1\dataset\internet\clear\พากย์สุดโต่ง VS พากย์สุขุม.wav,118.40099699999999,119.40099699999999,มึง,1.0,context_0.2,16000
C:\Users\muldi\Documents\Playground\University\senior-project-1\dataset\internet\clear\พากย์สุดโต่ง VS พากย์สุขุม.wav,118.500997,119.500997,มึง,1.0,context_0.4,16000
C:\Users\muldi\Documents\Playground\University\senior-project-1\dataset\internet\clear\พากย์สุดโต่ง VS พากย์สุขุม.wav,118.60099699999999,119.60099699999999,มึง,1.0,context_0.6,16000
C:\Users\muldi\Documents\Playground\University\senior-project-1\dataset\internet\clear\พากย์สุดโต่ง VS พากย์สุขุม.wav,118.700997,119.700997,มึง,1.0,context_0.8,16000
C:\Users\muldi\Documents\Playground\University\senior-project-1\dataset\internet\clear\พากย์สุดโต่ง VS พากย์สุขุม.wav,0.0,1.0,none,1.0,none_sample,16000
C:\Users\muldi\Documents\Playground\University\senior-project-1\dataset\internet\clear\พากย์สุดโต่ง VS พากย์สุขุม.wav,1.0,2.0,none,1.0,none_sample,16000
C:\Users\muldi\Documents\Playground\University\senior-project-1\dataset\internet\clear\พากย์สุดโต่ง VS พากย์สุขุม.wav,2.0,3.0,none,1.0,none_sample,16000
C:\Users\muldi\Documents\Playground\University\senior-project-1\dataset\internet\clear\พากย์สุดโต่ง VS พากย์สุขุม.wav,3.0,4.0,none,1.0,none_sample,16000
C:\Users\muldi\Documents\Playground\University\senior-project-1\dataset\internet\clear\พากย์สุดโต่ง VS พากย์สุขุม.wav,4.0,5.0,none,1.0,none_sample,16000
C:\Users\muldi\Documents\Playground\University\senior-project-1\dataset\internet\clear\มันไปเล่นเอไอเอสชั่วโมงละ60บาท.wav,3.548172,4.548172,กู,1.0,context_0.2,16000
C:\Users\muldi\Documents\Playground\University\senior-project-1\dataset\internet\clear\มันไปเล่นเอไอเอสชั่วโมงละ60บาท.wav,3.648172,4.648172000000001,กู,1.0,context_0.4,16000
C:\Users\muldi\Documents\Playground\University\senior-project-1\dataset\internet\clear\มันไปเล่นเอไอเอสชั่วโมงละ60บาท.wav,3.748172,4.748172,กู,1.0,context_0.6,16000
C:\Users\muldi\Documents\Playground\University\senior-project-1\dataset\internet\clear\มันไปเล่นเอไอเอสชั่วโมงละ60บาท.wav,3.848172,4.848172,กู,1.0,context_0.8,16000
C:\Users\muldi\Documents\Playground\University\senior-project-1\dataset\internet\clear\มันไปเล่นเอไอเอสชั่วโมงละ60บาท.wav,4.886131,5.886131,กู,1.0,context_0.2,16000
C:\Users\muldi\Documents\Playground\University\senior-project-1\dataset\internet\clear\มันไปเล่นเอไอเอสชั่วโมงละ60บาท.wav,4.986131,5.986131,กู,1.0,context_0.4,16000
C:\Users\muldi\Documents\Playground\University\senior-project-1\dataset\internet\clear\มันไปเล่นเอไอเอสชั่วโมงละ60บาท.wav,5.086131,6.086131,กู,1.0,context_0.6,16000
C:\Users\muldi\Documents\Playground\University\senior-project-1\dataset\internet\clear\มันไปเล่นเอไอเอสชั่วโมงละ60บาท.wav,5.1861310000000005,6.1861310000000005,กู,1.0,context_0.8,16000
C:\Users\muldi\Documents\Playground\University\senior-project-1\dataset\internet\clear\มันไปเล่นเอไอเอสชั่วโมงละ60บาท.wav,8.214763,9.214763,เหี้ย,1.0,context_0.2,16000
C:\Users\muldi\Documents\Playground\University\senior-project-1\dataset\internet\clear\มันไปเล่นเอไอเอสชั่วโมงละ60บาท.wav,8.314763,9.314763,เหี้ย,1.0,context_0.4,16000
C:\Users\muldi\Documents\Playground\University\senior-project-1\dataset\internet\clear\มันไปเล่นเอไอเอสชั่วโมงละ60บาท.wav,8.414763,9.414763,เหี้ย,1.0,context_0.6,16000
C:\Users\muldi\Documents\Playground\University\senior-project-1\dataset\internet\clear\มันไปเล่นเอไอเอสชั่วโมงละ60บาท.wav,8.514763,9.514763,เหี้ย,1.0,context_0.8,16000
C:\Users\muldi\Documents\Playground\University\senior-project-1\dataset\internet\clear\มันไปเล่นเอไอเอสชั่วโมงละ60บาท.wav,8.710158,9.710158,กู,1.0,context_0.2,16000
C:\Users\muldi\Documents\Playground\University\senior-project-1\dataset\internet\clear\มันไปเล่นเอไอเอสชั่วโมงละ60บาท.wav,8.810158,9.810158,กู,1.0,context_0.4,16000
C:\Users\muldi\Documents\Playground\University\senior-project-1\dataset\internet\clear\มันไปเล่นเอไอเอสชั่วโมงละ60บาท.wav,8.910158000000001,9.910158000000001,กู,1.0,context_0.6,16000
C:\Users\muldi\Documents\Playground\University\senior-project-1\dataset\internet\clear\มันไปเล่นเอไอเอสชั่วโมงละ60บาท.wav,9.010158,10.010158,กู,1.0,context_0.8,16000
C:\Users\muldi\Documents\Playground\University\senior-project-1\dataset\internet\clear\มันไปเล่นเอไอเอสชั่วโมงละ60บาท.wav,10.140894,11.140894,กู,1.0,context_0.2,16000
C:\Users\muldi\Documents\Playground\University\senior-project-1\dataset\internet\clear\มันไปเล่นเอไอเอสชั่วโมงละ60บาท.wav,10.240893999999999,11.240893999999999,กู,1.0,context_0.4,16000
C:\Users\muldi\Documents\Playground\University\senior-project-1\dataset\internet\clear\มันไปเล่นเอไอเอสชั่วโมงละ60บาท.wav,10.340894,11.340894,กู,1.0,context_0.6,16000
C:\Users\muldi\Documents\Playground\University\senior-project-1\dataset\internet\clear\มันไปเล่นเอไอเอสชั่วโมงละ60บาท.wav,10.440894,11.440894,กู,1.0,context_0.8,16000
C:\Users\muldi\Documents\Playground\University\senior-project-1\dataset\internet\clear\มันไปเล่นเอไอเอสชั่วโมงละ60บาท.wav,0.0,1.0,none,1.0,none_sample,16000
C:\Users\muldi\Documents\Playground\University\senior-project-1\dataset\internet\clear\มันไปเล่นเอไอเอสชั่วโมงละ60บาท.wav,1.0,2.0,none,1.0,none_sample,16000
C:\Users\muldi\Documents\Playground\University\senior-project-1\dataset\internet\clear\มันไปเล่นเอไอเอสชั่วโมงละ60บาท.wav,2.0,3.0,none,1.0,none_sample,16000
C:\Users\muldi\Documents\Playground\University\senior-project-1\dataset\internet\clear\มันไปเล่นเอไอเอสชั่วโมงละ60บาท.wav,4.1000000000000005,5.1000000000000005,none,1.0,none_sample,16000
C:\Users\muldi\Documents\Playground\University\senior-project-1\dataset\internet\clear\มันไปเล่นเอไอเอสชั่วโมงละ60บาท.wav,5.3999999999999995,6.3999999999999995,none,1.0,none_sample,16000
C:\Users\muldi\Documents\Playground\University\senior-project-1\dataset\internet\clear\มันไปเล่นเอไอเอสชั่วโมงละ60บาท.wav,6.3999999999999995,7.3999999999999995,none,1.0,none_sample,16000
C:\Users\muldi\Documents\Playground\University\senior-project-1\dataset\internet\clear\รายการเย็ดแม่.wav,2.5170980000000003,3.5170980000000003,เย็ด,1.0,context_0.2,16000
C:\Users\muldi\Documents\Playground\University\senior-project-1\dataset\internet\clear\รายการเย็ดแม่.wav,2.6170980000000004,3.6170980000000004,เย็ด,1.0,context_0.4,16000
C:\Users\muldi\Documents\Playground\University\senior-project-1\dataset\internet\clear\รายการเย็ดแม่.wav,2.717098,3.717098,เย็ด,1.0,context_0.6,16000
C:\Users\muldi\Documents\Playground\University\senior-project-1\dataset\internet\clear\รายการเย็ดแม่.wav,2.817098,3.817098,เย็ด,1.0,context_0.8,16000
C:\Users\muldi\Documents\Playground\University\senior-project-1\dataset\internet\clear\รายการเย็ดแม่.wav,27.463231,28.463231,เย็ด,1.0,context_0.2,16000
C:\Users\muldi\Documents\Playground\University\senior-project-1\dataset\internet\clear\รายการเย็ดแม่.wav,27.563231,28.563231,เย็ด,1.0,context_0.4,16000
C:\Users\muldi\Documents\Playground\University\senior-project-1\dataset\internet\clear\รายการเย็ดแม่.wav,27.663231,28.663231,เย็ด,1.0,context_0.6,16000
C:\Users\muldi\Documents\Playground\University\senior-project-1\dataset\internet\clear\รายการเย็ดแม่.wav,27.763230999999998,28.763230999999998,เย็ด,1.0,context_0.8,16000
C:\Users\muldi\Documents\Playground\University\senior-project-1\dataset\internet\clear\รายการเย็ดแม่.wav,32.202139,33.202139,เย็ด,1.0,context_0.2,16000
C:\Users\muldi\Documents\Playground\University\senior-project-1\dataset\internet\clear\รายการเย็ดแม่.wav,32.302139000000004,33.302139000000004,เย็ด,1.0,context_0.4,16000
C:\Users\muldi\Documents\Playground\University\senior-project-1\dataset\internet\clear\รายการเย็ดแม่.wav,32.402139,33.402139,เย็ด,1.0,context_0.6,16000
C:\Users\muldi\Documents\Playground\University\senior-project-1\dataset\internet\clear\รายการเย็ดแม่.wav,32.502139,33.502139,เย็ด,1.0,context_0.8,16000
C:\Users\muldi\Documents\Playground\University\senior-project-1\dataset\internet\clear\รายการเย็ดแม่.wav,33.568825000000004,34.568825000000004,เย็ด,1.0,context_0.2,16000
C:\Users\muldi\Documents\Playground\University\senior-project-1\dataset\internet\clear\รายการเย็ดแม่.wav,33.668825000000005,34.668825000000005,เย็ด,1.0,context_0.4,16000
C:\Users\muldi\Documents\Playground\University\senior-project-1\dataset\internet\clear\รายการเย็ดแม่.wav,33.768825,34.768825,เย็ด,1.0,context_0.6,16000
C:\Users\muldi\Documents\Playground\University\senior-project-1\dataset\internet\clear\รายการเย็ดแม่.wav,33.868825,34.868825,เย็ด,1.0,context_0.8,16000
C:\Users\muldi\Documents\Playground\University\senior-project-1\dataset\internet\clear\รายการเย็ดแม่.wav,34.550411000000004,35.550411000000004,เย็ด,1.0,context_0.2,16000
C:\Users\muldi\Documents\Playground\University\senior-project-1\dataset\internet\clear\รายการเย็ดแม่.wav,34.650411000000005,35.650411000000005,เย็ด,1.0,context_0.4,16000
C:\Users\muldi\Documents\Playground\University\senior-project-1\dataset\internet\clear\รายการเย็ดแม่.wav,34.750411,35.750411,เย็ด,1.0,context_0.6,16000
C:\Users\muldi\Documents\Playground\University\senior-project-1\dataset\internet\clear\รายการเย็ดแม่.wav,34.850411,35.850411,เย็ด,1.0,context_0.8,16000
C:\Users\muldi\Documents\Playground\University\senior-project-1\dataset\internet\clear\รายการเย็ดแม่.wav,35.102075,36.102075,เย็ด,1.0,context_0.2,16000
C:\Users\muldi\Documents\Playground\University\senior-project-1\dataset\internet\clear\รายการเย็ดแม่.wav,35.202075,36.202075,เย็ด,1.0,context_0.4,16000
C:\Users\muldi\Documents\Playground\University\senior-project-1\dataset\internet\clear\รายการเย็ดแม่.wav,35.302074999999995,36.302074999999995,เย็ด,1.0,context_0.6,16000
C:\Users\muldi\Documents\Playground\University\senior-project-1\dataset\internet\clear\รายการเย็ดแม่.wav,35.402074999999996,36.402074999999996,เย็ด,1.0,context_0.8,16000
C:\Users\muldi\Documents\Playground\University\senior-project-1\dataset\internet\clear\รายการเย็ดแม่.wav,36.546539,37.546539,เย็ด,1.0,context_0.2,16000
C:\Users\muldi\Documents\Playground\University\senior-project-1\dataset\internet\clear\รายการเย็ดแม่.wav,36.646539000000004,37.646539000000004,เย็ด,1.0,context_0.4,16000
C:\Users\muldi\Documents\Playground\University\senior-project-1\dataset\internet\clear\รายการเย็ดแม่.wav,36.746539,37.746539,เย็ด,1.0,context_0.6,16000
C:\Users\muldi\Documents\Playground\University\senior-project-1\dataset\internet\clear\รายการเย็ดแม่.wav,36.846539,37.846539,เย็ด,1.0,context_0.8,16000
C:\Users\muldi\Documents\Playground\University\senior-project-1\dataset\internet\clear\รายการเย็ดแม่.wav,92.242736,93.242736,กู,1.0,context_0.2,16000
C:\Users\muldi\Documents\Playground\University\senior-project-1\dataset\internet\clear\รายการเย็ดแม่.wav,92.342736,93.342736,กู,1.0,context_0.4,16000
C:\Users\muldi\Documents\Playground\University\senior-project-1\dataset\internet\clear\รายการเย็ดแม่.wav,92.442736,93.442736,กู,1.0,context_0.6,16000
C:\Users\muldi\Documents\Playground\University\senior-project-1\dataset\internet\clear\รายการเย็ดแม่.wav,92.542736,93.542736,กู,1.0,context_0.8,16000
C:\Users\muldi\Documents\Playground\University\senior-project-1\dataset\internet\clear\รายการเย็ดแม่.wav,93.402158,94.402158,เย็ด,1.0,context_0.2,16000
C:\Users\muldi\Documents\Playground\University\senior-project-1\dataset\internet\clear\รายการเย็ดแม่.wav,93.50215800000001,94.50215800000001,เย็ด,1.0,context_0.4,16000
C:\Users\muldi\Documents\Playground\University\senior-project-1\dataset\internet\clear\รายการเย็ดแม่.wav,93.602158,94.602158,เย็ด,1.0,context_0.6,16000
C:\Users\muldi\Documents\Playground\University\senior-project-1\dataset\internet\clear\รายการเย็ดแม่.wav,93.70215800000001,94.70215800000001,เย็ด,1.0,context_0.8,16000
C:\Users\muldi\Documents\Playground\University\senior-project-1\dataset\internet\clear\รายการเย็ดแม่.wav,106.008161,107.008161,เย็ด,1.0,context_0.2,16000
C:\Users\muldi\Documents\Playground\University\senior-project-1\dataset\internet\clear\รายการเย็ดแม่.wav,106.10816100000001,107.10816100000001,เย็ด,1.0,context_0.4,16000
C:\Users\muldi\Documents\Playground\University\senior-project-1\dataset\internet\clear\รายการเย็ดแม่.wav,106.208161,107.208161,เย็ด,1.0,context_0.6,16000
C:\Users\muldi\Documents\Playground\University\senior-project-1\dataset\internet\clear\รายการเย็ดแม่.wav,106.30816100000001,107.30816100000001,เย็ด,1.0,context_0.8,16000
C:\Users\muldi\Documents\Playground\University\senior-project-1\dataset\internet\clear\รายการเย็ดแม่.wav,106.425602,107.425602,เย็ด,1.0,context_0.2,16000
C:\Users\muldi\Documents\Playground\University\senior-project-1\dataset\internet\clear\รายการเย็ดแม่.wav,106.525602,107.525602,เย็ด,1.0,context_0.4,16000
C:\Users\muldi\Documents\Playground\University\senior-project-1\dataset\internet\clear\รายการเย็ดแม่.wav,106.625602,107.625602,เย็ด,1.0,context_0.6,16000
C:\Users\muldi\Documents\Playground\University\senior-project-1\dataset\internet\clear\รายการเย็ดแม่.wav,106.72560200000001,107.72560200000001,เย็ด,1.0,context_0.8,16000
C:\Users\muldi\Documents\Playground\University\senior-project-1\dataset\internet\clear\รายการเย็ดแม่.wav,106.789344,107.789344,เย็ด,1.0,context_0.2,16000
C:\Users\muldi\Documents\Playground\University\senior-project-1\dataset\internet\clear\รายการเย็ดแม่.wav,106.88934400000001,107.88934400000001,เย็ด,1.0,context_0.4,16000
C:\Users\muldi\Documents\Playground\University\senior-project-1\dataset\internet\clear\รายการเย็ดแม่.wav,106.989344,107.989344,เย็ด,1.0,context_0.6,16000
C:\Users\muldi\Documents\Playground\University\senior-project-1\dataset\internet\clear\รายการเย็ดแม่.wav,107.08934400000001,108.08934400000001,เย็ด,1.0,context_0.8,16000
C:\Users\muldi\Documents\Playground\University\senior-project-1\dataset\internet\clear\รายการเย็ดแม่.wav,107.209723,108.209723,เย็ด,1.0,context_0.2,16000
C:\Users\muldi\Documents\Playground\University\senior-project-1\dataset\internet\clear\รายการเย็ดแม่.wav,107.309723,108.309723,เย็ด,1.0,context_0.4,16000
C:\Users\muldi\Documents\Playground\University\senior-project-1\dataset\internet\clear\รายการเย็ดแม่.wav,107.409723,108.409723,เย็ด,1.0,context_0.6,16000
C:\Users\muldi\Documents\Playground\University\senior-project-1\dataset\internet\clear\รายการเย็ดแม่.wav,107.50972300000001,108.50972300000001,เย็ด,1.0,context_0.8,16000
C:\Users\muldi\Documents\Playground\University\senior-project-1\dataset\internet\clear\รายการเย็ดแม่.wav,107.593488,108.593488,เย็ด,1.0,context_0.2,16000
C:\Users\muldi\Documents\Playground\University\senior-project-1\dataset\internet\clear\รายการเย็ดแม่.wav,107.693488,108.693488,เย็ด,1.0,context_0.4,16000
C:\Users\muldi\Documents\Playground\University\senior-project-1\dataset\internet\clear\รายการเย็ดแม่.wav,107.793488,108.793488,เย็ด,1.0,context_0.6,16000
C:\Users\muldi\Documents\Playground\University\senior-project-1\dataset\internet\clear\รายการเย็ดแม่.wav,107.893488,108.893488,เย็ด,1.0,context_0.8,16000
C:\Users\muldi\Documents\Playground\University\senior-project-1\dataset\internet\clear\รายการเย็ดแม่.wav,108.205772,109.205772,เย็ด,1.0,context_0.2,16000
C:\Users\muldi\Documents\Playground\University\senior-project-1\dataset\internet\clear\รายการเย็ดแม่.wav,108.305772,109.305772,เย็ด,1.0,context_0.4,16000
C:\Users\muldi\Documents\Playground\University\senior-project-1\dataset\internet\clear\รายการเย็ดแม่.wav,108.405772,109.405772,เย็ด,1.0,context_0.6,16000
C:\Users\muldi\Documents\Playground\University\senior-project-1\dataset\internet\clear\รายการเย็ดแม่.wav,108.50577200000001,109.50577200000001,เย็ด,1.0,context_0.8,16000
C:\Users\muldi\Documents\Playground\University\senior-project-1\dataset\internet\clear\รายการเย็ดแม่.wav,108.49964,109.49964,กู,1.0,context_0.2,16000
C:\Users\muldi\Documents\Playground\University\senior-project-1\dataset\internet\clear\รายการเย็ดแม่.wav,108.59964000000001,109.59964000000001,กู,1.0,context_0.4,16000
C:\Users\muldi\Documents\Playground\University\senior-project-1\dataset\internet\clear\รายการเย็ดแม่.wav,108.69964,109.69964,กู,1.0,context_0.6,16000
C:\Users\muldi\Documents\Playground\University\senior-project-1\dataset\internet\clear\รายการเย็ดแม่.wav,108.79964000000001,109.79964000000001,กู,1.0,context_0.8,16000
C:\Users\muldi\Documents\Playground\University\senior-project-1\dataset\internet\clear\รายการเย็ดแม่.wav,114.46402099999999,115.46402099999999,เย็ด,1.0,context_0.2,16000
C:\Users\muldi\Documents\Playground\University\senior-project-1\dataset\internet\clear\รายการเย็ดแม่.wav,114.564021,115.564021,เย็ด,1.0,context_0.4,16000
C:\Users\muldi\Documents\Playground\University\senior-project-1\dataset\internet\clear\รายการเย็ดแม่.wav,114.66402099999999,115.66402099999999,เย็ด,1.0,context_0.6,16000
C:\Users\muldi\Documents\Playground\University\senior-project-1\dataset\internet\clear\รายการเย็ดแม่.wav,114.764021,115.764021,เย็ด,1.0,context_0.8,16000
C:\Users\muldi\Documents\Playground\University\senior-project-1\dataset\internet\clear\รายการเย็ดแม่.wav,150.608217,151.608217,เย็ด,1.0,context_0.2,16000
C:\Users\muldi\Documents\Playground\University\senior-project-1\dataset\internet\clear\รายการเย็ดแม่.wav,150.708217,151.708217,เย็ด,1.0,context_0.4,16000
C:\Users\muldi\Documents\Playground\University\senior-project-1\dataset\internet\clear\รายการเย็ดแม่.wav,150.808217,151.808217,เย็ด,1.0,context_0.6,16000
C:\Users\muldi\Documents\Playground\University\senior-project-1\dataset\internet\clear\รายการเย็ดแม่.wav,150.908217,151.908217,เย็ด,1.0,context_0.8,16000
C:\Users\muldi\Documents\Playground\University\senior-project-1\dataset\internet\clear\รายการเย็ดแม่.wav,151.60601599999998,152.60601599999998,กู,1.0,context_0.2,16000
C:\Users\muldi\Documents\Playground\University\senior-project-1\dataset\internet\clear\รายการเย็ดแม่.wav,151.70601599999998,152.70601599999998,กู,1.0,context_0.4,16000
C:\Users\muldi\Documents\Playground\University\senior-project-1\dataset\internet\clear\รายการเย็ดแม่.wav,151.806016,152.806016,กู,1.0,context_0.6,16000
C:\Users\muldi\Documents\Playground\University\senior-project-1\dataset\internet\clear\รายการเย็ดแม่.wav,151.906016,152.906016,กู,1.0,context_0.8,16000
C:\Users\muldi\Documents\Playground\University\senior-project-1\dataset\internet\clear\รายการเย็ดแม่.wav,169.745049,170.745049,มึง,1.0,context_0.2,16000
C:\Users\muldi\Documents\Playground\University\senior-project-1\dataset\internet\clear\รายการเย็ดแม่.wav,169.845049,170.845049,มึง,1.0,context_0.4,16000
C:\Users\muldi\Documents\Playground\University\senior-project-1\dataset\internet\clear\รายการเย็ดแม่.wav,169.945049,170.945049,มึง,1.0,context_0.6,16000
C:\Users\muldi\Documents\Playground\University\senior-project-1\dataset\internet\clear\รายการเย็ดแม่.wav,170.045049,171.045049,มึง,1.0,context_0.8,16000
C:\Users\muldi\Documents\Playground\University\senior-project-1\dataset\internet\clear\รายการเย็ดแม่.wav,177.57553,178.57553,เย็ด,1.0,context_0.2,16000
C:\Users\muldi\Documents\Playground\University\senior-project-1\dataset\internet\clear\รายการเย็ดแม่.wav,177.67552999999998,178.67552999999998,เย็ด,1.0,context_0.4,16000
C:\Users\muldi\Documents\Playground\University\senior-project-1\dataset\internet\clear\รายการเย็ดแม่.wav,177.77553,178.77553,เย็ด,1.0,context_0.6,16000
C:\Users\muldi\Documents\Playground\University\senior-project-1\dataset\internet\clear\รายการเย็ดแม่.wav,177.87553,178.87553,เย็ด,1.0,context_0.8,16000
C:\Users\muldi\Documents\Playground\University\senior-project-1\dataset\internet\clear\รายการเย็ดแม่.wav,181.752395,182.752395,เหี้ย,1.0,context_0.2,16000
C:\Users\muldi\Documents\Playground\University\senior-project-1\dataset\internet\clear\รายการเย็ดแม่.wav,181.852395,182.852395,เหี้ย,1.0,context_0.4,16000
C:\Users\muldi\Documents\Playground\University\senior-project-1\dataset\internet\clear\รายการเย็ดแม่.wav,181.95239500000002,182.95239500000002,เหี้ย,1.0,context_0.6,16000
C:\Users\muldi\Documents\Playground\University\senior-project-1\dataset\internet\clear\รายการเย็ดแม่.wav,182.05239500000002,183.05239500000002,เหี้ย,1.0,context_0.8,16000
C:\Users\muldi\Documents\Playground\University\senior-project-1\dataset\internet\clear\รายการเย็ดแม่.wav,203.79872699999999,204.79872699999999,เหี้ย,1.0,context_0.2,16000
C:\Users\muldi\Documents\Playground\University\senior-project-1\dataset\internet\clear\รายการเย็ดแม่.wav,203.89872699999998,204.89872699999998,เหี้ย,1.0,context_0.4,16000
C:\Users\muldi\Documents\Playground\University\senior-project-1\dataset\internet\clear\รายการเย็ดแม่.wav,203.998727,204.998727,เหี้ย,1.0,context_0.6,16000
C:\Users\muldi\Documents\Playground\University\senior-project-1\dataset\internet\clear\รายการเย็ดแม่.wav,204.098727,205.098727,เหี้ย,1.0,context_0.8,16000
C:\Users\muldi\Documents\Playground\University\senior-project-1\dataset\internet\clear\รายการเย็ดแม่.wav,203.94993,204.94993,มึง,1.0,context_0.2,16000
C:\Users\muldi\Documents\Playground\University\senior-project-1\dataset\internet\clear\รายการเย็ดแม่.wav,204.04993,205.04993,มึง,1.0,context_0.4,16000
C:\Users\muldi\Documents\Playground\University\senior-project-1\dataset\internet\clear\รายการเย็ดแม่.wav,204.14993,205.14993,มึง,1.0,context_0.6,16000
C:\Users\muldi\Documents\Playground\University\senior-project-1\dataset\internet\clear\รายการเย็ดแม่.wav,204.24993,205.24993,มึง,1.0,context_0.8,16000
C:\Users\muldi\Documents\Playground\University\senior-project-1\dataset\internet\clear\รายการเย็ดแม่.wav,204.82897699999998,205.82897699999998,กู,1.0,context_0.2,16000
C:\Users\muldi\Documents\Playground\University\senior-project-1\dataset\internet\clear\รายการเย็ดแม่.wav,204.92897699999997,205.92897699999997,กู,1.0,context_0.4,16000
C:\Users\muldi\Documents\Playground\University\senior-project-1\dataset\internet\clear\รายการเย็ดแม่.wav,205.028977,206.028977,กู,1.0,context_0.6,16000
C:\Users\muldi\Documents\Playground\University\senior-project-1\dataset\internet\clear\รายการเย็ดแม่.wav,205.128977,206.128977,กู,1.0,context_0.8,16000
C:\Users\muldi\Documents\Playground\University\senior-project-1\dataset\internet\clear\รายการเย็ดแม่.wav,205.995352,206.995352,กู,1.0,context_0.2,16000
C:\Users\muldi\Documents\Playground\University\senior-project-1\dataset\internet\clear\รายการเย็ดแม่.wav,206.095352,207.095352,กู,1.0,context_0.4,16000
C:\Users\muldi\Documents\Playground\University\senior-project-1\dataset\internet\clear\รายการเย็ดแม่.wav,206.195352,207.195352,กู,1.0,context_0.6,16000
C:\Users\muldi\Documents\Playground\University\senior-project-1\dataset\internet\clear\รายการเย็ดแม่.wav,206.295352,207.295352,กู,1.0,context_0.8,16000
C:\Users\muldi\Documents\Playground\University\senior-project-1\dataset\internet\clear\รายการเย็ดแม่.wav,206.917418,207.917418,กู,1.0,context_0.2,16000
C:\Users\muldi\Documents\Playground\University\senior-project-1\dataset\internet\clear\รายการเย็ดแม่.wav,207.017418,208.017418,กู,1.0,context_0.4,16000
C:\Users\muldi\Documents\Playground\University\senior-project-1\dataset\internet\clear\รายการเย็ดแม่.wav,207.11741800000001,208.11741800000001,กู,1.0,context_0.6,16000
C:\Users\muldi\Documents\Playground\University\senior-project-1\dataset\internet\clear\รายการเย็ดแม่.wav,207.217418,208.217418,กู,1.0,context_0.8,16000
C:\Users\muldi\Documents\Playground\University\senior-project-1\dataset\internet\clear\รายการเย็ดแม่.wav,208.311623,209.311623,เหี้ย,1.0,context_0.2,16000
C:\Users\muldi\Documents\Playground\University\senior-project-1\dataset\internet\clear\รายการเย็ดแม่.wav,208.411623,209.411623,เหี้ย,1.0,context_0.4,16000
C:\Users\muldi\Documents\Playground\University\senior-project-1\dataset\internet\clear\รายการเย็ดแม่.wav,208.51162300000001,209.51162300000001,เหี้ย,1.0,context_0.6,16000
C:\Users\muldi\Documents\Playground\University\senior-project-1\dataset\internet\clear\รายการเย็ดแม่.wav,208.611623,209.611623,เหี้ย,1.0,context_0.8,16000
C:\Users\muldi\Documents\Playground\University\senior-project-1\dataset\internet\clear\รายการเย็ดแม่.wav,208.492168,209.492168,เหี้ย,1.0,context_0.2,16000
C:\Users\muldi\Documents\Playground\University\senior-project-1\dataset\internet\clear\รายการเย็ดแม่.wav,208.592168,209.592168,เหี้ย,1.0,context_0.4,16000
C:\Users\muldi\Documents\Playground\University\senior-project-1\dataset\internet\clear\รายการเย็ดแม่.wav,208.692168,209.692168,เหี้ย,1.0,context_0.6,16000
C:\Users\muldi\Documents\Playground\University\senior-project-1\dataset\internet\clear\รายการเย็ดแม่.wav,208.792168,209.792168,เหี้ย,1.0,context_0.8,16000
C:\Users\muldi\Documents\Playground\University\senior-project-1\dataset\internet\clear\รายการเย็ดแม่.wav,243.068469,244.068469,มึง,1.0,context_0.2,16000
C:\Users\muldi\Documents\Playground\University\senior-project-1\dataset\internet\clear\รายการเย็ดแม่.wav,243.168469,244.168469,มึง,1.0,context_0.4,16000
C:\Users\muldi\Documents\Playground\University\senior-project-1\dataset\internet\clear\รายการเย็ดแม่.wav,243.268469,244.268469,มึง,1.0,context_0.6,16000
C:\Users\muldi\Documents\Playground\University\senior-project-1\dataset\internet\clear\รายการเย็ดแม่.wav,243.368469,244.368469,มึง,1.0,context_0.8,16000
C:\Users\muldi\Documents\Playground\University\senior-project-1\dataset\internet\clear\รายการเย็ดแม่.wav,245.960368,246.960368,มึง,1.0,context_0.2,16000
C:\Users\muldi\Documents\Playground\University\senior-project-1\dataset\internet\clear\รายการเย็ดแม่.wav,246.06036799999998,247.06036799999998,มึง,1.0,context_0.4,16000
C:\Users\muldi\Documents\Playground\University\senior-project-1\dataset\internet\clear\รายการเย็ดแม่.wav,246.160368,247.160368,มึง,1.0,context_0.6,16000
C:\Users\muldi\Documents\Playground\University\senior-project-1\dataset\internet\clear\รายการเย็ดแม่.wav,246.260368,247.260368,มึง,1.0,context_0.8,16000
C:\Users\muldi\Documents\Playground\University\senior-project-1\dataset\internet\clear\รายการเย็ดแม่.wav,254.74347,255.74347,กู,1.0,context_0.2,16000
C:\Users\muldi\Documents\Playground\University\senior-project-1\dataset\internet\clear\รายการเย็ดแม่.wav,254.84347,255.84347,กู,1.0,context_0.4,16000
C:\Users\muldi\Documents\Playground\University\senior-project-1\dataset\internet\clear\รายการเย็ดแม่.wav,254.94347000000002,255.94347000000002,กู,1.0,context_0.6,16000
C:\Users\muldi\Documents\Playground\University\senior-project-1\dataset\internet\clear\รายการเย็ดแม่.wav,255.04347,256.04347,กู,1.0,context_0.8,16000
C:\Users\muldi\Documents\Playground\University\senior-project-1\dataset\internet\clear\รายการเย็ดแม่.wav,260.568038,261.568038,เหี้ย,1.0,context_0.2,16000
C:\Users\muldi\Documents\Playground\University\senior-project-1\dataset\internet\clear\รายการเย็ดแม่.wav,260.66803799999997,261.66803799999997,เหี้ย,1.0,context_0.4,16000
C:\Users\muldi\Documents\Playground\University\senior-project-1\dataset\internet\clear\รายการเย็ดแม่.wav,260.768038,261.768038,เหี้ย,1.0,context_0.6,16000
C:\Users\muldi\Documents\Playground\University\senior-project-1\dataset\internet\clear\รายการเย็ดแม่.wav,260.86803799999996,261.86803799999996,เหี้ย,1.0,context_0.8,16000
C:\Users\muldi\Documents\Playground\University\senior-project-1\dataset\internet\clear\รายการเย็ดแม่.wav,297.226608,298.226608,เหี้ย,1.0,context_0.2,16000
C:\Users\muldi\Documents\Playground\University\senior-project-1\dataset\internet\clear\รายการเย็ดแม่.wav,297.32660799999996,298.32660799999996,เหี้ย,1.0,context_0.4,16000
C:\Users\muldi\Documents\Playground\University\senior-project-1\dataset\internet\clear\รายการเย็ดแม่.wav,297.426608,298.426608,เหี้ย,1.0,context_0.6,16000
C:\Users\muldi\Documents\Playground\University\senior-project-1\dataset\internet\clear\รายการเย็ดแม่.wav,297.52660799999995,298.52660799999995,เหี้ย,1.0,context_0.8,16000
C:\Users\muldi\Documents\Playground\University\senior-project-1\dataset\internet\clear\รายการเย็ดแม่.wav,299.60928900000005,300.60928900000005,กู,1.0,context_0.2,16000
C:\Users\muldi\Documents\Playground\University\senior-project-1\dataset\internet\clear\รายการเย็ดแม่.wav,299.709289,300.709289,กู,1.0,context_0.4,16000
C:\Users\muldi\Documents\Playground\University\senior-project-1\dataset\internet\clear\รายการเย็ดแม่.wav,299.80928900000004,300.80928900000004,กู,1.0,context_0.6,16000
C:\Users\muldi\Documents\Playground\University\senior-project-1\dataset\internet\clear\รายการเย็ดแม่.wav,299.909289,300.909289,กู,1.0,context_0.8,16000
C:\Users\muldi\Documents\Playground\University\senior-project-1\dataset\internet\clear\รายการเย็ดแม่.wav,404.68325600000003,405.68325600000003,กู,1.0,context_0.2,16000
C:\Users\muldi\Documents\Playground\University\senior-project-1\dataset\internet\clear\รายการเย็ดแม่.wav,404.783256,405.783256,กู,1.0,context_0.4,16000
C:\Users\muldi\Documents\Playground\University\senior-project-1\dataset\internet\clear\รายการเย็ดแม่.wav,404.883256,405.883256,กู,1.0,context_0.6,16000
C:\Users\muldi\Documents\Playground\University\senior-project-1\dataset\internet\clear\รายการเย็ดแม่.wav,404.983256,405.983256,กู,1.0,context_0.8,16000
C:\Users\muldi\Documents\Playground\University\senior-project-1\dataset\internet\clear\รายการเย็ดแม่.wav,420.29925849999995,421.29925849999995,เหี้ย,1.0,main,16000
C:\Users\muldi\Documents\Playground\University\senior-project-1\dataset\internet\clear\รายการเย็ดแม่.wav,432.11693,433.11693,เหี้ย,1.0,context_0.2,16000
C:\Users\muldi\Documents\Playground\University\senior-project-1\dataset\internet\clear\รายการเย็ดแม่.wav,432.21693,433.21693,เหี้ย,1.0,context_0.4,16000
C:\Users\muldi\Documents\Playground\University\senior-project-1\dataset\internet\clear\รายการเย็ดแม่.wav,432.31693,433.31693,เหี้ย,1.0,context_0.6,16000
C:\Users\muldi\Documents\Playground\University\senior-project-1\dataset\internet\clear\รายการเย็ดแม่.wav,432.41693,433.41693,เหี้ย,1.0,context_0.8,16000
C:\Users\muldi\Documents\Playground\University\senior-project-1\dataset\internet\clear\รายการเย็ดแม่.wav,435.39866700000005,436.39866700000005,เหี้ย,1.0,context_0.2,16000
C:\Users\muldi\Documents\Playground\University\senior-project-1\dataset\internet\clear\รายการเย็ดแม่.wav,435.498667,436.498667,เหี้ย,1.0,context_0.4,16000
C:\Users\muldi\Documents\Playground\University\senior-project-1\dataset\internet\clear\รายการเย็ดแม่.wav,435.59866700000003,436.59866700000003,เหี้ย,1.0,context_0.6,16000
C:\Users\muldi\Documents\Playground\University\senior-project-1\dataset\internet\clear\รายการเย็ดแม่.wav,435.698667,436.698667,เหี้ย,1.0,context_0.8,16000
C:\Users\muldi\Documents\Playground\University\senior-project-1\dataset\internet\clear\รายการเย็ดแม่.wav,444.03181,445.03181,เหี้ย,1.0,context_0.2,16000
C:\Users\muldi\Documents\Playground\University\senior-project-1\dataset\internet\clear\รายการเย็ดแม่.wav,444.13181,445.13181,เหี้ย,1.0,context_0.4,16000
C:\Users\muldi\Documents\Playground\University\senior-project-1\dataset\internet\clear\รายการเย็ดแม่.wav,444.23181,445.23181,เหี้ย,1.0,context_0.6,16000
C:\Users\muldi\Documents\Playground\University\senior-project-1\dataset\internet\clear\รายการเย็ดแม่.wav,444.33180999999996,445.33180999999996,เหี้ย,1.0,context_0.8,16000
C:\Users\muldi\Documents\Playground\University\senior-project-1\dataset\internet\clear\รายการเย็ดแม่.wav,482.56594,483.56594,กู,1.0,context_0.2,16000
C:\Users\muldi\Documents\Playground\University\senior-project-1\dataset\internet\clear\รายการเย็ดแม่.wav,482.66594,483.66594,กู,1.0,context_0.4,16000
C:\Users\muldi\Documents\Playground\University\senior-project-1\dataset\internet\clear\รายการเย็ดแม่.wav,482.76594,483.76594,กู,1.0,context_0.6,16000
C:\Users\muldi\Documents\Playground\University\senior-project-1\dataset\internet\clear\รายการเย็ดแม่.wav,482.86593999999997,483.86593999999997,กู,1.0,context_0.8,16000
C:\Users\muldi\Documents\Playground\University\senior-project-1\dataset\internet\clear\รายการเย็ดแม่.wav,492.036153,493.036153,เหี้ย,1.0,context_0.2,16000
C:\Users\muldi\Documents\Playground\University\senior-project-1\dataset\internet\clear\รายการเย็ดแม่.wav,492.136153,493.136153,เหี้ย,1.0,context_0.4,16000
C:\Users\muldi\Documents\Playground\University\senior-project-1\dataset\internet\clear\รายการเย็ดแม่.wav,492.236153,493.236153,เหี้ย,1.0,context_0.6,16000
C:\Users\muldi\Documents\Playground\University\senior-project-1\dataset\internet\clear\รายการเย็ดแม่.wav,492.33615299999997,493.33615299999997,เหี้ย,1.0,context_0.8,16000
C:\Users\muldi\Documents\Playground\University\senior-project-1\dataset\internet\clear\รายการเย็ดแม่.wav,493.40348400000005,494.40348400000005,กู,1.0,context_0.2,16000
C:\Users\muldi\Documents\Playground\University\senior-project-1\dataset\internet\clear\รายการเย็ดแม่.wav,493.503484,494.503484,กู,1.0,context_0.4,16000
C:\Users\muldi\Documents\Playground\University\senior-project-1\dataset\internet\clear\รายการเย็ดแม่.wav,493.60348400000004,494.60348400000004,กู,1.0,context_0.6,16000
C:\Users\muldi\Documents\Playground\University\senior-project-1\dataset\internet\clear\รายการเย็ดแม่.wav,493.703484,494.703484,กู,1.0,context_0.8,16000
C:\Users\muldi\Documents\Playground\University\senior-project-1\dataset\internet\clear\รายการเย็ดแม่.wav,508.158266,509.158266,เหี้ย,1.0,main,16000
C:\Users\muldi\Documents\Playground\University\senior-project-1\dataset\internet\clear\รายการเย็ดแม่.wav,509.798216,510.798216,กู,1.0,context_0.2,16000
C:\Users\muldi\Documents\Playground\University\senior-project-1\dataset\internet\clear\รายการเย็ดแม่.wav,509.898216,510.898216,กู,1.0,context_0.4,16000
C:\Users\muldi\Documents\Playground\University\senior-project-1\dataset\internet\clear\รายการเย็ดแม่.wav,509.998216,510.998216,กู,1.0,context_0.6,16000
C:\Users\muldi\Documents\Playground\University\senior-project-1\dataset\internet\clear\รายการเย็ดแม่.wav,510.098216,511.098216,กู,1.0,context_0.8,16000
C:\Users\muldi\Documents\Playground\University\senior-project-1\dataset\internet\clear\รายการเย็ดแม่.wav,516.811817,517.811817,กู,1.0,context_0.2,16000
C:\Users\muldi\Documents\Playground\University\senior-project-1\dataset\internet\clear\รายการเย็ดแม่.wav,516.911817,517.911817,กู,1.0,context_0.4,16000
C:\Users\muldi\Documents\Playground\University\senior-project-1\dataset\internet\clear\รายการเย็ดแม่.wav,517.011817,518.011817,กู,1.0,context_0.6,16000
C:\Users\muldi\Documents\Playground\University\senior-project-1\dataset\internet\clear\รายการเย็ดแม่.wav,517.111817,518.111817,กู,1.0,context_0.8,16000
C:\Users\muldi\Documents\Playground\University\senior-project-1\dataset\internet\clear\รายการเย็ดแม่.wav,518.104897,519.104897,กู,1.0,context_0.2,16000
C:\Users\muldi\Documents\Playground\University\senior-project-1\dataset\internet\clear\รายการเย็ดแม่.wav,518.2048970000001,519.2048970000001,กู,1.0,context_0.4,16000
C:\Users\muldi\Documents\Playground\University\senior-project-1\dataset\internet\clear\รายการเย็ดแม่.wav,518.304897,519.304897,กู,1.0,context_0.6,16000
C:\Users\muldi\Documents\Playground\University\senior-project-1\dataset\internet\clear\รายการเย็ดแม่.wav,518.404897,519.404897,กู,1.0,context_0.8,16000
C:\Users\muldi\Documents\Playground\University\senior-project-1\dataset\internet\clear\รายการเย็ดแม่.wav,519.682131,520.682131,กู,1.0,context_0.2,16000
C:\Users\muldi\Documents\Playground\University\senior-project-1\dataset\internet\clear\รายการเย็ดแม่.wav,519.782131,520.782131,กู,1.0,context_0.4,16000
C:\Users\muldi\Documents\Playground\University\senior-project-1\dataset\internet\clear\รายการเย็ดแม่.wav,519.882131,520.882131,กู,1.0,context_0.6,16000
C:\Users\muldi\Documents\Playground\University\senior-project-1\dataset\internet\clear\รายการเย็ดแม่.wav,519.982131,520.982131,กู,1.0,context_0.8,16000
C:\Users\muldi\Documents\Playground\University\senior-project-1\dataset\internet\clear\รายการเย็ดแม่.wav,559.89935,560.89935,มึง,1.0,context_0.2,16000
C:\Users\muldi\Documents\Playground\University\senior-project-1\dataset\internet\clear\รายการเย็ดแม่.wav,559.99935,560.99935,มึง,1.0,context_0.4,16000
C:\Users\muldi\Documents\Playground\University\senior-project-1\dataset\internet\clear\รายการเย็ดแม่.wav,560.09935,561.09935,มึง,1.0,context_0.6,16000
C:\Users\muldi\Documents\Playground\University\senior-project-1\dataset\internet\clear\รายการเย็ดแม่.wav,560.19935,561.19935,มึง,1.0,context_0.8,16000
C:\Users\muldi\Documents\Playground\University\senior-project-1\dataset\internet\clear\รายการเย็ดแม่.wav,572.200549,573.200549,เย็ด,1.0,context_0.2,16000
C:\Users\muldi\Documents\Playground\University\senior-project-1\dataset\internet\clear\รายการเย็ดแม่.wav,572.300549,573.300549,เย็ด,1.0,context_0.4,16000
C:\Users\muldi\Documents\Playground\University\senior-project-1\dataset\internet\clear\รายการเย็ดแม่.wav,572.400549,573.400549,เย็ด,1.0,context_0.6,16000
C:\Users\muldi\Documents\Playground\University\senior-project-1\dataset\internet\clear\รายการเย็ดแม่.wav,572.500549,573.500549,เย็ด,1.0,context_0.8,16000
C:\Users\muldi\Documents\Playground\University\senior-project-1\dataset\internet\clear\รายการเย็ดแม่.wav,578.684401,579.684401,เหี้ย,1.0,context_0.2,16000
C:\Users\muldi\Documents\Playground\University\senior-project-1\dataset\internet\clear\รายการเย็ดแม่.wav,578.784401,579.784401,เหี้ย,1.0,context_0.4,16000
C:\Users\muldi\Documents\Playground\University\senior-project-1\dataset\internet\clear\รายการเย็ดแม่.wav,578.8844009999999,579.8844009999999,เหี้ย,1.0,context_0.6,16000
C:\Users\muldi\Documents\Playground\University\senior-project-1\dataset\internet\clear\รายการเย็ดแม่.wav,578.9844009999999,579.9844009999999,เหี้ย,1.0,context_0.8,16000
C:\Users\muldi\Documents\Playground\University\senior-project-1\dataset\internet\clear\รายการเย็ดแม่.wav,580.5787690000001,581.5787690000001,กู,1.0,context_0.2,16000
C:\Users\muldi\Documents\Playground\University\senior-project-1\dataset\internet\clear\รายการเย็ดแม่.wav,580.6787690000001,581.6787690000001,กู,1.0,context_0.4,16000
C:\Users\muldi\Documents\Playground\University\senior-project-1\dataset\internet\clear\รายการเย็ดแม่.wav,580.778769,581.778769,กู,1.0,context_0.6,16000
C:\Users\muldi\Documents\Playground\University\senior-project-1\dataset\internet\clear\รายการเย็ดแม่.wav,580.878769,581.878769,กู,1.0,context_0.8,16000
C:\Users\muldi\Documents\Playground\University\senior-project-1\dataset\internet\clear\รายการเย็ดแม่.wav,581.940521,582.940521,เย็ด,1.0,context_0.2,16000
C:\Users\muldi\Documents\Playground\University\senior-project-1\dataset\internet\clear\รายการเย็ดแม่.wav,582.040521,583.040521,เย็ด,1.0,context_0.4,16000
C:\Users\muldi\Documents\Playground\University\senior-project-1\dataset\internet\clear\รายการเย็ดแม่.wav,582.1405209999999,583.1405209999999,เย็ด,1.0,context_0.6,16000
C:\Users\muldi\Documents\Playground\University\senior-project-1\dataset\internet\clear\รายการเย็ดแม่.wav,582.240521,583.240521,เย็ด,1.0,context_0.8,16000
C:\Users\muldi\Documents\Playground\University\senior-project-1\dataset\internet\clear\รายการเย็ดแม่.wav,583.645751,584.645751,เย็ด,1.0,context_0.2,16000
C:\Users\muldi\Documents\Playground\University\senior-project-1\dataset\internet\clear\รายการเย็ดแม่.wav,583.745751,584.745751,เย็ด,1.0,context_0.4,16000
C:\Users\muldi\Documents\Playground\University\senior-project-1\dataset\internet\clear\รายการเย็ดแม่.wav,583.845751,584.845751,เย็ด,1.0,context_0.6,16000
C:\Users\muldi\Documents\Playground\University\senior-project-1\dataset\internet\clear\รายการเย็ดแม่.wav,583.945751,584.945751,เย็ด,1.0,context_0.8,16000
C:\Users\muldi\Documents\Playground\University\senior-project-1\dataset\internet\clear\รายการเย็ดแม่.wav,588.410975,589.410975,เหี้ย,1.0,context_0.2,16000
C:\Users\muldi\Documents\Playground\University\senior-project-1\dataset\internet\clear\รายการเย็ดแม่.wav,588.510975,589.510975,เหี้ย,1.0,context_0.4,16000
C:\Users\muldi\Documents\Playground\University\senior-project-1\dataset\internet\clear\รายการเย็ดแม่.wav,588.6109749999999,589.6109749999999,เหี้ย,1.0,context_0.6,16000
C:\Users\muldi\Documents\Playground\University\senior-project-1\dataset\internet\clear\รายการเย็ดแม่.wav,588.710975,589.710975,เหี้ย,1.0,context_0.8,16000
C:\Users\muldi\Documents\Playground\University\senior-project-1\dataset\internet\clear\รายการเย็ดแม่.wav,595.555513,596.555513,มึง,1.0,context_0.2,16000
C:\Users\muldi\Documents\Playground\University\senior-project-1\dataset\internet\clear\รายการเย็ดแม่.wav,595.655513,596.655513,มึง,1.0,context_0.4,16000
C:\Users\muldi\Documents\Playground\University\senior-project-1\dataset\internet\clear\รายการเย็ดแม่.wav,595.755513,596.755513,มึง,1.0,context_0.6,16000
C:\Users\muldi\Documents\Playground\University\senior-project-1\dataset\internet\clear\รายการเย็ดแม่.wav,595.855513,596.855513,มึง,1.0,context_0.8,16000
C:\Users\muldi\Documents\Playground\University\senior-project-1\dataset\internet\clear\รายการเย็ดแม่.wav,609.101024,610.101024,เหี้ย,1.0,context_0.2,16000
C:\Users\muldi\Documents\Playground\University\senior-project-1\dataset\internet\clear\รายการเย็ดแม่.wav,609.2010240000001,610.2010240000001,เหี้ย,1.0,context_0.4,16000
C:\Users\muldi\Documents\Playground\University\senior-project-1\dataset\internet\clear\รายการเย็ดแม่.wav,609.301024,610.301024,เหี้ย,1.0,context_0.6,16000
C:\Users\muldi\Documents\Playground\University\senior-project-1\dataset\internet\clear\รายการเย็ดแม่.wav,609.401024,610.401024,เหี้ย,1.0,context_0.8,16000
C:\Users\muldi\Documents\Playground\University\senior-project-1\dataset\internet\clear\รายการเย็ดแม่.wav,643.344092,644.344092,เหี้ย,1.0,context_0.2,16000
C:\Users\muldi\Documents\Playground\University\senior-project-1\dataset\internet\clear\รายการเย็ดแม่.wav,643.4440920000001,644.4440920000001,เหี้ย,1.0,context_0.4,16000
C:\Users\muldi\Documents\Playground\University\senior-project-1\dataset\internet\clear\รายการเย็ดแม่.wav,643.544092,644.544092,เหี้ย,1.0,context_0.6,16000
C:\Users\muldi\Documents\Playground\University\senior-project-1\dataset\internet\clear\รายการเย็ดแม่.wav,643.644092,644.644092,เหี้ย,1.0,context_0.8,16000
C:\Users\muldi\Documents\Playground\University\senior-project-1\dataset\internet\clear\รายการเย็ดแม่.wav,650.181929,651.181929,กู,1.0,context_0.2,16000
C:\Users\muldi\Documents\Playground\University\senior-project-1\dataset\internet\clear\รายการเย็ดแม่.wav,650.281929,651.281929,กู,1.0,context_0.4,16000
C:\Users\muldi\Documents\Playground\University\senior-project-1\dataset\internet\clear\รายการเย็ดแม่.wav,650.3819289999999,651.3819289999999,กู,1.0,context_0.6,16000
C:\Users\muldi\Documents\Playground\University\senior-project-1\dataset\internet\clear\รายการเย็ดแม่.wav,650.4819289999999,651.4819289999999,กู,1.0,context_0.8,16000
C:\Users\muldi\Documents\Playground\University\senior-project-1\dataset\internet\clear\รายการเย็ดแม่.wav,651.58817,652.58817,กู,1.0,context_0.2,16000
C:\Users\muldi\Documents\Playground\University\senior-project-1\dataset\internet\clear\รายการเย็ดแม่.wav,651.68817,652.68817,กู,1.0,context_0.4,16000
C:\Users\muldi\Documents\Playground\University\senior-project-1\dataset\internet\clear\รายการเย็ดแม่.wav,651.7881699999999,652.7881699999999,กู,1.0,context_0.6,16000
C:\Users\muldi\Documents\Playground\University\senior-project-1\dataset\internet\clear\รายการเย็ดแม่.wav,651.88817,652.88817,กู,1.0,context_0.8,16000
C:\Users\muldi\Documents\Playground\University\senior-project-1\dataset\internet\clear\รายการเย็ดแม่.wav,652.950944,653.950944,เหี้ย,1.0,context_0.2,16000
C:\Users\muldi\Documents\Playground\University\senior-project-1\dataset\internet\clear\รายการเย็ดแม่.wav,653.0509440000001,654.0509440000001,เหี้ย,1.0,context_0.4,16000
C:\Users\muldi\Documents\Playground\University\senior-project-1\dataset\internet\clear\รายการเย็ดแม่.wav,653.150944,654.150944,เหี้ย,1.0,context_0.6,16000
C:\Users\muldi\Documents\Playground\University\senior-project-1\dataset\internet\clear\รายการเย็ดแม่.wav,653.250944,654.250944,เหี้ย,1.0,context_0.8,16000
C:\Users\muldi\Documents\Playground\University\senior-project-1\dataset\internet\clear\รายการเย็ดแม่.wav,656.882481,657.882481,เหี้ย,1.0,context_0.2,16000
C:\Users\muldi\Documents\Playground\University\senior-project-1\dataset\internet\clear\รายการเย็ดแม่.wav,656.982481,657.982481,เหี้ย,1.0,context_0.4,16000
C:\Users\muldi\Documents\Playground\University\senior-project-1\dataset\internet\clear\รายการเย็ดแม่.wav,657.0824809999999,658.0824809999999,เหี้ย,1.0,context_0.6,16000
C:\Users\muldi\Documents\Playground\University\senior-project-1\dataset\internet\clear\รายการเย็ดแม่.wav,657.1824809999999,658.1824809999999,เหี้ย,1.0,context_0.8,16000
C:\Users\muldi\Documents\Playground\University\senior-project-1\dataset\internet\clear\รายการเย็ดแม่.wav,659.1399905000001,660.1399905000001,เหี้ย,1.0,main,16000
C:\Users\muldi\Documents\Playground\University\senior-project-1\dataset\internet\clear\รายการเย็ดแม่.wav,669.611277,670.611277,เหี้ย,1.0,context_0.2,16000
C:\Users\muldi\Documents\Playground\University\senior-project-1\dataset\internet\clear\รายการเย็ดแม่.wav,669.711277,670.711277,เหี้ย,1.0,context_0.4,16000
C:\Users\muldi\Documents\Playground\University\senior-project-1\dataset\internet\clear\รายการเย็ดแม่.wav,669.8112769999999,670.8112769999999,เหี้ย,1.0,context_0.6,16000
C:\Users\muldi\Documents\Playground\University\senior-project-1\dataset\internet\clear\รายการเย็ดแม่.wav,669.9112769999999,670.9112769999999,เหี้ย,1.0,context_0.8,16000
C:\Users\muldi\Documents\Playground\University\senior-project-1\dataset\internet\clear\รายการเย็ดแม่.wav,669.83739,670.83739,เหี้ย,1.0,context_0.2,16000
C:\Users\muldi\Documents\Playground\University\senior-project-1\dataset\internet\clear\รายการเย็ดแม่.wav,669.93739,670.93739,เหี้ย,1.0,context_0.4,16000
C:\Users\muldi\Documents\Playground\University\senior-project-1\dataset\internet\clear\รายการเย็ดแม่.wav,670.03739,671.03739,เหี้ย,1.0,context_0.6,16000
C:\Users\muldi\Documents\Playground\University\senior-project-1\dataset\internet\clear\รายการเย็ดแม่.wav,670.13739,671.13739,เหี้ย,1.0,context_0.8,16000
C:\Users\muldi\Documents\Playground\University\senior-project-1\dataset\internet\clear\รายการเย็ดแม่.wav,674.844156,675.844156,เหี้ย,1.0,context_0.2,16000
C:\Users\muldi\Documents\Playground\University\senior-project-1\dataset\internet\clear\รายการเย็ดแม่.wav,674.944156,675.944156,เหี้ย,1.0,context_0.4,16000
C:\Users\muldi\Documents\Playground\University\senior-project-1\dataset\internet\clear\รายการเย็ดแม่.wav,675.0441559999999,676.0441559999999,เหี้ย,1.0,context_0.6,16000
C:\Users\muldi\Documents\Playground\University\senior-project-1\dataset\internet\clear\รายการเย็ดแม่.wav,675.144156,676.144156,เหี้ย,1.0,context_0.8,16000
C:\Users\muldi\Documents\Playground\University\senior-project-1\dataset\internet\clear\รายการเย็ดแม่.wav,702.301405,703.301405,เหี้ย,1.0,context_0.2,16000
C:\Users\muldi\Documents\Playground\University\senior-project-1\dataset\internet\clear\รายการเย็ดแม่.wav,702.4014050000001,703.4014050000001,เหี้ย,1.0,context_0.4,16000
C:\Users\muldi\Documents\Playground\University\senior-project-1\dataset\internet\clear\รายการเย็ดแม่.wav,702.501405,703.501405,เหี้ย,1.0,context_0.6,16000
C:\Users\muldi\Documents\Playground\University\senior-project-1\dataset\internet\clear\รายการเย็ดแม่.wav,702.601405,703.601405,เหี้ย,1.0,context_0.8,16000
C:\Users\muldi\Documents\Playground\University\senior-project-1\dataset\internet\clear\รายการเย็ดแม่.wav,713.3088220000001,714.3088220000001,กู,1.0,context_0.2,16000
C:\Users\muldi\Documents\Playground\University\senior-project-1\dataset\internet\clear\รายการเย็ดแม่.wav,713.4088220000001,714.4088220000001,กู,1.0,context_0.4,16000
C:\Users\muldi\Documents\Playground\University\senior-project-1\dataset\internet\clear\รายการเย็ดแม่.wav,713.508822,714.508822,กู,1.0,context_0.6,16000
C:\Users\muldi\Documents\Playground\University\senior-project-1\dataset\internet\clear\รายการเย็ดแม่.wav,713.608822,714.608822,กู,1.0,context_0.8,16000
C:\Users\muldi\Documents\Playground\University\senior-project-1\dataset\internet\clear\รายการเย็ดแม่.wav,745.3011260000001,746.3011260000001,กู,1.0,context_0.2,16000
C:\Users\muldi\Documents\Playground\University\senior-project-1\dataset\internet\clear\รายการเย็ดแม่.wav,745.4011260000001,746.4011260000001,กู,1.0,context_0.4,16000
C:\Users\muldi\Documents\Playground\University\senior-project-1\dataset\internet\clear\รายการเย็ดแม่.wav,745.501126,746.501126,กู,1.0,context_0.6,16000
C:\Users\muldi\Documents\Playground\University\senior-project-1\dataset\internet\clear\รายการเย็ดแม่.wav,745.601126,746.601126,กู,1.0,context_0.8,16000
C:\Users\muldi\Documents\Playground\University\senior-project-1\dataset\internet\clear\รายการเย็ดแม่.wav,746.599046,747.599046,กู,1.0,context_0.2,16000
C:\Users\muldi\Documents\Playground\University\senior-project-1\dataset\internet\clear\รายการเย็ดแม่.wav,746.6990460000001,747.6990460000001,กู,1.0,context_0.4,16000
C:\Users\muldi\Documents\Playground\University\senior-project-1\dataset\internet\clear\รายการเย็ดแม่.wav,746.799046,747.799046,กู,1.0,context_0.6,16000
C:\Users\muldi\Documents\Playground\University\senior-project-1\dataset\internet\clear\รายการเย็ดแม่.wav,746.899046,747.899046,กู,1.0,context_0.8,16000
C:\Users\muldi\Documents\Playground\University\senior-project-1\dataset\internet\clear\รายการเย็ดแม่.wav,747.911149,748.911149,กู,1.0,context_0.2,16000
C:\Users\muldi\Documents\Playground\University\senior-project-1\dataset\internet\clear\รายการเย็ดแม่.wav,748.011149,749.011149,กู,1.0,context_0.4,16000
C:\Users\muldi\Documents\Playground\University\senior-project-1\dataset\internet\clear\รายการเย็ดแม่.wav,748.111149,749.111149,กู,1.0,context_0.6,16000
C:\Users\muldi\Documents\Playground\University\senior-project-1\dataset\internet\clear\รายการเย็ดแม่.wav,748.211149,749.211149,กู,1.0,context_0.8,16000
C:\Users\muldi\Documents\Playground\University\senior-project-1\dataset\internet\clear\รายการเย็ดแม่.wav,749.2310620000001,750.2310620000001,กู,1.0,context_0.2,16000
C:\Users\muldi\Documents\Playground\University\senior-project-1\dataset\internet\clear\รายการเย็ดแม่.wav,749.3310620000001,750.3310620000001,กู,1.0,context_0.4,16000
C:\Users\muldi\Documents\Playground\University\senior-project-1\dataset\internet\clear\รายการเย็ดแม่.wav,749.431062,750.431062,กู,1.0,context_0.6,16000
C:\Users\muldi\Documents\Playground\University\senior-project-1\dataset\internet\clear\รายการเย็ดแม่.wav,749.531062,750.531062,กู,1.0,context_0.8,16000
C:\Users\muldi\Documents\Playground\University\senior-project-1\dataset\internet\clear\รายการเย็ดแม่.wav,752.122671,753.122671,เหี้ย,1.0,main,16000
C:\Users\muldi\Documents\Playground\University\senior-project-1\dataset\internet\clear\รายการเย็ดแม่.wav,773.8824105,774.8824105,กู,1.0,main,16000
C:\Users\muldi\Documents\Playground\University\senior-project-1\dataset\internet\clear\รายการเย็ดแม่.wav,783.36564,784.36564,เหี้ย,1.0,context_0.2,16000
C:\Users\muldi\Documents\Playground\University\senior-project-1\dataset\internet\clear\รายการเย็ดแม่.wav,783.46564,784.46564,เหี้ย,1.0,context_0.4,16000
C:\Users\muldi\Documents\Playground\University\senior-project-1\dataset\internet\clear\รายการเย็ดแม่.wav,783.5656399999999,784.5656399999999,เหี้ย,1.0,context_0.6,16000
C:\Users\muldi\Documents\Playground\University\senior-project-1\dataset\internet\clear\รายการเย็ดแม่.wav,783.6656399999999,784.6656399999999,เหี้ย,1.0,context_0.8,16000
C:\Users\muldi\Documents\Playground\University\senior-project-1\dataset\internet\clear\รายการเย็ดแม่.wav,784.5855700000001,785.5855700000001,เหี้ย,1.0,context_0.2,16000
C:\Users\muldi\Documents\Playground\University\senior-project-1\dataset\internet\clear\รายการเย็ดแม่.wav,784.6855700000001,785.6855700000001,เหี้ย,1.0,context_0.4,16000
C:\Users\muldi\Documents\Playground\University\senior-project-1\dataset\internet\clear\รายการเย็ดแม่.wav,784.78557,785.78557,เหี้ย,1.0,context_0.6,16000
C:\Users\muldi\Documents\Playground\University\senior-project-1\dataset\internet\clear\รายการเย็ดแม่.wav,784.88557,785.88557,เหี้ย,1.0,context_0.8,16000
C:\Users\muldi\Documents\Playground\University\senior-project-1\dataset\internet\clear\รายการเย็ดแม่.wav,788.63354,789.63354,เหี้ย,1.0,context_0.2,16000
C:\Users\muldi\Documents\Playground\University\senior-project-1\dataset\internet\clear\รายการเย็ดแม่.wav,788.7335400000001,789.7335400000001,เหี้ย,1.0,context_0.4,16000
C:\Users\muldi\Documents\Playground\University\senior-project-1\dataset\internet\clear\รายการเย็ดแม่.wav,788.83354,789.83354,เหี้ย,1.0,context_0.6,16000
C:\Users\muldi\Documents\Playground\University\senior-project-1\dataset\internet\clear\รายการเย็ดแม่.wav,788.93354,789.93354,เหี้ย,1.0,context_0.8,16000
C:\Users\muldi\Documents\Playground\University\senior-project-1\dataset\internet\clear\รายการเย็ดแม่.wav,791.434966,792.434966,มึง,1.0,context_0.2,16000
C:\Users\muldi\Documents\Playground\University\senior-project-1\dataset\internet\clear\รายการเย็ดแม่.wav,791.534966,792.534966,มึง,1.0,context_0.4,16000
C:\Users\muldi\Documents\Playground\University\senior-project-1\dataset\internet\clear\รายการเย็ดแม่.wav,791.634966,792.634966,มึง,1.0,context_0.6,16000
C:\Users\muldi\Documents\Playground\University\senior-project-1\dataset\internet\clear\รายการเย็ดแม่.wav,791.734966,792.734966,มึง,1.0,context_0.8,16000
C:\Users\muldi\Documents\Playground\University\senior-project-1\dataset\internet\clear\รายการเย็ดแม่.wav,792.526039,793.526039,มึง,1.0,context_0.2,16000
C:\Users\muldi\Documents\Playground\University\senior-project-1\dataset\internet\clear\รายการเย็ดแม่.wav,792.626039,793.626039,มึง,1.0,context_0.4,16000
C:\Users\muldi\Documents\Playground\University\senior-project-1\dataset\internet\clear\รายการเย็ดแม่.wav,792.7260389999999,793.7260389999999,มึง,1.0,context_0.6,16000
C:\Users\muldi\Documents\Playground\University\senior-project-1\dataset\internet\clear\รายการเย็ดแม่.wav,792.8260389999999,793.8260389999999,มึง,1.0,context_0.8,16000
C:\Users\muldi\Documents\Playground\University\senior-project-1\dataset\internet\clear\รายการเย็ดแม่.wav,797.309027,798.309027,กู,1.0,context_0.2,16000
C:\Users\muldi\Documents\Playground\University\senior-project-1\dataset\internet\clear\รายการเย็ดแม่.wav,797.409027,798.409027,กู,1.0,context_0.4,16000
C:\Users\muldi\Documents\Playground\University\senior-project-1\dataset\internet\clear\รายการเย็ดแม่.wav,797.509027,798.509027,กู,1.0,context_0.6,16000
C:\Users\muldi\Documents\Playground\University\senior-project-1\dataset\internet\clear\รายการเย็ดแม่.wav,797.609027,798.609027,กู,1.0,context_0.8,16000
C:\Users\muldi\Documents\Playground\University\senior-project-1\dataset\internet\clear\รายการเย็ดแม่.wav,798.108588,799.108588,เย็ด,1.0,context_0.2,16000
C:\Users\muldi\Documents\Playground\University\senior-project-1\dataset\internet\clear\รายการเย็ดแม่.wav,798.2085880000001,799.2085880000001,เย็ด,1.0,context_0.4,16000
C:\Users\muldi\Documents\Playground\University\senior-project-1\dataset\internet\clear\รายการเย็ดแม่.wav,798.308588,799.308588,เย็ด,1.0,context_0.6,16000
C:\Users\muldi\Documents\Playground\University\senior-project-1\dataset\internet\clear\รายการเย็ดแม่.wav,798.408588,799.408588,เย็ด,1.0,context_0.8,16000
C:\Users\muldi\Documents\Playground\University\senior-project-1\dataset\internet\clear\รายการเย็ดแม่.wav,815.314505,816.314505,เหี้ย,1.0,context_0.2,16000
C:\Users\muldi\Documents\Playground\University\senior-project-1\dataset\internet\clear\รายการเย็ดแม่.wav,815.4145050000001,816.4145050000001,เหี้ย,1.0,context_0.4,16000
C:\Users\muldi\Documents\Playground\University\senior-project-1\dataset\internet\clear\รายการเย็ดแม่.wav,815.514505,816.514505,เหี้ย,1.0,context_0.6,16000
C:\Users\muldi\Documents\Playground\University\senior-project-1\dataset\internet\clear\รายการเย็ดแม่.wav,815.614505,816.614505,เหี้ย,1.0,context_0.8,16000
C:\Users\muldi\Documents\Playground\University\senior-project-1\dataset\internet\clear\รายการเย็ดแม่.wav,816.5100610000001,817.5100610000001,กู,1.0,context_0.2,16000
C:\Users\muldi\Documents\Playground\University\senior-project-1\dataset\internet\clear\รายการเย็ดแม่.wav,816.6100610000001,817.6100610000001,กู,1.0,context_0.4,16000
C:\Users\muldi\Documents\Playground\University\senior-project-1\dataset\internet\clear\รายการเย็ดแม่.wav,816.710061,817.710061,กู,1.0,context_0.6,16000
C:\Users\muldi\Documents\Playground\University\senior-project-1\dataset\internet\clear\รายการเย็ดแม่.wav,816.810061,817.810061,กู,1.0,context_0.8,16000
C:\Users\muldi\Documents\Playground\University\senior-project-1\dataset\internet\clear\รายการเย็ดแม่.wav,818.411827,819.411827,กู,1.0,context_0.2,16000
C:\Users\muldi\Documents\Playground\University\senior-project-1\dataset\internet\clear\รายการเย็ดแม่.wav,818.511827,819.511827,กู,1.0,context_0.4,16000
C:\Users\muldi\Documents\Playground\University\senior-project-1\dataset\internet\clear\รายการเย็ดแม่.wav,818.611827,819.611827,กู,1.0,context_0.6,16000
C:\Users\muldi\Documents\Playground\University\senior-project-1\dataset\internet\clear\รายการเย็ดแม่.wav,818.711827,819.711827,กู,1.0,context_0.8,16000
C:\Users\muldi\Documents\Playground\University\senior-project-1\dataset\internet\clear\รายการเย็ดแม่.wav,822.455039,823.455039,เหี้ย,1.0,context_0.2,16000
C:\Users\muldi\Documents\Playground\University\senior-project-1\dataset\internet\clear\รายการเย็ดแม่.wav,822.5550390000001,823.5550390000001,เหี้ย,1.0,context_0.4,16000
C:\Users\muldi\Documents\Playground\University\senior-project-1\dataset\internet\clear\รายการเย็ดแม่.wav,822.655039,823.655039,เหี้ย,1.0,context_0.6,16000
C:\Users\muldi\Documents\Playground\University\senior-project-1\dataset\internet\clear\รายการเย็ดแม่.wav,822.755039,823.755039,เหี้ย,1.0,context_0.8,16000
C:\Users\muldi\Documents\Playground\University\senior-project-1\dataset\internet\clear\รายการเย็ดแม่.wav,876.719001,877.719001,กู,1.0,context_0.2,16000
C:\Users\muldi\Documents\Playground\University\senior-project-1\dataset\internet\clear\รายการเย็ดแม่.wav,876.8190010000001,877.8190010000001,กู,1.0,context_0.4,16000
C:\Users\muldi\Documents\Playground\University\senior-project-1\dataset\internet\clear\รายการเย็ดแม่.wav,876.919001,877.919001,กู,1.0,context_0.6,16000
C:\Users\muldi\Documents\Playground\University\senior-project-1\dataset\internet\clear\รายการเย็ดแม่.wav,877.019001,878.019001,กู,1.0,context_0.8,16000
C:\Users\muldi\Documents\Playground\University\senior-project-1\dataset\internet\clear\รายการเย็ดแม่.wav,878.8575490000001,879.8575490000001,กู,1.0,context_0.2,16000
C:\Users\muldi\Documents\Playground\University\senior-project-1\dataset\internet\clear\รายการเย็ดแม่.wav,878.9575490000001,879.9575490000001,กู,1.0,context_0.4,16000
C:\Users\muldi\Documents\Playground\University\senior-project-1\dataset\internet\clear\รายการเย็ดแม่.wav,879.057549,880.057549,กู,1.0,context_0.6,16000
C:\Users\muldi\Documents\Playground\University\senior-project-1\dataset\internet\clear\รายการเย็ดแม่.wav,879.157549,880.157549,กู,1.0,context_0.8,16000
C:\Users\muldi\Documents\Playground\University\senior-project-1\dataset\internet\clear\รายการเย็ดแม่.wav,934.4169830000001,935.4169830000001,เย็ด,1.0,context_0.2,16000
C:\Users\muldi\Documents\Playground\University\senior-project-1\dataset\internet\clear\รายการเย็ดแม่.wav,934.5169830000001,935.5169830000001,เย็ด,1.0,context_0.4,16000
C:\Users\muldi\Documents\Playground\University\senior-project-1\dataset\internet\clear\รายการเย็ดแม่.wav,934.616983,935.616983,เย็ด,1.0,context_0.6,16000
C:\Users\muldi\Documents\Playground\University\senior-project-1\dataset\internet\clear\รายการเย็ดแม่.wav,934.716983,935.716983,เย็ด,1.0,context_0.8,16000
C:\Users\muldi\Documents\Playground\University\senior-project-1\dataset\internet\clear\รายการเย็ดแม่.wav,943.410357,944.410357,กู,1.0,context_0.2,16000
C:\Users\muldi\Documents\Playground\University\senior-project-1\dataset\internet\clear\รายการเย็ดแม่.wav,943.510357,944.510357,กู,1.0,context_0.4,16000
C:\Users\muldi\Documents\Playground\University\senior-project-1\dataset\internet\clear\รายการเย็ดแม่.wav,943.6103569999999,944.6103569999999,กู,1.0,context_0.6,16000
C:\Users\muldi\Documents\Playground\University\senior-project-1\dataset\internet\clear\รายการเย็ดแม่.wav,943.7103569999999,944.7103569999999,กู,1.0,context_0.8,16000
C:\Users\muldi\Documents\Playground\University\senior-project-1\dataset\internet\clear\รายการเย็ดแม่.wav,943.878358,944.878358,กู,1.0,context_0.2,16000
C:\Users\muldi\Documents\Playground\University\senior-project-1\dataset\internet\clear\รายการเย็ดแม่.wav,943.9783580000001,944.9783580000001,กู,1.0,context_0.4,16000
C:\Users\muldi\Documents\Playground\University\senior-project-1\dataset\internet\clear\รายการเย็ดแม่.wav,944.078358,945.078358,กู,1.0,context_0.6,16000
C:\Users\muldi\Documents\Playground\University\senior-project-1\dataset\internet\clear\รายการเย็ดแม่.wav,944.178358,945.178358,กู,1.0,context_0.8,16000
C:\Users\muldi\Documents\Playground\University\senior-project-1\dataset\internet\clear\รายการเย็ดแม่.wav,951.3877170000001,952.3877170000001,เย็ด,1.0,context_0.2,16000
C:\Users\muldi\Documents\Playground\University\senior-project-1\dataset\internet\clear\รายการเย็ดแม่.wav,951.4877170000001,952.4877170000001,เย็ด,1.0,context_0.4,16000
C:\Users\muldi\Documents\Playground\University\senior-project-1\dataset\internet\clear\รายการเย็ดแม่.wav,951.587717,952.587717,เย็ด,1.0,context_0.6,16000
C:\Users\muldi\Documents\Playground\University\senior-project-1\dataset\internet\clear\รายการเย็ดแม่.wav,951.687717,952.687717,เย็ด,1.0,context_0.8,16000
C:\Users\muldi\Documents\Playground\University\senior-project-1\dataset\internet\clear\รายการเย็ดแม่.wav,955.597899,956.597899,กู,1.0,context_0.2,16000
C:\Users\muldi\Documents\Playground\University\senior-project-1\dataset\internet\clear\รายการเย็ดแม่.wav,955.697899,956.697899,กู,1.0,context_0.4,16000
C:\Users\muldi\Documents\Playground\University\senior-project-1\dataset\internet\clear\รายการเย็ดแม่.wav,955.7978989999999,956.7978989999999,กู,1.0,context_0.6,16000
C:\Users\muldi\Documents\Playground\University\senior-project-1\dataset\internet\clear\รายการเย็ดแม่.wav,955.8978989999999,956.8978989999999,กู,1.0,context_0.8,16000
C:\Users\muldi\Documents\Playground\University\senior-project-1\dataset\internet\clear\รายการเย็ดแม่.wav,959.900035,960.900035,กู,1.0,context_0.2,16000
C:\Users\muldi\Documents\Playground\University\senior-project-1\dataset\internet\clear\รายการเย็ดแม่.wav,960.000035,961.000035,กู,1.0,context_0.4,16000
C:\Users\muldi\Documents\Playground\University\senior-project-1\dataset\internet\clear\รายการเย็ดแม่.wav,960.1000349999999,961.1000349999999,กู,1.0,context_0.6,16000
C:\Users\muldi\Documents\Playground\University\senior-project-1\dataset\internet\clear\รายการเย็ดแม่.wav,960.200035,961.200035,กู,1.0,context_0.8,16000
C:\Users\muldi\Documents\Playground\University\senior-project-1\dataset\internet\clear\รายการเย็ดแม่.wav,0.0,1.0,none,1.0,none_sample,16000
C:\Users\muldi\Documents\Playground\University\senior-project-1\dataset\internet\clear\รายการเย็ดแม่.wav,1.0,2.0,none,1.0,none_sample,16000
C:\Users\muldi\Documents\Playground\University\senior-project-1\dataset\internet\clear\รายการเย็ดแม่.wav,3.000000000000001,4.000000000000001,none,1.0,none_sample,16000
C:\Users\muldi\Documents\Playground\University\senior-project-1\dataset\internet\clear\รายการเย็ดแม่.wav,4.000000000000001,5.000000000000001,none,1.0,none_sample,16000
C:\Users\muldi\Documents\Playground\University\senior-project-1\dataset\internet\clear\รายการเย็ดแม่.wav,5.000000000000001,6.000000000000001,none,1.0,none_sample,16000
C:\Users\muldi\Documents\Playground\University\senior-project-1\dataset\internet\clear\รายการเย็ดแม่.wav,6.000000000000001,7.000000000000001,none,1.0,none_sample,16000
C:\Users\muldi\Documents\Playground\University\senior-project-1\dataset\internet\clear\รายการเย็ดแม่.wav,7.000000000000001,8.0,none,1.0,none_sample,16000
C:\Users\muldi\Documents\Playground\University\senior-project-1\dataset\internet\clear\รายการเย็ดแม่.wav,8.0,9.0,none,1.0,none_sample,16000
C:\Users\muldi\Documents\Playground\University\senior-project-1\dataset\internet\clear\รายการเย็ดแม่.wav,9.0,10.0,none,1.0,none_sample,16000
C:\Users\muldi\Documents\Playground\University\senior-project-1\dataset\internet\clear\รายการเย็ดแม่.wav,10.0,11.0,none,1.0,none_sample,16000
C:\Users\muldi\Documents\Playground\University\senior-project-1\dataset\internet\clear\รายการเย็ดแม่.wav,11.0,12.0,none,1.0,none_sample,16000
C:\Users\muldi\Documents\Playground\University\senior-project-1\dataset\internet\clear\รายการเย็ดแม่.wav,12.0,13.0,none,1.0,none_sample,16000
C:\Users\muldi\Documents\Playground\University\senior-project-1\dataset\internet\clear\รายการเย็ดแม่.wav,13.0,14.0,none,1.0,none_sample,16000
C:\Users\muldi\Documents\Playground\University\senior-project-1\dataset\internet\clear\รายการเย็ดแม่.wav,14.0,15.0,none,1.0,none_sample,16000
C:\Users\muldi\Documents\Playground\University\senior-project-1\dataset\internet\clear\รายการเย็ดแม่.wav,15.0,16.0,none,1.0,none_sample,16000
C:\Users\muldi\Documents\Playground\University\senior-project-1\dataset\internet\clear\รายการเย็ดแม่.wav,16.0,17.0,none,1.0,none_sample,16000
C:\Users\muldi\Documents\Playground\University\senior-project-1\dataset\internet\clear\รายการเย็ดแม่.wav,17.0,18.0,none,1.0,none_sample,16000
C:\Users\muldi\Documents\Playground\University\senior-project-1\dataset\internet\clear\รายการเย็ดแม่.wav,18.0,19.0,none,1.0,none_sample,16000
C:\Users\muldi\Documents\Playground\University\senior-project-1\dataset\internet\clear\รายการเย็ดแม่.wav,19.0,20.0,none,1.0,none_sample,16000
C:\Users\muldi\Documents\Playground\University\senior-project-1\dataset\internet\clear\รายการเย็ดแม่.wav,20.0,21.0,none,1.0,none_sample,16000
C:\Users\muldi\Documents\Playground\University\senior-project-1\dataset\internet\clear\รายการเย็ดแม่.wav,21.0,22.0,none,1.0,none_sample,16000
C:\Users\muldi\Documents\Playground\University\senior-project-1\dataset\internet\clear\รายการเย็ดแม่.wav,22.0,23.0,none,1.0,none_sample,16000
C:\Users\muldi\Documents\Playground\University\senior-project-1\dataset\internet\clear\รายการเย็ดแม่.wav,23.0,24.0,none,1.0,none_sample,16000
C:\Users\muldi\Documents\Playground\University\senior-project-1\dataset\internet\clear\รายการเย็ดแม่.wav,24.0,25.0,none,1.0,none_sample,16000
C:\Users\muldi\Documents\Playground\University\senior-project-1\dataset\internet\clear\รายการเย็ดแม่.wav,25.0,26.0,none,1.0,none_sample,16000
C:\Users\muldi\Documents\Playground\University\senior-project-1\dataset\internet\clear\รายการเย็ดแม่.wav,26.0,27.0,none,1.0,none_sample,16000
C:\Users\muldi\Documents\Playground\University\senior-project-1\dataset\internet\clear\รายการเย็ดแม่.wav,28.200000000000017,29.200000000000017,none,1.0,none_sample,16000
C:\Users\muldi\Documents\Playground\University\senior-project-1\dataset\internet\clear\รายการเย็ดแม่.wav,29.200000000000017,30.200000000000017,none,1.0,none_sample,16000
C:\Users\muldi\Documents\Playground\University\senior-project-1\dataset\internet\clear\รายการเย็ดแม่.wav,30.200000000000017,31.200000000000017,none,1.0,none_sample,16000
C:\Users\muldi\Documents\Playground\University\senior-project-1\dataset\internet\clear\รายการเย็ดแม่.wav,31.200000000000017,32.20000000000002,none,1.0,none_sample,16000
C:\Users\muldi\Documents\Playground\University\senior-project-1\dataset\internet\clear\รายการเย็ดแม่.wav,32.800000000000026,33.800000000000026,none,1.0,none_sample,16000
C:\Users\muldi\Documents\Playground\University\senior-project-1\dataset\internet\clear\รายการเย็ดแม่.wav,35.60000000000005,36.60000000000005,none,1.0,none_sample,16000
C:\Users\muldi\Documents\Playground\University\senior-project-1\dataset\internet\clear\รายการเย็ดแม่.wav,37.10000000000006,38.10000000000006,none,1.0,none_sample,16000
C:\Users\muldi\Documents\Playground\University\senior-project-1\dataset\internet\clear\รายการเย็ดแม่.wav,38.10000000000006,39.10000000000006,none,1.0,none_sample,16000
C:\Users\muldi\Documents\Playground\University\senior-project-1\dataset\internet\clear\รายการเย็ดแม่.wav,39.10000000000006,40.10000000000006,none,1.0,none_sample,16000
C:\Users\muldi\Documents\Playground\University\senior-project-1\dataset\internet\clear\รายการเย็ดแม่.wav,40.10000000000006,41.10000000000006,none,1.0,none_sample,16000
C:\Users\muldi\Documents\Playground\University\senior-project-1\dataset\internet\clear\รายการเย็ดแม่.wav,41.10000000000006,42.10000000000006,none,1.0,none_sample,16000
C:\Users\muldi\Documents\Playground\University\senior-project-1\dataset\internet\clear\รายการเย็ดแม่.wav,42.10000000000006,43.10000000000006,none,1.0,none_sample,16000
C:\Users\muldi\Documents\Playground\University\senior-project-1\dataset\internet\clear\รายการเย็ดแม่.wav,43.10000000000006,44.10000000000006,none,1.0,none_sample,16000
C:\Users\muldi\Documents\Playground\University\senior-project-1\dataset\internet\clear\รายการเย็ดแม่.wav,44.10000000000006,45.10000000000006,none,1.0,none_sample,16000
C:\Users\muldi\Documents\Playground\University\senior-project-1\dataset\internet\clear\รายการเย็ดแม่.wav,45.10000000000006,46.10000000000006,none,1.0,none_sample,16000
C:\Users\muldi\Documents\Playground\University\senior-project-1\dataset\internet\clear\รายการเย็ดแม่.wav,46.10000000000006,47.10000000000006,none,1.0,none_sample,16000
C:\Users\muldi\Documents\Playground\University\senior-project-1\dataset\internet\clear\รายการเย็ดแม่.wav,47.10000000000006,48.10000000000006,none,1.0,none_sample,16000
C:\Users\muldi\Documents\Playground\University\senior-project-1\dataset\internet\clear\รายการเย็ดแม่.wav,48.10000000000006,49.10000000000006,none,1.0,none_sample,16000
C:\Users\muldi\Documents\Playground\University\senior-project-1\dataset\internet\clear\รายการเย็ดแม่.wav,49.10000000000006,50.10000000000006,none,1.0,none_sample,16000
C:\Users\muldi\Documents\Playground\University\senior-project-1\dataset\internet\clear\รายการเย็ดแม่.wav,50.10000000000006,51.10000000000006,none,1.0,none_sample,16000
C:\Users\muldi\Documents\Playground\University\senior-project-1\dataset\internet\clear\รายการเย็ดแม่.wav,51.10000000000006,52.10000000000006,none,1.0,none_sample,16000
C:\Users\muldi\Documents\Playground\University\senior-project-1\dataset\internet\clear\รายการเย็ดแม่.wav,52.10000000000006,53.10000000000006,none,1.0,none_sample,16000
C:\Users\muldi\Documents\Playground\University\senior-project-1\dataset\internet\clear\รายการเย็ดแม่.wav,53.10000000000006,54.10000000000006,none,1.0,none_sample,16000
C:\Users\muldi\Documents\Playground\University\senior-project-1\dataset\internet\clear\รายการเย็ดแม่.wav,54.10000000000006,55.10000000000006,none,1.0,none_sample,16000
C:\Users\muldi\Documents\Playground\University\senior-project-1\dataset\internet\clear\รายการเย็ดแม่.wav,55.10000000000006,56.10000000000006,none,1.0,none_sample,16000
C:\Users\muldi\Documents\Playground\University\senior-project-1\dataset\internet\clear\รายการเย็ดแม่.wav,56.10000000000006,57.10000000000006,none,1.0,none_sample,16000
C:\Users\muldi\Documents\Playground\University\senior-project-1\dataset\internet\clear\รายการเย็ดแม่.wav,57.10000000000006,58.10000000000006,none,1.0,none_sample,16000
C:\Users\muldi\Documents\Playground\University\senior-project-1\dataset\internet\clear\รายการเย็ดแม่.wav,58.10000000000006,59.10000000000006,none,1.0,none_sample,16000
C:\Users\muldi\Documents\Playground\University\senior-project-1\dataset\internet\clear\รายการเย็ดแม่.wav,59.10000000000006,60.10000000000006,none,1.0,none_sample,16000
C:\Users\muldi\Documents\Playground\University\senior-project-1\dataset\internet\clear\รายการเย็ดแม่.wav,60.10000000000006,61.10000000000006,none,1.0,none_sample,16000
C:\Users\muldi\Documents\Playground\University\senior-project-1\dataset\internet\clear\รายการเย็ดแม่.wav,61.10000000000006,62.10000000000006,none,1.0,none_sample,16000
C:\Users\muldi\Documents\Playground\University\senior-project-1\dataset\internet\clear\รายการเย็ดแม่.wav,62.10000000000006,63.10000000000006,none,1.0,none_sample,16000
C:\Users\muldi\Documents\Playground\University\senior-project-1\dataset\internet\clear\รายการเย็ดแม่.wav,63.10000000000006,64.10000000000005,none,1.0,none_sample,16000
C:\Users\muldi\Documents\Playground\University\senior-project-1\dataset\internet\clear\รายการเย็ดแม่.wav,64.10000000000005,65.10000000000005,none,1.0,none_sample,16000
C:\Users\muldi\Documents\Playground\University\senior-project-1\dataset\internet\clear\รายการเย็ดแม่.wav,65.10000000000005,66.10000000000005,none,1.0,none_sample,16000
C:\Users\muldi\Documents\Playground\University\senior-project-1\dataset\internet\clear\รายการเย็ดแม่.wav,66.10000000000005,67.10000000000005,none,1.0,none_sample,16000
C:\Users\muldi\Documents\Playground\University\senior-project-1\dataset\internet\clear\รายการเย็ดแม่.wav,67.10000000000005,68.10000000000005,none,1.0,none_sample,16000
C:\Users\muldi\Documents\Playground\University\senior-project-1\dataset\internet\clear\รายการเย็ดแม่.wav,68.10000000000005,69.10000000000005,none,1.0,none_sample,16000
C:\Users\muldi\Documents\Playground\University\senior-project-1\dataset\internet\clear\รายการเย็ดแม่.wav,69.10000000000005,70.10000000000005,none,1.0,none_sample,16000
C:\Users\muldi\Documents\Playground\University\senior-project-1\dataset\internet\clear\รายการเย็ดแม่.wav,70.10000000000005,71.10000000000005,none,1.0,none_sample,16000
C:\Users\muldi\Documents\Playground\University\senior-project-1\dataset\internet\clear\รายการเย็ดแม่.wav,71.10000000000005,72.10000000000005,none,1.0,none_sample,16000
C:\Users\muldi\Documents\Playground\University\senior-project-1\dataset\internet\clear\รายการเย็ดแม่.wav,72.10000000000005,73.10000000000005,none,1.0,none_sample,16000
C:\Users\muldi\Documents\Playground\University\senior-project-1\dataset\internet\clear\รายการเย็ดแม่.wav,73.10000000000005,74.10000000000005,none,1.0,none_sample,16000
C:\Users\muldi\Documents\Playground\University\senior-project-1\dataset\internet\clear\รายการเย็ดแม่.wav,74.10000000000005,75.10000000000005,none,1.0,none_sample,16000
C:\Users\muldi\Documents\Playground\University\senior-project-1\dataset\internet\clear\รายการเย็ดแม่.wav,75.10000000000005,76.10000000000005,none,1.0,none_sample,16000
C:\Users\muldi\Documents\Playground\University\senior-project-1\dataset\internet\clear\รายการเย็ดแม่.wav,76.10000000000005,77.10000000000005,none,1.0,none_sample,16000
C:\Users\muldi\Documents\Playground\University\senior-project-1\dataset\internet\clear\รายการเย็ดแม่.wav,77.10000000000005,78.10000000000005,none,1.0,none_sample,16000
C:\Users\muldi\Documents\Playground\University\senior-project-1\dataset\internet\clear\รายการเย็ดแม่.wav,78.10000000000005,79.10000000000005,none,1.0,none_sample,16000
C:\Users\muldi\Documents\Playground\University\senior-project-1\dataset\internet\clear\รายการเย็ดแม่.wav,79.10000000000005,80.10000000000005,none,1.0,none_sample,16000
C:\Users\muldi\Documents\Playground\University\senior-project-1\dataset\internet\clear\รายการเย็ดแม่.wav,80.10000000000005,81.10000000000005,none,1.0,none_sample,16000
C:\Users\muldi\Documents\Playground\University\senior-project-1\dataset\internet\clear\รายการเย็ดแม่.wav,81.10000000000005,82.10000000000005,none,1.0,none_sample,16000
C:\Users\muldi\Documents\Playground\University\senior-project-1\dataset\internet\clear\รายการเย็ดแม่.wav,82.10000000000005,83.10000000000005,none,1.0,none_sample,16000
C:\Users\muldi\Documents\Playground\University\senior-project-1\dataset\internet\clear\รายการเย็ดแม่.wav,83.10000000000005,84.10000000000005,none,1.0,none_sample,16000
C:\Users\muldi\Documents\Playground\University\senior-project-1\dataset\internet\clear\รายการเย็ดแม่.wav,84.10000000000005,85.10000000000005,none,1.0,none_sample,16000
C:\Users\muldi\Documents\Playground\University\senior-project-1\dataset\internet\clear\รายการเย็ดแม่.wav,85.10000000000005,86.10000000000005,none,1.0,none_sample,16000
C:\Users\muldi\Documents\Playground\University\senior-project-1\dataset\internet\clear\รายการเย็ดแม่.wav,86.10000000000005,87.10000000000005,none,1.0,none_sample,16000
C:\Users\muldi\Documents\Playground\University\senior-project-1\dataset\internet\clear\รายการเย็ดแม่.wav,87.10000000000005,88.10000000000005,none,1.0,none_sample,16000
C:\Users\muldi\Documents\Playground\University\senior-project-1\dataset\internet\clear\รายการเย็ดแม่.wav,88.10000000000005,89.10000000000005,none,1.0,none_sample,16000
C:\Users\muldi\Documents\Playground\University\senior-project-1\dataset\internet\clear\รายการเย็ดแม่.wav,89.10000000000005,90.10000000000005,none,1.0,none_sample,16000
C:\Users\muldi\Documents\Playground\University\senior-project-1\dataset\internet\clear\รายการเย็ดแม่.wav,90.10000000000005,91.10000000000005,none,1.0,none_sample,16000
C:\Users\muldi\Documents\Playground\University\senior-project-1\dataset\internet\clear\รายการเย็ดแม่.wav,91.10000000000005,92.10000000000005,none,1.0,none_sample,16000
C:\Users\muldi\Documents\Playground\University\senior-project-1\dataset\internet\clear\รายการเย็ดแม่.wav,92.80000000000001,93.80000000000001,none,1.0,none_sample,16000
C:\Users\muldi\Documents\Playground\University\senior-project-1\dataset\internet\clear\รายการเย็ดแม่.wav,94.0,95.0,none,1.0,none_sample,16000
C:\Users\muldi\Documents\Playground\University\senior-project-1\dataset\internet\clear\รายการเย็ดแม่.wav,95.0,96.0,none,1.0,none_sample,16000
C:\Users\muldi\Documents\Playground\University\senior-project-1\dataset\internet\clear\รายการเย็ดแม่.wav,96.0,97.0,none,1.0,none_sample,16000
C:\Users\muldi\Documents\Playground\University\senior-project-1\dataset\internet\clear\รายการเย็ดแม่.wav,97.0,98.0,none,1.0,none_sample,16000
C:\Users\muldi\Documents\Playground\University\senior-project-1\dataset\internet\clear\รายการเย็ดแม่.wav,98.0,99.0,none,1.0,none_sample,16000
C:\Users\muldi\Documents\Playground\University\senior-project-1\dataset\internet\clear\รายการเย็ดแม่.wav,99.0,100.0,none,1.0,none_sample,16000
C:\Users\muldi\Documents\Playground\University\senior-project-1\dataset\internet\clear\รายการเย็ดแม่.wav,100.0,101.0,none,1.0,none_sample,16000
C:\Users\muldi\Documents\Playground\University\senior-project-1\dataset\internet\clear\รายการเย็ดแม่.wav,101.0,102.0,none,1.0,none_sample,16000
C:\Users\muldi\Documents\Playground\University\senior-project-1\dataset\internet\clear\รายการเย็ดแม่.wav,102.0,103.0,none,1.0,none_sample,16000
C:\Users\muldi\Documents\Playground\University\senior-project-1\dataset\internet\clear\รายการเย็ดแม่.wav,103.0,104.0,none,1.0,none_sample,16000
C:\Users\muldi\Documents\Playground\University\senior-project-1\dataset\internet\clear\รายการเย็ดแม่.wav,104.0,105.0,none,1.0,none_sample,16000
C:\Users\muldi\Documents\Playground\University\senior-project-1\dataset\internet\clear\รายการเย็ดแม่.wav,105.0,106.0,none,1.0,none_sample,16000
C:\Users\muldi\Documents\Playground\University\senior-project-1\dataset\internet\clear\รายการเย็ดแม่.wav,108.99999999999983,109.99999999999983,none,1.0,none_sample,16000
C:\Users\muldi\Documents\Playground\University\senior-project-1\dataset\internet\clear\รายการเย็ดแม่.wav,109.99999999999983,110.99999999999983,none,1.0,none_sample,16000
C:\Users\muldi\Documents\Playground\University\senior-project-1\dataset\internet\clear\รายการเย็ดแม่.wav,110.99999999999983,111.99999999999983,none,1.0,none_sample,16000
C:\Users\muldi\Documents\Playground\University\senior-project-1\dataset\internet\clear\รายการเย็ดแม่.wav,111.99999999999983,112.99999999999983,none,1.0,none_sample,16000
C:\Users\muldi\Documents\Playground\University\senior-project-1\dataset\internet\clear\รายการเย็ดแม่.wav,112.99999999999983,113.99999999999983,none,1.0,none_sample,16000
C:\Users\muldi\Documents\Playground\University\senior-project-1\dataset\internet\clear\รายการเย็ดแม่.wav,114.99999999999977,115.99999999999977,none,1.0,none_sample,16000
C:\Users\muldi\Documents\Playground\University\senior-project-1\dataset\internet\clear\รายการเย็ดแม่.wav,115.99999999999977,116.99999999999977,none,1.0,none_sample,16000
C:\Users\muldi\Documents\Playground\University\senior-project-1\dataset\internet\clear\รายการเย็ดแม่.wav,116.99999999999977,117.99999999999977,none,1.0,none_sample,16000
C:\Users\muldi\Documents\Playground\University\senior-project-1\dataset\internet\clear\รายการเย็ดแม่.wav,117.99999999999977,118.99999999999977,none,1.0,none_sample,16000
C:\Users\muldi\Documents\Playground\University\senior-project-1\dataset\internet\clear\รายการเย็ดแม่.wav,118.99999999999977,119.99999999999977,none,1.0,none_sample,16000
C:\Users\muldi\Documents\Playground\University\senior-project-1\dataset\internet\clear\รายการเย็ดแม่.wav,119.99999999999977,120.99999999999977,none,1.0,none_sample,16000
C:\Users\muldi\Documents\Playground\University\senior-project-1\dataset\internet\clear\รายการเย็ดแม่.wav,120.99999999999977,121.99999999999977,none,1.0,none_sample,16000
C:\Users\muldi\Documents\Playground\University\senior-project-1\dataset\internet\clear\รายการเย็ดแม่.wav,121.99999999999977,122.99999999999977,none,1.0,none_sample,16000
C:\Users\muldi\Documents\Playground\University\senior-project-1\dataset\internet\clear\รายการเย็ดแม่.wav,122.99999999999977,123.99999999999977,none,1.0,none_sample,16000
C:\Users\muldi\Documents\Playground\University\senior-project-1\dataset\internet\clear\รายการเย็ดแม่.wav,123.99999999999977,124.99999999999977,none,1.0,none_sample,16000
C:\Users\muldi\Documents\Playground\University\senior-project-1\dataset\internet\clear\รายการเย็ดแม่.wav,124.99999999999977,125.99999999999977,none,1.0,none_sample,16000
C:\Users\muldi\Documents\Playground\University\senior-project-1\dataset\internet\clear\รายการเย็ดแม่.wav,125.99999999999977,126.99999999999977,none,1.0,none_sample,16000
C:\Users\muldi\Documents\Playground\University\senior-project-1\dataset\internet\clear\รายการเย็ดแม่.wav,126.99999999999977,127.99999999999977,none,1.0,none_sample,16000
C:\Users\muldi\Documents\Playground\University\senior-project-1\dataset\internet\clear\รายการเย็ดแม่.wav,127.99999999999977,128.99999999999977,none,1.0,none_sample,16000
C:\Users\muldi\Documents\Playground\University\senior-project-1\dataset\internet\clear\ลิ้นจระเข้ กินอะไรก็อร่อย.wav,2.714908,3.714908,กู,1.0,context_0.2,16000
C:\Users\muldi\Documents\Playground\University\senior-project-1\dataset\internet\clear\ลิ้นจระเข้ กินอะไรก็อร่อย.wav,2.814908,3.814908,กู,1.0,context_0.4,16000
C:\Users\muldi\Documents\Playground\University\senior-project-1\dataset\internet\clear\ลิ้นจระเข้ กินอะไรก็อร่อย.wav,2.9149079999999996,3.9149079999999996,กู,1.0,context_0.6,16000
C:\Users\muldi\Documents\Playground\University\senior-project-1\dataset\internet\clear\ลิ้นจระเข้ กินอะไรก็อร่อย.wav,3.0149079999999997,4.014908,กู,1.0,context_0.8,16000
C:\Users\muldi\Documents\Playground\University\senior-project-1\dataset\internet\clear\ลิ้นจระเข้ กินอะไรก็อร่อย.wav,5.709426,6.709426,กู,1.0,context_0.2,16000
C:\Users\muldi\Documents\Playground\University\senior-project-1\dataset\internet\clear\ลิ้นจระเข้ กินอะไรก็อร่อย.wav,5.809426,6.809426,กู,1.0,context_0.4,16000
C:\Users\muldi\Documents\Playground\University\senior-project-1\dataset\internet\clear\ลิ้นจระเข้ กินอะไรก็อร่อย.wav,5.909426,6.909426,กู,1.0,context_0.6,16000
C:\Users\muldi\Documents\Playground\University\senior-project-1\dataset\internet\clear\ลิ้นจระเข้ กินอะไรก็อร่อย.wav,6.009426,7.009426,กู,1.0,context_0.8,16000
C:\Users\muldi\Documents\Playground\University\senior-project-1\dataset\internet\clear\ลิ้นจระเข้ กินอะไรก็อร่อย.wav,11.682587,12.682587,กู,1.0,context_0.2,16000
C:\Users\muldi\Documents\Playground\University\senior-project-1\dataset\internet\clear\ลิ้นจระเข้ กินอะไรก็อร่อย.wav,11.782587,12.782587,กู,1.0,context_0.4,16000
C:\Users\muldi\Documents\Playground\University\senior-project-1\dataset\internet\clear\ลิ้นจระเข้ กินอะไรก็อร่อย.wav,11.882587000000001,12.882587000000001,กู,1.0,context_0.6,16000
C:\Users\muldi\Documents\Playground\University\senior-project-1\dataset\internet\clear\ลิ้นจระเข้ กินอะไรก็อร่อย.wav,11.982587,12.982587,กู,1.0,context_0.8,16000
C:\Users\muldi\Documents\Playground\University\senior-project-1\dataset\internet\clear\ลิ้นจระเข้ กินอะไรก็อร่อย.wav,17.805243,18.805243,กู,1.0,context_0.2,16000
C:\Users\muldi\Documents\Playground\University\senior-project-1\dataset\internet\clear\ลิ้นจระเข้ กินอะไรก็อร่อย.wav,17.905243,18.905243,กู,1.0,context_0.4,16000
C:\Users\muldi\Documents\Playground\University\senior-project-1\dataset\internet\clear\ลิ้นจระเข้ กินอะไรก็อร่อย.wav,18.005243,19.005243,กู,1.0,context_0.6,16000
C:\Users\muldi\Documents\Playground\University\senior-project-1\dataset\internet\clear\ลิ้นจระเข้ กินอะไรก็อร่อย.wav,18.105242999999998,19.105242999999998,กู,1.0,context_0.8,16000
C:\Users\muldi\Documents\Playground\University\senior-project-1\dataset\internet\clear\ลิ้นจระเข้ กินอะไรก็อร่อย.wav,18.892715000000003,19.892715000000003,กู,1.0,context_0.2,16000
C:\Users\muldi\Documents\Playground\University\senior-project-1\dataset\internet\clear\ลิ้นจระเข้ กินอะไรก็อร่อย.wav,18.992715,19.992715,กู,1.0,context_0.4,16000
C:\Users\muldi\Documents\Playground\University\senior-project-1\dataset\internet\clear\ลิ้นจระเข้ กินอะไรก็อร่อย.wav,19.092715000000002,20.092715000000002,กู,1.0,context_0.6,16000
C:\Users\muldi\Documents\Playground\University\senior-project-1\dataset\internet\clear\ลิ้นจระเข้ กินอะไรก็อร่อย.wav,19.192715,20.192715,กู,1.0,context_0.8,16000
C:\Users\muldi\Documents\Playground\University\senior-project-1\dataset\internet\clear\ลิ้นจระเข้ กินอะไรก็อร่อย.wav,19.767191,20.767191,กู,1.0,context_0.2,16000
C:\Users\muldi\Documents\Playground\University\senior-project-1\dataset\internet\clear\ลิ้นจระเข้ กินอะไรก็อร่อย.wav,19.867191,20.867191,กู,1.0,context_0.4,16000
C:\Users\muldi\Documents\Playground\University\senior-project-1\dataset\internet\clear\ลิ้นจระเข้ กินอะไรก็อร่อย.wav,19.967191,20.967191,กู,1.0,context_0.6,16000
C:\Users\muldi\Documents\Playground\University\senior-project-1\dataset\internet\clear\ลิ้นจระเข้ กินอะไรก็อร่อย.wav,20.067190999999998,21.067190999999998,กู,1.0,context_0.8,16000
C:\Users\muldi\Documents\Playground\University\senior-project-1\dataset\internet\clear\ลิ้นจระเข้ กินอะไรก็อร่อย.wav,39.336405,40.336405,กู,1.0,context_0.2,16000
C:\Users\muldi\Documents\Playground\University\senior-project-1\dataset\internet\clear\ลิ้นจระเข้ กินอะไรก็อร่อย.wav,39.436405,40.436405,กู,1.0,context_0.4,16000
C:\Users\muldi\Documents\Playground\University\senior-project-1\dataset\internet\clear\ลิ้นจระเข้ กินอะไรก็อร่อย.wav,39.536404999999995,40.536404999999995,กู,1.0,context_0.6,16000
C:\Users\muldi\Documents\Playground\University\senior-project-1\dataset\internet\clear\ลิ้นจระเข้ กินอะไรก็อร่อย.wav,39.636404999999996,40.636404999999996,กู,1.0,context_0.8,16000
C:\Users\muldi\Documents\Playground\University\senior-project-1\dataset\internet\clear\ลิ้นจระเข้ กินอะไรก็อร่อย.wav,39.802087,40.802087,กู,1.0,context_0.2,16000
C:\Users\muldi\Documents\Playground\University\senior-project-1\dataset\internet\clear\ลิ้นจระเข้ กินอะไรก็อร่อย.wav,39.902087,40.902087,กู,1.0,context_0.4,16000
C:\Users\muldi\Documents\Playground\University\senior-project-1\dataset\internet\clear\ลิ้นจระเข้ กินอะไรก็อร่อย.wav,40.002086999999996,41.002086999999996,กู,1.0,context_0.6,16000
C:\Users\muldi\Documents\Playground\University\senior-project-1\dataset\internet\clear\ลิ้นจระเข้ กินอะไรก็อร่อย.wav,40.102087,41.102087,กู,1.0,context_0.8,16000
C:\Users\muldi\Documents\Playground\University\senior-project-1\dataset\internet\clear\ลิ้นจระเข้ กินอะไรก็อร่อย.wav,40.955024,41.955024,มึง,1.0,context_0.2,16000
C:\Users\muldi\Documents\Playground\University\senior-project-1\dataset\internet\clear\ลิ้นจระเข้ กินอะไรก็อร่อย.wav,41.055024,42.055024,มึง,1.0,context_0.4,16000
C:\Users\muldi\Documents\Playground\University\senior-project-1\dataset\internet\clear\ลิ้นจระเข้ กินอะไรก็อร่อย.wav,41.155024,42.155024,มึง,1.0,context_0.6,16000
C:\Users\muldi\Documents\Playground\University\senior-project-1\dataset\internet\clear\ลิ้นจระเข้ กินอะไรก็อร่อย.wav,41.255024,42.255024,มึง,1.0,context_0.8,16000
C:\Users\muldi\Documents\Playground\University\senior-project-1\dataset\internet\clear\ลิ้นจระเข้ กินอะไรก็อร่อย.wav,41.240929,42.240929,กู,1.0,context_0.2,16000
C:\Users\muldi\Documents\Playground\University\senior-project-1\dataset\internet\clear\ลิ้นจระเข้ กินอะไรก็อร่อย.wav,41.340929,42.340929,กู,1.0,context_0.4,16000
C:\Users\muldi\Documents\Playground\University\senior-project-1\dataset\internet\clear\ลิ้นจระเข้ กินอะไรก็อร่อย.wav,41.440929,42.440929,กู,1.0,context_0.6,16000
C:\Users\muldi\Documents\Playground\University\senior-project-1\dataset\internet\clear\ลิ้นจระเข้ กินอะไรก็อร่อย.wav,41.540929,42.540929,กู,1.0,context_0.8,16000
C:\Users\muldi\Documents\Playground\University\senior-project-1\dataset\internet\clear\ลิ้นจระเข้ กินอะไรก็อร่อย.wav,53.428056,54.428056,กู,1.0,context_0.2,16000
C:\Users\muldi\Documents\Playground\University\senior-project-1\dataset\internet\clear\ลิ้นจระเข้ กินอะไรก็อร่อย.wav,53.528056,54.528056,กู,1.0,context_0.4,16000
C:\Users\muldi\Documents\Playground\University\senior-project-1\dataset\internet\clear\ลิ้นจระเข้ กินอะไรก็อร่อย.wav,53.628055999999994,54.628055999999994,กู,1.0,context_0.6,16000
C:\Users\muldi\Documents\Playground\University\senior-project-1\dataset\internet\clear\ลิ้นจระเข้ กินอะไรก็อร่อย.wav,53.728055999999995,54.728055999999995,กู,1.0,context_0.8,16000
C:\Users\muldi\Documents\Playground\University\senior-project-1\dataset\internet\clear\ลิ้นจระเข้ กินอะไรก็อร่อย.wav,58.314533000000004,59.314533000000004,กู,1.0,context_0.2,16000
C:\Users\muldi\Documents\Playground\University\senior-project-1\dataset\internet\clear\ลิ้นจระเข้ กินอะไรก็อร่อย.wav,58.414533000000006,59.414533000000006,กู,1.0,context_0.4,16000
C:\Users\muldi\Documents\Playground\University\senior-project-1\dataset\internet\clear\ลิ้นจระเข้ กินอะไรก็อร่อย.wav,58.514533,59.514533,กู,1.0,context_0.6,16000
C:\Users\muldi\Documents\Playground\University\senior-project-1\dataset\internet\clear\ลิ้นจระเข้ กินอะไรก็อร่อย.wav,58.614533,59.614533,กู,1.0,context_0.8,16000
C:\Users\muldi\Documents\Playground\University\senior-project-1\dataset\internet\clear\ลิ้นจระเข้ กินอะไรก็อร่อย.wav,58.419942,59.419942,เหี้ย,1.0,context_0.2,16000
C:\Users\muldi\Documents\Playground\University\senior-project-1\dataset\internet\clear\ลิ้นจระเข้ กินอะไรก็อร่อย.wav,58.519942,59.519942,เหี้ย,1.0,context_0.4,16000
C:\Users\muldi\Documents\Playground\University\senior-project-1\dataset\internet\clear\ลิ้นจระเข้ กินอะไรก็อร่อย.wav,58.619941999999995,59.619941999999995,เหี้ย,1.0,context_0.6,16000
C:\Users\muldi\Documents\Playground\University\senior-project-1\dataset\internet\clear\ลิ้นจระเข้ กินอะไรก็อร่อย.wav,58.719941999999996,59.719941999999996,เหี้ย,1.0,context_0.8,16000
C:\Users\muldi\Documents\Playground\University\senior-project-1\dataset\internet\clear\ลิ้นจระเข้ กินอะไรก็อร่อย.wav,59.409531,60.409531,กู,1.0,context_0.2,16000
C:\Users\muldi\Documents\Playground\University\senior-project-1\dataset\internet\clear\ลิ้นจระเข้ กินอะไรก็อร่อย.wav,59.509531,60.509531,กู,1.0,context_0.4,16000
C:\Users\muldi\Documents\Playground\University\senior-project-1\dataset\internet\clear\ลิ้นจระเข้ กินอะไรก็อร่อย.wav,59.609531,60.609531,กู,1.0,context_0.6,16000
C:\Users\muldi\Documents\Playground\University\senior-project-1\dataset\internet\clear\ลิ้นจระเข้ กินอะไรก็อร่อย.wav,59.709531,60.709531,กู,1.0,context_0.8,16000
C:\Users\muldi\Documents\Playground\University\senior-project-1\dataset\internet\clear\ลิ้นจระเข้ กินอะไรก็อร่อย.wav,60.257525,61.257525,กู,1.0,context_0.2,16000
C:\Users\muldi\Documents\Playground\University\senior-project-1\dataset\internet\clear\ลิ้นจระเข้ กินอะไรก็อร่อย.wav,60.357525,61.357525,กู,1.0,context_0.4,16000
C:\Users\muldi\Documents\Playground\University\senior-project-1\dataset\internet\clear\ลิ้นจระเข้ กินอะไรก็อร่อย.wav,60.457525,61.457525,กู,1.0,context_0.6,16000
C:\Users\muldi\Documents\Playground\University\senior-project-1\dataset\internet\clear\ลิ้นจระเข้ กินอะไรก็อร่อย.wav,60.557525,61.557525,กู,1.0,context_0.8,16000
C:\Users\muldi\Documents\Playground\University\senior-project-1\dataset\internet\clear\ลิ้นจระเข้ กินอะไรก็อร่อย.wav,0.0,1.0,none,1.0,none_sample,16000
C:\Users\muldi\Documents\Playground\University\senior-project-1\dataset\internet\clear\ลิ้นจระเข้ กินอะไรก็อร่อย.wav,1.0,2.0,none,1.0,none_sample,16000
C:\Users\muldi\Documents\Playground\University\senior-project-1\dataset\internet\clear\ลิ้นจระเข้ กินอะไรก็อร่อย.wav,2.0,3.0,none,1.0,none_sample,16000
C:\Users\muldi\Documents\Playground\University\senior-project-1\dataset\internet\clear\ลิ้นจระเข้ กินอะไรก็อร่อย.wav,3.4000000000000004,4.4,none,1.0,none_sample,16000
C:\Users\muldi\Documents\Playground\University\senior-project-1\dataset\internet\clear\ลิ้นจระเข้ กินอะไรก็อร่อย.wav,4.4,5.4,none,1.0,none_sample,16000
C:\Users\muldi\Documents\Playground\University\senior-project-1\dataset\internet\clear\ลิ้นจระเข้ กินอะไรก็อร่อย.wav,6.299999999999997,7.299999999999997,none,1.0,none_sample,16000
C:\Users\muldi\Documents\Playground\University\senior-project-1\dataset\internet\clear\ลิ้นจระเข้ กินอะไรก็อร่อย.wav,7.299999999999997,8.299999999999997,none,1.0,none_sample,16000
C:\Users\muldi\Documents\Playground\University\senior-project-1\dataset\internet\clear\ลิ้นจระเข้ กินอะไรก็อร่อย.wav,8.299999999999997,9.299999999999997,none,1.0,none_sample,16000
C:\Users\muldi\Documents\Playground\University\senior-project-1\dataset\internet\clear\ลิ้นจระเข้ กินอะไรก็อร่อย.wav,9.299999999999997,10.299999999999997,none,1.0,none_sample,16000
C:\Users\muldi\Documents\Playground\University\senior-project-1\dataset\internet\clear\ลิ้นจระเข้ กินอะไรก็อร่อย.wav,10.299999999999997,11.299999999999997,none,1.0,none_sample,16000
C:\Users\muldi\Documents\Playground\University\senior-project-1\dataset\internet\clear\ลิ้นจระเข้ กินอะไรก็อร่อย.wav,12.399999999999993,13.399999999999993,none,1.0,none_sample,16000
C:\Users\muldi\Documents\Playground\University\senior-project-1\dataset\internet\clear\ลิ้นจระเข้ กินอะไรก็อร่อย.wav,13.399999999999993,14.399999999999993,none,1.0,none_sample,16000
C:\Users\muldi\Documents\Playground\University\senior-project-1\dataset\internet\clear\ลิ้นจระเข้ กินอะไรก็อร่อย.wav,14.399999999999993,15.399999999999993,none,1.0,none_sample,16000
C:\Users\muldi\Documents\Playground\University\senior-project-1\dataset\internet\clear\ลิ้นจระเข้ กินอะไรก็อร่อย.wav,15.399999999999993,16.39999999999999,none,1.0,none_sample,16000
C:\Users\muldi\Documents\Playground\University\senior-project-1\dataset\internet\clear\ลิ้นจระเข้ กินอะไรก็อร่อย.wav,16.39999999999999,17.39999999999999,none,1.0,none_sample,16000
C:\Users\muldi\Documents\Playground\University\senior-project-1\dataset\internet\clear\ลิ้นจระเข้ กินอะไรก็อร่อย.wav,20.300000000000033,21.300000000000033,none,1.0,none_sample,16000
C:\Users\muldi\Documents\Playground\University\senior-project-1\dataset\internet\clear\ลิ้นจระเข้ กินอะไรก็อร่อย.wav,21.300000000000033,22.300000000000033,none,1.0,none_sample,16000
C:\Users\muldi\Documents\Playground\University\senior-project-1\dataset\internet\clear\ลิ้นจระเข้ กินอะไรก็อร่อย.wav,22.300000000000033,23.300000000000033,none,1.0,none_sample,16000
C:\Users\muldi\Documents\Playground\University\senior-project-1\dataset\internet\clear\ลิ้นจระเข้ กินอะไรก็อร่อย.wav,23.300000000000033,24.300000000000033,none,1.0,none_sample,16000
C:\Users\muldi\Documents\Playground\University\senior-project-1\dataset\internet\clear\ลิ้นจระเข้ กินอะไรก็อร่อย.wav,24.300000000000033,25.300000000000033,none,1.0,none_sample,16000
C:\Users\muldi\Documents\Playground\University\senior-project-1\dataset\internet\clear\วิ่งหนี or วิ่งใส่.wav,3.216494,4.216494,กู,1.0,main,16000
C:\Users\muldi\Documents\Playground\University\senior-project-1\dataset\internet\clear\วิ่งหนี or วิ่งใส่.wav,4.467109,5.467109,กู,1.0,context_0.2,16000
C:\Users\muldi\Documents\Playground\University\senior-project-1\dataset\internet\clear\วิ่งหนี or วิ่งใส่.wav,4.567109,5.567109,กู,1.0,context_0.4,16000
C:\Users\muldi\Documents\Playground\University\senior-project-1\dataset\internet\clear\วิ่งหนี or วิ่งใส่.wav,4.667109,5.667109,กู,1.0,context_0.6,16000
C:\Users\muldi\Documents\Playground\University\senior-project-1\dataset\internet\clear\วิ่งหนี or วิ่งใส่.wav,4.7671090000000005,5.7671090000000005,กู,1.0,context_0.8,16000
C:\Users\muldi\Documents\Playground\University\senior-project-1\dataset\internet\clear\วิ่งหนี or วิ่งใส่.wav,6.6429745,7.6429745,กู,1.0,main,16000
C:\Users\muldi\Documents\Playground\University\senior-project-1\dataset\internet\clear\วิ่งหนี or วิ่งใส่.wav,7.564349999999999,8.56435,กู,1.0,context_0.2,16000
C:\Users\muldi\Documents\Playground\University\senior-project-1\dataset\internet\clear\วิ่งหนี or วิ่งใส่.wav,7.66435,8.664349999999999,กู,1.0,context_0.4,16000
C:\Users\muldi\Documents\Playground\University\senior-project-1\dataset\internet\clear\วิ่งหนี or วิ่งใส่.wav,7.764349999999999,8.76435,กู,1.0,context_0.6,16000
C:\Users\muldi\Documents\Playground\University\senior-project-1\dataset\internet\clear\วิ่งหนี or วิ่งใส่.wav,7.86435,8.86435,กู,1.0,context_0.8,16000
C:\Users\muldi\Documents\Playground\University\senior-project-1\dataset\internet\clear\วิ่งหนี or วิ่งใส่.wav,8.836856,9.836856,กู,1.0,context_0.2,16000
C:\Users\muldi\Documents\Playground\University\senior-project-1\dataset\internet\clear\วิ่งหนี or วิ่งใส่.wav,8.936855999999999,9.936855999999999,กู,1.0,context_0.4,16000
C:\Users\muldi\Documents\Playground\University\senior-project-1\dataset\internet\clear\วิ่งหนี or วิ่งใส่.wav,9.036856,10.036856,กู,1.0,context_0.6,16000
C:\Users\muldi\Documents\Playground\University\senior-project-1\dataset\internet\clear\วิ่งหนี or วิ่งใส่.wav,9.136856,10.136856,กู,1.0,context_0.8,16000
C:\Users\muldi\Documents\Playground\University\senior-project-1\dataset\internet\clear\วิ่งหนี or วิ่งใส่.wav,11.444661,12.444661,กู,1.0,context_0.2,16000
C:\Users\muldi\Documents\Playground\University\senior-project-1\dataset\internet\clear\วิ่งหนี or วิ่งใส่.wav,11.544661,12.544661,กู,1.0,context_0.4,16000
C:\Users\muldi\Documents\Playground\University\senior-project-1\dataset\internet\clear\วิ่งหนี or วิ่งใส่.wav,11.644661000000001,12.644661000000001,กู,1.0,context_0.6,16000
C:\Users\muldi\Documents\Playground\University\senior-project-1\dataset\internet\clear\วิ่งหนี or วิ่งใส่.wav,11.744661,12.744661,กู,1.0,context_0.8,16000
C:\Users\muldi\Documents\Playground\University\senior-project-1\dataset\internet\clear\วิ่งหนี or วิ่งใส่.wav,12.090756500000001,13.090756500000001,มึง,1.0,main,16000
C:\Users\muldi\Documents\Playground\University\senior-project-1\dataset\internet\clear\วิ่งหนี or วิ่งใส่.wav,0.0,1.0,none,1.0,none_sample,16000
C:\Users\muldi\Documents\Playground\University\senior-project-1\dataset\internet\clear\วิ่งหนี or วิ่งใส่.wav,1.0,2.0,none,1.0,none_sample,16000
C:\Users\muldi\Documents\Playground\University\senior-project-1\dataset\internet\clear\วิ่งหนี or วิ่งใส่.wav,2.0,3.0,none,1.0,none_sample,16000
C:\Users\muldi\Documents\Playground\University\senior-project-1\dataset\internet\clear\วิ่งหนี or วิ่งใส่.wav,5.199999999999997,6.199999999999997,none,1.0,none_sample,16000
C:\Users\muldi\Documents\Playground\University\senior-project-1\dataset\internet\clear\วิ่งหนี or วิ่งใส่.wav,8.09999999999999,9.09999999999999,none,1.0,none_sample,16000
C:\Users\muldi\Documents\Playground\University\senior-project-1\dataset\internet\clear\วิ่งหนี or วิ่งใส่.wav,9.49999999999999,10.49999999999999,none,1.0,none_sample,16000
C:\Users\muldi\Documents\Playground\University\senior-project-1\dataset\internet\clear\ศาลเจ้าทางม้าลายอยู่ไหน!!.wav,39.378927000000004,40.378927000000004,กู,1.0,context_0.2,16000
C:\Users\muldi\Documents\Playground\University\senior-project-1\dataset\internet\clear\ศาลเจ้าทางม้าลายอยู่ไหน!!.wav,39.478927000000006,40.478927000000006,กู,1.0,context_0.4,16000
C:\Users\muldi\Documents\Playground\University\senior-project-1\dataset\internet\clear\ศาลเจ้าทางม้าลายอยู่ไหน!!.wav,39.578927,40.578927,กู,1.0,context_0.6,16000
C:\Users\muldi\Documents\Playground\University\senior-project-1\dataset\internet\clear\ศาลเจ้าทางม้าลายอยู่ไหน!!.wav,39.678927,40.678927,กู,1.0,context_0.8,16000
C:\Users\muldi\Documents\Playground\University\senior-project-1\dataset\internet\clear\ศาลเจ้าทางม้าลายอยู่ไหน!!.wav,43.593688,44.593688,เหี้ย,1.0,context_0.2,16000
C:\Users\muldi\Documents\Playground\University\senior-project-1\dataset\internet\clear\ศาลเจ้าทางม้าลายอยู่ไหน!!.wav,43.693688,44.693688,เหี้ย,1.0,context_0.4,16000
C:\Users\muldi\Documents\Playground\University\senior-project-1\dataset\internet\clear\ศาลเจ้าทางม้าลายอยู่ไหน!!.wav,43.793687999999996,44.793687999999996,เหี้ย,1.0,context_0.6,16000
C:\Users\muldi\Documents\Playground\University\senior-project-1\dataset\internet\clear\ศาลเจ้าทางม้าลายอยู่ไหน!!.wav,43.893688,44.893688,เหี้ย,1.0,context_0.8,16000
C:\Users\muldi\Documents\Playground\University\senior-project-1\dataset\internet\clear\ศาลเจ้าทางม้าลายอยู่ไหน!!.wav,44.977464000000005,45.977464000000005,กู,1.0,context_0.2,16000
C:\Users\muldi\Documents\Playground\University\senior-project-1\dataset\internet\clear\ศาลเจ้าทางม้าลายอยู่ไหน!!.wav,45.077464000000006,46.077464000000006,กู,1.0,context_0.4,16000
C:\Users\muldi\Documents\Playground\University\senior-project-1\dataset\internet\clear\ศาลเจ้าทางม้าลายอยู่ไหน!!.wav,45.177464,46.177464,กู,1.0,context_0.6,16000
C:\Users\muldi\Documents\Playground\University\senior-project-1\dataset\internet\clear\ศาลเจ้าทางม้าลายอยู่ไหน!!.wav,45.277464,46.277464,กู,1.0,context_0.8,16000
C:\Users\muldi\Documents\Playground\University\senior-project-1\dataset\internet\clear\ศาลเจ้าทางม้าลายอยู่ไหน!!.wav,0.0,1.0,none,1.0,none_sample,16000
C:\Users\muldi\Documents\Playground\University\senior-project-1\dataset\internet\clear\ศาลเจ้าทางม้าลายอยู่ไหน!!.wav,1.0,2.0,none,1.0,none_sample,16000
C:\Users\muldi\Documents\Playground\University\senior-project-1\dataset\internet\clear\ศาลเจ้าทางม้าลายอยู่ไหน!!.wav,2.0,3.0,none,1.0,none_sample,16000
C:\Users\muldi\Documents\Playground\University\senior-project-1\dataset\internet\clear\ศาลเจ้าทางม้าลายอยู่ไหน!!.wav,3.0,4.0,none,1.0,none_sample,16000
C:\Users\muldi\Documents\Playground\University\senior-project-1\dataset\internet\clear\อะชิมะหม๋า.wav,9.781355,10.781355,กู,1.0,context_0.2,16000
C:\Users\muldi\Documents\Playground\University\senior-project-1\dataset\internet\clear\อะชิมะหม๋า.wav,9.881355,10.881355,กู,1.0,context_0.4,16000
C:\Users\muldi\Documents\Playground\University\senior-project-1\dataset\internet\clear\อะชิมะหม๋า.wav,9.981355,10.981355,กู,1.0,context_0.6,16000
C:\Users\muldi\Documents\Playground\University\senior-project-1\dataset\internet\clear\อะชิมะหม๋า.wav,10.081355,11.081355,กู,1.0,context_0.8,16000
C:\Users\muldi\Documents\Playground\University\senior-project-1\dataset\internet\clear\อะชิมะหม๋า.wav,18.263428,19.263428,กู,1.0,context_0.2,16000
C:\Users\muldi\Documents\Playground\University\senior-project-1\dataset\internet\clear\อะชิมะหม๋า.wav,18.363428,19.363428,กู,1.0,context_0.4,16000
C:\Users\muldi\Documents\Playground\University\senior-project-1\dataset\internet\clear\อะชิมะหม๋า.wav,18.463428,19.463428,กู,1.0,context_0.6,16000
C:\Users\muldi\Documents\Playground\University\senior-project-1\dataset\internet\clear\อะชิมะหม๋า.wav,18.563428,19.563428,กู,1.0,context_0.8,16000
C:\Users\muldi\Documents\Playground\University\senior-project-1\dataset\internet\clear\อะชิมะหม๋า.wav,18.718072000000003,19.718072000000003,มึง,1.0,context_0.2,16000
C:\Users\muldi\Documents\Playground\University\senior-project-1\dataset\internet\clear\อะชิมะหม๋า.wav,18.818072,19.818072,มึง,1.0,context_0.4,16000
C:\Users\muldi\Documents\Playground\University\senior-project-1\dataset\internet\clear\อะชิมะหม๋า.wav,18.918072000000002,19.918072000000002,มึง,1.0,context_0.6,16000
C:\Users\muldi\Documents\Playground\University\senior-project-1\dataset\internet\clear\อะชิมะหม๋า.wav,19.018072,20.018072,มึง,1.0,context_0.8,16000
C:\Users\muldi\Documents\Playground\University\senior-project-1\dataset\internet\clear\อะชิมะหม๋า.wav,0.0,1.0,none,1.0,none_sample,16000
C:\Users\muldi\Documents\Playground\University\senior-project-1\dataset\internet\clear\อะชิมะหม๋า.wav,1.0,2.0,none,1.0,none_sample,16000
C:\Users\muldi\Documents\Playground\University\senior-project-1\dataset\internet\clear\อะชิมะหม๋า.wav,2.0,3.0,none,1.0,none_sample,16000
C:\Users\muldi\Documents\Playground\University\senior-project-1\dataset\internet\clear\อะชิมะหม๋า.wav,3.0,4.0,none,1.0,none_sample,16000
C:\Users\muldi\Documents\Playground\University\senior-project-1\dataset\internet\clear\อะไรหายากสุด.wav,13.586202,14.586202,มึง,1.0,context_0.2,16000
C:\Users\muldi\Documents\Playground\University\senior-project-1\dataset\internet\clear\อะไรหายากสุด.wav,13.686202,14.686202,มึง,1.0,context_0.4,16000
C:\Users\muldi\Documents\Playground\University\senior-project-1\dataset\internet\clear\อะไรหายากสุด.wav,13.786202000000001,14.786202000000001,มึง,1.0,context_0.6,16000
C:\Users\muldi\Documents\Playground\University\senior-project-1\dataset\internet\clear\อะไรหายากสุด.wav,13.886202,14.886202,มึง,1.0,context_0.8,16000
C:\Users\muldi\Documents\Playground\University\senior-project-1\dataset\internet\clear\อะไรหายากสุด.wav,16.397544,17.397544,กู,1.0,context_0.2,16000
C:\Users\muldi\Documents\Playground\University\senior-project-1\dataset\internet\clear\อะไรหายากสุด.wav,16.497543999999998,17.497543999999998,กู,1.0,context_0.4,16000
C:\Users\muldi\Documents\Playground\University\senior-project-1\dataset\internet\clear\อะไรหายากสุด.wav,16.597544,17.597544,กู,1.0,context_0.6,16000
C:\Users\muldi\Documents\Playground\University\senior-project-1\dataset\internet\clear\อะไรหายากสุด.wav,16.697543999999997,17.697543999999997,กู,1.0,context_0.8,16000
C:\Users\muldi\Documents\Playground\University\senior-project-1\dataset\internet\clear\อะไรหายากสุด.wav,0.0,1.0,none,1.0,none_sample,16000
C:\Users\muldi\Documents\Playground\University\senior-project-1\dataset\internet\clear\อะไรหายากสุด.wav,1.0,2.0,none,1.0,none_sample,16000
C:\Users\muldi\Documents\Playground\University\senior-project-1\dataset\internet\clear\เกิดแต่กับคีร์มากค่ะ.wav,2.503761,3.503761,มึง,1.0,context_0.2,16000
C:\Users\muldi\Documents\Playground\University\senior-project-1\dataset\internet\clear\เกิดแต่กับคีร์มากค่ะ.wav,2.603761,3.603761,มึง,1.0,context_0.4,16000
C:\Users\muldi\Documents\Playground\University\senior-project-1\dataset\internet\clear\เกิดแต่กับคีร์มากค่ะ.wav,2.7037609999999996,3.7037609999999996,มึง,1.0,context_0.6,16000
C:\Users\muldi\Documents\Playground\University\senior-project-1\dataset\internet\clear\เกิดแต่กับคีร์มากค่ะ.wav,2.8037609999999997,3.8037609999999997,มึง,1.0,context_0.8,16000
C:\Users\muldi\Documents\Playground\University\senior-project-1\dataset\internet\clear\เกิดแต่กับคีร์มากค่ะ.wav,7.160985999999999,8.160986,กู,1.0,context_0.2,16000
C:\Users\muldi\Documents\Playground\University\senior-project-1\dataset\internet\clear\เกิดแต่กับคีร์มากค่ะ.wav,7.260986,8.260985999999999,กู,1.0,context_0.4,16000
C:\Users\muldi\Documents\Playground\University\senior-project-1\dataset\internet\clear\เกิดแต่กับคีร์มากค่ะ.wav,7.360986,8.360986,กู,1.0,context_0.6,16000
C:\Users\muldi\Documents\Playground\University\senior-project-1\dataset\internet\clear\เกิดแต่กับคีร์มากค่ะ.wav,7.460986,8.460986,กู,1.0,context_0.8,16000
C:\Users\muldi\Documents\Playground\University\senior-project-1\dataset\internet\clear\เกิดแต่กับคีร์มากค่ะ.wav,13.281043,14.281043,กู,1.0,context_0.2,16000
C:\Users\muldi\Documents\Playground\University\senior-project-1\dataset\internet\clear\เกิดแต่กับคีร์มากค่ะ.wav,13.381043,14.381043,กู,1.0,context_0.4,16000
C:\Users\muldi\Documents\Playground\University\senior-project-1\dataset\internet\clear\เกิดแต่กับคีร์มากค่ะ.wav,13.481043000000001,14.481043000000001,กู,1.0,context_0.6,16000
C:\Users\muldi\Documents\Playground\University\senior-project-1\dataset\internet\clear\เกิดแต่กับคีร์มากค่ะ.wav,13.581043000000001,14.581043000000001,กู,1.0,context_0.8,16000
C:\Users\muldi\Documents\Playground\University\senior-project-1\dataset\internet\clear\เกิดแต่กับคีร์มากค่ะ.wav,16.018863000000003,17.018863000000003,กู,1.0,context_0.2,16000
C:\Users\muldi\Documents\Playground\University\senior-project-1\dataset\internet\clear\เกิดแต่กับคีร์มากค่ะ.wav,16.118863,17.118863,กู,1.0,context_0.4,16000
C:\Users\muldi\Documents\Playground\University\senior-project-1\dataset\internet\clear\เกิดแต่กับคีร์มากค่ะ.wav,16.218863000000002,17.218863000000002,กู,1.0,context_0.6,16000
C:\Users\muldi\Documents\Playground\University\senior-project-1\dataset\internet\clear\เกิดแต่กับคีร์มากค่ะ.wav,16.318863,17.318863,กู,1.0,context_0.8,16000
C:\Users\muldi\Documents\Playground\University\senior-project-1\dataset\internet\clear\เกิดแต่กับคีร์มากค่ะ.wav,22.265674,23.265674,กู,1.0,context_0.2,16000
C:\Users\muldi\Documents\Playground\University\senior-project-1\dataset\internet\clear\เกิดแต่กับคีร์มากค่ะ.wav,22.365674,23.365674,กู,1.0,context_0.4,16000
C:\Users\muldi\Documents\Playground\University\senior-project-1\dataset\internet\clear\เกิดแต่กับคีร์มากค่ะ.wav,22.465674,23.465674,กู,1.0,context_0.6,16000
C:\Users\muldi\Documents\Playground\University\senior-project-1\dataset\internet\clear\เกิดแต่กับคีร์มากค่ะ.wav,22.565673999999998,23.565673999999998,กู,1.0,context_0.8,16000
C:\Users\muldi\Documents\Playground\University\senior-project-1\dataset\internet\clear\เกิดแต่กับคีร์มากค่ะ.wav,25.332988,26.332988,กู,1.0,context_0.2,16000
C:\Users\muldi\Documents\Playground\University\senior-project-1\dataset\internet\clear\เกิดแต่กับคีร์มากค่ะ.wav,25.432987999999998,26.432987999999998,กู,1.0,context_0.4,16000
C:\Users\muldi\Documents\Playground\University\senior-project-1\dataset\internet\clear\เกิดแต่กับคีร์มากค่ะ.wav,25.532988,26.532988,กู,1.0,context_0.6,16000
C:\Users\muldi\Documents\Playground\University\senior-project-1\dataset\internet\clear\เกิดแต่กับคีร์มากค่ะ.wav,25.632987999999997,26.632987999999997,กู,1.0,context_0.8,16000
C:\Users\muldi\Documents\Playground\University\senior-project-1\dataset\internet\clear\เกิดแต่กับคีร์มากค่ะ.wav,25.714683,26.714683,มึง,1.0,context_0.2,16000
C:\Users\muldi\Documents\Playground\University\senior-project-1\dataset\internet\clear\เกิดแต่กับคีร์มากค่ะ.wav,25.814683,26.814683,มึง,1.0,context_0.4,16000
C:\Users\muldi\Documents\Playground\University\senior-project-1\dataset\internet\clear\เกิดแต่กับคีร์มากค่ะ.wav,25.914683,26.914683,มึง,1.0,context_0.6,16000
C:\Users\muldi\Documents\Playground\University\senior-project-1\dataset\internet\clear\เกิดแต่กับคีร์มากค่ะ.wav,26.014682999999998,27.014682999999998,มึง,1.0,context_0.8,16000
C:\Users\muldi\Documents\Playground\University\senior-project-1\dataset\internet\clear\เกิดแต่กับคีร์มากค่ะ.wav,39.655866,40.655866,กู,1.0,context_0.2,16000
C:\Users\muldi\Documents\Playground\University\senior-project-1\dataset\internet\clear\เกิดแต่กับคีร์มากค่ะ.wav,39.755866000000005,40.755866000000005,กู,1.0,context_0.4,16000
C:\Users\muldi\Documents\Playground\University\senior-project-1\dataset\internet\clear\เกิดแต่กับคีร์มากค่ะ.wav,39.855866,40.855866,กู,1.0,context_0.6,16000
C:\Users\muldi\Documents\Playground\University\senior-project-1\dataset\internet\clear\เกิดแต่กับคีร์มากค่ะ.wav,39.955866,40.955866,กู,1.0,context_0.8,16000
C:\Users\muldi\Documents\Playground\University\senior-project-1\dataset\internet\clear\เกิดแต่กับคีร์มากค่ะ.wav,42.466725000000004,43.466725000000004,มึง,1.0,context_0.2,16000
C:\Users\muldi\Documents\Playground\University\senior-project-1\dataset\internet\clear\เกิดแต่กับคีร์มากค่ะ.wav,42.566725000000005,43.566725000000005,มึง,1.0,context_0.4,16000
C:\Users\muldi\Documents\Playground\University\senior-project-1\dataset\internet\clear\เกิดแต่กับคีร์มากค่ะ.wav,42.666725,43.666725,มึง,1.0,context_0.6,16000
C:\Users\muldi\Documents\Playground\University\senior-project-1\dataset\internet\clear\เกิดแต่กับคีร์มากค่ะ.wav,42.766725,43.766725,มึง,1.0,context_0.8,16000
C:\Users\muldi\Documents\Playground\University\senior-project-1\dataset\internet\clear\เกิดแต่กับคีร์มากค่ะ.wav,43.596296,44.596296,กู,1.0,context_0.2,16000
C:\Users\muldi\Documents\Playground\University\senior-project-1\dataset\internet\clear\เกิดแต่กับคีร์มากค่ะ.wav,43.696296000000004,44.696296000000004,กู,1.0,context_0.4,16000
C:\Users\muldi\Documents\Playground\University\senior-project-1\dataset\internet\clear\เกิดแต่กับคีร์มากค่ะ.wav,43.796296,44.796296,กู,1.0,context_0.6,16000
C:\Users\muldi\Documents\Playground\University\senior-project-1\dataset\internet\clear\เกิดแต่กับคีร์มากค่ะ.wav,43.896296,44.896296,กู,1.0,context_0.8,16000
C:\Users\muldi\Documents\Playground\University\senior-project-1\dataset\internet\clear\เกิดแต่กับคีร์มากค่ะ.wav,0.0,1.0,none,1.0,none_sample,16000
C:\Users\muldi\Documents\Playground\University\senior-project-1\dataset\internet\clear\เกิดแต่กับคีร์มากค่ะ.wav,1.0,2.0,none,1.0,none_sample,16000
C:\Users\muldi\Documents\Playground\University\senior-project-1\dataset\internet\clear\เกิดแต่กับคีร์มากค่ะ.wav,3.100000000000001,4.100000000000001,none,1.0,none_sample,16000
C:\Users\muldi\Documents\Playground\University\senior-project-1\dataset\internet\clear\เกิดแต่กับคีร์มากค่ะ.wav,4.100000000000001,5.100000000000001,none,1.0,none_sample,16000
C:\Users\muldi\Documents\Playground\University\senior-project-1\dataset\internet\clear\เกิดแต่กับคีร์มากค่ะ.wav,5.100000000000001,6.100000000000001,none,1.0,none_sample,16000
C:\Users\muldi\Documents\Playground\University\senior-project-1\dataset\internet\clear\เกิดแต่กับคีร์มากค่ะ.wav,6.100000000000001,7.100000000000001,none,1.0,none_sample,16000
C:\Users\muldi\Documents\Playground\University\senior-project-1\dataset\internet\clear\เกิดแต่กับคีร์มากค่ะ.wav,7.699999999999999,8.7,none,1.0,none_sample,16000
C:\Users\muldi\Documents\Playground\University\senior-project-1\dataset\internet\clear\เกิดแต่กับคีร์มากค่ะ.wav,8.7,9.7,none,1.0,none_sample,16000
C:\Users\muldi\Documents\Playground\University\senior-project-1\dataset\internet\clear\เกิดแต่กับคีร์มากค่ะ.wav,9.7,10.7,none,1.0,none_sample,16000
C:\Users\muldi\Documents\Playground\University\senior-project-1\dataset\internet\clear\เกิดแต่กับคีร์มากค่ะ.wav,10.7,11.7,none,1.0,none_sample,16000
C:\Users\muldi\Documents\Playground\University\senior-project-1\dataset\internet\clear\เกิดแต่กับคีร์มากค่ะ.wav,11.7,12.7,none,1.0,none_sample,16000
C:\Users\muldi\Documents\Playground\University\senior-project-1\dataset\internet\clear\เกิดแต่กับคีร์มากค่ะ.wav,13.799999999999995,14.799999999999995,none,1.0,none_sample,16000
C:\Users\muldi\Documents\Playground\University\senior-project-1\dataset\internet\clear\เกิดแต่กับคีร์มากค่ะ.wav,14.799999999999995,15.799999999999995,none,1.0,none_sample,16000
C:\Users\muldi\Documents\Playground\University\senior-project-1\dataset\internet\clear\เคยอยากเป็นวีค่ายกระต่าย.wav,11.462371,12.462371,กู,1.0,context_0.2,16000
C:\Users\muldi\Documents\Playground\University\senior-project-1\dataset\internet\clear\เคยอยากเป็นวีค่ายกระต่าย.wav,11.562370999999999,12.562370999999999,กู,1.0,context_0.4,16000
C:\Users\muldi\Documents\Playground\University\senior-project-1\dataset\internet\clear\เคยอยากเป็นวีค่ายกระต่าย.wav,11.662371,12.662371,กู,1.0,context_0.6,16000
C:\Users\muldi\Documents\Playground\University\senior-project-1\dataset\internet\clear\เคยอยากเป็นวีค่ายกระต่าย.wav,11.762371,12.762371,กู,1.0,context_0.8,16000
C:\Users\muldi\Documents\Playground\University\senior-project-1\dataset\internet\clear\เคยอยากเป็นวีค่ายกระต่าย.wav,0.0,1.0,none,1.0,none_sample,16000
C:\Users\muldi\Documents\Playground\University\senior-project-1\dataset\internet\clear\เจ๊อยากกลับบ้านแล้ว....wav,15.0006825,16.0006825,เหี้ย,1.0,main,16000
C:\Users\muldi\Documents\Playground\University\senior-project-1\dataset\internet\clear\เดินเตะทุกอย่างบนโลก!.wav,2.635611,3.635611,กู,1.0,context_0.2,16000
C:\Users\muldi\Documents\Playground\University\senior-project-1\dataset\internet\clear\เดินเตะทุกอย่างบนโลก!.wav,2.735611,3.735611,กู,1.0,context_0.4,16000
C:\Users\muldi\Documents\Playground\University\senior-project-1\dataset\internet\clear\เดินเตะทุกอย่างบนโลก!.wav,2.8356109999999997,3.8356109999999997,กู,1.0,context_0.6,16000
C:\Users\muldi\Documents\Playground\University\senior-project-1\dataset\internet\clear\เดินเตะทุกอย่างบนโลก!.wav,2.9356109999999997,3.9356109999999997,กู,1.0,context_0.8,16000
C:\Users\muldi\Documents\Playground\University\senior-project-1\dataset\internet\clear\เดินเตะทุกอย่างบนโลก!.wav,4.604079,5.604079,กู,1.0,context_0.2,16000
C:\Users\muldi\Documents\Playground\University\senior-project-1\dataset\internet\clear\เดินเตะทุกอย่างบนโลก!.wav,4.704079,5.704079,กู,1.0,context_0.4,16000
C:\Users\muldi\Documents\Playground\University\senior-project-1\dataset\internet\clear\เดินเตะทุกอย่างบนโลก!.wav,4.804079,5.804079,กู,1.0,context_0.6,16000
C:\Users\muldi\Documents\Playground\University\senior-project-1\dataset\internet\clear\เดินเตะทุกอย่างบนโลก!.wav,4.904079,5.904079,กู,1.0,context_0.8,16000
C:\Users\muldi\Documents\Playground\University\senior-project-1\dataset\internet\clear\เดินเตะทุกอย่างบนโลก!.wav,9.121606,10.121606,กู,1.0,context_0.2,16000
C:\Users\muldi\Documents\Playground\University\senior-project-1\dataset\internet\clear\เดินเตะทุกอย่างบนโลก!.wav,9.221606,10.221606,กู,1.0,context_0.4,16000
C:\Users\muldi\Documents\Playground\University\senior-project-1\dataset\internet\clear\เดินเตะทุกอย่างบนโลก!.wav,9.321606000000001,10.321606000000001,กู,1.0,context_0.6,16000
C:\Users\muldi\Documents\Playground\University\senior-project-1\dataset\internet\clear\เดินเตะทุกอย่างบนโลก!.wav,9.421606,10.421606,กู,1.0,context_0.8,16000
C:\Users\muldi\Documents\Playground\University\senior-project-1\dataset\internet\clear\เดินเตะทุกอย่างบนโลก!.wav,11.30444,12.30444,กู,1.0,context_0.2,16000
C:\Users\muldi\Documents\Playground\University\senior-project-1\dataset\internet\clear\เดินเตะทุกอย่างบนโลก!.wav,11.40444,12.40444,กู,1.0,context_0.4,16000
C:\Users\muldi\Documents\Playground\University\senior-project-1\dataset\internet\clear\เดินเตะทุกอย่างบนโลก!.wav,11.50444,12.50444,กู,1.0,context_0.6,16000
C:\Users\muldi\Documents\Playground\University\senior-project-1\dataset\internet\clear\เดินเตะทุกอย่างบนโลก!.wav,11.60444,12.60444,กู,1.0,context_0.8,16000
C:\Users\muldi\Documents\Playground\University\senior-project-1\dataset\internet\clear\เดินเตะทุกอย่างบนโลก!.wav,15.389596,16.389595999999997,กู,1.0,context_0.2,16000
C:\Users\muldi\Documents\Playground\University\senior-project-1\dataset\internet\clear\เดินเตะทุกอย่างบนโลก!.wav,15.489595999999999,16.489596,กู,1.0,context_0.4,16000
C:\Users\muldi\Documents\Playground\University\senior-project-1\dataset\internet\clear\เดินเตะทุกอย่างบนโลก!.wav,15.589596,16.589596,กู,1.0,context_0.6,16000
C:\Users\muldi\Documents\Playground\University\senior-project-1\dataset\internet\clear\เดินเตะทุกอย่างบนโลก!.wav,15.689596,16.689596,กู,1.0,context_0.8,16000
C:\Users\muldi\Documents\Playground\University\senior-project-1\dataset\internet\clear\เดินเตะทุกอย่างบนโลก!.wav,15.722257999999998,16.722257999999997,กู,1.0,context_0.2,16000
C:\Users\muldi\Documents\Playground\University\senior-project-1\dataset\internet\clear\เดินเตะทุกอย่างบนโลก!.wav,15.822257999999998,16.822257999999998,กู,1.0,context_0.4,16000
C:\Users\muldi\Documents\Playground\University\senior-project-1\dataset\internet\clear\เดินเตะทุกอย่างบนโลก!.wav,15.922258,16.922258,กู,1.0,context_0.6,16000
C:\Users\muldi\Documents\Playground\University\senior-project-1\dataset\internet\clear\เดินเตะทุกอย่างบนโลก!.wav,16.022257999999997,17.022257999999997,กู,1.0,context_0.8,16000
C:\Users\muldi\Documents\Playground\University\senior-project-1\dataset\internet\clear\เดินเตะทุกอย่างบนโลก!.wav,16.493305000000003,17.493305000000003,กู,1.0,context_0.2,16000
C:\Users\muldi\Documents\Playground\University\senior-project-1\dataset\internet\clear\เดินเตะทุกอย่างบนโลก!.wav,16.593305,17.593305,กู,1.0,context_0.4,16000
C:\Users\muldi\Documents\Playground\University\senior-project-1\dataset\internet\clear\เดินเตะทุกอย่างบนโลก!.wav,16.693305000000002,17.693305000000002,กู,1.0,context_0.6,16000
C:\Users\muldi\Documents\Playground\University\senior-project-1\dataset\internet\clear\เดินเตะทุกอย่างบนโลก!.wav,16.793305,17.793305,กู,1.0,context_0.8,16000
C:\Users\muldi\Documents\Playground\University\senior-project-1\dataset\internet\clear\เดินเตะทุกอย่างบนโลก!.wav,20.097368000000003,21.097368000000003,กู,1.0,context_0.2,16000
C:\Users\muldi\Documents\Playground\University\senior-project-1\dataset\internet\clear\เดินเตะทุกอย่างบนโลก!.wav,20.197368,21.197368,กู,1.0,context_0.4,16000
C:\Users\muldi\Documents\Playground\University\senior-project-1\dataset\internet\clear\เดินเตะทุกอย่างบนโลก!.wav,20.297368000000002,21.297368000000002,กู,1.0,context_0.6,16000
C:\Users\muldi\Documents\Playground\University\senior-project-1\dataset\internet\clear\เดินเตะทุกอย่างบนโลก!.wav,20.397368,21.397368,กู,1.0,context_0.8,16000
C:\Users\muldi\Documents\Playground\University\senior-project-1\dataset\internet\clear\เดินเตะทุกอย่างบนโลก!.wav,21.129066,22.129066,กู,1.0,context_0.2,16000
C:\Users\muldi\Documents\Playground\University\senior-project-1\dataset\internet\clear\เดินเตะทุกอย่างบนโลก!.wav,21.229066,22.229066,กู,1.0,context_0.4,16000
C:\Users\muldi\Documents\Playground\University\senior-project-1\dataset\internet\clear\เดินเตะทุกอย่างบนโลก!.wav,21.329066,22.329066,กู,1.0,context_0.6,16000
C:\Users\muldi\Documents\Playground\University\senior-project-1\dataset\internet\clear\เดินเตะทุกอย่างบนโลก!.wav,21.429066,22.429066,กู,1.0,context_0.8,16000
C:\Users\muldi\Documents\Playground\University\senior-project-1\dataset\internet\clear\เดินเตะทุกอย่างบนโลก!.wav,27.073708,28.073708,กู,1.0,context_0.2,16000
C:\Users\muldi\Documents\Playground\University\senior-project-1\dataset\internet\clear\เดินเตะทุกอย่างบนโลก!.wav,27.173707999999998,28.173707999999998,กู,1.0,context_0.4,16000
C:\Users\muldi\Documents\Playground\University\senior-project-1\dataset\internet\clear\เดินเตะทุกอย่างบนโลก!.wav,27.273708,28.273708,กู,1.0,context_0.6,16000
C:\Users\muldi\Documents\Playground\University\senior-project-1\dataset\internet\clear\เดินเตะทุกอย่างบนโลก!.wav,27.373707999999997,28.373707999999997,กู,1.0,context_0.8,16000
C:\Users\muldi\Documents\Playground\University\senior-project-1\dataset\internet\clear\เดินเตะทุกอย่างบนโลก!.wav,28.956449000000003,29.956449000000003,กู,1.0,context_0.2,16000
C:\Users\muldi\Documents\Playground\University\senior-project-1\dataset\internet\clear\เดินเตะทุกอย่างบนโลก!.wav,29.056449,30.056449,กู,1.0,context_0.4,16000
C:\Users\muldi\Documents\Playground\University\senior-project-1\dataset\internet\clear\เดินเตะทุกอย่างบนโลก!.wav,29.156449000000002,30.156449000000002,กู,1.0,context_0.6,16000
C:\Users\muldi\Documents\Playground\University\senior-project-1\dataset\internet\clear\เดินเตะทุกอย่างบนโลก!.wav,29.256449,30.256449,กู,1.0,context_0.8,16000
C:\Users\muldi\Documents\Playground\University\senior-project-1\dataset\internet\clear\เดินเตะทุกอย่างบนโลก!.wav,31.691262000000002,32.691262,กู,1.0,context_0.2,16000
C:\Users\muldi\Documents\Playground\University\senior-project-1\dataset\internet\clear\เดินเตะทุกอย่างบนโลก!.wav,31.791262,32.791262,กู,1.0,context_0.4,16000
C:\Users\muldi\Documents\Playground\University\senior-project-1\dataset\internet\clear\เดินเตะทุกอย่างบนโลก!.wav,31.891262,32.891262,กู,1.0,context_0.6,16000
C:\Users\muldi\Documents\Playground\University\senior-project-1\dataset\internet\clear\เดินเตะทุกอย่างบนโลก!.wav,31.991262,32.991262,กู,1.0,context_0.8,16000
C:\Users\muldi\Documents\Playground\University\senior-project-1\dataset\internet\clear\เดินเตะทุกอย่างบนโลก!.wav,33.293795,34.293795,กู,1.0,context_0.2,16000
C:\Users\muldi\Documents\Playground\University\senior-project-1\dataset\internet\clear\เดินเตะทุกอย่างบนโลก!.wav,33.393795000000004,34.393795000000004,กู,1.0,context_0.4,16000
C:\Users\muldi\Documents\Playground\University\senior-project-1\dataset\internet\clear\เดินเตะทุกอย่างบนโลก!.wav,33.493795,34.493795,กู,1.0,context_0.6,16000
C:\Users\muldi\Documents\Playground\University\senior-project-1\dataset\internet\clear\เดินเตะทุกอย่างบนโลก!.wav,33.593795,34.593795,กู,1.0,context_0.8,16000
C:\Users\muldi\Documents\Playground\University\senior-project-1\dataset\internet\clear\เดินเตะทุกอย่างบนโลก!.wav,34.639413000000005,35.639413000000005,กู,1.0,context_0.2,16000
C:\Users\muldi\Documents\Playground\University\senior-project-1\dataset\internet\clear\เดินเตะทุกอย่างบนโลก!.wav,34.739413000000006,35.739413000000006,กู,1.0,context_0.4,16000
C:\Users\muldi\Documents\Playground\University\senior-project-1\dataset\internet\clear\เดินเตะทุกอย่างบนโลก!.wav,34.839413,35.839413,กู,1.0,context_0.6,16000
C:\Users\muldi\Documents\Playground\University\senior-project-1\dataset\internet\clear\เดินเตะทุกอย่างบนโลก!.wav,34.939413,35.939413,กู,1.0,context_0.8,16000
C:\Users\muldi\Documents\Playground\University\senior-project-1\dataset\internet\clear\เดินเตะทุกอย่างบนโลก!.wav,43.730655,44.730655,กู,1.0,context_0.2,16000
C:\Users\muldi\Documents\Playground\University\senior-project-1\dataset\internet\clear\เดินเตะทุกอย่างบนโลก!.wav,43.830655,44.830655,กู,1.0,context_0.4,16000
C:\Users\muldi\Documents\Playground\University\senior-project-1\dataset\internet\clear\เดินเตะทุกอย่างบนโลก!.wav,43.930654999999994,44.930654999999994,กู,1.0,context_0.6,16000
C:\Users\muldi\Documents\Playground\University\senior-project-1\dataset\internet\clear\เดินเตะทุกอย่างบนโลก!.wav,44.030654999999996,45.030654999999996,กู,1.0,context_0.8,16000
C:\Users\muldi\Documents\Playground\University\senior-project-1\dataset\internet\clear\เดินเตะทุกอย่างบนโลก!.wav,0.0,1.0,none,1.0,none_sample,16000
C:\Users\muldi\Documents\Playground\University\senior-project-1\dataset\internet\clear\เดินเตะทุกอย่างบนโลก!.wav,1.0,2.0,none,1.0,none_sample,16000
C:\Users\muldi\Documents\Playground\University\senior-project-1\dataset\internet\clear\เดินเตะทุกอย่างบนโลก!.wav,2.0,3.0,none,1.0,none_sample,16000
C:\Users\muldi\Documents\Playground\University\senior-project-1\dataset\internet\clear\เดินเตะทุกอย่างบนโลก!.wav,3.2,4.2,none,1.0,none_sample,16000
C:\Users\muldi\Documents\Playground\University\senior-project-1\dataset\internet\clear\เดินเตะทุกอย่างบนโลก!.wav,5.099999999999997,6.099999999999997,none,1.0,none_sample,16000
C:\Users\muldi\Documents\Playground\University\senior-project-1\dataset\internet\clear\เดินเตะทุกอย่างบนโลก!.wav,6.099999999999997,7.099999999999997,none,1.0,none_sample,16000
C:\Users\muldi\Documents\Playground\University\senior-project-1\dataset\internet\clear\เดินเตะทุกอย่างบนโลก!.wav,7.099999999999997,8.099999999999998,none,1.0,none_sample,16000
C:\Users\muldi\Documents\Playground\University\senior-project-1\dataset\internet\clear\เดินเตะทุกอย่างบนโลก!.wav,8.099999999999998,9.099999999999998,none,1.0,none_sample,16000
C:\Users\muldi\Documents\Playground\University\senior-project-1\dataset\internet\clear\เดินเตะทุกอย่างบนโลก!.wav,9.699999999999996,10.699999999999996,none,1.0,none_sample,16000
C:\Users\muldi\Documents\Playground\University\senior-project-1\dataset\internet\clear\เดินเตะทุกอย่างบนโลก!.wav,10.699999999999996,11.699999999999996,none,1.0,none_sample,16000
C:\Users\muldi\Documents\Playground\University\senior-project-1\dataset\internet\clear\เดินเตะทุกอย่างบนโลก!.wav,11.799999999999995,12.799999999999995,none,1.0,none_sample,16000
C:\Users\muldi\Documents\Playground\University\senior-project-1\dataset\internet\clear\เดินเตะทุกอย่างบนโลก!.wav,12.799999999999995,13.799999999999995,none,1.0,none_sample,16000
C:\Users\muldi\Documents\Playground\University\senior-project-1\dataset\internet\clear\เดินเตะทุกอย่างบนโลก!.wav,13.799999999999995,14.799999999999995,none,1.0,none_sample,16000
C:\Users\muldi\Documents\Playground\University\senior-project-1\dataset\internet\clear\เดินเตะทุกอย่างบนโลก!.wav,17.000000000000004,18.000000000000004,none,1.0,none_sample,16000
C:\Users\muldi\Documents\Playground\University\senior-project-1\dataset\internet\clear\เดินเตะทุกอย่างบนโลก!.wav,18.000000000000004,19.000000000000004,none,1.0,none_sample,16000
C:\Users\muldi\Documents\Playground\University\senior-project-1\dataset\internet\clear\เดินเตะทุกอย่างบนโลก!.wav,19.000000000000004,20.000000000000004,none,1.0,none_sample,16000
C:\Users\muldi\Documents\Playground\University\senior-project-1\dataset\internet\clear\เดินเตะทุกอย่างบนโลก!.wav,21.700000000000028,22.700000000000028,none,1.0,none_sample,16000
C:\Users\muldi\Documents\Playground\University\senior-project-1\dataset\internet\clear\เดินเตะทุกอย่างบนโลก!.wav,22.700000000000028,23.700000000000028,none,1.0,none_sample,16000
C:\Users\muldi\Documents\Playground\University\senior-project-1\dataset\internet\clear\เดินเตะทุกอย่างบนโลก!.wav,23.700000000000028,24.700000000000028,none,1.0,none_sample,16000
C:\Users\muldi\Documents\Playground\University\senior-project-1\dataset\internet\clear\เดินเตะทุกอย่างบนโลก!.wav,24.700000000000028,25.700000000000028,none,1.0,none_sample,16000
C:\Users\muldi\Documents\Playground\University\senior-project-1\dataset\internet\clear\เพื่อนบ้านหรรษาของจริงๆ.wav,4.844844999999999,5.844844999999999,มึง,1.0,context_0.2,16000
C:\Users\muldi\Documents\Playground\University\senior-project-1\dataset\internet\clear\เพื่อนบ้านหรรษาของจริงๆ.wav,4.944845,5.944845,มึง,1.0,context_0.4,16000
C:\Users\muldi\Documents\Playground\University\senior-project-1\dataset\internet\clear\เพื่อนบ้านหรรษาของจริงๆ.wav,5.044845,6.044845,มึง,1.0,context_0.6,16000
C:\Users\muldi\Documents\Playground\University\senior-project-1\dataset\internet\clear\เพื่อนบ้านหรรษาของจริงๆ.wav,5.144845,6.144845,มึง,1.0,context_0.8,16000
C:\Users\muldi\Documents\Playground\University\senior-project-1\dataset\internet\clear\เพื่อนบ้านหรรษาของจริงๆ.wav,19.365428,20.365428,กู,1.0,context_0.2,16000
C:\Users\muldi\Documents\Playground\University\senior-project-1\dataset\internet\clear\เพื่อนบ้านหรรษาของจริงๆ.wav,19.465428,20.465428,กู,1.0,context_0.4,16000
C:\Users\muldi\Documents\Playground\University\senior-project-1\dataset\internet\clear\เพื่อนบ้านหรรษาของจริงๆ.wav,19.565428,20.565428,กู,1.0,context_0.6,16000
C:\Users\muldi\Documents\Playground\University\senior-project-1\dataset\internet\clear\เพื่อนบ้านหรรษาของจริงๆ.wav,19.665428,20.665428,กู,1.0,context_0.8,16000
C:\Users\muldi\Documents\Playground\University\senior-project-1\dataset\internet\clear\เพื่อนบ้านหรรษาของจริงๆ.wav,21.8469075,22.8469075,มึง,1.0,main,16000
C:\Users\muldi\Documents\Playground\University\senior-project-1\dataset\internet\clear\เพื่อนบ้านหรรษาของจริงๆ.wav,30.393568000000002,31.393568000000002,กู,1.0,context_0.2,16000
C:\Users\muldi\Documents\Playground\University\senior-project-1\dataset\internet\clear\เพื่อนบ้านหรรษาของจริงๆ.wav,30.493568,31.493568,กู,1.0,context_0.4,16000
C:\Users\muldi\Documents\Playground\University\senior-project-1\dataset\internet\clear\เพื่อนบ้านหรรษาของจริงๆ.wav,30.593568,31.593568,กู,1.0,context_0.6,16000
C:\Users\muldi\Documents\Playground\University\senior-project-1\dataset\internet\clear\เพื่อนบ้านหรรษาของจริงๆ.wav,30.693568,31.693568,กู,1.0,context_0.8,16000
C:\Users\muldi\Documents\Playground\University\senior-project-1\dataset\internet\clear\เพื่อนบ้านหรรษาของจริงๆ.wav,35.811314,36.811314,กู,1.0,context_0.2,16000
C:\Users\muldi\Documents\Playground\University\senior-project-1\dataset\internet\clear\เพื่อนบ้านหรรษาของจริงๆ.wav,35.911314000000004,36.911314000000004,กู,1.0,context_0.4,16000
C:\Users\muldi\Documents\Playground\University\senior-project-1\dataset\internet\clear\เพื่อนบ้านหรรษาของจริงๆ.wav,36.011314,37.011314,กู,1.0,context_0.6,16000
C:\Users\muldi\Documents\Playground\University\senior-project-1\dataset\internet\clear\เพื่อนบ้านหรรษาของจริงๆ.wav,36.111314,37.111314,กู,1.0,context_0.8,16000
C:\Users\muldi\Documents\Playground\University\senior-project-1\dataset\internet\clear\เพื่อนบ้านหรรษาของจริงๆ.wav,37.524782,38.524782,เหี้ย,1.0,context_0.2,16000
C:\Users\muldi\Documents\Playground\University\senior-project-1\dataset\internet\clear\เพื่อนบ้านหรรษาของจริงๆ.wav,37.624782,38.624782,เหี้ย,1.0,context_0.4,16000
C:\Users\muldi\Documents\Playground\University\senior-project-1\dataset\internet\clear\เพื่อนบ้านหรรษาของจริงๆ.wav,37.724782,38.724782,เหี้ย,1.0,context_0.6,16000
C:\Users\muldi\Documents\Playground\University\senior-project-1\dataset\internet\clear\เพื่อนบ้านหรรษาของจริงๆ.wav,37.824782,38.824782,เหี้ย,1.0,context_0.8,16000
C:\Users\muldi\Documents\Playground\University\senior-project-1\dataset\internet\clear\เพื่อนบ้านหรรษาของจริงๆ.wav,39.312069,40.312069,กู,1.0,context_0.2,16000
C:\Users\muldi\Documents\Playground\University\senior-project-1\dataset\internet\clear\เพื่อนบ้านหรรษาของจริงๆ.wav,39.412069,40.412069,กู,1.0,context_0.4,16000
C:\Users\muldi\Documents\Playground\University\senior-project-1\dataset\internet\clear\เพื่อนบ้านหรรษาของจริงๆ.wav,39.512069,40.512069,กู,1.0,context_0.6,16000
C:\Users\muldi\Documents\Playground\University\senior-project-1\dataset\internet\clear\เพื่อนบ้านหรรษาของจริงๆ.wav,39.612069,40.612069,กู,1.0,context_0.8,16000
C:\Users\muldi\Documents\Playground\University\senior-project-1\dataset\internet\clear\เพื่อนบ้านหรรษาของจริงๆ.wav,41.339548,42.339548,กู,1.0,context_0.2,16000
C:\Users\muldi\Documents\Playground\University\senior-project-1\dataset\internet\clear\เพื่อนบ้านหรรษาของจริงๆ.wav,41.439548,42.439548,กู,1.0,context_0.4,16000
C:\Users\muldi\Documents\Playground\University\senior-project-1\dataset\internet\clear\เพื่อนบ้านหรรษาของจริงๆ.wav,41.539547999999996,42.539547999999996,กู,1.0,context_0.6,16000
C:\Users\muldi\Documents\Playground\University\senior-project-1\dataset\internet\clear\เพื่อนบ้านหรรษาของจริงๆ.wav,41.639548,42.639548,กู,1.0,context_0.8,16000
C:\Users\muldi\Documents\Playground\University\senior-project-1\dataset\internet\clear\เพื่อนบ้านหรรษาของจริงๆ.wav,42.446921,43.446921,มึง,1.0,context_0.2,16000
C:\Users\muldi\Documents\Playground\University\senior-project-1\dataset\internet\clear\เพื่อนบ้านหรรษาของจริงๆ.wav,42.546921000000005,43.546921000000005,มึง,1.0,context_0.4,16000
C:\Users\muldi\Documents\Playground\University\senior-project-1\dataset\internet\clear\เพื่อนบ้านหรรษาของจริงๆ.wav,42.646921,43.646921,มึง,1.0,context_0.6,16000
C:\Users\muldi\Documents\Playground\University\senior-project-1\dataset\internet\clear\เพื่อนบ้านหรรษาของจริงๆ.wav,42.746921,43.746921,มึง,1.0,context_0.8,16000
C:\Users\muldi\Documents\Playground\University\senior-project-1\dataset\internet\clear\เพื่อนบ้านหรรษาของจริงๆ.wav,54.728349,55.728349,เหี้ย,1.0,context_0.2,16000
C:\Users\muldi\Documents\Playground\University\senior-project-1\dataset\internet\clear\เพื่อนบ้านหรรษาของจริงๆ.wav,54.828349,55.828349,เหี้ย,1.0,context_0.4,16000
C:\Users\muldi\Documents\Playground\University\senior-project-1\dataset\internet\clear\เพื่อนบ้านหรรษาของจริงๆ.wav,54.928349,55.928349,เหี้ย,1.0,context_0.6,16000
C:\Users\muldi\Documents\Playground\University\senior-project-1\dataset\internet\clear\เพื่อนบ้านหรรษาของจริงๆ.wav,55.028349,56.028349,เหี้ย,1.0,context_0.8,16000
C:\Users\muldi\Documents\Playground\University\senior-project-1\dataset\internet\clear\เพื่อนบ้านหรรษาของจริงๆ.wav,0.0,1.0,none,1.0,none_sample,16000
C:\Users\muldi\Documents\Playground\University\senior-project-1\dataset\internet\clear\เพื่อนบ้านหรรษาของจริงๆ.wav,1.0,2.0,none,1.0,none_sample,16000
C:\Users\muldi\Documents\Playground\University\senior-project-1\dataset\internet\clear\เพื่อนบ้านหรรษาของจริงๆ.wav,2.0,3.0,none,1.0,none_sample,16000
C:\Users\muldi\Documents\Playground\University\senior-project-1\dataset\internet\clear\เพื่อนบ้านหรรษาของจริงๆ.wav,3.0,4.0,none,1.0,none_sample,16000
C:\Users\muldi\Documents\Playground\University\senior-project-1\dataset\internet\clear\เพื่อนบ้านหรรษาของจริงๆ.wav,4.0,5.0,none,1.0,none_sample,16000
C:\Users\muldi\Documents\Playground\University\senior-project-1\dataset\internet\clear\เพื่อนบ้านหรรษาของจริงๆ.wav,5.499999999999998,6.499999999999998,none,1.0,none_sample,16000
C:\Users\muldi\Documents\Playground\University\senior-project-1\dataset\internet\clear\เพื่อนบ้านหรรษาของจริงๆ.wav,6.499999999999998,7.499999999999998,none,1.0,none_sample,16000
C:\Users\muldi\Documents\Playground\University\senior-project-1\dataset\internet\clear\เพื่อนบ้านหรรษาของจริงๆ.wav,7.499999999999998,8.499999999999998,none,1.0,none_sample,16000
C:\Users\muldi\Documents\Playground\University\senior-project-1\dataset\internet\clear\เพื่อนบ้านหรรษาของจริงๆ.wav,8.499999999999998,9.499999999999998,none,1.0,none_sample,16000
C:\Users\muldi\Documents\Playground\University\senior-project-1\dataset\internet\clear\เพื่อนบ้านหรรษาของจริงๆ.wav,9.499999999999998,10.499999999999998,none,1.0,none_sample,16000
C:\Users\muldi\Documents\Playground\University\senior-project-1\dataset\internet\clear\เพื่อนบ้านหรรษาของจริงๆ.wav,10.499999999999998,11.499999999999998,none,1.0,none_sample,16000
C:\Users\muldi\Documents\Playground\University\senior-project-1\dataset\internet\clear\เพื่อนบ้านหรรษาของจริงๆ.wav,11.499999999999998,12.499999999999998,none,1.0,none_sample,16000
C:\Users\muldi\Documents\Playground\University\senior-project-1\dataset\internet\clear\โอ๊ต.wav,20.086934000000003,21.086934000000003,กู,1.0,context_0.2,16000
C:\Users\muldi\Documents\Playground\University\senior-project-1\dataset\internet\clear\โอ๊ต.wav,20.186934,21.186934,กู,1.0,context_0.4,16000
C:\Users\muldi\Documents\Playground\University\senior-project-1\dataset\internet\clear\โอ๊ต.wav,20.286934000000002,21.286934000000002,กู,1.0,context_0.6,16000
C:\Users\muldi\Documents\Playground\University\senior-project-1\dataset\internet\clear\โอ๊ต.wav,20.386934,21.386934,กู,1.0,context_0.8,16000
C:\Users\muldi\Documents\Playground\University\senior-project-1\dataset\internet\clear\โอ๊ต.wav,57.679944,58.679944,มึง,1.0,context_0.2,16000
C:\Users\muldi\Documents\Playground\University\senior-project-1\dataset\internet\clear\โอ๊ต.wav,57.779944,58.779944,มึง,1.0,context_0.4,16000
C:\Users\muldi\Documents\Playground\University\senior-project-1\dataset\internet\clear\โอ๊ต.wav,57.879943999999995,58.879943999999995,มึง,1.0,context_0.6,16000
C:\Users\muldi\Documents\Playground\University\senior-project-1\dataset\internet\clear\โอ๊ต.wav,57.979943999999996,58.979943999999996,มึง,1.0,context_0.8,16000
C:\Users\muldi\Documents\Playground\University\senior-project-1\dataset\internet\clear\โอ๊ต.wav,127.048485,128.048485,กู,1.0,context_0.2,16000
C:\Users\muldi\Documents\Playground\University\senior-project-1\dataset\internet\clear\โอ๊ต.wav,127.14848500000001,128.148485,กู,1.0,context_0.4,16000
C:\Users\muldi\Documents\Playground\University\senior-project-1\dataset\internet\clear\โอ๊ต.wav,127.248485,128.24848500000002,กู,1.0,context_0.6,16000
C:\Users\muldi\Documents\Playground\University\senior-project-1\dataset\internet\clear\โอ๊ต.wav,127.34848500000001,128.348485,กู,1.0,context_0.8,16000
C:\Users\muldi\Documents\Playground\University\senior-project-1\dataset\internet\clear\โอ๊ต.wav,130.18286799999998,131.18286799999998,กู,1.0,context_0.2,16000
C:\Users\muldi\Documents\Playground\University\senior-project-1\dataset\internet\clear\โอ๊ต.wav,130.28286799999998,131.28286799999998,กู,1.0,context_0.4,16000
C:\Users\muldi\Documents\Playground\University\senior-project-1\dataset\internet\clear\โอ๊ต.wav,130.382868,131.382868,กู,1.0,context_0.6,16000
C:\Users\muldi\Documents\Playground\University\senior-project-1\dataset\internet\clear\โอ๊ต.wav,130.482868,131.482868,กู,1.0,context_0.8,16000
C:\Users\muldi\Documents\Playground\University\senior-project-1\dataset\internet\clear\โอ๊ต.wav,144.205871,145.205871,กู,1.0,context_0.2,16000
C:\Users\muldi\Documents\Playground\University\senior-project-1\dataset\internet\clear\โอ๊ต.wav,144.305871,145.305871,กู,1.0,context_0.4,16000
C:\Users\muldi\Documents\Playground\University\senior-project-1\dataset\internet\clear\โอ๊ต.wav,144.40587100000002,145.40587100000002,กู,1.0,context_0.6,16000
C:\Users\muldi\Documents\Playground\University\senior-project-1\dataset\internet\clear\โอ๊ต.wav,144.505871,145.505871,กู,1.0,context_0.8,16000
C:\Users\muldi\Documents\Playground\University\senior-project-1\dataset\internet\clear\โอ๊ต.wav,239.026206,240.026206,กู,1.0,context_0.2,16000
C:\Users\muldi\Documents\Playground\University\senior-project-1\dataset\internet\clear\โอ๊ต.wav,239.126206,240.126206,กู,1.0,context_0.4,16000
C:\Users\muldi\Documents\Playground\University\senior-project-1\dataset\internet\clear\โอ๊ต.wav,239.22620600000002,240.22620600000002,กู,1.0,context_0.6,16000
C:\Users\muldi\Documents\Playground\University\senior-project-1\dataset\internet\clear\โอ๊ต.wav,239.326206,240.326206,กู,1.0,context_0.8,16000
C:\Users\muldi\Documents\Playground\University\senior-project-1\dataset\internet\clear\โอ๊ต.wav,272.715236,273.715236,กู,1.0,context_0.2,16000
C:\Users\muldi\Documents\Playground\University\senior-project-1\dataset\internet\clear\โอ๊ต.wav,272.81523599999997,273.81523599999997,กู,1.0,context_0.4,16000
C:\Users\muldi\Documents\Playground\University\senior-project-1\dataset\internet\clear\โอ๊ต.wav,272.915236,273.915236,กู,1.0,context_0.6,16000
C:\Users\muldi\Documents\Playground\University\senior-project-1\dataset\internet\clear\โอ๊ต.wav,273.01523599999996,274.01523599999996,กู,1.0,context_0.8,16000
C:\Users\muldi\Documents\Playground\University\senior-project-1\dataset\internet\clear\โอ๊ต.wav,273.22377600000004,274.22377600000004,กู,1.0,context_0.2,16000
C:\Users\muldi\Documents\Playground\University\senior-project-1\dataset\internet\clear\โอ๊ต.wav,273.323776,274.323776,กู,1.0,context_0.4,16000
C:\Users\muldi\Documents\Playground\University\senior-project-1\dataset\internet\clear\โอ๊ต.wav,273.42377600000003,274.42377600000003,กู,1.0,context_0.6,16000
C:\Users\muldi\Documents\Playground\University\senior-project-1\dataset\internet\clear\โอ๊ต.wav,273.523776,274.523776,กู,1.0,context_0.8,16000
C:\Users\muldi\Documents\Playground\University\senior-project-1\dataset\internet\clear\โอ๊ต.wav,1076.291332,1077.291332,เหี้ย,1.0,context_0.2,16000
C:\Users\muldi\Documents\Playground\University\senior-project-1\dataset\internet\clear\โอ๊ต.wav,1076.3913320000001,1077.3913320000001,เหี้ย,1.0,context_0.4,16000
C:\Users\muldi\Documents\Playground\University\senior-project-1\dataset\internet\clear\โอ๊ต.wav,1076.491332,1077.491332,เหี้ย,1.0,context_0.6,16000
C:\Users\muldi\Documents\Playground\University\senior-project-1\dataset\internet\clear\โอ๊ต.wav,1076.5913320000002,1077.5913320000002,เหี้ย,1.0,context_0.8,16000
C:\Users\muldi\Documents\Playground\University\senior-project-1\dataset\internet\clear\โอ๊ต.wav,1088.396851,1089.396851,กู,1.0,context_0.2,16000
C:\Users\muldi\Documents\Playground\University\senior-project-1\dataset\internet\clear\โอ๊ต.wav,1088.496851,1089.496851,กู,1.0,context_0.4,16000
C:\Users\muldi\Documents\Playground\University\senior-project-1\dataset\internet\clear\โอ๊ต.wav,1088.596851,1089.596851,กู,1.0,context_0.6,16000
C:\Users\muldi\Documents\Playground\University\senior-project-1\dataset\internet\clear\โอ๊ต.wav,1088.6968510000002,1089.6968510000002,กู,1.0,context_0.8,16000
C:\Users\muldi\Documents\Playground\University\senior-project-1\dataset\internet\clear\โอ๊ต.wav,1162.600211,1163.600211,มึง,1.0,context_0.2,16000
C:\Users\muldi\Documents\Playground\University\senior-project-1\dataset\internet\clear\โอ๊ต.wav,1162.700211,1163.700211,มึง,1.0,context_0.4,16000
C:\Users\muldi\Documents\Playground\University\senior-project-1\dataset\internet\clear\โอ๊ต.wav,1162.800211,1163.800211,มึง,1.0,context_0.6,16000
C:\Users\muldi\Documents\Playground\University\senior-project-1\dataset\internet\clear\โอ๊ต.wav,1162.9002110000001,1163.9002110000001,มึง,1.0,context_0.8,16000
C:\Users\muldi\Documents\Playground\University\senior-project-1\dataset\internet\clear\โอ๊ต.wav,1169.5104999999999,1170.5104999999999,กู,1.0,context_0.2,16000
C:\Users\muldi\Documents\Playground\University\senior-project-1\dataset\internet\clear\โอ๊ต.wav,1169.6105,1170.6105,กู,1.0,context_0.4,16000
C:\Users\muldi\Documents\Playground\University\senior-project-1\dataset\internet\clear\โอ๊ต.wav,1169.7105,1170.7105,กู,1.0,context_0.6,16000
C:\Users\muldi\Documents\Playground\University\senior-project-1\dataset\internet\clear\โอ๊ต.wav,1169.8105,1170.8105,กู,1.0,context_0.8,16000
C:\Users\muldi\Documents\Playground\University\senior-project-1\dataset\internet\clear\โอ๊ต.wav,1300.748195,1301.748195,เหี้ย,1.0,context_0.2,16000
C:\Users\muldi\Documents\Playground\University\senior-project-1\dataset\internet\clear\โอ๊ต.wav,1300.848195,1301.848195,เหี้ย,1.0,context_0.4,16000
C:\Users\muldi\Documents\Playground\University\senior-project-1\dataset\internet\clear\โอ๊ต.wav,1300.948195,1301.948195,เหี้ย,1.0,context_0.6,16000
C:\Users\muldi\Documents\Playground\University\senior-project-1\dataset\internet\clear\โอ๊ต.wav,1301.048195,1302.048195,เหี้ย,1.0,context_0.8,16000
C:\Users\muldi\Documents\Playground\University\senior-project-1\dataset\internet\clear\โอ๊ต.wav,0.0,1.0,none,1.0,none_sample,16000
C:\Users\muldi\Documents\Playground\University\senior-project-1\dataset\internet\clear\โอ๊ต.wav,1.0,2.0,none,1.0,none_sample,16000
C:\Users\muldi\Documents\Playground\University\senior-project-1\dataset\internet\clear\โอ๊ต.wav,2.0,3.0,none,1.0,none_sample,16000
C:\Users\muldi\Documents\Playground\University\senior-project-1\dataset\internet\clear\โอ๊ต.wav,3.0,4.0,none,1.0,none_sample,16000
C:\Users\muldi\Documents\Playground\University\senior-project-1\dataset\internet\clear\โอ๊ต.wav,4.0,5.0,none,1.0,none_sample,16000
C:\Users\muldi\Documents\Playground\University\senior-project-1\dataset\internet\clear\โอ๊ต.wav,5.0,6.0,none,1.0,none_sample,16000
C:\Users\muldi\Documents\Playground\University\senior-project-1\dataset\internet\clear\โอ๊ต.wav,6.0,7.0,none,1.0,none_sample,16000
C:\Users\muldi\Documents\Playground\University\senior-project-1\dataset\internet\clear\โอ๊ต.wav,7.0,8.0,none,1.0,none_sample,16000
C:\Users\muldi\Documents\Playground\University\senior-project-1\dataset\internet\clear\โอ๊ต.wav,8.0,9.0,none,1.0,none_sample,16000
C:\Users\muldi\Documents\Playground\University\senior-project-1\dataset\internet\clear\โอ๊ต.wav,9.0,10.0,none,1.0,none_sample,16000
C:\Users\muldi\Documents\Playground\University\senior-project-1\dataset\internet\clear\โอ๊ต.wav,10.0,11.0,none,1.0,none_sample,16000
C:\Users\muldi\Documents\Playground\University\senior-project-1\dataset\internet\clear\โอ๊ต.wav,11.0,12.0,none,1.0,none_sample,16000
C:\Users\muldi\Documents\Playground\University\senior-project-1\dataset\internet\clear\โอ๊ต.wav,12.0,13.0,none,1.0,none_sample,16000
C:\Users\muldi\Documents\Playground\University\senior-project-1\dataset\internet\clear\โอ๊ต.wav,13.0,14.0,none,1.0,none_sample,16000
C:\Users\muldi\Documents\Playground\University\senior-project-1\dataset\internet\clear\โอ๊ต.wav,14.0,15.0,none,1.0,none_sample,16000
C:\Users\muldi\Documents\Playground\University\senior-project-1\dataset\internet\clear\โอ๊ต.wav,15.0,16.0,none,1.0,none_sample,16000
C:\Users\muldi\Documents\Playground\University\senior-project-1\dataset\internet\clear\โอ๊ต.wav,16.0,17.0,none,1.0,none_sample,16000
C:\Users\muldi\Documents\Playground\University\senior-project-1\dataset\internet\clear\ใต้น้ำยังจะตามมาอีก!!.wav,5.603301999999999,6.603301999999999,เหี้ย,1.0,context_0.2,16000
C:\Users\muldi\Documents\Playground\University\senior-project-1\dataset\internet\clear\ใต้น้ำยังจะตามมาอีก!!.wav,5.703302,6.703302,เหี้ย,1.0,context_0.4,16000
C:\Users\muldi\Documents\Playground\University\senior-project-1\dataset\internet\clear\ใต้น้ำยังจะตามมาอีก!!.wav,5.8033019999999995,6.8033019999999995,เหี้ย,1.0,context_0.6,16000
C:\Users\muldi\Documents\Playground\University\senior-project-1\dataset\internet\clear\ใต้น้ำยังจะตามมาอีก!!.wav,5.903302,6.903302,เหี้ย,1.0,context_0.8,16000
C:\Users\muldi\Documents\Playground\University\senior-project-1\dataset\internet\clear\ใต้น้ำยังจะตามมาอีก!!.wav,5.755929999999999,6.755929999999999,มึง,1.0,context_0.2,16000
C:\Users\muldi\Documents\Playground\University\senior-project-1\dataset\internet\clear\ใต้น้ำยังจะตามมาอีก!!.wav,5.85593,6.85593,มึง,1.0,context_0.4,16000
C:\Users\muldi\Documents\Playground\University\senior-project-1\dataset\internet\clear\ใต้น้ำยังจะตามมาอีก!!.wav,5.9559299999999995,6.9559299999999995,มึง,1.0,context_0.6,16000
C:\Users\muldi\Documents\Playground\University\senior-project-1\dataset\internet\clear\ใต้น้ำยังจะตามมาอีก!!.wav,6.05593,7.05593,มึง,1.0,context_0.8,16000
C:\Users\muldi\Documents\Playground\University\senior-project-1\dataset\internet\clear\ใต้น้ำยังจะตามมาอีก!!.wav,8.891706,9.891706,กู,1.0,context_0.2,16000
C:\Users\muldi\Documents\Playground\University\senior-project-1\dataset\internet\clear\ใต้น้ำยังจะตามมาอีก!!.wav,8.991705999999999,9.991705999999999,กู,1.0,context_0.4,16000
C:\Users\muldi\Documents\Playground\University\senior-project-1\dataset\internet\clear\ใต้น้ำยังจะตามมาอีก!!.wav,9.091706,10.091706,กู,1.0,context_0.6,16000
C:\Users\muldi\Documents\Playground\University\senior-project-1\dataset\internet\clear\ใต้น้ำยังจะตามมาอีก!!.wav,9.191706,10.191706,กู,1.0,context_0.8,16000
C:\Users\muldi\Documents\Playground\University\senior-project-1\dataset\internet\clear\ใต้น้ำยังจะตามมาอีก!!.wav,9.573041,10.573041,มึง,1.0,context_0.2,16000
C:\Users\muldi\Documents\Playground\University\senior-project-1\dataset\internet\clear\ใต้น้ำยังจะตามมาอีก!!.wav,9.673041,10.673041,มึง,1.0,context_0.4,16000
C:\Users\muldi\Documents\Playground\University\senior-project-1\dataset\internet\clear\ใต้น้ำยังจะตามมาอีก!!.wav,9.773041000000001,10.773041000000001,มึง,1.0,context_0.6,16000
C:\Users\muldi\Documents\Playground\University\senior-project-1\dataset\internet\clear\ใต้น้ำยังจะตามมาอีก!!.wav,9.873041,10.873041,มึง,1.0,context_0.8,16000
C:\Users\muldi\Documents\Playground\University\senior-project-1\dataset\internet\clear\ใต้น้ำยังจะตามมาอีก!!.wav,10.757715,11.757715,เหี้ย,1.0,context_0.2,16000
C:\Users\muldi\Documents\Playground\University\senior-project-1\dataset\internet\clear\ใต้น้ำยังจะตามมาอีก!!.wav,10.857714999999999,11.857714999999999,เหี้ย,1.0,context_0.4,16000
C:\Users\muldi\Documents\Playground\University\senior-project-1\dataset\internet\clear\ใต้น้ำยังจะตามมาอีก!!.wav,10.957715,11.957715,เหี้ย,1.0,context_0.6,16000
C:\Users\muldi\Documents\Playground\University\senior-project-1\dataset\internet\clear\ใต้น้ำยังจะตามมาอีก!!.wav,11.057715,12.057715,เหี้ย,1.0,context_0.8,16000
C:\Users\muldi\Documents\Playground\University\senior-project-1\dataset\internet\clear\ใต้น้ำยังจะตามมาอีก!!.wav,12.0100485,13.0100485,กู,1.0,main,16000
C:\Users\muldi\Documents\Playground\University\senior-project-1\dataset\internet\clear\ใต้น้ำยังจะตามมาอีก!!.wav,18.914388000000002,19.914388000000002,กู,1.0,context_0.2,16000
C:\Users\muldi\Documents\Playground\University\senior-project-1\dataset\internet\clear\ใต้น้ำยังจะตามมาอีก!!.wav,19.014388,20.014388,กู,1.0,context_0.4,16000
C:\Users\muldi\Documents\Playground\University\senior-project-1\dataset\internet\clear\ใต้น้ำยังจะตามมาอีก!!.wav,19.114388,20.114388,กู,1.0,context_0.6,16000
C:\Users\muldi\Documents\Playground\University\senior-project-1\dataset\internet\clear\ใต้น้ำยังจะตามมาอีก!!.wav,19.214388,20.214388,กู,1.0,context_0.8,16000
C:\Users\muldi\Documents\Playground\University\senior-project-1\dataset\internet\clear\ใต้น้ำยังจะตามมาอีก!!.wav,21.099116000000002,22.099116000000002,เหี้ย,1.0,context_0.2,16000
C:\Users\muldi\Documents\Playground\University\senior-project-1\dataset\internet\clear\ใต้น้ำยังจะตามมาอีก!!.wav,21.199116,22.199116,เหี้ย,1.0,context_0.4,16000
C:\Users\muldi\Documents\Playground\University\senior-project-1\dataset\internet\clear\ใต้น้ำยังจะตามมาอีก!!.wav,21.299116,22.299116,เหี้ย,1.0,context_0.6,16000
C:\Users\muldi\Documents\Playground\University\senior-project-1\dataset\internet\clear\ใต้น้ำยังจะตามมาอีก!!.wav,21.399116,22.399116,เหี้ย,1.0,context_0.8,16000
C:\Users\muldi\Documents\Playground\University\senior-project-1\dataset\internet\clear\ใต้น้ำยังจะตามมาอีก!!.wav,48.732166,49.732166,เหี้ย,1.0,context_0.2,16000
C:\Users\muldi\Documents\Playground\University\senior-project-1\dataset\internet\clear\ใต้น้ำยังจะตามมาอีก!!.wav,48.832166,49.832166,เหี้ย,1.0,context_0.4,16000
C:\Users\muldi\Documents\Playground\University\senior-project-1\dataset\internet\clear\ใต้น้ำยังจะตามมาอีก!!.wav,48.932165999999995,49.932165999999995,เหี้ย,1.0,context_0.6,16000
C:\Users\muldi\Documents\Playground\University\senior-project-1\dataset\internet\clear\ใต้น้ำยังจะตามมาอีก!!.wav,49.032166,50.032166,เหี้ย,1.0,context_0.8,16000
C:\Users\muldi\Documents\Playground\University\senior-project-1\dataset\internet\clear\ใต้น้ำยังจะตามมาอีก!!.wav,0.0,1.0,none,1.0,none_sample,16000
C:\Users\muldi\Documents\Playground\University\senior-project-1\dataset\internet\clear\ใต้น้ำยังจะตามมาอีก!!.wav,1.0,2.0,none,1.0,none_sample,16000
C:\Users\muldi\Documents\Playground\University\senior-project-1\dataset\internet\clear\ใต้น้ำยังจะตามมาอีก!!.wav,2.0,3.0,none,1.0,none_sample,16000
C:\Users\muldi\Documents\Playground\University\senior-project-1\dataset\internet\clear\ใต้น้ำยังจะตามมาอีก!!.wav,3.0,4.0,none,1.0,none_sample,16000
C:\Users\muldi\Documents\Playground\University\senior-project-1\dataset\internet\clear\ใต้น้ำยังจะตามมาอีก!!.wav,4.0,5.0,none,1.0,none_sample,16000
C:\Users\muldi\Documents\Playground\University\senior-project-1\dataset\internet\clear\ใต้น้ำยังจะตามมาอีก!!.wav,5.0,6.0,none,1.0,none_sample,16000
C:\Users\muldi\Documents\Playground\University\senior-project-1\dataset\internet\clear\ใต้น้ำยังจะตามมาอีก!!.wav,6.299999999999999,7.299999999999999,none,1.0,none_sample,16000
C:\Users\muldi\Documents\Playground\University\senior-project-1\dataset\internet\clear\ใต้น้ำยังจะตามมาอีก!!.wav,7.299999999999999,8.299999999999999,none,1.0,none_sample,16000
C:\Users\muldi\Documents\Playground\University\senior-project-1\dataset\internet\clear\ใต้น้ำยังจะตามมาอีก!!.wav,11.299999999999988,12.299999999999988,none,1.0,none_sample,16000
C:\Users\muldi\Documents\Playground\University\senior-project-1\dataset\internet\clear\ใต้น้ำยังจะตามมาอีก!!.wav,12.699999999999987,13.699999999999987,none,1.0,none_sample,16000
C:\Users\muldi\Documents\Playground\University\senior-project-1\dataset\internet\clear\ใต้น้ำยังจะตามมาอีก!!.wav,13.699999999999987,14.699999999999987,none,1.0,none_sample,16000
C:\Users\muldi\Documents\Playground\University\senior-project-1\dataset\internet\effect\เมื่อไตระบายความในใจ.wav,92.60203999999999,93.60203999999999,มึง,1.0,context_0.2,16000
C:\Users\muldi\Documents\Playground\University\senior-project-1\dataset\internet\effect\เมื่อไตระบายความในใจ.wav,92.70204,93.70204,มึง,1.0,context_0.4,16000
C:\Users\muldi\Documents\Playground\University\senior-project-1\dataset\internet\effect\เมื่อไตระบายความในใจ.wav,92.80203999999999,93.80203999999999,มึง,1.0,context_0.6,16000
C:\Users\muldi\Documents\Playground\University\senior-project-1\dataset\internet\effect\เมื่อไตระบายความในใจ.wav,92.90204,93.90204,มึง,1.0,context_0.8,16000
C:\Users\muldi\Documents\Playground\University\senior-project-1\dataset\internet\effect\เมื่อไตระบายความในใจ.wav,0.0,1.0,none,1.0,none_sample,16000
C:\Users\muldi\Documents\Playground\University\senior-project-1\dataset\internet\music\คนหายไปไหนหมดเนี่ยช่วงนี้.wav,70.183171,71.183171,กู,1.0,main,16000
C:\Users\muldi\Documents\Playground\University\senior-project-1\dataset\internet\music\แคทเธอร์รีนยิงมันสิ!.wav,12.290808,13.290808,กู,1.0,context_0.2,16000
C:\Users\muldi\Documents\Playground\University\senior-project-1\dataset\internet\music\แคทเธอร์รีนยิงมันสิ!.wav,12.390808,13.390808,กู,1.0,context_0.4,16000
C:\Users\muldi\Documents\Playground\University\senior-project-1\dataset\internet\music\แคทเธอร์รีนยิงมันสิ!.wav,12.490808000000001,13.490808000000001,กู,1.0,context_0.6,16000
C:\Users\muldi\Documents\Playground\University\senior-project-1\dataset\internet\music\แคทเธอร์รีนยิงมันสิ!.wav,12.590808,13.590808,กู,1.0,context_0.8,16000
C:\Users\muldi\Documents\Playground\University\senior-project-1\dataset\internet\music\แคทเธอร์รีนยิงมันสิ!.wav,21.781190000000002,22.781190000000002,กู,1.0,main,16000
C:\Users\muldi\Documents\Playground\University\senior-project-1\dataset\internet\music\แคทเธอร์รีนยิงมันสิ!.wav,0.0,1.0,none,1.0,none_sample,16000
C:\Users\muldi\Documents\Playground\University\senior-project-1\dataset\internet\noise\จัดอันดับ ทหารสุดฮา.wav,5.228947,6.228947,เย็ด,1.0,context_0.2,16000
C:\Users\muldi\Documents\Playground\University\senior-project-1\dataset\internet\noise\จัดอันดับ ทหารสุดฮา.wav,5.328947,6.328947,เย็ด,1.0,context_0.4,16000
C:\Users\muldi\Documents\Playground\University\senior-project-1\dataset\internet\noise\จัดอันดับ ทหารสุดฮา.wav,5.428947,6.428947,เย็ด,1.0,context_0.6,16000
C:\Users\muldi\Documents\Playground\University\senior-project-1\dataset\internet\noise\จัดอันดับ ทหารสุดฮา.wav,5.5289470000000005,6.5289470000000005,เย็ด,1.0,context_0.8,16000
C:\Users\muldi\Documents\Playground\University\senior-project-1\dataset\internet\noise\จัดอันดับ ทหารสุดฮา.wav,0.0,1.0,none,1.0,none_sample,16000
C:\Users\muldi\Documents\Playground\University\senior-project-1\dataset\internet\noise\หาสัญลักษณ์ตามฉบับ New World Order ในเพลง จี่หอย.wav,100.61391599999999,101.61391599999999,มึง,1.0,context_0.2,16000
C:\Users\muldi\Documents\Playground\University\senior-project-1\dataset\internet\noise\หาสัญลักษณ์ตามฉบับ New World Order ในเพลง จี่หอย.wav,100.713916,101.713916,มึง,1.0,context_0.4,16000
C:\Users\muldi\Documents\Playground\University\senior-project-1\dataset\internet\noise\หาสัญลักษณ์ตามฉบับ New World Order ในเพลง จี่หอย.wav,100.81391599999999,101.81391599999999,มึง,1.0,context_0.6,16000
C:\Users\muldi\Documents\Playground\University\senior-project-1\dataset\internet\noise\หาสัญลักษณ์ตามฉบับ New World Order ในเพลง จี่หอย.wav,100.913916,101.913916,มึง,1.0,context_0.8,16000
C:\Users\muldi\Documents\Playground\University\senior-project-1\dataset\internet\noise\หาสัญลักษณ์ตามฉบับ New World Order ในเพลง จี่หอย.wav,0.0,1.0,none,1.0,none_sample,16000
C:\Users\muldi\Documents\Playground\University\senior-project-1\dataset\internet\noise\อะไรคือสิ่งที่ถูก.wav,1.1068349999999998,2.106835,มึง,1.0,context_0.2,16000
C:\Users\muldi\Documents\Playground\University\senior-project-1\dataset\internet\noise\อะไรคือสิ่งที่ถูก.wav,1.2068349999999999,2.206835,มึง,1.0,context_0.4,16000
C:\Users\muldi\Documents\Playground\University\senior-project-1\dataset\internet\noise\อะไรคือสิ่งที่ถูก.wav,1.306835,2.306835,มึง,1.0,context_0.6,16000
C:\Users\muldi\Documents\Playground\University\senior-project-1\dataset\internet\noise\อะไรคือสิ่งที่ถูก.wav,1.406835,2.406835,มึง,1.0,context_0.8,16000
C:\Users\muldi\Documents\Playground\University\senior-project-1\dataset\internet\noise\อะไรคือสิ่งที่ถูก.wav,1.827271,2.827271,กู,1.0,context_0.2,16000
C:\Users\muldi\Documents\Playground\University\senior-project-1\dataset\internet\noise\อะไรคือสิ่งที่ถูก.wav,1.927271,2.927271,กู,1.0,context_0.4,16000
C:\Users\muldi\Documents\Playground\University\senior-project-1\dataset\internet\noise\อะไรคือสิ่งที่ถูก.wav,2.027271,3.027271,กู,1.0,context_0.6,16000
C:\Users\muldi\Documents\Playground\University\senior-project-1\dataset\internet\noise\อะไรคือสิ่งที่ถูก.wav,2.127271,3.127271,กู,1.0,context_0.8,16000
C:\Users\muldi\Documents\Playground\University\senior-project-1\dataset\internet\noise\อะไรคือสิ่งที่ถูก.wav,9.432852,10.432852,กู,1.0,context_0.2,16000
C:\Users\muldi\Documents\Playground\University\senior-project-1\dataset\internet\noise\อะไรคือสิ่งที่ถูก.wav,9.532852,10.532852,กู,1.0,context_0.4,16000
C:\Users\muldi\Documents\Playground\University\senior-project-1\dataset\internet\noise\อะไรคือสิ่งที่ถูก.wav,9.632852000000002,10.632852000000002,กู,1.0,context_0.6,16000
C:\Users\muldi\Documents\Playground\University\senior-project-1\dataset\internet\noise\อะไรคือสิ่งที่ถูก.wav,9.732852000000001,10.732852000000001,กู,1.0,context_0.8,16000
C:\Users\muldi\Documents\Playground\University\senior-project-1\dataset\internet\noise\อะไรคือสิ่งที่ถูก.wav,24.96253,25.96253,กู,1.0,context_0.2,16000
C:\Users\muldi\Documents\Playground\University\senior-project-1\dataset\internet\noise\อะไรคือสิ่งที่ถูก.wav,25.06253,26.06253,กู,1.0,context_0.4,16000
C:\Users\muldi\Documents\Playground\University\senior-project-1\dataset\internet\noise\อะไรคือสิ่งที่ถูก.wav,25.16253,26.16253,กู,1.0,context_0.6,16000
C:\Users\muldi\Documents\Playground\University\senior-project-1\dataset\internet\noise\อะไรคือสิ่งที่ถูก.wav,25.262529999999998,26.262529999999998,กู,1.0,context_0.8,16000
C:\Users\muldi\Documents\Playground\University\senior-project-1\dataset\internet\noise\อะไรคือสิ่งที่ถูก.wav,51.071081,52.071081,กู,1.0,context_0.2,16000
C:\Users\muldi\Documents\Playground\University\senior-project-1\dataset\internet\noise\อะไรคือสิ่งที่ถูก.wav,51.171081,52.171081,กู,1.0,context_0.4,16000
C:\Users\muldi\Documents\Playground\University\senior-project-1\dataset\internet\noise\อะไรคือสิ่งที่ถูก.wav,51.271080999999995,52.271080999999995,กู,1.0,context_0.6,16000
C:\Users\muldi\Documents\Playground\University\senior-project-1\dataset\internet\noise\อะไรคือสิ่งที่ถูก.wav,51.371081,52.371081,กู,1.0,context_0.8,16000
C:\Users\muldi\Documents\Playground\University\senior-project-1\dataset\internet\noise\อะไรคือสิ่งที่ถูก.wav,0.0,1.0,none,1.0,none_sample,16000
C:\Users\muldi\Documents\Playground\University\senior-project-1\dataset\internet\noise\อะไรคือสิ่งที่ถูก.wav,2.300000000000001,3.300000000000001,none,1.0,none_sample,16000
C:\Users\muldi\Documents\Playground\University\senior-project-1\dataset\internet\noise\อะไรคือสิ่งที่ถูก.wav,3.300000000000001,4.300000000000001,none,1.0,none_sample,16000
C:\Users\muldi\Documents\Playground\University\senior-project-1\dataset\internet\noise\อะไรคือสิ่งที่ถูก.wav,4.300000000000001,5.300000000000001,none,1.0,none_sample,16000
C:\Users\muldi\Documents\Playground\University\senior-project-1\dataset\internet\noise\อะไรคือสิ่งที่ถูก.wav,5.300000000000001,6.300000000000001,none,1.0,none_sample,16000
C:\Users\muldi\Documents\Playground\University\senior-project-1\dataset\internet\noise\อะไรคือสิ่งที่ถูก.wav,6.300000000000001,7.300000000000001,none,1.0,none_sample,16000
C:\Users\muldi\Documents\Playground\University\senior-project-1\dataset\single\กู\กู (เบลล์).wav,0.29500000000000004,1.295,กู,1.0,main,16000
C:\Users\muldi\Documents\Playground\University\senior-project-1\dataset\us\clear\ถ้าแกไม่ไป กูก็ไม่ไปเหมือนกัน.wav,1.0313569999999999,2.031357,กู,1.0,context_0.2,16000
C:\Users\muldi\Documents\Playground\University\senior-project-1\dataset\us\clear\ถ้าแกไม่ไป กูก็ไม่ไปเหมือนกัน.wav,1.131357,2.131357,กู,1.0,context_0.4,16000
C:\Users\muldi\Documents\Playground\University\senior-project-1\dataset\us\clear\ถ้าแกไม่ไป กูก็ไม่ไปเหมือนกัน.wav,1.231357,2.231357,กู,1.0,context_0.6,16000
C:\Users\muldi\Documents\Playground\University\senior-project-1\dataset\us\clear\ถ้าแกไม่ไป กูก็ไม่ไปเหมือนกัน.wav,1.3313570000000001,2.331357,กู,1.0,context_0.8,16000
C:\Users\muldi\Documents\Playground\University\senior-project-1\dataset\us\clear\ถ้าแกไม่ไป กูก็ไม่ไปเหมือนกัน.wav,0.0,1.0,none,1.0,none_sample,16000
