file_path,start_time,end_time,label,window_size,variant_type,audio_samples
C:\Users\muldi\Documents\Playground\University\senior-project-1\dataset\internet\clear\Horror movie for WOKE!!!!!.wav,19.533268,21.533268,กู,2.0,context_0.2,32000
C:\Users\muldi\Documents\Playground\University\senior-project-1\dataset\internet\clear\Horror movie for WOKE!!!!!.wav,19.733268,21.733268,กู,2.0,context_0.4,32000
C:\Users\muldi\Documents\Playground\University\senior-project-1\dataset\internet\clear\Horror movie for WOKE!!!!!.wav,19.933268,21.933268,กู,2.0,context_0.6,32000
C:\Users\muldi\Documents\Playground\University\senior-project-1\dataset\internet\clear\Horror movie for WOKE!!!!!.wav,20.133268,22.133268,กู,2.0,context_0.8,32000
C:\Users\muldi\Documents\Playground\University\senior-project-1\dataset\internet\clear\Horror movie for WOKE!!!!!.wav,21.957007,23.957007,มึง,2.0,context_0.2,32000
C:\Users\muldi\Documents\Playground\University\senior-project-1\dataset\internet\clear\Horror movie for WOKE!!!!!.wav,22.157007,24.157007,มึง,2.0,context_0.4,32000
C:\Users\muldi\Documents\Playground\University\senior-project-1\dataset\internet\clear\Horror movie for WOKE!!!!!.wav,22.357007000000003,24.357007000000003,มึง,2.0,context_0.6,32000
C:\Users\muldi\Documents\Playground\University\senior-project-1\dataset\internet\clear\Horror movie for WOKE!!!!!.wav,22.557007000000002,24.557007000000002,มึง,2.0,context_0.8,32000
C:\Users\muldi\Documents\Playground\University\senior-project-1\dataset\internet\clear\Horror movie for WOKE!!!!!.wav,22.788952,24.788952,กู,2.0,context_0.2,32000
C:\Users\muldi\Documents\Playground\University\senior-project-1\dataset\internet\clear\Horror movie for WOKE!!!!!.wav,22.988951999999998,24.988951999999998,กู,2.0,context_0.4,32000
C:\Users\muldi\Documents\Playground\University\senior-project-1\dataset\internet\clear\Horror movie for WOKE!!!!!.wav,23.188952,25.188952,กู,2.0,context_0.6,32000
C:\Users\muldi\Documents\Playground\University\senior-project-1\dataset\internet\clear\Horror movie for WOKE!!!!!.wav,23.388952,25.388952,กู,2.0,context_0.8,32000
C:\Users\muldi\Documents\Playground\University\senior-project-1\dataset\internet\clear\Horror movie for WOKE!!!!!.wav,25.531104,27.531104,กู,2.0,context_0.2,32000
C:\Users\muldi\Documents\Playground\University\senior-project-1\dataset\internet\clear\Horror movie for WOKE!!!!!.wav,25.731104,27.731104,กู,2.0,context_0.4,32000
C:\Users\muldi\Documents\Playground\University\senior-project-1\dataset\internet\clear\Horror movie for WOKE!!!!!.wav,25.931104,27.931104,กู,2.0,context_0.6,32000
C:\Users\muldi\Documents\Playground\University\senior-project-1\dataset\internet\clear\Horror movie for WOKE!!!!!.wav,26.131104,28.131104,กู,2.0,context_0.8,32000
C:\Users\muldi\Documents\Playground\University\senior-project-1\dataset\internet\clear\Horror movie for WOKE!!!!!.wav,32.247886,34.247886,เหี้ย,2.0,context_0.2,32000
C:\Users\muldi\Documents\Playground\University\senior-project-1\dataset\internet\clear\Horror movie for WOKE!!!!!.wav,32.447886,34.447886,เหี้ย,2.0,context_0.4,32000
C:\Users\muldi\Documents\Playground\University\senior-project-1\dataset\internet\clear\Horror movie for WOKE!!!!!.wav,32.647886,34.647886,เหี้ย,2.0,context_0.6,32000
C:\Users\muldi\Documents\Playground\University\senior-project-1\dataset\internet\clear\Horror movie for WOKE!!!!!.wav,32.847885999999995,34.847885999999995,เหี้ย,2.0,context_0.8,32000
C:\Users\muldi\Documents\Playground\University\senior-project-1\dataset\internet\clear\Horror movie for WOKE!!!!!.wav,72.934201,74.934201,กู,2.0,context_0.2,32000
C:\Users\muldi\Documents\Playground\University\senior-project-1\dataset\internet\clear\Horror movie for WOKE!!!!!.wav,73.134201,75.134201,กู,2.0,context_0.4,32000
C:\Users\muldi\Documents\Playground\University\senior-project-1\dataset\internet\clear\Horror movie for WOKE!!!!!.wav,73.334201,75.334201,กู,2.0,context_0.6,32000
C:\Users\muldi\Documents\Playground\University\senior-project-1\dataset\internet\clear\Horror movie for WOKE!!!!!.wav,73.534201,75.534201,กู,2.0,context_0.8,32000
C:\Users\muldi\Documents\Playground\University\senior-project-1\dataset\internet\clear\Horror movie for WOKE!!!!!.wav,73.553244,75.553244,มึง,2.0,context_0.2,32000
C:\Users\muldi\Documents\Playground\University\senior-project-1\dataset\internet\clear\Horror movie for WOKE!!!!!.wav,73.75324400000001,75.75324400000001,มึง,2.0,context_0.4,32000
C:\Users\muldi\Documents\Playground\University\senior-project-1\dataset\internet\clear\Horror movie for WOKE!!!!!.wav,73.953244,75.953244,มึง,2.0,context_0.6,32000
C:\Users\muldi\Documents\Playground\University\senior-project-1\dataset\internet\clear\Horror movie for WOKE!!!!!.wav,74.153244,76.153244,มึง,2.0,context_0.8,32000
C:\Users\muldi\Documents\Playground\University\senior-project-1\dataset\internet\clear\Horror movie for WOKE!!!!!.wav,80.250803,82.250803,เหี้ย,2.0,context_0.2,32000
C:\Users\muldi\Documents\Playground\University\senior-project-1\dataset\internet\clear\Horror movie for WOKE!!!!!.wav,80.45080300000001,82.45080300000001,เหี้ย,2.0,context_0.4,32000
C:\Users\muldi\Documents\Playground\University\senior-project-1\dataset\internet\clear\Horror movie for WOKE!!!!!.wav,80.650803,82.650803,เหี้ย,2.0,context_0.6,32000
C:\Users\muldi\Documents\Playground\University\senior-project-1\dataset\internet\clear\Horror movie for WOKE!!!!!.wav,80.850803,82.850803,เหี้ย,2.0,context_0.8,32000
C:\Users\muldi\Documents\Playground\University\senior-project-1\dataset\internet\clear\Horror movie for WOKE!!!!!.wav,97.43089400000001,99.43089400000001,เหี้ย,2.0,context_0.2,32000
C:\Users\muldi\Documents\Playground\University\senior-project-1\dataset\internet\clear\Horror movie for WOKE!!!!!.wav,97.63089400000001,99.63089400000001,เหี้ย,2.0,context_0.4,32000
C:\Users\muldi\Documents\Playground\University\senior-project-1\dataset\internet\clear\Horror movie for WOKE!!!!!.wav,97.830894,99.830894,เหี้ย,2.0,context_0.6,32000
C:\Users\muldi\Documents\Playground\University\senior-project-1\dataset\internet\clear\Horror movie for WOKE!!!!!.wav,98.030894,100.030894,เหี้ย,2.0,context_0.8,32000
C:\Users\muldi\Documents\Playground\University\senior-project-1\dataset\internet\clear\Horror movie for WOKE!!!!!.wav,98.463753,100.463753,กู,2.0,context_0.2,32000
C:\Users\muldi\Documents\Playground\University\senior-project-1\dataset\internet\clear\Horror movie for WOKE!!!!!.wav,98.663753,100.663753,กู,2.0,context_0.4,32000
C:\Users\muldi\Documents\Playground\University\senior-project-1\dataset\internet\clear\Horror movie for WOKE!!!!!.wav,98.86375299999999,100.86375299999999,กู,2.0,context_0.6,32000
C:\Users\muldi\Documents\Playground\University\senior-project-1\dataset\internet\clear\Horror movie for WOKE!!!!!.wav,99.06375299999999,101.06375299999999,กู,2.0,context_0.8,32000
C:\Users\muldi\Documents\Playground\University\senior-project-1\dataset\internet\clear\Horror movie for WOKE!!!!!.wav,111.002627,113.002627,เหี้ย,2.0,context_0.2,32000
C:\Users\muldi\Documents\Playground\University\senior-project-1\dataset\internet\clear\Horror movie for WOKE!!!!!.wav,111.202627,113.202627,เหี้ย,2.0,context_0.4,32000
C:\Users\muldi\Documents\Playground\University\senior-project-1\dataset\internet\clear\Horror movie for WOKE!!!!!.wav,111.402627,113.402627,เหี้ย,2.0,context_0.6,32000
C:\Users\muldi\Documents\Playground\University\senior-project-1\dataset\internet\clear\Horror movie for WOKE!!!!!.wav,111.602627,113.602627,เหี้ย,2.0,context_0.8,32000
C:\Users\muldi\Documents\Playground\University\senior-project-1\dataset\internet\clear\Horror movie for WOKE!!!!!.wav,150.117787,152.117787,กู,2.0,context_0.2,32000
C:\Users\muldi\Documents\Playground\University\senior-project-1\dataset\internet\clear\Horror movie for WOKE!!!!!.wav,150.317787,152.317787,กู,2.0,context_0.4,32000
C:\Users\muldi\Documents\Playground\University\senior-project-1\dataset\internet\clear\Horror movie for WOKE!!!!!.wav,150.517787,152.517787,กู,2.0,context_0.6,32000
C:\Users\muldi\Documents\Playground\University\senior-project-1\dataset\internet\clear\Horror movie for WOKE!!!!!.wav,150.71778700000002,152.71778700000002,กู,2.0,context_0.8,32000
C:\Users\muldi\Documents\Playground\University\senior-project-1\dataset\internet\clear\Horror movie for WOKE!!!!!.wav,150.767484,152.767484,มึง,2.0,context_0.2,32000
C:\Users\muldi\Documents\Playground\University\senior-project-1\dataset\internet\clear\Horror movie for WOKE!!!!!.wav,150.967484,152.967484,มึง,2.0,context_0.4,32000
C:\Users\muldi\Documents\Playground\University\senior-project-1\dataset\internet\clear\Horror movie for WOKE!!!!!.wav,151.167484,153.167484,มึง,2.0,context_0.6,32000
C:\Users\muldi\Documents\Playground\University\senior-project-1\dataset\internet\clear\Horror movie for WOKE!!!!!.wav,151.36748400000002,153.36748400000002,มึง,2.0,context_0.8,32000
C:\Users\muldi\Documents\Playground\University\senior-project-1\dataset\internet\clear\Horror movie for WOKE!!!!!.wav,151.43944199999999,153.43944199999999,เย็ด,2.0,context_0.2,32000
C:\Users\muldi\Documents\Playground\University\senior-project-1\dataset\internet\clear\Horror movie for WOKE!!!!!.wav,151.639442,153.639442,เย็ด,2.0,context_0.4,32000
C:\Users\muldi\Documents\Playground\University\senior-project-1\dataset\internet\clear\Horror movie for WOKE!!!!!.wav,151.839442,153.839442,เย็ด,2.0,context_0.6,32000
C:\Users\muldi\Documents\Playground\University\senior-project-1\dataset\internet\clear\Horror movie for WOKE!!!!!.wav,152.039442,154.039442,เย็ด,2.0,context_0.8,32000
C:\Users\muldi\Documents\Playground\University\senior-project-1\dataset\internet\clear\Horror movie for WOKE!!!!!.wav,162.518824,164.518824,มึง,2.0,context_0.2,32000
C:\Users\muldi\Documents\Playground\University\senior-project-1\dataset\internet\clear\Horror movie for WOKE!!!!!.wav,162.718824,164.718824,มึง,2.0,context_0.4,32000
C:\Users\muldi\Documents\Playground\University\senior-project-1\dataset\internet\clear\Horror movie for WOKE!!!!!.wav,162.918824,164.918824,มึง,2.0,context_0.6,32000
C:\Users\muldi\Documents\Playground\University\senior-project-1\dataset\internet\clear\Horror movie for WOKE!!!!!.wav,163.11882400000002,165.11882400000002,มึง,2.0,context_0.8,32000
C:\Users\muldi\Documents\Playground\University\senior-project-1\dataset\internet\clear\Horror movie for WOKE!!!!!.wav,184.693758,186.693758,เหี้ย,2.0,context_0.2,32000
C:\Users\muldi\Documents\Playground\University\senior-project-1\dataset\internet\clear\Horror movie for WOKE!!!!!.wav,184.89375800000002,186.89375800000002,เหี้ย,2.0,context_0.4,32000
C:\Users\muldi\Documents\Playground\University\senior-project-1\dataset\internet\clear\Horror movie for WOKE!!!!!.wav,185.093758,187.093758,เหี้ย,2.0,context_0.6,32000
C:\Users\muldi\Documents\Playground\University\senior-project-1\dataset\internet\clear\Horror movie for WOKE!!!!!.wav,185.29375800000003,187.29375800000003,เหี้ย,2.0,context_0.8,32000
C:\Users\muldi\Documents\Playground\University\senior-project-1\dataset\internet\clear\Horror movie for WOKE!!!!!.wav,233.101956,235.101956,เหี้ย,2.0,context_0.2,32000
C:\Users\muldi\Documents\Playground\University\senior-project-1\dataset\internet\clear\Horror movie for WOKE!!!!!.wav,233.30195600000002,235.30195600000002,เหี้ย,2.0,context_0.4,32000
C:\Users\muldi\Documents\Playground\University\senior-project-1\dataset\internet\clear\Horror movie for WOKE!!!!!.wav,233.501956,235.501956,เหี้ย,2.0,context_0.6,32000
C:\Users\muldi\Documents\Playground\University\senior-project-1\dataset\internet\clear\Horror movie for WOKE!!!!!.wav,233.70195600000002,235.70195600000002,เหี้ย,2.0,context_0.8,32000
C:\Users\muldi\Documents\Playground\University\senior-project-1\dataset\internet\clear\Horror movie for WOKE!!!!!.wav,249.659551,251.659551,เหี้ย,2.0,context_0.2,32000
C:\Users\muldi\Documents\Playground\University\senior-project-1\dataset\internet\clear\Horror movie for WOKE!!!!!.wav,249.859551,251.859551,เหี้ย,2.0,context_0.4,32000
C:\Users\muldi\Documents\Playground\University\senior-project-1\dataset\internet\clear\Horror movie for WOKE!!!!!.wav,250.059551,252.059551,เหี้ย,2.0,context_0.6,32000
C:\Users\muldi\Documents\Playground\University\senior-project-1\dataset\internet\clear\Horror movie for WOKE!!!!!.wav,250.25955100000002,252.25955100000002,เหี้ย,2.0,context_0.8,32000
C:\Users\muldi\Documents\Playground\University\senior-project-1\dataset\internet\clear\Horror movie for WOKE!!!!!.wav,249.919774,251.919774,เหี้ย,2.0,context_0.2,32000
C:\Users\muldi\Documents\Playground\University\senior-project-1\dataset\internet\clear\Horror movie for WOKE!!!!!.wav,250.119774,252.119774,เหี้ย,2.0,context_0.4,32000
C:\Users\muldi\Documents\Playground\University\senior-project-1\dataset\internet\clear\Horror movie for WOKE!!!!!.wav,250.319774,252.319774,เหี้ย,2.0,context_0.6,32000
C:\Users\muldi\Documents\Playground\University\senior-project-1\dataset\internet\clear\Horror movie for WOKE!!!!!.wav,250.519774,252.519774,เหี้ย,2.0,context_0.8,32000
C:\Users\muldi\Documents\Playground\University\senior-project-1\dataset\internet\clear\Horror movie for WOKE!!!!!.wav,389.642997,391.642997,กู,2.0,context_0.2,32000
C:\Users\muldi\Documents\Playground\University\senior-project-1\dataset\internet\clear\Horror movie for WOKE!!!!!.wav,389.84299699999997,391.84299699999997,กู,2.0,context_0.4,32000
C:\Users\muldi\Documents\Playground\University\senior-project-1\dataset\internet\clear\Horror movie for WOKE!!!!!.wav,390.042997,392.042997,กู,2.0,context_0.6,32000
C:\Users\muldi\Documents\Playground\University\senior-project-1\dataset\internet\clear\Horror movie for WOKE!!!!!.wav,390.242997,392.242997,กู,2.0,context_0.8,32000
C:\Users\muldi\Documents\Playground\University\senior-project-1\dataset\internet\clear\Horror movie for WOKE!!!!!.wav,390.615775,392.615775,กู,2.0,context_0.2,32000
C:\Users\muldi\Documents\Playground\University\senior-project-1\dataset\internet\clear\Horror movie for WOKE!!!!!.wav,390.815775,392.815775,กู,2.0,context_0.4,32000
C:\Users\muldi\Documents\Playground\University\senior-project-1\dataset\internet\clear\Horror movie for WOKE!!!!!.wav,391.015775,393.015775,กู,2.0,context_0.6,32000
C:\Users\muldi\Documents\Playground\University\senior-project-1\dataset\internet\clear\Horror movie for WOKE!!!!!.wav,391.215775,393.215775,กู,2.0,context_0.8,32000
C:\Users\muldi\Documents\Playground\University\senior-project-1\dataset\internet\clear\Horror movie for WOKE!!!!!.wav,393.33419399999997,395.33419399999997,มึง,2.0,context_0.2,32000
C:\Users\muldi\Documents\Playground\University\senior-project-1\dataset\internet\clear\Horror movie for WOKE!!!!!.wav,393.53419399999996,395.53419399999996,มึง,2.0,context_0.4,32000
C:\Users\muldi\Documents\Playground\University\senior-project-1\dataset\internet\clear\Horror movie for WOKE!!!!!.wav,393.734194,395.734194,มึง,2.0,context_0.6,32000
C:\Users\muldi\Documents\Playground\University\senior-project-1\dataset\internet\clear\Horror movie for WOKE!!!!!.wav,393.934194,395.934194,มึง,2.0,context_0.8,32000
C:\Users\muldi\Documents\Playground\University\senior-project-1\dataset\internet\clear\Horror movie for WOKE!!!!!.wav,396.215719,398.215719,มึง,2.0,context_0.2,32000
C:\Users\muldi\Documents\Playground\University\senior-project-1\dataset\internet\clear\Horror movie for WOKE!!!!!.wav,396.41571899999997,398.41571899999997,มึง,2.0,context_0.4,32000
C:\Users\muldi\Documents\Playground\University\senior-project-1\dataset\internet\clear\Horror movie for WOKE!!!!!.wav,396.615719,398.615719,มึง,2.0,context_0.6,32000
C:\Users\muldi\Documents\Playground\University\senior-project-1\dataset\internet\clear\Horror movie for WOKE!!!!!.wav,396.815719,398.815719,มึง,2.0,context_0.8,32000
C:\Users\muldi\Documents\Playground\University\senior-project-1\dataset\internet\clear\Horror movie for WOKE!!!!!.wav,400.202705,402.202705,มึง,2.0,context_0.2,32000
C:\Users\muldi\Documents\Playground\University\senior-project-1\dataset\internet\clear\Horror movie for WOKE!!!!!.wav,400.40270499999997,402.40270499999997,มึง,2.0,context_0.4,32000
C:\Users\muldi\Documents\Playground\University\senior-project-1\dataset\internet\clear\Horror movie for WOKE!!!!!.wav,400.602705,402.602705,มึง,2.0,context_0.6,32000
C:\Users\muldi\Documents\Playground\University\senior-project-1\dataset\internet\clear\Horror movie for WOKE!!!!!.wav,400.802705,402.802705,มึง,2.0,context_0.8,32000
C:\Users\muldi\Documents\Playground\University\senior-project-1\dataset\internet\clear\Horror movie for WOKE!!!!!.wav,401.885803,403.885803,มึง,2.0,context_0.2,32000
C:\Users\muldi\Documents\Playground\University\senior-project-1\dataset\internet\clear\Horror movie for WOKE!!!!!.wav,402.085803,404.085803,มึง,2.0,context_0.4,32000
C:\Users\muldi\Documents\Playground\University\senior-project-1\dataset\internet\clear\Horror movie for WOKE!!!!!.wav,402.28580300000004,404.28580300000004,มึง,2.0,context_0.6,32000
C:\Users\muldi\Documents\Playground\University\senior-project-1\dataset\internet\clear\Horror movie for WOKE!!!!!.wav,402.48580300000003,404.48580300000003,มึง,2.0,context_0.8,32000
C:\Users\muldi\Documents\Playground\University\senior-project-1\dataset\internet\clear\Horror movie for WOKE!!!!!.wav,429.335127,431.335127,มึง,2.0,context_0.2,32000
C:\Users\muldi\Documents\Playground\University\senior-project-1\dataset\internet\clear\Horror movie for WOKE!!!!!.wav,429.535127,431.535127,มึง,2.0,context_0.4,32000
C:\Users\muldi\Documents\Playground\University\senior-project-1\dataset\internet\clear\Horror movie for WOKE!!!!!.wav,429.73512700000003,431.73512700000003,มึง,2.0,context_0.6,32000
C:\Users\muldi\Documents\Playground\University\senior-project-1\dataset\internet\clear\Horror movie for WOKE!!!!!.wav,429.935127,431.935127,มึง,2.0,context_0.8,32000
C:\Users\muldi\Documents\Playground\University\senior-project-1\dataset\internet\clear\Horror movie for WOKE!!!!!.wav,452.10393999999997,454.10393999999997,เหี้ย,2.0,context_0.2,32000
C:\Users\muldi\Documents\Playground\University\senior-project-1\dataset\internet\clear\Horror movie for WOKE!!!!!.wav,452.30393999999995,454.30393999999995,เหี้ย,2.0,context_0.4,32000
C:\Users\muldi\Documents\Playground\University\senior-project-1\dataset\internet\clear\Horror movie for WOKE!!!!!.wav,452.50394,454.50394,เหี้ย,2.0,context_0.6,32000
C:\Users\muldi\Documents\Playground\University\senior-project-1\dataset\internet\clear\Horror movie for WOKE!!!!!.wav,452.70394,454.70394,เหี้ย,2.0,context_0.8,32000
C:\Users\muldi\Documents\Playground\University\senior-project-1\dataset\internet\clear\Horror movie for WOKE!!!!!.wav,457.88676599999997,459.88676599999997,เหี้ย,2.0,context_0.2,32000
C:\Users\muldi\Documents\Playground\University\senior-project-1\dataset\internet\clear\Horror movie for WOKE!!!!!.wav,458.08676599999995,460.08676599999995,เหี้ย,2.0,context_0.4,32000
C:\Users\muldi\Documents\Playground\University\senior-project-1\dataset\internet\clear\Horror movie for WOKE!!!!!.wav,458.286766,460.286766,เหี้ย,2.0,context_0.6,32000
C:\Users\muldi\Documents\Playground\University\senior-project-1\dataset\internet\clear\Horror movie for WOKE!!!!!.wav,458.486766,460.486766,เหี้ย,2.0,context_0.8,32000
C:\Users\muldi\Documents\Playground\University\senior-project-1\dataset\internet\clear\Horror movie for WOKE!!!!!.wav,464.01606699999996,466.01606699999996,เหี้ย,2.0,context_0.2,32000
C:\Users\muldi\Documents\Playground\University\senior-project-1\dataset\internet\clear\Horror movie for WOKE!!!!!.wav,464.21606699999995,466.21606699999995,เหี้ย,2.0,context_0.4,32000
C:\Users\muldi\Documents\Playground\University\senior-project-1\dataset\internet\clear\Horror movie for WOKE!!!!!.wav,464.416067,466.416067,เหี้ย,2.0,context_0.6,32000
C:\Users\muldi\Documents\Playground\University\senior-project-1\dataset\internet\clear\Horror movie for WOKE!!!!!.wav,464.616067,466.616067,เหี้ย,2.0,context_0.8,32000
C:\Users\muldi\Documents\Playground\University\senior-project-1\dataset\internet\clear\Horror movie for WOKE!!!!!.wav,474.78110599999997,476.78110599999997,เหี้ย,2.0,context_0.2,32000
C:\Users\muldi\Documents\Playground\University\senior-project-1\dataset\internet\clear\Horror movie for WOKE!!!!!.wav,474.98110599999995,476.98110599999995,เหี้ย,2.0,context_0.4,32000
C:\Users\muldi\Documents\Playground\University\senior-project-1\dataset\internet\clear\Horror movie for WOKE!!!!!.wav,475.181106,477.181106,เหี้ย,2.0,context_0.6,32000
C:\Users\muldi\Documents\Playground\University\senior-project-1\dataset\internet\clear\Horror movie for WOKE!!!!!.wav,475.381106,477.381106,เหี้ย,2.0,context_0.8,32000
C:\Users\muldi\Documents\Playground\University\senior-project-1\dataset\internet\clear\Horror movie for WOKE!!!!!.wav,508.441952,510.441952,มึง,2.0,context_0.2,32000
C:\Users\muldi\Documents\Playground\University\senior-project-1\dataset\internet\clear\Horror movie for WOKE!!!!!.wav,508.641952,510.641952,มึง,2.0,context_0.4,32000
C:\Users\muldi\Documents\Playground\University\senior-project-1\dataset\internet\clear\Horror movie for WOKE!!!!!.wav,508.84195200000005,510.84195200000005,มึง,2.0,context_0.6,32000
C:\Users\muldi\Documents\Playground\University\senior-project-1\dataset\internet\clear\Horror movie for WOKE!!!!!.wav,509.04195200000004,511.04195200000004,มึง,2.0,context_0.8,32000
C:\Users\muldi\Documents\Playground\University\senior-project-1\dataset\internet\clear\Horror movie for WOKE!!!!!.wav,512.817569,514.817569,มึง,2.0,context_0.2,32000
C:\Users\muldi\Documents\Playground\University\senior-project-1\dataset\internet\clear\Horror movie for WOKE!!!!!.wav,513.017569,515.017569,มึง,2.0,context_0.4,32000
C:\Users\muldi\Documents\Playground\University\senior-project-1\dataset\internet\clear\Horror movie for WOKE!!!!!.wav,513.217569,515.217569,มึง,2.0,context_0.6,32000
C:\Users\muldi\Documents\Playground\University\senior-project-1\dataset\internet\clear\Horror movie for WOKE!!!!!.wav,513.417569,515.417569,มึง,2.0,context_0.8,32000
C:\Users\muldi\Documents\Playground\University\senior-project-1\dataset\internet\clear\Horror movie for WOKE!!!!!.wav,514.519671,516.519671,มึง,2.0,context_0.2,32000
C:\Users\muldi\Documents\Playground\University\senior-project-1\dataset\internet\clear\Horror movie for WOKE!!!!!.wav,514.719671,516.719671,มึง,2.0,context_0.4,32000
C:\Users\muldi\Documents\Playground\University\senior-project-1\dataset\internet\clear\Horror movie for WOKE!!!!!.wav,514.919671,516.919671,มึง,2.0,context_0.6,32000
C:\Users\muldi\Documents\Playground\University\senior-project-1\dataset\internet\clear\Horror movie for WOKE!!!!!.wav,515.1196709999999,517.1196709999999,มึง,2.0,context_0.8,32000
C:\Users\muldi\Documents\Playground\University\senior-project-1\dataset\internet\clear\Horror movie for WOKE!!!!!.wav,516.763128,518.763128,เหี้ย,2.0,context_0.2,32000
C:\Users\muldi\Documents\Playground\University\senior-project-1\dataset\internet\clear\Horror movie for WOKE!!!!!.wav,516.963128,518.963128,เหี้ย,2.0,context_0.4,32000
C:\Users\muldi\Documents\Playground\University\senior-project-1\dataset\internet\clear\Horror movie for WOKE!!!!!.wav,517.163128,519.163128,เหี้ย,2.0,context_0.6,32000
C:\Users\muldi\Documents\Playground\University\senior-project-1\dataset\internet\clear\Horror movie for WOKE!!!!!.wav,517.363128,519.363128,เหี้ย,2.0,context_0.8,32000
C:\Users\muldi\Documents\Playground\University\senior-project-1\dataset\internet\clear\Horror movie for WOKE!!!!!.wav,517.3879350000001,519.3879350000001,มึง,2.0,context_0.2,32000
C:\Users\muldi\Documents\Playground\University\senior-project-1\dataset\internet\clear\Horror movie for WOKE!!!!!.wav,517.587935,519.587935,มึง,2.0,context_0.4,32000
C:\Users\muldi\Documents\Playground\University\senior-project-1\dataset\internet\clear\Horror movie for WOKE!!!!!.wav,517.7879350000001,519.7879350000001,มึง,2.0,context_0.6,32000
C:\Users\muldi\Documents\Playground\University\senior-project-1\dataset\internet\clear\Horror movie for WOKE!!!!!.wav,517.987935,519.987935,มึง,2.0,context_0.8,32000
C:\Users\muldi\Documents\Playground\University\senior-project-1\dataset\internet\clear\Horror movie for WOKE!!!!!.wav,524.444557,526.444557,มึง,2.0,context_0.2,32000
C:\Users\muldi\Documents\Playground\University\senior-project-1\dataset\internet\clear\Horror movie for WOKE!!!!!.wav,524.644557,526.644557,มึง,2.0,context_0.4,32000
C:\Users\muldi\Documents\Playground\University\senior-project-1\dataset\internet\clear\Horror movie for WOKE!!!!!.wav,524.844557,526.844557,มึง,2.0,context_0.6,32000
C:\Users\muldi\Documents\Playground\University\senior-project-1\dataset\internet\clear\Horror movie for WOKE!!!!!.wav,525.0445569999999,527.0445569999999,มึง,2.0,context_0.8,32000
C:\Users\muldi\Documents\Playground\University\senior-project-1\dataset\internet\clear\Horror movie for WOKE!!!!!.wav,525.956592,527.956592,มึง,2.0,context_0.2,32000
C:\Users\muldi\Documents\Playground\University\senior-project-1\dataset\internet\clear\Horror movie for WOKE!!!!!.wav,526.1565919999999,528.1565919999999,มึง,2.0,context_0.4,32000
C:\Users\muldi\Documents\Playground\University\senior-project-1\dataset\internet\clear\Horror movie for WOKE!!!!!.wav,526.356592,528.356592,มึง,2.0,context_0.6,32000
C:\Users\muldi\Documents\Playground\University\senior-project-1\dataset\internet\clear\Horror movie for WOKE!!!!!.wav,526.5565919999999,528.5565919999999,มึง,2.0,context_0.8,32000
C:\Users\muldi\Documents\Playground\University\senior-project-1\dataset\internet\clear\Horror movie for WOKE!!!!!.wav,528.2504200000001,530.2504200000001,มึง,2.0,context_0.2,32000
C:\Users\muldi\Documents\Playground\University\senior-project-1\dataset\internet\clear\Horror movie for WOKE!!!!!.wav,528.45042,530.45042,มึง,2.0,context_0.4,32000
C:\Users\muldi\Documents\Playground\University\senior-project-1\dataset\internet\clear\Horror movie for WOKE!!!!!.wav,528.65042,530.65042,มึง,2.0,context_0.6,32000
C:\Users\muldi\Documents\Playground\University\senior-project-1\dataset\internet\clear\Horror movie for WOKE!!!!!.wav,528.85042,530.85042,มึง,2.0,context_0.8,32000
C:\Users\muldi\Documents\Playground\University\senior-project-1\dataset\internet\clear\Horror movie for WOKE!!!!!.wav,529.197856,531.197856,มึง,2.0,context_0.2,32000
C:\Users\muldi\Documents\Playground\University\senior-project-1\dataset\internet\clear\Horror movie for WOKE!!!!!.wav,529.3978559999999,531.3978559999999,มึง,2.0,context_0.4,32000
C:\Users\muldi\Documents\Playground\University\senior-project-1\dataset\internet\clear\Horror movie for WOKE!!!!!.wav,529.597856,531.597856,มึง,2.0,context_0.6,32000
C:\Users\muldi\Documents\Playground\University\senior-project-1\dataset\internet\clear\Horror movie for WOKE!!!!!.wav,529.7978559999999,531.7978559999999,มึง,2.0,context_0.8,32000
C:\Users\muldi\Documents\Playground\University\senior-project-1\dataset\internet\clear\Horror movie for WOKE!!!!!.wav,530.598841,532.598841,มึง,2.0,context_0.2,32000
C:\Users\muldi\Documents\Playground\University\senior-project-1\dataset\internet\clear\Horror movie for WOKE!!!!!.wav,530.7988409999999,532.7988409999999,มึง,2.0,context_0.4,32000
C:\Users\muldi\Documents\Playground\University\senior-project-1\dataset\internet\clear\Horror movie for WOKE!!!!!.wav,530.998841,532.998841,มึง,2.0,context_0.6,32000
C:\Users\muldi\Documents\Playground\University\senior-project-1\dataset\internet\clear\Horror movie for WOKE!!!!!.wav,531.1988409999999,533.1988409999999,มึง,2.0,context_0.8,32000
C:\Users\muldi\Documents\Playground\University\senior-project-1\dataset\internet\clear\Horror movie for WOKE!!!!!.wav,532.679786,534.679786,มึง,2.0,context_0.2,32000
C:\Users\muldi\Documents\Playground\University\senior-project-1\dataset\internet\clear\Horror movie for WOKE!!!!!.wav,532.879786,534.879786,มึง,2.0,context_0.4,32000
C:\Users\muldi\Documents\Playground\University\senior-project-1\dataset\internet\clear\Horror movie for WOKE!!!!!.wav,533.079786,535.079786,มึง,2.0,context_0.6,32000
C:\Users\muldi\Documents\Playground\University\senior-project-1\dataset\internet\clear\Horror movie for WOKE!!!!!.wav,533.279786,535.279786,มึง,2.0,context_0.8,32000
C:\Users\muldi\Documents\Playground\University\senior-project-1\dataset\internet\clear\Horror movie for WOKE!!!!!.wav,534.9106730000001,536.9106730000001,มึง,2.0,context_0.2,32000
C:\Users\muldi\Documents\Playground\University\senior-project-1\dataset\internet\clear\Horror movie for WOKE!!!!!.wav,535.110673,537.110673,มึง,2.0,context_0.4,32000
C:\Users\muldi\Documents\Playground\University\senior-project-1\dataset\internet\clear\Horror movie for WOKE!!!!!.wav,535.3106730000001,537.3106730000001,มึง,2.0,context_0.6,32000
C:\Users\muldi\Documents\Playground\University\senior-project-1\dataset\internet\clear\Horror movie for WOKE!!!!!.wav,535.510673,537.510673,มึง,2.0,context_0.8,32000
C:\Users\muldi\Documents\Playground\University\senior-project-1\dataset\internet\clear\Horror movie for WOKE!!!!!.wav,536.4408540000001,538.4408540000001,มึง,2.0,context_0.2,32000
C:\Users\muldi\Documents\Playground\University\senior-project-1\dataset\internet\clear\Horror movie for WOKE!!!!!.wav,536.640854,538.640854,มึง,2.0,context_0.4,32000
C:\Users\muldi\Documents\Playground\University\senior-project-1\dataset\internet\clear\Horror movie for WOKE!!!!!.wav,536.840854,538.840854,มึง,2.0,context_0.6,32000
C:\Users\muldi\Documents\Playground\University\senior-project-1\dataset\internet\clear\Horror movie for WOKE!!!!!.wav,537.040854,539.040854,มึง,2.0,context_0.8,32000
C:\Users\muldi\Documents\Playground\University\senior-project-1\dataset\internet\clear\Horror movie for WOKE!!!!!.wav,545.0104540000001,547.0104540000001,มึง,2.0,context_0.2,32000
C:\Users\muldi\Documents\Playground\University\senior-project-1\dataset\internet\clear\Horror movie for WOKE!!!!!.wav,545.210454,547.210454,มึง,2.0,context_0.4,32000
C:\Users\muldi\Documents\Playground\University\senior-project-1\dataset\internet\clear\Horror movie for WOKE!!!!!.wav,545.4104540000001,547.4104540000001,มึง,2.0,context_0.6,32000
C:\Users\muldi\Documents\Playground\University\senior-project-1\dataset\internet\clear\Horror movie for WOKE!!!!!.wav,545.610454,547.610454,มึง,2.0,context_0.8,32000
C:\Users\muldi\Documents\Playground\University\senior-project-1\dataset\internet\clear\Horror movie for WOKE!!!!!.wav,546.9209820000001,548.9209820000001,กู,2.0,context_0.2,32000
C:\Users\muldi\Documents\Playground\University\senior-project-1\dataset\internet\clear\Horror movie for WOKE!!!!!.wav,547.120982,549.120982,กู,2.0,context_0.4,32000
C:\Users\muldi\Documents\Playground\University\senior-project-1\dataset\internet\clear\Horror movie for WOKE!!!!!.wav,547.3209820000001,549.3209820000001,กู,2.0,context_0.6,32000
C:\Users\muldi\Documents\Playground\University\senior-project-1\dataset\internet\clear\Horror movie for WOKE!!!!!.wav,547.520982,549.520982,กู,2.0,context_0.8,32000
C:\Users\muldi\Documents\Playground\University\senior-project-1\dataset\internet\clear\Horror movie for WOKE!!!!!.wav,552.838961,554.838961,มึง,2.0,context_0.2,32000
C:\Users\muldi\Documents\Playground\University\senior-project-1\dataset\internet\clear\Horror movie for WOKE!!!!!.wav,553.038961,555.038961,มึง,2.0,context_0.4,32000
C:\Users\muldi\Documents\Playground\University\senior-project-1\dataset\internet\clear\Horror movie for WOKE!!!!!.wav,553.238961,555.238961,มึง,2.0,context_0.6,32000
C:\Users\muldi\Documents\Playground\University\senior-project-1\dataset\internet\clear\Horror movie for WOKE!!!!!.wav,553.438961,555.438961,มึง,2.0,context_0.8,32000
C:\Users\muldi\Documents\Playground\University\senior-project-1\dataset\internet\clear\Horror movie for WOKE!!!!!.wav,553.929163,555.929163,เหี้ย,2.0,context_0.2,32000
C:\Users\muldi\Documents\Playground\University\senior-project-1\dataset\internet\clear\Horror movie for WOKE!!!!!.wav,554.129163,556.129163,เหี้ย,2.0,context_0.4,32000
C:\Users\muldi\Documents\Playground\University\senior-project-1\dataset\internet\clear\Horror movie for WOKE!!!!!.wav,554.329163,556.329163,เหี้ย,2.0,context_0.6,32000
C:\Users\muldi\Documents\Playground\University\senior-project-1\dataset\internet\clear\Horror movie for WOKE!!!!!.wav,554.5291629999999,556.5291629999999,เหี้ย,2.0,context_0.8,32000
C:\Users\muldi\Documents\Playground\University\senior-project-1\dataset\internet\clear\Horror movie for WOKE!!!!!.wav,555.8330080000001,557.8330080000001,กู,2.0,context_0.2,32000
C:\Users\muldi\Documents\Playground\University\senior-project-1\dataset\internet\clear\Horror movie for WOKE!!!!!.wav,556.033008,558.033008,กู,2.0,context_0.4,32000
C:\Users\muldi\Documents\Playground\University\senior-project-1\dataset\internet\clear\Horror movie for WOKE!!!!!.wav,556.233008,558.233008,กู,2.0,context_0.6,32000
C:\Users\muldi\Documents\Playground\University\senior-project-1\dataset\internet\clear\Horror movie for WOKE!!!!!.wav,556.433008,558.433008,กู,2.0,context_0.8,32000
C:\Users\muldi\Documents\Playground\University\senior-project-1\dataset\internet\clear\Horror movie for WOKE!!!!!.wav,556.6631600000001,558.6631600000001,กู,2.0,context_0.2,32000
C:\Users\muldi\Documents\Playground\University\senior-project-1\dataset\internet\clear\Horror movie for WOKE!!!!!.wav,556.86316,558.86316,กู,2.0,context_0.4,32000
C:\Users\muldi\Documents\Playground\University\senior-project-1\dataset\internet\clear\Horror movie for WOKE!!!!!.wav,557.06316,559.06316,กู,2.0,context_0.6,32000
C:\Users\muldi\Documents\Playground\University\senior-project-1\dataset\internet\clear\Horror movie for WOKE!!!!!.wav,557.26316,559.26316,กู,2.0,context_0.8,32000
C:\Users\muldi\Documents\Playground\University\senior-project-1\dataset\internet\clear\Horror movie for WOKE!!!!!.wav,557.7080450000001,559.7080450000001,กู,2.0,context_0.2,32000
C:\Users\muldi\Documents\Playground\University\senior-project-1\dataset\internet\clear\Horror movie for WOKE!!!!!.wav,557.908045,559.908045,กู,2.0,context_0.4,32000
C:\Users\muldi\Documents\Playground\University\senior-project-1\dataset\internet\clear\Horror movie for WOKE!!!!!.wav,558.1080450000001,560.1080450000001,กู,2.0,context_0.6,32000
C:\Users\muldi\Documents\Playground\University\senior-project-1\dataset\internet\clear\Horror movie for WOKE!!!!!.wav,558.308045,560.308045,กู,2.0,context_0.8,32000
C:\Users\muldi\Documents\Playground\University\senior-project-1\dataset\internet\clear\Horror movie for WOKE!!!!!.wav,562.8301250000001,564.8301250000001,กู,2.0,context_0.2,32000
C:\Users\muldi\Documents\Playground\University\senior-project-1\dataset\internet\clear\Horror movie for WOKE!!!!!.wav,563.030125,565.030125,กู,2.0,context_0.4,32000
C:\Users\muldi\Documents\Playground\University\senior-project-1\dataset\internet\clear\Horror movie for WOKE!!!!!.wav,563.230125,565.230125,กู,2.0,context_0.6,32000
C:\Users\muldi\Documents\Playground\University\senior-project-1\dataset\internet\clear\Horror movie for WOKE!!!!!.wav,563.430125,565.430125,กู,2.0,context_0.8,32000
C:\Users\muldi\Documents\Playground\University\senior-project-1\dataset\internet\clear\Horror movie for WOKE!!!!!.wav,564.088931,566.088931,เหี้ย,2.0,context_0.2,32000
C:\Users\muldi\Documents\Playground\University\senior-project-1\dataset\internet\clear\Horror movie for WOKE!!!!!.wav,564.2889309999999,566.2889309999999,เหี้ย,2.0,context_0.4,32000
C:\Users\muldi\Documents\Playground\University\senior-project-1\dataset\internet\clear\Horror movie for WOKE!!!!!.wav,564.488931,566.488931,เหี้ย,2.0,context_0.6,32000
C:\Users\muldi\Documents\Playground\University\senior-project-1\dataset\internet\clear\Horror movie for WOKE!!!!!.wav,564.6889309999999,566.6889309999999,เหี้ย,2.0,context_0.8,32000
C:\Users\muldi\Documents\Playground\University\senior-project-1\dataset\internet\clear\Horror movie for WOKE!!!!!.wav,564.205133,566.205133,มึง,2.0,context_0.2,32000
C:\Users\muldi\Documents\Playground\University\senior-project-1\dataset\internet\clear\Horror movie for WOKE!!!!!.wav,564.405133,566.405133,มึง,2.0,context_0.4,32000
C:\Users\muldi\Documents\Playground\University\senior-project-1\dataset\internet\clear\Horror movie for WOKE!!!!!.wav,564.605133,566.605133,มึง,2.0,context_0.6,32000
C:\Users\muldi\Documents\Playground\University\senior-project-1\dataset\internet\clear\Horror movie for WOKE!!!!!.wav,564.805133,566.805133,มึง,2.0,context_0.8,32000
C:\Users\muldi\Documents\Playground\University\senior-project-1\dataset\internet\clear\Horror movie for WOKE!!!!!.wav,577.644391,579.644391,เหี้ย,2.0,context_0.2,32000
C:\Users\muldi\Documents\Playground\University\senior-project-1\dataset\internet\clear\Horror movie for WOKE!!!!!.wav,577.844391,579.844391,เหี้ย,2.0,context_0.4,32000
C:\Users\muldi\Documents\Playground\University\senior-project-1\dataset\internet\clear\Horror movie for WOKE!!!!!.wav,578.044391,580.044391,เหี้ย,2.0,context_0.6,32000
C:\Users\muldi\Documents\Playground\University\senior-project-1\dataset\internet\clear\Horror movie for WOKE!!!!!.wav,578.244391,580.244391,เหี้ย,2.0,context_0.8,32000
C:\Users\muldi\Documents\Playground\University\senior-project-1\dataset\internet\clear\Horror movie for WOKE!!!!!.wav,587.2415560000001,589.2415560000001,มึง,2.0,context_0.2,32000
C:\Users\muldi\Documents\Playground\University\senior-project-1\dataset\internet\clear\Horror movie for WOKE!!!!!.wav,587.441556,589.441556,มึง,2.0,context_0.4,32000
C:\Users\muldi\Documents\Playground\University\senior-project-1\dataset\internet\clear\Horror movie for WOKE!!!!!.wav,587.641556,589.641556,มึง,2.0,context_0.6,32000
C:\Users\muldi\Documents\Playground\University\senior-project-1\dataset\internet\clear\Horror movie for WOKE!!!!!.wav,587.841556,589.841556,มึง,2.0,context_0.8,32000
C:\Users\muldi\Documents\Playground\University\senior-project-1\dataset\internet\clear\Horror movie for WOKE!!!!!.wav,589.540617,591.540617,มึง,2.0,context_0.2,32000
C:\Users\muldi\Documents\Playground\University\senior-project-1\dataset\internet\clear\Horror movie for WOKE!!!!!.wav,589.7406169999999,591.7406169999999,มึง,2.0,context_0.4,32000
C:\Users\muldi\Documents\Playground\University\senior-project-1\dataset\internet\clear\Horror movie for WOKE!!!!!.wav,589.940617,591.940617,มึง,2.0,context_0.6,32000
C:\Users\muldi\Documents\Playground\University\senior-project-1\dataset\internet\clear\Horror movie for WOKE!!!!!.wav,590.1406169999999,592.1406169999999,มึง,2.0,context_0.8,32000
C:\Users\muldi\Documents\Playground\University\senior-project-1\dataset\internet\clear\Horror movie for WOKE!!!!!.wav,591.453253,593.453253,กู,2.0,context_0.2,32000
C:\Users\muldi\Documents\Playground\University\senior-project-1\dataset\internet\clear\Horror movie for WOKE!!!!!.wav,591.653253,593.653253,กู,2.0,context_0.4,32000
C:\Users\muldi\Documents\Playground\University\senior-project-1\dataset\internet\clear\Horror movie for WOKE!!!!!.wav,591.853253,593.853253,กู,2.0,context_0.6,32000
C:\Users\muldi\Documents\Playground\University\senior-project-1\dataset\internet\clear\Horror movie for WOKE!!!!!.wav,592.0532529999999,594.0532529999999,กู,2.0,context_0.8,32000
C:\Users\muldi\Documents\Playground\University\senior-project-1\dataset\internet\clear\Horror movie for WOKE!!!!!.wav,599.868629,601.868629,มึง,2.0,context_0.2,32000
C:\Users\muldi\Documents\Playground\University\senior-project-1\dataset\internet\clear\Horror movie for WOKE!!!!!.wav,600.068629,602.068629,มึง,2.0,context_0.4,32000
C:\Users\muldi\Documents\Playground\University\senior-project-1\dataset\internet\clear\Horror movie for WOKE!!!!!.wav,600.268629,602.268629,มึง,2.0,context_0.6,32000
C:\Users\muldi\Documents\Playground\University\senior-project-1\dataset\internet\clear\Horror movie for WOKE!!!!!.wav,600.468629,602.468629,มึง,2.0,context_0.8,32000
C:\Users\muldi\Documents\Playground\University\senior-project-1\dataset\internet\clear\Horror movie for WOKE!!!!!.wav,608.200382,610.200382,มึง,2.0,context_0.2,32000
C:\Users\muldi\Documents\Playground\University\senior-project-1\dataset\internet\clear\Horror movie for WOKE!!!!!.wav,608.4003819999999,610.4003819999999,มึง,2.0,context_0.4,32000
C:\Users\muldi\Documents\Playground\University\senior-project-1\dataset\internet\clear\Horror movie for WOKE!!!!!.wav,608.600382,610.600382,มึง,2.0,context_0.6,32000
C:\Users\muldi\Documents\Playground\University\senior-project-1\dataset\internet\clear\Horror movie for WOKE!!!!!.wav,608.8003819999999,610.8003819999999,มึง,2.0,context_0.8,32000
C:\Users\muldi\Documents\Playground\University\senior-project-1\dataset\internet\clear\Horror movie for WOKE!!!!!.wav,608.912548,610.912548,มึง,2.0,context_0.2,32000
C:\Users\muldi\Documents\Playground\University\senior-project-1\dataset\internet\clear\Horror movie for WOKE!!!!!.wav,609.112548,611.112548,มึง,2.0,context_0.4,32000
C:\Users\muldi\Documents\Playground\University\senior-project-1\dataset\internet\clear\Horror movie for WOKE!!!!!.wav,609.312548,611.312548,มึง,2.0,context_0.6,32000
C:\Users\muldi\Documents\Playground\University\senior-project-1\dataset\internet\clear\Horror movie for WOKE!!!!!.wav,609.5125479999999,611.5125479999999,มึง,2.0,context_0.8,32000
C:\Users\muldi\Documents\Playground\University\senior-project-1\dataset\internet\clear\Horror movie for WOKE!!!!!.wav,612.6199260000001,614.6199260000001,มึง,2.0,context_0.2,32000
C:\Users\muldi\Documents\Playground\University\senior-project-1\dataset\internet\clear\Horror movie for WOKE!!!!!.wav,612.819926,614.819926,มึง,2.0,context_0.4,32000
C:\Users\muldi\Documents\Playground\University\senior-project-1\dataset\internet\clear\Horror movie for WOKE!!!!!.wav,613.019926,615.019926,มึง,2.0,context_0.6,32000
C:\Users\muldi\Documents\Playground\University\senior-project-1\dataset\internet\clear\Horror movie for WOKE!!!!!.wav,613.219926,615.219926,มึง,2.0,context_0.8,32000
C:\Users\muldi\Documents\Playground\University\senior-project-1\dataset\internet\clear\Horror movie for WOKE!!!!!.wav,652.368502,654.368502,มึง,2.0,context_0.2,32000
C:\Users\muldi\Documents\Playground\University\senior-project-1\dataset\internet\clear\Horror movie for WOKE!!!!!.wav,652.568502,654.568502,มึง,2.0,context_0.4,32000
C:\Users\muldi\Documents\Playground\University\senior-project-1\dataset\internet\clear\Horror movie for WOKE!!!!!.wav,652.768502,654.768502,มึง,2.0,context_0.6,32000
C:\Users\muldi\Documents\Playground\University\senior-project-1\dataset\internet\clear\Horror movie for WOKE!!!!!.wav,652.968502,654.968502,มึง,2.0,context_0.8,32000
C:\Users\muldi\Documents\Playground\University\senior-project-1\dataset\internet\clear\Horror movie for WOKE!!!!!.wav,664.8818100000001,666.8818100000001,เหี้ย,2.0,context_0.2,32000
C:\Users\muldi\Documents\Playground\University\senior-project-1\dataset\internet\clear\Horror movie for WOKE!!!!!.wav,665.08181,667.08181,เหี้ย,2.0,context_0.4,32000
C:\Users\muldi\Documents\Playground\University\senior-project-1\dataset\internet\clear\Horror movie for WOKE!!!!!.wav,665.2818100000001,667.2818100000001,เหี้ย,2.0,context_0.6,32000
C:\Users\muldi\Documents\Playground\University\senior-project-1\dataset\internet\clear\Horror movie for WOKE!!!!!.wav,665.48181,667.48181,เหี้ย,2.0,context_0.8,32000
C:\Users\muldi\Documents\Playground\University\senior-project-1\dataset\internet\clear\Horror movie for WOKE!!!!!.wav,666.187188,668.187188,เหี้ย,2.0,context_0.2,32000
C:\Users\muldi\Documents\Playground\University\senior-project-1\dataset\internet\clear\Horror movie for WOKE!!!!!.wav,666.3871879999999,668.3871879999999,เหี้ย,2.0,context_0.4,32000
C:\Users\muldi\Documents\Playground\University\senior-project-1\dataset\internet\clear\Horror movie for WOKE!!!!!.wav,666.587188,668.587188,เหี้ย,2.0,context_0.6,32000
C:\Users\muldi\Documents\Playground\University\senior-project-1\dataset\internet\clear\Horror movie for WOKE!!!!!.wav,666.7871879999999,668.7871879999999,เหี้ย,2.0,context_0.8,32000
C:\Users\muldi\Documents\Playground\University\senior-project-1\dataset\internet\clear\Horror movie for WOKE!!!!!.wav,669.884904,671.884904,เหี้ย,2.0,context_0.2,32000
C:\Users\muldi\Documents\Playground\University\senior-project-1\dataset\internet\clear\Horror movie for WOKE!!!!!.wav,670.0849039999999,672.0849039999999,เหี้ย,2.0,context_0.4,32000
C:\Users\muldi\Documents\Playground\University\senior-project-1\dataset\internet\clear\Horror movie for WOKE!!!!!.wav,670.284904,672.284904,เหี้ย,2.0,context_0.6,32000
C:\Users\muldi\Documents\Playground\University\senior-project-1\dataset\internet\clear\Horror movie for WOKE!!!!!.wav,670.4849039999999,672.4849039999999,เหี้ย,2.0,context_0.8,32000
C:\Users\muldi\Documents\Playground\University\senior-project-1\dataset\internet\clear\Horror movie for WOKE!!!!!.wav,723.5235630000001,725.5235630000001,เหี้ย,2.0,context_0.2,32000
C:\Users\muldi\Documents\Playground\University\senior-project-1\dataset\internet\clear\Horror movie for WOKE!!!!!.wav,723.723563,725.723563,เหี้ย,2.0,context_0.4,32000
C:\Users\muldi\Documents\Playground\University\senior-project-1\dataset\internet\clear\Horror movie for WOKE!!!!!.wav,723.9235630000001,725.9235630000001,เหี้ย,2.0,context_0.6,32000
C:\Users\muldi\Documents\Playground\University\senior-project-1\dataset\internet\clear\Horror movie for WOKE!!!!!.wav,724.123563,726.123563,เหี้ย,2.0,context_0.8,32000
C:\Users\muldi\Documents\Playground\University\senior-project-1\dataset\internet\clear\Horror movie for WOKE!!!!!.wav,728.494579,730.494579,กู,2.0,context_0.2,32000
C:\Users\muldi\Documents\Playground\University\senior-project-1\dataset\internet\clear\Horror movie for WOKE!!!!!.wav,728.694579,730.694579,กู,2.0,context_0.4,32000
C:\Users\muldi\Documents\Playground\University\senior-project-1\dataset\internet\clear\Horror movie for WOKE!!!!!.wav,728.894579,730.894579,กู,2.0,context_0.6,32000
C:\Users\muldi\Documents\Playground\University\senior-project-1\dataset\internet\clear\Horror movie for WOKE!!!!!.wav,729.094579,731.094579,กู,2.0,context_0.8,32000
C:\Users\muldi\Documents\Playground\University\senior-project-1\dataset\internet\clear\Horror movie for WOKE!!!!!.wav,729.019817,731.019817,กู,2.0,context_0.2,32000
C:\Users\muldi\Documents\Playground\University\senior-project-1\dataset\internet\clear\Horror movie for WOKE!!!!!.wav,729.2198169999999,731.2198169999999,กู,2.0,context_0.4,32000
C:\Users\muldi\Documents\Playground\University\senior-project-1\dataset\internet\clear\Horror movie for WOKE!!!!!.wav,729.419817,731.419817,กู,2.0,context_0.6,32000
C:\Users\muldi\Documents\Playground\University\senior-project-1\dataset\internet\clear\Horror movie for WOKE!!!!!.wav,729.6198169999999,731.6198169999999,กู,2.0,context_0.8,32000
C:\Users\muldi\Documents\Playground\University\senior-project-1\dataset\internet\clear\Horror movie for WOKE!!!!!.wav,731.150656,733.150656,เหี้ย,2.0,context_0.2,32000
C:\Users\muldi\Documents\Playground\University\senior-project-1\dataset\internet\clear\Horror movie for WOKE!!!!!.wav,731.350656,733.350656,เหี้ย,2.0,context_0.4,32000
C:\Users\muldi\Documents\Playground\University\senior-project-1\dataset\internet\clear\Horror movie for WOKE!!!!!.wav,731.550656,733.550656,เหี้ย,2.0,context_0.6,32000
C:\Users\muldi\Documents\Playground\University\senior-project-1\dataset\internet\clear\Horror movie for WOKE!!!!!.wav,731.7506559999999,733.7506559999999,เหี้ย,2.0,context_0.8,32000
C:\Users\muldi\Documents\Playground\University\senior-project-1\dataset\internet\clear\Horror movie for WOKE!!!!!.wav,803.8724830000001,805.8724830000001,มึง,2.0,context_0.2,32000
C:\Users\muldi\Documents\Playground\University\senior-project-1\dataset\internet\clear\Horror movie for WOKE!!!!!.wav,804.072483,806.072483,มึง,2.0,context_0.4,32000
C:\Users\muldi\Documents\Playground\University\senior-project-1\dataset\internet\clear\Horror movie for WOKE!!!!!.wav,804.2724830000001,806.2724830000001,มึง,2.0,context_0.6,32000
C:\Users\muldi\Documents\Playground\University\senior-project-1\dataset\internet\clear\Horror movie for WOKE!!!!!.wav,804.472483,806.472483,มึง,2.0,context_0.8,32000
C:\Users\muldi\Documents\Playground\University\senior-project-1\dataset\internet\clear\Horror movie for WOKE!!!!!.wav,807.3098520000001,809.3098520000001,เหี้ย,2.0,context_0.2,32000
C:\Users\muldi\Documents\Playground\University\senior-project-1\dataset\internet\clear\Horror movie for WOKE!!!!!.wav,807.509852,809.509852,เหี้ย,2.0,context_0.4,32000
C:\Users\muldi\Documents\Playground\University\senior-project-1\dataset\internet\clear\Horror movie for WOKE!!!!!.wav,807.7098520000001,809.7098520000001,เหี้ย,2.0,context_0.6,32000
C:\Users\muldi\Documents\Playground\University\senior-project-1\dataset\internet\clear\Horror movie for WOKE!!!!!.wav,807.909852,809.909852,เหี้ย,2.0,context_0.8,32000
C:\Users\muldi\Documents\Playground\University\senior-project-1\dataset\internet\clear\Horror movie for WOKE!!!!!.wav,811.195369,813.195369,เย็ด,2.0,context_0.2,32000
C:\Users\muldi\Documents\Playground\University\senior-project-1\dataset\internet\clear\Horror movie for WOKE!!!!!.wav,811.395369,813.395369,เย็ด,2.0,context_0.4,32000
C:\Users\muldi\Documents\Playground\University\senior-project-1\dataset\internet\clear\Horror movie for WOKE!!!!!.wav,811.595369,813.595369,เย็ด,2.0,context_0.6,32000
C:\Users\muldi\Documents\Playground\University\senior-project-1\dataset\internet\clear\Horror movie for WOKE!!!!!.wav,811.7953689999999,813.7953689999999,เย็ด,2.0,context_0.8,32000
C:\Users\muldi\Documents\Playground\University\senior-project-1\dataset\internet\clear\Horror movie for WOKE!!!!!.wav,812.2656420000001,814.2656420000001,กู,2.0,context_0.2,32000
C:\Users\muldi\Documents\Playground\University\senior-project-1\dataset\internet\clear\Horror movie for WOKE!!!!!.wav,812.465642,814.465642,กู,2.0,context_0.4,32000
C:\Users\muldi\Documents\Playground\University\senior-project-1\dataset\internet\clear\Horror movie for WOKE!!!!!.wav,812.665642,814.665642,กู,2.0,context_0.6,32000
C:\Users\muldi\Documents\Playground\University\senior-project-1\dataset\internet\clear\Horror movie for WOKE!!!!!.wav,812.865642,814.865642,กู,2.0,context_0.8,32000
C:\Users\muldi\Documents\Playground\University\senior-project-1\dataset\internet\clear\Horror movie for WOKE!!!!!.wav,819.6876490000001,821.6876490000001,มึง,2.0,context_0.2,32000
C:\Users\muldi\Documents\Playground\University\senior-project-1\dataset\internet\clear\Horror movie for WOKE!!!!!.wav,819.887649,821.887649,มึง,2.0,context_0.4,32000
C:\Users\muldi\Documents\Playground\University\senior-project-1\dataset\internet\clear\Horror movie for WOKE!!!!!.wav,820.087649,822.087649,มึง,2.0,context_0.6,32000
C:\Users\muldi\Documents\Playground\University\senior-project-1\dataset\internet\clear\Horror movie for WOKE!!!!!.wav,820.287649,822.287649,มึง,2.0,context_0.8,32000
C:\Users\muldi\Documents\Playground\University\senior-project-1\dataset\internet\clear\Horror movie for WOKE!!!!!.wav,823.8410560000001,825.8410560000001,กู,2.0,context_0.2,32000
C:\Users\muldi\Documents\Playground\University\senior-project-1\dataset\internet\clear\Horror movie for WOKE!!!!!.wav,824.041056,826.041056,กู,2.0,context_0.4,32000
C:\Users\muldi\Documents\Playground\University\senior-project-1\dataset\internet\clear\Horror movie for WOKE!!!!!.wav,824.2410560000001,826.2410560000001,กู,2.0,context_0.6,32000
C:\Users\muldi\Documents\Playground\University\senior-project-1\dataset\internet\clear\Horror movie for WOKE!!!!!.wav,824.441056,826.441056,กู,2.0,context_0.8,32000
C:\Users\muldi\Documents\Playground\University\senior-project-1\dataset\internet\clear\Horror movie for WOKE!!!!!.wav,824.3921740000001,826.3921740000001,มึง,2.0,context_0.2,32000
C:\Users\muldi\Documents\Playground\University\senior-project-1\dataset\internet\clear\Horror movie for WOKE!!!!!.wav,824.592174,826.592174,มึง,2.0,context_0.4,32000
C:\Users\muldi\Documents\Playground\University\senior-project-1\dataset\internet\clear\Horror movie for WOKE!!!!!.wav,824.792174,826.792174,มึง,2.0,context_0.6,32000
C:\Users\muldi\Documents\Playground\University\senior-project-1\dataset\internet\clear\Horror movie for WOKE!!!!!.wav,824.992174,826.992174,มึง,2.0,context_0.8,32000
C:\Users\muldi\Documents\Playground\University\senior-project-1\dataset\internet\clear\Horror movie for WOKE!!!!!.wav,825.4586,827.4586,มึง,2.0,context_0.2,32000
C:\Users\muldi\Documents\Playground\University\senior-project-1\dataset\internet\clear\Horror movie for WOKE!!!!!.wav,825.6586,827.6586,มึง,2.0,context_0.4,32000
C:\Users\muldi\Documents\Playground\University\senior-project-1\dataset\internet\clear\Horror movie for WOKE!!!!!.wav,825.8586,827.8586,มึง,2.0,context_0.6,32000
C:\Users\muldi\Documents\Playground\University\senior-project-1\dataset\internet\clear\Horror movie for WOKE!!!!!.wav,826.0586,828.0586,มึง,2.0,context_0.8,32000
C:\Users\muldi\Documents\Playground\University\senior-project-1\dataset\internet\clear\Horror movie for WOKE!!!!!.wav,826.0010440000001,828.0010440000001,กู,2.0,context_0.2,32000
C:\Users\muldi\Documents\Playground\University\senior-project-1\dataset\internet\clear\Horror movie for WOKE!!!!!.wav,826.201044,828.201044,กู,2.0,context_0.4,32000
C:\Users\muldi\Documents\Playground\University\senior-project-1\dataset\internet\clear\Horror movie for WOKE!!!!!.wav,826.4010440000001,828.4010440000001,กู,2.0,context_0.6,32000
C:\Users\muldi\Documents\Playground\University\senior-project-1\dataset\internet\clear\Horror movie for WOKE!!!!!.wav,826.601044,828.601044,กู,2.0,context_0.8,32000
C:\Users\muldi\Documents\Playground\University\senior-project-1\dataset\internet\clear\Horror movie for WOKE!!!!!.wav,856.7587410000001,858.7587410000001,มึง,2.0,context_0.2,32000
C:\Users\muldi\Documents\Playground\University\senior-project-1\dataset\internet\clear\Horror movie for WOKE!!!!!.wav,856.958741,858.958741,มึง,2.0,context_0.4,32000
C:\Users\muldi\Documents\Playground\University\senior-project-1\dataset\internet\clear\Horror movie for WOKE!!!!!.wav,857.1587410000001,859.1587410000001,มึง,2.0,context_0.6,32000
C:\Users\muldi\Documents\Playground\University\senior-project-1\dataset\internet\clear\Horror movie for WOKE!!!!!.wav,857.358741,859.358741,มึง,2.0,context_0.8,32000
C:\Users\muldi\Documents\Playground\University\senior-project-1\dataset\internet\clear\Horror movie for WOKE!!!!!.wav,857.402414,859.402414,กู,2.0,context_0.2,32000
C:\Users\muldi\Documents\Playground\University\senior-project-1\dataset\internet\clear\Horror movie for WOKE!!!!!.wav,857.602414,859.602414,กู,2.0,context_0.4,32000
C:\Users\muldi\Documents\Playground\University\senior-project-1\dataset\internet\clear\Horror movie for WOKE!!!!!.wav,857.802414,859.802414,กู,2.0,context_0.6,32000
C:\Users\muldi\Documents\Playground\University\senior-project-1\dataset\internet\clear\Horror movie for WOKE!!!!!.wav,858.0024139999999,860.0024139999999,กู,2.0,context_0.8,32000
C:\Users\muldi\Documents\Playground\University\senior-project-1\dataset\internet\clear\Horror movie for WOKE!!!!!.wav,859.488098,861.488098,เหี้ย,2.0,context_0.2,32000
C:\Users\muldi\Documents\Playground\University\senior-project-1\dataset\internet\clear\Horror movie for WOKE!!!!!.wav,859.688098,861.688098,เหี้ย,2.0,context_0.4,32000
C:\Users\muldi\Documents\Playground\University\senior-project-1\dataset\internet\clear\Horror movie for WOKE!!!!!.wav,859.888098,861.888098,เหี้ย,2.0,context_0.6,32000
C:\Users\muldi\Documents\Playground\University\senior-project-1\dataset\internet\clear\Horror movie for WOKE!!!!!.wav,860.088098,862.088098,เหี้ย,2.0,context_0.8,32000
C:\Users\muldi\Documents\Playground\University\senior-project-1\dataset\internet\clear\Horror movie for WOKE!!!!!.wav,860.2335250000001,862.2335250000001,มึง,2.0,context_0.2,32000
C:\Users\muldi\Documents\Playground\University\senior-project-1\dataset\internet\clear\Horror movie for WOKE!!!!!.wav,860.433525,862.433525,มึง,2.0,context_0.4,32000
C:\Users\muldi\Documents\Playground\University\senior-project-1\dataset\internet\clear\Horror movie for WOKE!!!!!.wav,860.6335250000001,862.6335250000001,มึง,2.0,context_0.6,32000
C:\Users\muldi\Documents\Playground\University\senior-project-1\dataset\internet\clear\Horror movie for WOKE!!!!!.wav,860.833525,862.833525,มึง,2.0,context_0.8,32000
C:\Users\muldi\Documents\Playground\University\senior-project-1\dataset\internet\clear\Horror movie for WOKE!!!!!.wav,868.0921790000001,870.0921790000001,กู,2.0,context_0.2,32000
C:\Users\muldi\Documents\Playground\University\senior-project-1\dataset\internet\clear\Horror movie for WOKE!!!!!.wav,868.292179,870.292179,กู,2.0,context_0.4,32000
C:\Users\muldi\Documents\Playground\University\senior-project-1\dataset\internet\clear\Horror movie for WOKE!!!!!.wav,868.4921790000001,870.4921790000001,กู,2.0,context_0.6,32000
C:\Users\muldi\Documents\Playground\University\senior-project-1\dataset\internet\clear\Horror movie for WOKE!!!!!.wav,868.692179,870.692179,กู,2.0,context_0.8,32000
C:\Users\muldi\Documents\Playground\University\senior-project-1\dataset\internet\clear\Horror movie for WOKE!!!!!.wav,871.0583630000001,873.0583630000001,มึง,2.0,context_0.2,32000
C:\Users\muldi\Documents\Playground\University\senior-project-1\dataset\internet\clear\Horror movie for WOKE!!!!!.wav,871.258363,873.258363,มึง,2.0,context_0.4,32000
C:\Users\muldi\Documents\Playground\University\senior-project-1\dataset\internet\clear\Horror movie for WOKE!!!!!.wav,871.4583630000001,873.4583630000001,มึง,2.0,context_0.6,32000
C:\Users\muldi\Documents\Playground\University\senior-project-1\dataset\internet\clear\Horror movie for WOKE!!!!!.wav,871.658363,873.658363,มึง,2.0,context_0.8,32000
C:\Users\muldi\Documents\Playground\University\senior-project-1\dataset\internet\clear\Horror movie for WOKE!!!!!.wav,873.396434,875.396434,มึง,2.0,context_0.2,32000
C:\Users\muldi\Documents\Playground\University\senior-project-1\dataset\internet\clear\Horror movie for WOKE!!!!!.wav,873.5964339999999,875.5964339999999,มึง,2.0,context_0.4,32000
C:\Users\muldi\Documents\Playground\University\senior-project-1\dataset\internet\clear\Horror movie for WOKE!!!!!.wav,873.796434,875.796434,มึง,2.0,context_0.6,32000
C:\Users\muldi\Documents\Playground\University\senior-project-1\dataset\internet\clear\Horror movie for WOKE!!!!!.wav,873.9964339999999,875.9964339999999,มึง,2.0,context_0.8,32000
C:\Users\muldi\Documents\Playground\University\senior-project-1\dataset\internet\clear\Horror movie for WOKE!!!!!.wav,878.045873,880.045873,มึง,2.0,context_0.2,32000
C:\Users\muldi\Documents\Playground\University\senior-project-1\dataset\internet\clear\Horror movie for WOKE!!!!!.wav,878.245873,880.245873,มึง,2.0,context_0.4,32000
C:\Users\muldi\Documents\Playground\University\senior-project-1\dataset\internet\clear\Horror movie for WOKE!!!!!.wav,878.445873,880.445873,มึง,2.0,context_0.6,32000
C:\Users\muldi\Documents\Playground\University\senior-project-1\dataset\internet\clear\Horror movie for WOKE!!!!!.wav,878.6458729999999,880.6458729999999,มึง,2.0,context_0.8,32000
C:\Users\muldi\Documents\Playground\University\senior-project-1\dataset\internet\clear\Horror movie for WOKE!!!!!.wav,882.5304600000001,884.5304600000001,มึง,2.0,context_0.2,32000
C:\Users\muldi\Documents\Playground\University\senior-project-1\dataset\internet\clear\Horror movie for WOKE!!!!!.wav,882.73046,884.73046,มึง,2.0,context_0.4,32000
C:\Users\muldi\Documents\Playground\University\senior-project-1\dataset\internet\clear\Horror movie for WOKE!!!!!.wav,882.93046,884.93046,มึง,2.0,context_0.6,32000
C:\Users\muldi\Documents\Playground\University\senior-project-1\dataset\internet\clear\Horror movie for WOKE!!!!!.wav,883.13046,885.13046,มึง,2.0,context_0.8,32000
C:\Users\muldi\Documents\Playground\University\senior-project-1\dataset\internet\clear\Horror movie for WOKE!!!!!.wav,894.783998,896.783998,เหี้ย,2.0,context_0.2,32000
C:\Users\muldi\Documents\Playground\University\senior-project-1\dataset\internet\clear\Horror movie for WOKE!!!!!.wav,894.9839979999999,896.9839979999999,เหี้ย,2.0,context_0.4,32000
C:\Users\muldi\Documents\Playground\University\senior-project-1\dataset\internet\clear\Horror movie for WOKE!!!!!.wav,895.183998,897.183998,เหี้ย,2.0,context_0.6,32000
C:\Users\muldi\Documents\Playground\University\senior-project-1\dataset\internet\clear\Horror movie for WOKE!!!!!.wav,895.3839979999999,897.3839979999999,เหี้ย,2.0,context_0.8,32000
C:\Users\muldi\Documents\Playground\University\senior-project-1\dataset\internet\clear\Horror movie for WOKE!!!!!.wav,917.022094,919.022094,เหี้ย,2.0,context_0.2,32000
C:\Users\muldi\Documents\Playground\University\senior-project-1\dataset\internet\clear\Horror movie for WOKE!!!!!.wav,917.222094,919.222094,เหี้ย,2.0,context_0.4,32000
C:\Users\muldi\Documents\Playground\University\senior-project-1\dataset\internet\clear\Horror movie for WOKE!!!!!.wav,917.422094,919.422094,เหี้ย,2.0,context_0.6,32000
C:\Users\muldi\Documents\Playground\University\senior-project-1\dataset\internet\clear\Horror movie for WOKE!!!!!.wav,917.622094,919.622094,เหี้ย,2.0,context_0.8,32000
C:\Users\muldi\Documents\Playground\University\senior-project-1\dataset\internet\clear\Horror movie for WOKE!!!!!.wav,925.262676,927.262676,กู,2.0,context_0.2,32000
C:\Users\muldi\Documents\Playground\University\senior-project-1\dataset\internet\clear\Horror movie for WOKE!!!!!.wav,925.462676,927.462676,กู,2.0,context_0.4,32000
C:\Users\muldi\Documents\Playground\University\senior-project-1\dataset\internet\clear\Horror movie for WOKE!!!!!.wav,925.662676,927.662676,กู,2.0,context_0.6,32000
C:\Users\muldi\Documents\Playground\University\senior-project-1\dataset\internet\clear\Horror movie for WOKE!!!!!.wav,925.862676,927.862676,กู,2.0,context_0.8,32000
C:\Users\muldi\Documents\Playground\University\senior-project-1\dataset\internet\clear\Horror movie for WOKE!!!!!.wav,925.81858,927.81858,มึง,2.0,context_0.2,32000
C:\Users\muldi\Documents\Playground\University\senior-project-1\dataset\internet\clear\Horror movie for WOKE!!!!!.wav,926.0185799999999,928.0185799999999,มึง,2.0,context_0.4,32000
C:\Users\muldi\Documents\Playground\University\senior-project-1\dataset\internet\clear\Horror movie for WOKE!!!!!.wav,926.21858,928.21858,มึง,2.0,context_0.6,32000
C:\Users\muldi\Documents\Playground\University\senior-project-1\dataset\internet\clear\Horror movie for WOKE!!!!!.wav,926.4185799999999,928.4185799999999,มึง,2.0,context_0.8,32000
C:\Users\muldi\Documents\Playground\University\senior-project-1\dataset\internet\clear\Horror movie for WOKE!!!!!.wav,968.0686800000001,970.0686800000001,มึง,2.0,context_0.2,32000
C:\Users\muldi\Documents\Playground\University\senior-project-1\dataset\internet\clear\Horror movie for WOKE!!!!!.wav,968.26868,970.26868,มึง,2.0,context_0.4,32000
C:\Users\muldi\Documents\Playground\University\senior-project-1\dataset\internet\clear\Horror movie for WOKE!!!!!.wav,968.4686800000001,970.4686800000001,มึง,2.0,context_0.6,32000
C:\Users\muldi\Documents\Playground\University\senior-project-1\dataset\internet\clear\Horror movie for WOKE!!!!!.wav,968.66868,970.66868,มึง,2.0,context_0.8,32000
C:\Users\muldi\Documents\Playground\University\senior-project-1\dataset\internet\clear\Horror movie for WOKE!!!!!.wav,968.868184,970.868184,กู,2.0,context_0.2,32000
C:\Users\muldi\Documents\Playground\University\senior-project-1\dataset\internet\clear\Horror movie for WOKE!!!!!.wav,969.068184,971.068184,กู,2.0,context_0.4,32000
C:\Users\muldi\Documents\Playground\University\senior-project-1\dataset\internet\clear\Horror movie for WOKE!!!!!.wav,969.268184,971.268184,กู,2.0,context_0.6,32000
C:\Users\muldi\Documents\Playground\University\senior-project-1\dataset\internet\clear\Horror movie for WOKE!!!!!.wav,969.468184,971.468184,กู,2.0,context_0.8,32000
C:\Users\muldi\Documents\Playground\University\senior-project-1\dataset\internet\clear\Horror movie for WOKE!!!!!.wav,972.7858120000001,974.7858120000001,กู,2.0,context_0.2,32000
C:\Users\muldi\Documents\Playground\University\senior-project-1\dataset\internet\clear\Horror movie for WOKE!!!!!.wav,972.985812,974.985812,กู,2.0,context_0.4,32000
C:\Users\muldi\Documents\Playground\University\senior-project-1\dataset\internet\clear\Horror movie for WOKE!!!!!.wav,973.185812,975.185812,กู,2.0,context_0.6,32000
C:\Users\muldi\Documents\Playground\University\senior-project-1\dataset\internet\clear\Horror movie for WOKE!!!!!.wav,973.385812,975.385812,กู,2.0,context_0.8,32000
C:\Users\muldi\Documents\Playground\University\senior-project-1\dataset\internet\clear\Horror movie for WOKE!!!!!.wav,982.789043,984.789043,มึง,2.0,context_0.2,32000
C:\Users\muldi\Documents\Playground\University\senior-project-1\dataset\internet\clear\Horror movie for WOKE!!!!!.wav,982.9890429999999,984.9890429999999,มึง,2.0,context_0.4,32000
C:\Users\muldi\Documents\Playground\University\senior-project-1\dataset\internet\clear\Horror movie for WOKE!!!!!.wav,983.189043,985.189043,มึง,2.0,context_0.6,32000
C:\Users\muldi\Documents\Playground\University\senior-project-1\dataset\internet\clear\Horror movie for WOKE!!!!!.wav,983.3890429999999,985.3890429999999,มึง,2.0,context_0.8,32000
C:\Users\muldi\Documents\Playground\University\senior-project-1\dataset\internet\clear\Horror movie for WOKE!!!!!.wav,984.789448,986.789448,มึง,2.0,context_0.2,32000
C:\Users\muldi\Documents\Playground\University\senior-project-1\dataset\internet\clear\Horror movie for WOKE!!!!!.wav,984.9894479999999,986.9894479999999,มึง,2.0,context_0.4,32000
C:\Users\muldi\Documents\Playground\University\senior-project-1\dataset\internet\clear\Horror movie for WOKE!!!!!.wav,985.189448,987.189448,มึง,2.0,context_0.6,32000
C:\Users\muldi\Documents\Playground\University\senior-project-1\dataset\internet\clear\Horror movie for WOKE!!!!!.wav,985.3894479999999,987.3894479999999,มึง,2.0,context_0.8,32000
C:\Users\muldi\Documents\Playground\University\senior-project-1\dataset\internet\clear\Horror movie for WOKE!!!!!.wav,988.1075930000001,990.1075930000001,มึง,2.0,context_0.2,32000
C:\Users\muldi\Documents\Playground\University\senior-project-1\dataset\internet\clear\Horror movie for WOKE!!!!!.wav,988.307593,990.307593,มึง,2.0,context_0.4,32000
C:\Users\muldi\Documents\Playground\University\senior-project-1\dataset\internet\clear\Horror movie for WOKE!!!!!.wav,988.507593,990.507593,มึง,2.0,context_0.6,32000
C:\Users\muldi\Documents\Playground\University\senior-project-1\dataset\internet\clear\Horror movie for WOKE!!!!!.wav,988.707593,990.707593,มึง,2.0,context_0.8,32000
C:\Users\muldi\Documents\Playground\University\senior-project-1\dataset\internet\clear\Horror movie for WOKE!!!!!.wav,991.0384740000001,993.0384740000001,เหี้ย,2.0,context_0.2,32000
C:\Users\muldi\Documents\Playground\University\senior-project-1\dataset\internet\clear\Horror movie for WOKE!!!!!.wav,991.238474,993.238474,เหี้ย,2.0,context_0.4,32000
C:\Users\muldi\Documents\Playground\University\senior-project-1\dataset\internet\clear\Horror movie for WOKE!!!!!.wav,991.438474,993.438474,เหี้ย,2.0,context_0.6,32000
C:\Users\muldi\Documents\Playground\University\senior-project-1\dataset\internet\clear\Horror movie for WOKE!!!!!.wav,991.638474,993.638474,เหี้ย,2.0,context_0.8,32000
C:\Users\muldi\Documents\Playground\University\senior-project-1\dataset\internet\clear\Horror movie for WOKE!!!!!.wav,1000.5470210000001,1002.5470210000001,กู,2.0,context_0.2,32000
C:\Users\muldi\Documents\Playground\University\senior-project-1\dataset\internet\clear\Horror movie for WOKE!!!!!.wav,1000.747021,1002.747021,กู,2.0,context_0.4,32000
C:\Users\muldi\Documents\Playground\University\senior-project-1\dataset\internet\clear\Horror movie for WOKE!!!!!.wav,1000.9470210000001,1002.9470210000001,กู,2.0,context_0.6,32000
C:\Users\muldi\Documents\Playground\University\senior-project-1\dataset\internet\clear\Horror movie for WOKE!!!!!.wav,1001.147021,1003.147021,กู,2.0,context_0.8,32000
C:\Users\muldi\Documents\Playground\University\senior-project-1\dataset\internet\clear\Horror movie for WOKE!!!!!.wav,1013.180815,1015.180815,เหี้ย,2.0,context_0.2,32000
C:\Users\muldi\Documents\Playground\University\senior-project-1\dataset\internet\clear\Horror movie for WOKE!!!!!.wav,1013.380815,1015.380815,เหี้ย,2.0,context_0.4,32000
C:\Users\muldi\Documents\Playground\University\senior-project-1\dataset\internet\clear\Horror movie for WOKE!!!!!.wav,1013.580815,1015.580815,เหี้ย,2.0,context_0.6,32000
C:\Users\muldi\Documents\Playground\University\senior-project-1\dataset\internet\clear\Horror movie for WOKE!!!!!.wav,1013.780815,1015.780815,เหี้ย,2.0,context_0.8,32000
C:\Users\muldi\Documents\Playground\University\senior-project-1\dataset\internet\clear\Horror movie for WOKE!!!!!.wav,1016.351567,1018.351567,มึง,2.0,context_0.2,32000
C:\Users\muldi\Documents\Playground\University\senior-project-1\dataset\internet\clear\Horror movie for WOKE!!!!!.wav,1016.551567,1018.551567,มึง,2.0,context_0.4,32000
C:\Users\muldi\Documents\Playground\University\senior-project-1\dataset\internet\clear\Horror movie for WOKE!!!!!.wav,1016.751567,1018.751567,มึง,2.0,context_0.6,32000
C:\Users\muldi\Documents\Playground\University\senior-project-1\dataset\internet\clear\Horror movie for WOKE!!!!!.wav,1016.951567,1018.951567,มึง,2.0,context_0.8,32000
C:\Users\muldi\Documents\Playground\University\senior-project-1\dataset\internet\clear\Horror movie for WOKE!!!!!.wav,1018.701843,1020.701843,มึง,2.0,context_0.2,32000
C:\Users\muldi\Documents\Playground\University\senior-project-1\dataset\internet\clear\Horror movie for WOKE!!!!!.wav,1018.901843,1020.901843,มึง,2.0,context_0.4,32000
C:\Users\muldi\Documents\Playground\University\senior-project-1\dataset\internet\clear\Horror movie for WOKE!!!!!.wav,1019.101843,1021.101843,มึง,2.0,context_0.6,32000
C:\Users\muldi\Documents\Playground\University\senior-project-1\dataset\internet\clear\Horror movie for WOKE!!!!!.wav,1019.301843,1021.301843,มึง,2.0,context_0.8,32000
C:\Users\muldi\Documents\Playground\University\senior-project-1\dataset\internet\clear\Horror movie for WOKE!!!!!.wav,1020.508714,1022.508714,เหี้ย,2.0,context_0.2,32000
C:\Users\muldi\Documents\Playground\University\senior-project-1\dataset\internet\clear\Horror movie for WOKE!!!!!.wav,1020.708714,1022.708714,เหี้ย,2.0,context_0.4,32000
C:\Users\muldi\Documents\Playground\University\senior-project-1\dataset\internet\clear\Horror movie for WOKE!!!!!.wav,1020.908714,1022.908714,เหี้ย,2.0,context_0.6,32000
C:\Users\muldi\Documents\Playground\University\senior-project-1\dataset\internet\clear\Horror movie for WOKE!!!!!.wav,1021.108714,1023.108714,เหี้ย,2.0,context_0.8,32000
C:\Users\muldi\Documents\Playground\University\senior-project-1\dataset\internet\clear\Horror movie for WOKE!!!!!.wav,1020.8281460000001,1022.8281460000001,เหี้ย,2.0,context_0.2,32000
C:\Users\muldi\Documents\Playground\University\senior-project-1\dataset\internet\clear\Horror movie for WOKE!!!!!.wav,1021.028146,1023.028146,เหี้ย,2.0,context_0.4,32000
C:\Users\muldi\Documents\Playground\University\senior-project-1\dataset\internet\clear\Horror movie for WOKE!!!!!.wav,1021.228146,1023.228146,เหี้ย,2.0,context_0.6,32000
C:\Users\muldi\Documents\Playground\University\senior-project-1\dataset\internet\clear\Horror movie for WOKE!!!!!.wav,1021.428146,1023.428146,เหี้ย,2.0,context_0.8,32000
C:\Users\muldi\Documents\Playground\University\senior-project-1\dataset\internet\clear\Horror movie for WOKE!!!!!.wav,1054.939439,1056.939439,เหี้ย,2.0,context_0.2,32000
C:\Users\muldi\Documents\Playground\University\senior-project-1\dataset\internet\clear\Horror movie for WOKE!!!!!.wav,1055.139439,1057.139439,เหี้ย,2.0,context_0.4,32000
C:\Users\muldi\Documents\Playground\University\senior-project-1\dataset\internet\clear\Horror movie for WOKE!!!!!.wav,1055.3394389999999,1057.3394389999999,เหี้ย,2.0,context_0.6,32000
C:\Users\muldi\Documents\Playground\University\senior-project-1\dataset\internet\clear\Horror movie for WOKE!!!!!.wav,1055.539439,1057.539439,เหี้ย,2.0,context_0.8,32000
C:\Users\muldi\Documents\Playground\University\senior-project-1\dataset\internet\clear\Horror movie for WOKE!!!!!.wav,1062.837166,1064.837166,เหี้ย,2.0,context_0.2,32000
C:\Users\muldi\Documents\Playground\University\senior-project-1\dataset\internet\clear\Horror movie for WOKE!!!!!.wav,1063.037166,1065.037166,เหี้ย,2.0,context_0.4,32000
C:\Users\muldi\Documents\Playground\University\senior-project-1\dataset\internet\clear\Horror movie for WOKE!!!!!.wav,1063.237166,1065.237166,เหี้ย,2.0,context_0.6,32000
C:\Users\muldi\Documents\Playground\University\senior-project-1\dataset\internet\clear\Horror movie for WOKE!!!!!.wav,1063.437166,1065.437166,เหี้ย,2.0,context_0.8,32000
C:\Users\muldi\Documents\Playground\University\senior-project-1\dataset\internet\clear\Horror movie for WOKE!!!!!.wav,1064.915189,1066.915189,เหี้ย,2.0,context_0.2,32000
C:\Users\muldi\Documents\Playground\University\senior-project-1\dataset\internet\clear\Horror movie for WOKE!!!!!.wav,1065.115189,1067.115189,เหี้ย,2.0,context_0.4,32000
C:\Users\muldi\Documents\Playground\University\senior-project-1\dataset\internet\clear\Horror movie for WOKE!!!!!.wav,1065.315189,1067.315189,เหี้ย,2.0,context_0.6,32000
C:\Users\muldi\Documents\Playground\University\senior-project-1\dataset\internet\clear\Horror movie for WOKE!!!!!.wav,1065.515189,1067.515189,เหี้ย,2.0,context_0.8,32000
C:\Users\muldi\Documents\Playground\University\senior-project-1\dataset\internet\clear\Horror movie for WOKE!!!!!.wav,1079.9143000000001,1081.9143000000001,กู,2.0,context_0.2,32000
C:\Users\muldi\Documents\Playground\University\senior-project-1\dataset\internet\clear\Horror movie for WOKE!!!!!.wav,1080.1143000000002,1082.1143000000002,กู,2.0,context_0.4,32000
C:\Users\muldi\Documents\Playground\University\senior-project-1\dataset\internet\clear\Horror movie for WOKE!!!!!.wav,1080.3143,1082.3143,กู,2.0,context_0.6,32000
C:\Users\muldi\Documents\Playground\University\senior-project-1\dataset\internet\clear\Horror movie for WOKE!!!!!.wav,1080.5143,1082.5143,กู,2.0,context_0.8,32000
C:\Users\muldi\Documents\Playground\University\senior-project-1\dataset\internet\clear\Horror movie for WOKE!!!!!.wav,1080.515316,1082.515316,กู,2.0,context_0.2,32000
C:\Users\muldi\Documents\Playground\University\senior-project-1\dataset\internet\clear\Horror movie for WOKE!!!!!.wav,1080.715316,1082.715316,กู,2.0,context_0.4,32000
C:\Users\muldi\Documents\Playground\University\senior-project-1\dataset\internet\clear\Horror movie for WOKE!!!!!.wav,1080.9153159999998,1082.9153159999998,กู,2.0,context_0.6,32000
C:\Users\muldi\Documents\Playground\University\senior-project-1\dataset\internet\clear\Horror movie for WOKE!!!!!.wav,1081.115316,1083.115316,กู,2.0,context_0.8,32000
C:\Users\muldi\Documents\Playground\University\senior-project-1\dataset\internet\clear\Horror movie for WOKE!!!!!.wav,1102.457582,1104.457582,กู,2.0,context_0.2,32000
C:\Users\muldi\Documents\Playground\University\senior-project-1\dataset\internet\clear\Horror movie for WOKE!!!!!.wav,1102.657582,1104.657582,กู,2.0,context_0.4,32000
C:\Users\muldi\Documents\Playground\University\senior-project-1\dataset\internet\clear\Horror movie for WOKE!!!!!.wav,1102.8575819999999,1104.8575819999999,กู,2.0,context_0.6,32000
C:\Users\muldi\Documents\Playground\University\senior-project-1\dataset\internet\clear\Horror movie for WOKE!!!!!.wav,1103.057582,1105.057582,กู,2.0,context_0.8,32000
C:\Users\muldi\Documents\Playground\University\senior-project-1\dataset\internet\clear\Horror movie for WOKE!!!!!.wav,1104.9288020000001,1106.9288020000001,กู,2.0,context_0.2,32000
C:\Users\muldi\Documents\Playground\University\senior-project-1\dataset\internet\clear\Horror movie for WOKE!!!!!.wav,1105.1288020000002,1107.1288020000002,กู,2.0,context_0.4,32000
C:\Users\muldi\Documents\Playground\University\senior-project-1\dataset\internet\clear\Horror movie for WOKE!!!!!.wav,1105.328802,1107.328802,กู,2.0,context_0.6,32000
C:\Users\muldi\Documents\Playground\University\senior-project-1\dataset\internet\clear\Horror movie for WOKE!!!!!.wav,1105.528802,1107.528802,กู,2.0,context_0.8,32000
C:\Users\muldi\Documents\Playground\University\senior-project-1\dataset\internet\clear\Horror movie for WOKE!!!!!.wav,0.0,2.0,none,2.0,none_sample,32000
C:\Users\muldi\Documents\Playground\University\senior-project-1\dataset\internet\clear\Horror movie for WOKE!!!!!.wav,2.0,4.0,none,2.0,none_sample,32000
C:\Users\muldi\Documents\Playground\University\senior-project-1\dataset\internet\clear\Horror movie for WOKE!!!!!.wav,4.0,6.0,none,2.0,none_sample,32000
C:\Users\muldi\Documents\Playground\University\senior-project-1\dataset\internet\clear\Horror movie for WOKE!!!!!.wav,6.0,8.0,none,2.0,none_sample,32000
C:\Users\muldi\Documents\Playground\University\senior-project-1\dataset\internet\clear\Horror movie for WOKE!!!!!.wav,8.0,10.0,none,2.0,none_sample,32000
C:\Users\muldi\Documents\Playground\University\senior-project-1\dataset\internet\clear\Horror movie for WOKE!!!!!.wav,10.0,12.0,none,2.0,none_sample,32000
C:\Users\muldi\Documents\Playground\University\senior-project-1\dataset\internet\clear\Horror movie for WOKE!!!!!.wav,12.0,14.0,none,2.0,none_sample,32000
C:\Users\muldi\Documents\Playground\University\senior-project-1\dataset\internet\clear\Horror movie for WOKE!!!!!.wav,14.0,16.0,none,2.0,none_sample,32000
C:\Users\muldi\Documents\Playground\University\senior-project-1\dataset\internet\clear\Horror movie for WOKE!!!!!.wav,16.0,18.0,none,2.0,none_sample,32000
C:\Users\muldi\Documents\Playground\University\senior-project-1\dataset\internet\clear\Horror movie for WOKE!!!!!.wav,18.0,20.0,none,2.0,none_sample,32000
C:\Users\muldi\Documents\Playground\University\senior-project-1\dataset\internet\clear\Horror movie for WOKE!!!!!.wav,20.599999999999998,22.599999999999998,none,2.0,none_sample,32000
C:\Users\muldi\Documents\Playground\University\senior-project-1\dataset\internet\clear\Horror movie for WOKE!!!!!.wav,23.799999999999994,25.799999999999994,none,2.0,none_sample,32000
C:\Users\muldi\Documents\Playground\University\senior-project-1\dataset\internet\clear\Horror movie for WOKE!!!!!.wav,26.59999999999999,28.59999999999999,none,2.0,none_sample,32000
C:\Users\muldi\Documents\Playground\University\senior-project-1\dataset\internet\clear\Horror movie for WOKE!!!!!.wav,28.59999999999999,30.59999999999999,none,2.0,none_sample,32000
C:\Users\muldi\Documents\Playground\University\senior-project-1\dataset\internet\clear\Horror movie for WOKE!!!!!.wav,30.59999999999999,32.599999999999994,none,2.0,none_sample,32000
C:\Users\muldi\Documents\Playground\University\senior-project-1\dataset\internet\clear\Horror movie for WOKE!!!!!.wav,33.2,35.2,none,2.0,none_sample,32000
C:\Users\muldi\Documents\Playground\University\senior-project-1\dataset\internet\clear\Horror movie for WOKE!!!!!.wav,35.2,37.2,none,2.0,none_sample,32000
C:\Users\muldi\Documents\Playground\University\senior-project-1\dataset\internet\clear\Horror movie for WOKE!!!!!.wav,37.2,39.2,none,2.0,none_sample,32000
C:\Users\muldi\Documents\Playground\University\senior-project-1\dataset\internet\clear\Horror movie for WOKE!!!!!.wav,39.2,41.2,none,2.0,none_sample,32000
C:\Users\muldi\Documents\Playground\University\senior-project-1\dataset\internet\clear\Horror movie for WOKE!!!!!.wav,41.2,43.2,none,2.0,none_sample,32000
C:\Users\muldi\Documents\Playground\University\senior-project-1\dataset\internet\clear\Horror movie for WOKE!!!!!.wav,43.2,45.2,none,2.0,none_sample,32000
C:\Users\muldi\Documents\Playground\University\senior-project-1\dataset\internet\clear\Horror movie for WOKE!!!!!.wav,45.2,47.2,none,2.0,none_sample,32000
C:\Users\muldi\Documents\Playground\University\senior-project-1\dataset\internet\clear\Horror movie for WOKE!!!!!.wav,47.2,49.2,none,2.0,none_sample,32000
C:\Users\muldi\Documents\Playground\University\senior-project-1\dataset\internet\clear\Horror movie for WOKE!!!!!.wav,49.2,51.2,none,2.0,none_sample,32000
C:\Users\muldi\Documents\Playground\University\senior-project-1\dataset\internet\clear\Horror movie for WOKE!!!!!.wav,51.2,53.2,none,2.0,none_sample,32000
C:\Users\muldi\Documents\Playground\University\senior-project-1\dataset\internet\clear\Horror movie for WOKE!!!!!.wav,53.2,55.2,none,2.0,none_sample,32000
C:\Users\muldi\Documents\Playground\University\senior-project-1\dataset\internet\clear\Horror movie for WOKE!!!!!.wav,55.2,57.2,none,2.0,none_sample,32000
C:\Users\muldi\Documents\Playground\University\senior-project-1\dataset\internet\clear\Horror movie for WOKE!!!!!.wav,57.2,59.2,none,2.0,none_sample,32000
C:\Users\muldi\Documents\Playground\University\senior-project-1\dataset\internet\clear\Horror movie for WOKE!!!!!.wav,59.2,61.2,none,2.0,none_sample,32000
C:\Users\muldi\Documents\Playground\University\senior-project-1\dataset\internet\clear\Horror movie for WOKE!!!!!.wav,61.2,63.2,none,2.0,none_sample,32000
C:\Users\muldi\Documents\Playground\University\senior-project-1\dataset\internet\clear\Horror movie for WOKE!!!!!.wav,63.2,65.2,none,2.0,none_sample,32000
C:\Users\muldi\Documents\Playground\University\senior-project-1\dataset\internet\clear\Horror movie for WOKE!!!!!.wav,65.2,67.2,none,2.0,none_sample,32000
C:\Users\muldi\Documents\Playground\University\senior-project-1\dataset\internet\clear\Horror movie for WOKE!!!!!.wav,67.2,69.2,none,2.0,none_sample,32000
C:\Users\muldi\Documents\Playground\University\senior-project-1\dataset\internet\clear\Horror movie for WOKE!!!!!.wav,69.2,71.2,none,2.0,none_sample,32000
C:\Users\muldi\Documents\Playground\University\senior-project-1\dataset\internet\clear\Horror movie for WOKE!!!!!.wav,71.2,73.2,none,2.0,none_sample,32000
C:\Users\muldi\Documents\Playground\University\senior-project-1\dataset\internet\clear\Horror movie for WOKE!!!!!.wav,74.60000000000002,76.60000000000002,none,2.0,none_sample,32000
C:\Users\muldi\Documents\Playground\University\senior-project-1\dataset\internet\clear\Horror movie for WOKE!!!!!.wav,76.60000000000002,78.60000000000002,none,2.0,none_sample,32000
C:\Users\muldi\Documents\Playground\University\senior-project-1\dataset\internet\clear\Horror movie for WOKE!!!!!.wav,78.60000000000002,80.60000000000002,none,2.0,none_sample,32000
C:\Users\muldi\Documents\Playground\University\senior-project-1\dataset\internet\clear\Horror movie for WOKE!!!!!.wav,81.60000000000004,83.60000000000004,none,2.0,none_sample,32000
C:\Users\muldi\Documents\Playground\University\senior-project-1\dataset\internet\clear\Horror movie for WOKE!!!!!.wav,83.60000000000004,85.60000000000004,none,2.0,none_sample,32000
C:\Users\muldi\Documents\Playground\University\senior-project-1\dataset\internet\clear\Horror movie for WOKE!!!!!.wav,85.60000000000004,87.60000000000004,none,2.0,none_sample,32000
C:\Users\muldi\Documents\Playground\University\senior-project-1\dataset\internet\clear\Horror movie for WOKE!!!!!.wav,87.60000000000004,89.60000000000004,none,2.0,none_sample,32000
C:\Users\muldi\Documents\Playground\University\senior-project-1\dataset\internet\clear\Horror movie for WOKE!!!!!.wav,89.60000000000004,91.60000000000004,none,2.0,none_sample,32000
C:\Users\muldi\Documents\Playground\University\senior-project-1\dataset\internet\clear\Horror movie for WOKE!!!!!.wav,91.60000000000004,93.60000000000004,none,2.0,none_sample,32000
C:\Users\muldi\Documents\Playground\University\senior-project-1\dataset\internet\clear\Horror movie for WOKE!!!!!.wav,93.60000000000004,95.60000000000004,none,2.0,none_sample,32000
C:\Users\muldi\Documents\Playground\University\senior-project-1\dataset\internet\clear\Horror movie for WOKE!!!!!.wav,95.60000000000004,97.60000000000004,none,2.0,none_sample,32000
C:\Users\muldi\Documents\Playground\University\senior-project-1\dataset\internet\clear\Horror movie for WOKE!!!!!.wav,99.40000000000006,101.40000000000006,none,2.0,none_sample,32000
C:\Users\muldi\Documents\Playground\University\senior-project-1\dataset\internet\clear\Horror movie for WOKE!!!!!.wav,101.40000000000006,103.40000000000006,none,2.0,none_sample,32000
C:\Users\muldi\Documents\Playground\University\senior-project-1\dataset\internet\clear\Horror movie for WOKE!!!!!.wav,103.40000000000006,105.40000000000006,none,2.0,none_sample,32000
C:\Users\muldi\Documents\Playground\University\senior-project-1\dataset\internet\clear\Horror movie for WOKE!!!!!.wav,105.40000000000006,107.40000000000006,none,2.0,none_sample,32000
C:\Users\muldi\Documents\Playground\University\senior-project-1\dataset\internet\clear\Horror movie for WOKE!!!!!.wav,107.40000000000006,109.40000000000006,none,2.0,none_sample,32000
C:\Users\muldi\Documents\Playground\University\senior-project-1\dataset\internet\clear\Horror movie for WOKE!!!!!.wav,109.40000000000006,111.40000000000006,none,2.0,none_sample,32000
C:\Users\muldi\Documents\Playground\University\senior-project-1\dataset\internet\clear\Horror movie for WOKE!!!!!.wav,112.00000000000007,114.00000000000007,none,2.0,none_sample,32000
C:\Users\muldi\Documents\Playground\University\senior-project-1\dataset\internet\clear\Horror movie for WOKE!!!!!.wav,114.00000000000007,116.00000000000007,none,2.0,none_sample,32000
C:\Users\muldi\Documents\Playground\University\senior-project-1\dataset\internet\clear\Horror movie for WOKE!!!!!.wav,116.00000000000007,118.00000000000007,none,2.0,none_sample,32000
C:\Users\muldi\Documents\Playground\University\senior-project-1\dataset\internet\clear\Horror movie for WOKE!!!!!.wav,118.00000000000007,120.00000000000007,none,2.0,none_sample,32000
C:\Users\muldi\Documents\Playground\University\senior-project-1\dataset\internet\clear\Horror movie for WOKE!!!!!.wav,120.00000000000007,122.00000000000007,none,2.0,none_sample,32000
C:\Users\muldi\Documents\Playground\University\senior-project-1\dataset\internet\clear\Horror movie for WOKE!!!!!.wav,122.00000000000007,124.00000000000007,none,2.0,none_sample,32000
C:\Users\muldi\Documents\Playground\University\senior-project-1\dataset\internet\clear\Horror movie for WOKE!!!!!.wav,124.00000000000007,126.00000000000007,none,2.0,none_sample,32000
C:\Users\muldi\Documents\Playground\University\senior-project-1\dataset\internet\clear\Horror movie for WOKE!!!!!.wav,126.00000000000007,128.00000000000006,none,2.0,none_sample,32000
C:\Users\muldi\Documents\Playground\University\senior-project-1\dataset\internet\clear\Horror movie for WOKE!!!!!.wav,128.00000000000006,130.00000000000006,none,2.0,none_sample,32000
C:\Users\muldi\Documents\Playground\University\senior-project-1\dataset\internet\clear\Horror movie for WOKE!!!!!.wav,130.00000000000006,132.00000000000006,none,2.0,none_sample,32000
C:\Users\muldi\Documents\Playground\University\senior-project-1\dataset\internet\clear\Horror movie for WOKE!!!!!.wav,132.00000000000006,134.00000000000006,none,2.0,none_sample,32000
C:\Users\muldi\Documents\Playground\University\senior-project-1\dataset\internet\clear\Horror movie for WOKE!!!!!.wav,134.00000000000006,136.00000000000006,none,2.0,none_sample,32000
C:\Users\muldi\Documents\Playground\University\senior-project-1\dataset\internet\clear\Horror movie for WOKE!!!!!.wav,136.00000000000006,138.00000000000006,none,2.0,none_sample,32000
C:\Users\muldi\Documents\Playground\University\senior-project-1\dataset\internet\clear\Horror movie for WOKE!!!!!.wav,138.00000000000006,140.00000000000006,none,2.0,none_sample,32000
C:\Users\muldi\Documents\Playground\University\senior-project-1\dataset\internet\clear\Horror movie for WOKE!!!!!.wav,140.00000000000006,142.00000000000006,none,2.0,none_sample,32000
C:\Users\muldi\Documents\Playground\University\senior-project-1\dataset\internet\clear\Horror movie for WOKE!!!!!.wav,142.00000000000006,144.00000000000006,none,2.0,none_sample,32000
C:\Users\muldi\Documents\Playground\University\senior-project-1\dataset\internet\clear\Horror movie for WOKE!!!!!.wav,144.00000000000006,146.00000000000006,none,2.0,none_sample,32000
C:\Users\muldi\Documents\Playground\University\senior-project-1\dataset\internet\clear\Horror movie for WOKE!!!!!.wav,146.00000000000006,148.00000000000006,none,2.0,none_sample,32000
C:\Users\muldi\Documents\Playground\University\senior-project-1\dataset\internet\clear\Horror movie for WOKE!!!!!.wav,148.00000000000006,150.00000000000006,none,2.0,none_sample,32000
C:\Users\muldi\Documents\Playground\University\senior-project-1\dataset\internet\clear\Horror movie for WOKE!!!!!.wav,152.39999999999992,154.39999999999992,none,2.0,none_sample,32000
C:\Users\muldi\Documents\Playground\University\senior-project-1\dataset\internet\clear\Horror movie for WOKE!!!!!.wav,154.39999999999992,156.39999999999992,none,2.0,none_sample,32000
C:\Users\muldi\Documents\Playground\University\senior-project-1\dataset\internet\clear\Horror movie for WOKE!!!!!.wav,156.39999999999992,158.39999999999992,none,2.0,none_sample,32000
C:\Users\muldi\Documents\Playground\University\senior-project-1\dataset\internet\clear\Horror movie for WOKE!!!!!.wav,158.39999999999992,160.39999999999992,none,2.0,none_sample,32000
C:\Users\muldi\Documents\Playground\University\senior-project-1\dataset\internet\clear\Horror movie for WOKE!!!!!.wav,160.39999999999992,162.39999999999992,none,2.0,none_sample,32000
C:\Users\muldi\Documents\Playground\University\senior-project-1\dataset\internet\clear\Horror movie for WOKE!!!!!.wav,163.59999999999985,165.59999999999985,none,2.0,none_sample,32000
C:\Users\muldi\Documents\Playground\University\senior-project-1\dataset\internet\clear\Horror movie for WOKE!!!!!.wav,165.59999999999985,167.59999999999985,none,2.0,none_sample,32000
C:\Users\muldi\Documents\Playground\University\senior-project-1\dataset\internet\clear\Horror movie for WOKE!!!!!.wav,167.59999999999985,169.59999999999985,none,2.0,none_sample,32000
C:\Users\muldi\Documents\Playground\University\senior-project-1\dataset\internet\clear\Horror movie for WOKE!!!!!.wav,169.59999999999985,171.59999999999985,none,2.0,none_sample,32000
C:\Users\muldi\Documents\Playground\University\senior-project-1\dataset\internet\clear\Horror movie for WOKE!!!!!.wav,171.59999999999985,173.59999999999985,none,2.0,none_sample,32000
C:\Users\muldi\Documents\Playground\University\senior-project-1\dataset\internet\clear\Horror movie for WOKE!!!!!.wav,173.59999999999985,175.59999999999985,none,2.0,none_sample,32000
C:\Users\muldi\Documents\Playground\University\senior-project-1\dataset\internet\clear\Horror movie for WOKE!!!!!.wav,175.59999999999985,177.59999999999985,none,2.0,none_sample,32000
C:\Users\muldi\Documents\Playground\University\senior-project-1\dataset\internet\clear\Horror movie for WOKE!!!!!.wav,177.59999999999985,179.59999999999985,none,2.0,none_sample,32000
C:\Users\muldi\Documents\Playground\University\senior-project-1\dataset\internet\clear\Horror movie for WOKE!!!!!.wav,179.59999999999985,181.59999999999985,none,2.0,none_sample,32000
C:\Users\muldi\Documents\Playground\University\senior-project-1\dataset\internet\clear\Horror movie for WOKE!!!!!.wav,181.59999999999985,183.59999999999985,none,2.0,none_sample,32000
C:\Users\muldi\Documents\Playground\University\senior-project-1\dataset\internet\clear\Horror movie for WOKE!!!!!.wav,185.59999999999974,187.59999999999974,none,2.0,none_sample,32000
C:\Users\muldi\Documents\Playground\University\senior-project-1\dataset\internet\clear\Horror movie for WOKE!!!!!.wav,187.59999999999974,189.59999999999974,none,2.0,none_sample,32000
C:\Users\muldi\Documents\Playground\University\senior-project-1\dataset\internet\clear\Horror movie for WOKE!!!!!.wav,189.59999999999974,191.59999999999974,none,2.0,none_sample,32000
C:\Users\muldi\Documents\Playground\University\senior-project-1\dataset\internet\clear\Horror movie for WOKE!!!!!.wav,191.59999999999974,193.59999999999974,none,2.0,none_sample,32000
C:\Users\muldi\Documents\Playground\University\senior-project-1\dataset\internet\clear\Horror movie for WOKE!!!!!.wav,193.59999999999974,195.59999999999974,none,2.0,none_sample,32000
C:\Users\muldi\Documents\Playground\University\senior-project-1\dataset\internet\clear\Horror movie for WOKE!!!!!.wav,195.59999999999974,197.59999999999974,none,2.0,none_sample,32000
C:\Users\muldi\Documents\Playground\University\senior-project-1\dataset\internet\clear\Horror movie for WOKE!!!!!.wav,197.59999999999974,199.59999999999974,none,2.0,none_sample,32000
C:\Users\muldi\Documents\Playground\University\senior-project-1\dataset\internet\clear\Horror movie for WOKE!!!!!.wav,199.59999999999974,201.59999999999974,none,2.0,none_sample,32000
C:\Users\muldi\Documents\Playground\University\senior-project-1\dataset\internet\clear\Horror movie for WOKE!!!!!.wav,201.59999999999974,203.59999999999974,none,2.0,none_sample,32000
C:\Users\muldi\Documents\Playground\University\senior-project-1\dataset\internet\clear\Horror movie for WOKE!!!!!.wav,203.59999999999974,205.59999999999974,none,2.0,none_sample,32000
C:\Users\muldi\Documents\Playground\University\senior-project-1\dataset\internet\clear\Horror movie for WOKE!!!!!.wav,205.59999999999974,207.59999999999974,none,2.0,none_sample,32000
C:\Users\muldi\Documents\Playground\University\senior-project-1\dataset\internet\clear\Horror movie for WOKE!!!!!.wav,207.59999999999974,209.59999999999974,none,2.0,none_sample,32000
C:\Users\muldi\Documents\Playground\University\senior-project-1\dataset\internet\clear\Horror movie for WOKE!!!!!.wav,209.59999999999974,211.59999999999974,none,2.0,none_sample,32000
C:\Users\muldi\Documents\Playground\University\senior-project-1\dataset\internet\clear\Horror movie for WOKE!!!!!.wav,211.59999999999974,213.59999999999974,none,2.0,none_sample,32000
C:\Users\muldi\Documents\Playground\University\senior-project-1\dataset\internet\clear\Horror movie for WOKE!!!!!.wav,213.59999999999974,215.59999999999974,none,2.0,none_sample,32000
C:\Users\muldi\Documents\Playground\University\senior-project-1\dataset\internet\clear\Horror movie for WOKE!!!!!.wav,215.59999999999974,217.59999999999974,none,2.0,none_sample,32000
C:\Users\muldi\Documents\Playground\University\senior-project-1\dataset\internet\clear\Horror movie for WOKE!!!!!.wav,217.59999999999974,219.59999999999974,none,2.0,none_sample,32000
C:\Users\muldi\Documents\Playground\University\senior-project-1\dataset\internet\clear\Horror movie for WOKE!!!!!.wav,219.59999999999974,221.59999999999974,none,2.0,none_sample,32000
C:\Users\muldi\Documents\Playground\University\senior-project-1\dataset\internet\clear\Horror movie for WOKE!!!!!.wav,221.59999999999974,223.59999999999974,none,2.0,none_sample,32000
C:\Users\muldi\Documents\Playground\University\senior-project-1\dataset\internet\clear\Horror movie for WOKE!!!!!.wav,223.59999999999974,225.59999999999974,none,2.0,none_sample,32000
C:\Users\muldi\Documents\Playground\University\senior-project-1\dataset\internet\clear\Horror movie for WOKE!!!!!.wav,225.59999999999974,227.59999999999974,none,2.0,none_sample,32000
C:\Users\muldi\Documents\Playground\University\senior-project-1\dataset\internet\clear\Horror movie for WOKE!!!!!.wav,227.59999999999974,229.59999999999974,none,2.0,none_sample,32000
C:\Users\muldi\Documents\Playground\University\senior-project-1\dataset\internet\clear\Horror movie for WOKE!!!!!.wav,229.59999999999974,231.59999999999974,none,2.0,none_sample,32000
C:\Users\muldi\Documents\Playground\University\senior-project-1\dataset\internet\clear\Horror movie for WOKE!!!!!.wav,231.59999999999974,233.59999999999974,none,2.0,none_sample,32000
C:\Users\muldi\Documents\Playground\University\senior-project-1\dataset\internet\clear\Horror movie for WOKE!!!!!.wav,234.1999999999997,236.1999999999997,none,2.0,none_sample,32000
C:\Users\muldi\Documents\Playground\University\senior-project-1\dataset\internet\clear\Horror movie for WOKE!!!!!.wav,236.1999999999997,238.1999999999997,none,2.0,none_sample,32000
C:\Users\muldi\Documents\Playground\University\senior-project-1\dataset\internet\clear\Horror movie for WOKE!!!!!.wav,238.1999999999997,240.1999999999997,none,2.0,none_sample,32000
C:\Users\muldi\Documents\Playground\University\senior-project-1\dataset\internet\clear\Horror movie for WOKE!!!!!.wav,240.1999999999997,242.1999999999997,none,2.0,none_sample,32000
C:\Users\muldi\Documents\Playground\University\senior-project-1\dataset\internet\clear\Horror movie for WOKE!!!!!.wav,242.1999999999997,244.1999999999997,none,2.0,none_sample,32000
C:\Users\muldi\Documents\Playground\University\senior-project-1\dataset\internet\clear\Horror movie for WOKE!!!!!.wav,244.1999999999997,246.1999999999997,none,2.0,none_sample,32000
C:\Users\muldi\Documents\Playground\University\senior-project-1\dataset\internet\clear\Horror movie for WOKE!!!!!.wav,246.1999999999997,248.1999999999997,none,2.0,none_sample,32000
C:\Users\muldi\Documents\Playground\University\senior-project-1\dataset\internet\clear\Horror movie for WOKE!!!!!.wav,248.1999999999997,250.1999999999997,none,2.0,none_sample,32000
C:\Users\muldi\Documents\Playground\University\senior-project-1\dataset\internet\clear\Horror movie for WOKE!!!!!.wav,251.39999999999964,253.39999999999964,none,2.0,none_sample,32000
C:\Users\muldi\Documents\Playground\University\senior-project-1\dataset\internet\clear\Horror movie for WOKE!!!!!.wav,253.39999999999964,255.39999999999964,none,2.0,none_sample,32000
C:\Users\muldi\Documents\Playground\University\senior-project-1\dataset\internet\clear\Horror movie for WOKE!!!!!.wav,255.39999999999964,257.39999999999964,none,2.0,none_sample,32000
C:\Users\muldi\Documents\Playground\University\senior-project-1\dataset\internet\clear\Horror movie for WOKE!!!!!.wav,257.39999999999964,259.39999999999964,none,2.0,none_sample,32000
C:\Users\muldi\Documents\Playground\University\senior-project-1\dataset\internet\clear\Horror movie for WOKE!!!!!.wav,259.39999999999964,261.39999999999964,none,2.0,none_sample,32000
C:\Users\muldi\Documents\Playground\University\senior-project-1\dataset\internet\clear\Horror movie for WOKE!!!!!.wav,261.39999999999964,263.39999999999964,none,2.0,none_sample,32000
C:\Users\muldi\Documents\Playground\University\senior-project-1\dataset\internet\clear\Horror movie for WOKE!!!!!.wav,263.39999999999964,265.39999999999964,none,2.0,none_sample,32000
C:\Users\muldi\Documents\Playground\University\senior-project-1\dataset\internet\clear\Horror movie for WOKE!!!!!.wav,265.39999999999964,267.39999999999964,none,2.0,none_sample,32000
C:\Users\muldi\Documents\Playground\University\senior-project-1\dataset\internet\clear\Horror movie for WOKE!!!!!.wav,267.39999999999964,269.39999999999964,none,2.0,none_sample,32000
C:\Users\muldi\Documents\Playground\University\senior-project-1\dataset\internet\clear\Horror movie for WOKE!!!!!.wav,269.39999999999964,271.39999999999964,none,2.0,none_sample,32000
C:\Users\muldi\Documents\Playground\University\senior-project-1\dataset\internet\clear\Horror movie for WOKE!!!!!.wav,271.39999999999964,273.39999999999964,none,2.0,none_sample,32000
C:\Users\muldi\Documents\Playground\University\senior-project-1\dataset\internet\clear\Horror movie for WOKE!!!!!.wav,273.39999999999964,275.39999999999964,none,2.0,none_sample,32000
C:\Users\muldi\Documents\Playground\University\senior-project-1\dataset\internet\clear\Horror movie for WOKE!!!!!.wav,275.39999999999964,277.39999999999964,none,2.0,none_sample,32000
C:\Users\muldi\Documents\Playground\University\senior-project-1\dataset\internet\clear\Horror movie for WOKE!!!!!.wav,277.39999999999964,279.39999999999964,none,2.0,none_sample,32000
C:\Users\muldi\Documents\Playground\University\senior-project-1\dataset\internet\clear\Horror movie for WOKE!!!!!.wav,279.39999999999964,281.39999999999964,none,2.0,none_sample,32000
C:\Users\muldi\Documents\Playground\University\senior-project-1\dataset\internet\clear\Horror movie for WOKE!!!!!.wav,281.39999999999964,283.39999999999964,none,2.0,none_sample,32000
C:\Users\muldi\Documents\Playground\University\senior-project-1\dataset\internet\clear\Horror movie for WOKE!!!!!.wav,283.39999999999964,285.39999999999964,none,2.0,none_sample,32000
C:\Users\muldi\Documents\Playground\University\senior-project-1\dataset\internet\clear\Horror movie for WOKE!!!!!.wav,285.39999999999964,287.39999999999964,none,2.0,none_sample,32000
C:\Users\muldi\Documents\Playground\University\senior-project-1\dataset\internet\clear\Horror movie for WOKE!!!!!.wav,287.39999999999964,289.39999999999964,none,2.0,none_sample,32000
C:\Users\muldi\Documents\Playground\University\senior-project-1\dataset\internet\clear\Horror movie for WOKE!!!!!.wav,289.39999999999964,291.39999999999964,none,2.0,none_sample,32000
C:\Users\muldi\Documents\Playground\University\senior-project-1\dataset\internet\clear\Horror movie for WOKE!!!!!.wav,291.39999999999964,293.39999999999964,none,2.0,none_sample,32000
C:\Users\muldi\Documents\Playground\University\senior-project-1\dataset\internet\clear\Horror movie for WOKE!!!!!.wav,293.39999999999964,295.39999999999964,none,2.0,none_sample,32000
C:\Users\muldi\Documents\Playground\University\senior-project-1\dataset\internet\clear\Horror movie for WOKE!!!!!.wav,295.39999999999964,297.39999999999964,none,2.0,none_sample,32000
C:\Users\muldi\Documents\Playground\University\senior-project-1\dataset\internet\clear\Horror movie for WOKE!!!!!.wav,297.39999999999964,299.39999999999964,none,2.0,none_sample,32000
C:\Users\muldi\Documents\Playground\University\senior-project-1\dataset\internet\clear\Horror movie for WOKE!!!!!.wav,299.39999999999964,301.39999999999964,none,2.0,none_sample,32000
C:\Users\muldi\Documents\Playground\University\senior-project-1\dataset\internet\clear\Horror movie for WOKE!!!!!.wav,301.39999999999964,303.39999999999964,none,2.0,none_sample,32000
C:\Users\muldi\Documents\Playground\University\senior-project-1\dataset\internet\clear\Horror movie for WOKE!!!!!.wav,303.39999999999964,305.39999999999964,none,2.0,none_sample,32000
C:\Users\muldi\Documents\Playground\University\senior-project-1\dataset\internet\clear\Horror movie for WOKE!!!!!.wav,305.39999999999964,307.39999999999964,none,2.0,none_sample,32000
C:\Users\muldi\Documents\Playground\University\senior-project-1\dataset\internet\clear\Horror movie for WOKE!!!!!.wav,307.39999999999964,309.39999999999964,none,2.0,none_sample,32000
C:\Users\muldi\Documents\Playground\University\senior-project-1\dataset\internet\clear\Horror movie for WOKE!!!!!.wav,309.39999999999964,311.39999999999964,none,2.0,none_sample,32000
C:\Users\muldi\Documents\Playground\University\senior-project-1\dataset\internet\clear\Yo mama & แซนวิชบลูเบอร์รี่.wav,18.232041,20.232041,มึง,2.0,context_0.2,32000
C:\Users\muldi\Documents\Playground\University\senior-project-1\dataset\internet\clear\Yo mama & แซนวิชบลูเบอร์รี่.wav,18.432040999999998,20.432040999999998,มึง,2.0,context_0.4,32000
C:\Users\muldi\Documents\Playground\University\senior-project-1\dataset\internet\clear\Yo mama & แซนวิชบลูเบอร์รี่.wav,18.632041,20.632041,มึง,2.0,context_0.6,32000
C:\Users\muldi\Documents\Playground\University\senior-project-1\dataset\internet\clear\Yo mama & แซนวิชบลูเบอร์รี่.wav,18.832041,20.832041,มึง,2.0,context_0.8,32000
C:\Users\muldi\Documents\Playground\University\senior-project-1\dataset\internet\clear\Yo mama & แซนวิชบลูเบอร์รี่.wav,22.222478,24.222478,มึง,2.0,context_0.2,32000
C:\Users\muldi\Documents\Playground\University\senior-project-1\dataset\internet\clear\Yo mama & แซนวิชบลูเบอร์รี่.wav,22.422477999999998,24.422477999999998,มึง,2.0,context_0.4,32000
C:\Users\muldi\Documents\Playground\University\senior-project-1\dataset\internet\clear\Yo mama & แซนวิชบลูเบอร์รี่.wav,22.622478,24.622478,มึง,2.0,context_0.6,32000
C:\Users\muldi\Documents\Playground\University\senior-project-1\dataset\internet\clear\Yo mama & แซนวิชบลูเบอร์รี่.wav,22.822478,24.822478,มึง,2.0,context_0.8,32000
C:\Users\muldi\Documents\Playground\University\senior-project-1\dataset\internet\clear\Yo mama & แซนวิชบลูเบอร์รี่.wav,23.540333,25.540333,มึง,2.0,context_0.2,32000
C:\Users\muldi\Documents\Playground\University\senior-project-1\dataset\internet\clear\Yo mama & แซนวิชบลูเบอร์รี่.wav,23.740333,25.740333,มึง,2.0,context_0.4,32000
C:\Users\muldi\Documents\Playground\University\senior-project-1\dataset\internet\clear\Yo mama & แซนวิชบลูเบอร์รี่.wav,23.940333000000003,25.940333000000003,มึง,2.0,context_0.6,32000
C:\Users\muldi\Documents\Playground\University\senior-project-1\dataset\internet\clear\Yo mama & แซนวิชบลูเบอร์รี่.wav,24.140333000000002,26.140333000000002,มึง,2.0,context_0.8,32000
C:\Users\muldi\Documents\Playground\University\senior-project-1\dataset\internet\clear\Yo mama & แซนวิชบลูเบอร์รี่.wav,25.209433,27.209433,มึง,2.0,context_0.2,32000
C:\Users\muldi\Documents\Playground\University\senior-project-1\dataset\internet\clear\Yo mama & แซนวิชบลูเบอร์รี่.wav,25.409433,27.409433,มึง,2.0,context_0.4,32000
C:\Users\muldi\Documents\Playground\University\senior-project-1\dataset\internet\clear\Yo mama & แซนวิชบลูเบอร์รี่.wav,25.609433000000003,27.609433000000003,มึง,2.0,context_0.6,32000
C:\Users\muldi\Documents\Playground\University\senior-project-1\dataset\internet\clear\Yo mama & แซนวิชบลูเบอร์รี่.wav,25.809433000000002,27.809433000000002,มึง,2.0,context_0.8,32000
C:\Users\muldi\Documents\Playground\University\senior-project-1\dataset\internet\clear\Yo mama & แซนวิชบลูเบอร์รี่.wav,27.361061,29.361061,มึง,2.0,context_0.2,32000
C:\Users\muldi\Documents\Playground\University\senior-project-1\dataset\internet\clear\Yo mama & แซนวิชบลูเบอร์รี่.wav,27.561061,29.561061,มึง,2.0,context_0.4,32000
C:\Users\muldi\Documents\Playground\University\senior-project-1\dataset\internet\clear\Yo mama & แซนวิชบลูเบอร์รี่.wav,27.761061,29.761061,มึง,2.0,context_0.6,32000
C:\Users\muldi\Documents\Playground\University\senior-project-1\dataset\internet\clear\Yo mama & แซนวิชบลูเบอร์รี่.wav,27.961061,29.961061,มึง,2.0,context_0.8,32000
C:\Users\muldi\Documents\Playground\University\senior-project-1\dataset\internet\clear\Yo mama & แซนวิชบลูเบอร์รี่.wav,29.196728999999998,31.196728999999998,มึง,2.0,context_0.2,32000
C:\Users\muldi\Documents\Playground\University\senior-project-1\dataset\internet\clear\Yo mama & แซนวิชบลูเบอร์รี่.wav,29.396728999999997,31.396728999999997,มึง,2.0,context_0.4,32000
C:\Users\muldi\Documents\Playground\University\senior-project-1\dataset\internet\clear\Yo mama & แซนวิชบลูเบอร์รี่.wav,29.596729,31.596729,มึง,2.0,context_0.6,32000
C:\Users\muldi\Documents\Playground\University\senior-project-1\dataset\internet\clear\Yo mama & แซนวิชบลูเบอร์รี่.wav,29.796729,31.796729,มึง,2.0,context_0.8,32000
C:\Users\muldi\Documents\Playground\University\senior-project-1\dataset\internet\clear\Yo mama & แซนวิชบลูเบอร์รี่.wav,33.618552,35.618552,มึง,2.0,context_0.2,32000
C:\Users\muldi\Documents\Playground\University\senior-project-1\dataset\internet\clear\Yo mama & แซนวิชบลูเบอร์รี่.wav,33.818552,35.818552,มึง,2.0,context_0.4,32000
C:\Users\muldi\Documents\Playground\University\senior-project-1\dataset\internet\clear\Yo mama & แซนวิชบลูเบอร์รี่.wav,34.018552,36.018552,มึง,2.0,context_0.6,32000
C:\Users\muldi\Documents\Playground\University\senior-project-1\dataset\internet\clear\Yo mama & แซนวิชบลูเบอร์รี่.wav,34.218551999999995,36.218551999999995,มึง,2.0,context_0.8,32000
C:\Users\muldi\Documents\Playground\University\senior-project-1\dataset\internet\clear\Yo mama & แซนวิชบลูเบอร์รี่.wav,39.7462,41.7462,มึง,2.0,context_0.2,32000
C:\Users\muldi\Documents\Playground\University\senior-project-1\dataset\internet\clear\Yo mama & แซนวิชบลูเบอร์รี่.wav,39.9462,41.9462,มึง,2.0,context_0.4,32000
C:\Users\muldi\Documents\Playground\University\senior-project-1\dataset\internet\clear\Yo mama & แซนวิชบลูเบอร์รี่.wav,40.1462,42.1462,มึง,2.0,context_0.6,32000
C:\Users\muldi\Documents\Playground\University\senior-project-1\dataset\internet\clear\Yo mama & แซนวิชบลูเบอร์รี่.wav,40.346199999999996,42.346199999999996,มึง,2.0,context_0.8,32000
C:\Users\muldi\Documents\Playground\University\senior-project-1\dataset\internet\clear\Yo mama & แซนวิชบลูเบอร์รี่.wav,43.869968,45.869968,มึง,2.0,context_0.2,32000
C:\Users\muldi\Documents\Playground\University\senior-project-1\dataset\internet\clear\Yo mama & แซนวิชบลูเบอร์รี่.wav,44.069967999999996,46.069967999999996,มึง,2.0,context_0.4,32000
C:\Users\muldi\Documents\Playground\University\senior-project-1\dataset\internet\clear\Yo mama & แซนวิชบลูเบอร์รี่.wav,44.269968,46.269968,มึง,2.0,context_0.6,32000
C:\Users\muldi\Documents\Playground\University\senior-project-1\dataset\internet\clear\Yo mama & แซนวิชบลูเบอร์รี่.wav,44.469967999999994,46.469967999999994,มึง,2.0,context_0.8,32000
C:\Users\muldi\Documents\Playground\University\senior-project-1\dataset\internet\clear\Yo mama & แซนวิชบลูเบอร์รี่.wav,57.151197,59.151197,มึง,2.0,context_0.2,32000
C:\Users\muldi\Documents\Playground\University\senior-project-1\dataset\internet\clear\Yo mama & แซนวิชบลูเบอร์รี่.wav,57.351197,59.351197,มึง,2.0,context_0.4,32000
C:\Users\muldi\Documents\Playground\University\senior-project-1\dataset\internet\clear\Yo mama & แซนวิชบลูเบอร์รี่.wav,57.551197,59.551197,มึง,2.0,context_0.6,32000
C:\Users\muldi\Documents\Playground\University\senior-project-1\dataset\internet\clear\Yo mama & แซนวิชบลูเบอร์รี่.wav,57.751197,59.751197,มึง,2.0,context_0.8,32000
C:\Users\muldi\Documents\Playground\University\senior-project-1\dataset\internet\clear\Yo mama & แซนวิชบลูเบอร์รี่.wav,59.209619,61.209619,มึง,2.0,context_0.2,32000
C:\Users\muldi\Documents\Playground\University\senior-project-1\dataset\internet\clear\Yo mama & แซนวิชบลูเบอร์รี่.wav,59.409619,61.409619,มึง,2.0,context_0.4,32000
C:\Users\muldi\Documents\Playground\University\senior-project-1\dataset\internet\clear\Yo mama & แซนวิชบลูเบอร์รี่.wav,59.609619,61.609619,มึง,2.0,context_0.6,32000
C:\Users\muldi\Documents\Playground\University\senior-project-1\dataset\internet\clear\Yo mama & แซนวิชบลูเบอร์รี่.wav,59.809619,61.809619,มึง,2.0,context_0.8,32000
C:\Users\muldi\Documents\Playground\University\senior-project-1\dataset\internet\clear\Yo mama & แซนวิชบลูเบอร์รี่.wav,61.045558,63.045558,มึง,2.0,context_0.2,32000
C:\Users\muldi\Documents\Playground\University\senior-project-1\dataset\internet\clear\Yo mama & แซนวิชบลูเบอร์รี่.wav,61.245557999999996,63.245557999999996,มึง,2.0,context_0.4,32000
C:\Users\muldi\Documents\Playground\University\senior-project-1\dataset\internet\clear\Yo mama & แซนวิชบลูเบอร์รี่.wav,61.445558,63.445558,มึง,2.0,context_0.6,32000
C:\Users\muldi\Documents\Playground\University\senior-project-1\dataset\internet\clear\Yo mama & แซนวิชบลูเบอร์รี่.wav,61.645557999999994,63.645557999999994,มึง,2.0,context_0.8,32000
C:\Users\muldi\Documents\Playground\University\senior-project-1\dataset\internet\clear\Yo mama & แซนวิชบลูเบอร์รี่.wav,78.768686,80.768686,มึง,2.0,context_0.2,32000
C:\Users\muldi\Documents\Playground\University\senior-project-1\dataset\internet\clear\Yo mama & แซนวิชบลูเบอร์รี่.wav,78.968686,80.968686,มึง,2.0,context_0.4,32000
C:\Users\muldi\Documents\Playground\University\senior-project-1\dataset\internet\clear\Yo mama & แซนวิชบลูเบอร์รี่.wav,79.168686,81.168686,มึง,2.0,context_0.6,32000
C:\Users\muldi\Documents\Playground\University\senior-project-1\dataset\internet\clear\Yo mama & แซนวิชบลูเบอร์รี่.wav,79.368686,81.368686,มึง,2.0,context_0.8,32000
C:\Users\muldi\Documents\Playground\University\senior-project-1\dataset\internet\clear\Yo mama & แซนวิชบลูเบอร์รี่.wav,82.91558500000001,84.91558500000001,มึง,2.0,context_0.2,32000
C:\Users\muldi\Documents\Playground\University\senior-project-1\dataset\internet\clear\Yo mama & แซนวิชบลูเบอร์รี่.wav,83.11558500000001,85.11558500000001,มึง,2.0,context_0.4,32000
C:\Users\muldi\Documents\Playground\University\senior-project-1\dataset\internet\clear\Yo mama & แซนวิชบลูเบอร์รี่.wav,83.315585,85.315585,มึง,2.0,context_0.6,32000
C:\Users\muldi\Documents\Playground\University\senior-project-1\dataset\internet\clear\Yo mama & แซนวิชบลูเบอร์รี่.wav,83.515585,85.515585,มึง,2.0,context_0.8,32000
C:\Users\muldi\Documents\Playground\University\senior-project-1\dataset\internet\clear\Yo mama & แซนวิชบลูเบอร์รี่.wav,86.715124,88.715124,มึง,2.0,context_0.2,32000
C:\Users\muldi\Documents\Playground\University\senior-project-1\dataset\internet\clear\Yo mama & แซนวิชบลูเบอร์รี่.wav,86.915124,88.915124,มึง,2.0,context_0.4,32000
C:\Users\muldi\Documents\Playground\University\senior-project-1\dataset\internet\clear\Yo mama & แซนวิชบลูเบอร์รี่.wav,87.115124,89.115124,มึง,2.0,context_0.6,32000
C:\Users\muldi\Documents\Playground\University\senior-project-1\dataset\internet\clear\Yo mama & แซนวิชบลูเบอร์รี่.wav,87.315124,89.315124,มึง,2.0,context_0.8,32000
C:\Users\muldi\Documents\Playground\University\senior-project-1\dataset\internet\clear\Yo mama & แซนวิชบลูเบอร์รี่.wav,91.278296,93.278296,มึง,2.0,context_0.2,32000
C:\Users\muldi\Documents\Playground\University\senior-project-1\dataset\internet\clear\Yo mama & แซนวิชบลูเบอร์รี่.wav,91.478296,93.478296,มึง,2.0,context_0.4,32000
C:\Users\muldi\Documents\Playground\University\senior-project-1\dataset\internet\clear\Yo mama & แซนวิชบลูเบอร์รี่.wav,91.67829599999999,93.67829599999999,มึง,2.0,context_0.6,32000
C:\Users\muldi\Documents\Playground\University\senior-project-1\dataset\internet\clear\Yo mama & แซนวิชบลูเบอร์รี่.wav,91.87829599999999,93.87829599999999,มึง,2.0,context_0.8,32000
C:\Users\muldi\Documents\Playground\University\senior-project-1\dataset\internet\clear\Yo mama & แซนวิชบลูเบอร์รี่.wav,95.90138400000001,97.90138400000001,มึง,2.0,context_0.2,32000
C:\Users\muldi\Documents\Playground\University\senior-project-1\dataset\internet\clear\Yo mama & แซนวิชบลูเบอร์รี่.wav,96.10138400000001,98.10138400000001,มึง,2.0,context_0.4,32000
C:\Users\muldi\Documents\Playground\University\senior-project-1\dataset\internet\clear\Yo mama & แซนวิชบลูเบอร์รี่.wav,96.301384,98.301384,มึง,2.0,context_0.6,32000
C:\Users\muldi\Documents\Playground\University\senior-project-1\dataset\internet\clear\Yo mama & แซนวิชบลูเบอร์รี่.wav,96.501384,98.501384,มึง,2.0,context_0.8,32000
C:\Users\muldi\Documents\Playground\University\senior-project-1\dataset\internet\clear\Yo mama & แซนวิชบลูเบอร์รี่.wav,97.755061,99.755061,มึง,2.0,context_0.2,32000
C:\Users\muldi\Documents\Playground\University\senior-project-1\dataset\internet\clear\Yo mama & แซนวิชบลูเบอร์รี่.wav,97.955061,99.955061,มึง,2.0,context_0.4,32000
C:\Users\muldi\Documents\Playground\University\senior-project-1\dataset\internet\clear\Yo mama & แซนวิชบลูเบอร์รี่.wav,98.15506099999999,100.15506099999999,มึง,2.0,context_0.6,32000
C:\Users\muldi\Documents\Playground\University\senior-project-1\dataset\internet\clear\Yo mama & แซนวิชบลูเบอร์รี่.wav,98.35506099999999,100.35506099999999,มึง,2.0,context_0.8,32000
C:\Users\muldi\Documents\Playground\University\senior-project-1\dataset\internet\clear\Yo mama & แซนวิชบลูเบอร์รี่.wav,98.653283,100.653283,มึง,2.0,context_0.2,32000
C:\Users\muldi\Documents\Playground\University\senior-project-1\dataset\internet\clear\Yo mama & แซนวิชบลูเบอร์รี่.wav,98.853283,100.853283,มึง,2.0,context_0.4,32000
C:\Users\muldi\Documents\Playground\University\senior-project-1\dataset\internet\clear\Yo mama & แซนวิชบลูเบอร์รี่.wav,99.053283,101.053283,มึง,2.0,context_0.6,32000
C:\Users\muldi\Documents\Playground\University\senior-project-1\dataset\internet\clear\Yo mama & แซนวิชบลูเบอร์รี่.wav,99.253283,101.253283,มึง,2.0,context_0.8,32000
C:\Users\muldi\Documents\Playground\University\senior-project-1\dataset\internet\clear\Yo mama & แซนวิชบลูเบอร์รี่.wav,99.778463,101.778463,มึง,2.0,context_0.2,32000
C:\Users\muldi\Documents\Playground\University\senior-project-1\dataset\internet\clear\Yo mama & แซนวิชบลูเบอร์รี่.wav,99.978463,101.978463,มึง,2.0,context_0.4,32000
C:\Users\muldi\Documents\Playground\University\senior-project-1\dataset\internet\clear\Yo mama & แซนวิชบลูเบอร์รี่.wav,100.178463,102.178463,มึง,2.0,context_0.6,32000
C:\Users\muldi\Documents\Playground\University\senior-project-1\dataset\internet\clear\Yo mama & แซนวิชบลูเบอร์รี่.wav,100.378463,102.378463,มึง,2.0,context_0.8,32000
C:\Users\muldi\Documents\Playground\University\senior-project-1\dataset\internet\clear\Yo mama & แซนวิชบลูเบอร์รี่.wav,102.036575,104.036575,มึง,2.0,context_0.2,32000
C:\Users\muldi\Documents\Playground\University\senior-project-1\dataset\internet\clear\Yo mama & แซนวิชบลูเบอร์รี่.wav,102.236575,104.236575,มึง,2.0,context_0.4,32000
C:\Users\muldi\Documents\Playground\University\senior-project-1\dataset\internet\clear\Yo mama & แซนวิชบลูเบอร์รี่.wav,102.43657499999999,104.43657499999999,มึง,2.0,context_0.6,32000
C:\Users\muldi\Documents\Playground\University\senior-project-1\dataset\internet\clear\Yo mama & แซนวิชบลูเบอร์รี่.wav,102.636575,104.636575,มึง,2.0,context_0.8,32000
C:\Users\muldi\Documents\Playground\University\senior-project-1\dataset\internet\clear\Yo mama & แซนวิชบลูเบอร์รี่.wav,103.105744,105.105744,มึง,2.0,context_0.2,32000
C:\Users\muldi\Documents\Playground\University\senior-project-1\dataset\internet\clear\Yo mama & แซนวิชบลูเบอร์รี่.wav,103.305744,105.305744,มึง,2.0,context_0.4,32000
C:\Users\muldi\Documents\Playground\University\senior-project-1\dataset\internet\clear\Yo mama & แซนวิชบลูเบอร์รี่.wav,103.50574399999999,105.50574399999999,มึง,2.0,context_0.6,32000
C:\Users\muldi\Documents\Playground\University\senior-project-1\dataset\internet\clear\Yo mama & แซนวิชบลูเบอร์รี่.wav,103.705744,105.705744,มึง,2.0,context_0.8,32000
C:\Users\muldi\Documents\Playground\University\senior-project-1\dataset\internet\clear\Yo mama & แซนวิชบลูเบอร์รี่.wav,106.684321,108.684321,มึง,2.0,context_0.2,32000
C:\Users\muldi\Documents\Playground\University\senior-project-1\dataset\internet\clear\Yo mama & แซนวิชบลูเบอร์รี่.wav,106.884321,108.884321,มึง,2.0,context_0.4,32000
C:\Users\muldi\Documents\Playground\University\senior-project-1\dataset\internet\clear\Yo mama & แซนวิชบลูเบอร์รี่.wav,107.08432099999999,109.08432099999999,มึง,2.0,context_0.6,32000
C:\Users\muldi\Documents\Playground\University\senior-project-1\dataset\internet\clear\Yo mama & แซนวิชบลูเบอร์รี่.wav,107.28432099999999,109.28432099999999,มึง,2.0,context_0.8,32000
C:\Users\muldi\Documents\Playground\University\senior-project-1\dataset\internet\clear\Yo mama & แซนวิชบลูเบอร์รี่.wav,0.0,2.0,none,2.0,none_sample,32000
C:\Users\muldi\Documents\Playground\University\senior-project-1\dataset\internet\clear\Yo mama & แซนวิชบลูเบอร์รี่.wav,2.0,4.0,none,2.0,none_sample,32000
C:\Users\muldi\Documents\Playground\University\senior-project-1\dataset\internet\clear\Yo mama & แซนวิชบลูเบอร์รี่.wav,4.0,6.0,none,2.0,none_sample,32000
C:\Users\muldi\Documents\Playground\University\senior-project-1\dataset\internet\clear\Yo mama & แซนวิชบลูเบอร์รี่.wav,6.0,8.0,none,2.0,none_sample,32000
C:\Users\muldi\Documents\Playground\University\senior-project-1\dataset\internet\clear\Yo mama & แซนวิชบลูเบอร์รี่.wav,8.0,10.0,none,2.0,none_sample,32000
C:\Users\muldi\Documents\Playground\University\senior-project-1\dataset\internet\clear\Yo mama & แซนวิชบลูเบอร์รี่.wav,10.0,12.0,none,2.0,none_sample,32000
C:\Users\muldi\Documents\Playground\University\senior-project-1\dataset\internet\clear\Yo mama & แซนวิชบลูเบอร์รี่.wav,12.0,14.0,none,2.0,none_sample,32000
C:\Users\muldi\Documents\Playground\University\senior-project-1\dataset\internet\clear\Yo mama & แซนวิชบลูเบอร์รี่.wav,14.0,16.0,none,2.0,none_sample,32000
C:\Users\muldi\Documents\Playground\University\senior-project-1\dataset\internet\clear\Yo mama & แซนวิชบลูเบอร์รี่.wav,16.0,18.0,none,2.0,none_sample,32000
C:\Users\muldi\Documents\Playground\University\senior-project-1\dataset\internet\clear\Yo mama & แซนวิชบลูเบอร์รี่.wav,19.199999999999996,21.199999999999996,none,2.0,none_sample,32000
C:\Users\muldi\Documents\Playground\University\senior-project-1\dataset\internet\clear\Yo mama & แซนวิชบลูเบอร์รี่.wav,30.399999999999963,32.39999999999996,none,2.0,none_sample,32000
C:\Users\muldi\Documents\Playground\University\senior-project-1\dataset\internet\clear\Yo mama & แซนวิชบลูเบอร์รี่.wav,32.39999999999996,34.39999999999996,none,2.0,none_sample,32000
C:\Users\muldi\Documents\Playground\University\senior-project-1\dataset\internet\clear\Yo mama & แซนวิชบลูเบอร์รี่.wav,34.599999999999966,36.599999999999966,none,2.0,none_sample,32000
C:\Users\muldi\Documents\Playground\University\senior-project-1\dataset\internet\clear\Yo mama & แซนวิชบลูเบอร์รี่.wav,36.599999999999966,38.599999999999966,none,2.0,none_sample,32000
C:\Users\muldi\Documents\Playground\University\senior-project-1\dataset\internet\clear\Yo mama & แซนวิชบลูเบอร์รี่.wav,40.8,42.8,none,2.0,none_sample,32000
C:\Users\muldi\Documents\Playground\University\senior-project-1\dataset\internet\clear\Yo mama & แซนวิชบลูเบอร์รี่.wav,45.00000000000003,47.00000000000003,none,2.0,none_sample,32000
C:\Users\muldi\Documents\Playground\University\senior-project-1\dataset\internet\clear\Yo mama & แซนวิชบลูเบอร์รี่.wav,47.00000000000003,49.00000000000003,none,2.0,none_sample,32000
C:\Users\muldi\Documents\Playground\University\senior-project-1\dataset\internet\clear\Yo mama & แซนวิชบลูเบอร์รี่.wav,49.00000000000003,51.00000000000003,none,2.0,none_sample,32000
C:\Users\muldi\Documents\Playground\University\senior-project-1\dataset\internet\clear\Yo mama & แซนวิชบลูเบอร์รี่.wav,51.00000000000003,53.00000000000003,none,2.0,none_sample,32000
C:\Users\muldi\Documents\Playground\University\senior-project-1\dataset\internet\clear\Yo mama & แซนวิชบลูเบอร์รี่.wav,53.00000000000003,55.00000000000003,none,2.0,none_sample,32000
C:\Users\muldi\Documents\Playground\University\senior-project-1\dataset\internet\clear\Yo mama & แซนวิชบลูเบอร์รี่.wav,55.00000000000003,57.00000000000003,none,2.0,none_sample,32000
C:\Users\muldi\Documents\Playground\University\senior-project-1\dataset\internet\clear\Yo mama & แซนวิชบลูเบอร์รี่.wav,62.0000000000001,64.0000000000001,none,2.0,none_sample,32000
C:\Users\muldi\Documents\Playground\University\senior-project-1\dataset\internet\clear\Yo mama & แซนวิชบลูเบอร์รี่.wav,64.0000000000001,66.0000000000001,none,2.0,none_sample,32000
C:\Users\muldi\Documents\Playground\University\senior-project-1\dataset\internet\clear\Yo mama & แซนวิชบลูเบอร์รี่.wav,66.0000000000001,68.0000000000001,none,2.0,none_sample,32000
C:\Users\muldi\Documents\Playground\University\senior-project-1\dataset\internet\clear\Yo mama & แซนวิชบลูเบอร์รี่.wav,68.0000000000001,70.0000000000001,none,2.0,none_sample,32000
C:\Users\muldi\Documents\Playground\University\senior-project-1\dataset\internet\clear\Yo mama & แซนวิชบลูเบอร์รี่.wav,70.0000000000001,72.0000000000001,none,2.0,none_sample,32000
C:\Users\muldi\Documents\Playground\University\senior-project-1\dataset\internet\clear\Yo mama & แซนวิชบลูเบอร์รี่.wav,72.0000000000001,74.0000000000001,none,2.0,none_sample,32000
C:\Users\muldi\Documents\Playground\University\senior-project-1\dataset\internet\clear\Yo mama & แซนวิชบลูเบอร์รี่.wav,74.0000000000001,76.0000000000001,none,2.0,none_sample,32000
C:\Users\muldi\Documents\Playground\University\senior-project-1\dataset\internet\clear\Yo mama & แซนวิชบลูเบอร์รี่.wav,76.0000000000001,78.0000000000001,none,2.0,none_sample,32000
C:\Users\muldi\Documents\Playground\University\senior-project-1\dataset\internet\clear\Yo mama & แซนวิชบลูเบอร์รี่.wav,79.80000000000013,81.80000000000013,none,2.0,none_sample,32000
C:\Users\muldi\Documents\Playground\University\senior-project-1\dataset\internet\clear\คนน่ากลัวกว่าผีบอกเลย!.wav,44.358615,46.358615,กู,2.0,context_0.2,32000
C:\Users\muldi\Documents\Playground\University\senior-project-1\dataset\internet\clear\คนน่ากลัวกว่าผีบอกเลย!.wav,44.558614999999996,46.558614999999996,กู,2.0,context_0.4,32000
C:\Users\muldi\Documents\Playground\University\senior-project-1\dataset\internet\clear\คนน่ากลัวกว่าผีบอกเลย!.wav,44.758615,46.758615,กู,2.0,context_0.6,32000
C:\Users\muldi\Documents\Playground\University\senior-project-1\dataset\internet\clear\คนน่ากลัวกว่าผีบอกเลย!.wav,44.958614999999995,46.958614999999995,กู,2.0,context_0.8,32000
C:\Users\muldi\Documents\Playground\University\senior-project-1\dataset\internet\clear\คนน่ากลัวกว่าผีบอกเลย!.wav,47.171366000000006,49.171366000000006,กู,2.0,context_0.2,32000
C:\Users\muldi\Documents\Playground\University\senior-project-1\dataset\internet\clear\คนน่ากลัวกว่าผีบอกเลย!.wav,47.371366,49.371366,กู,2.0,context_0.4,32000
C:\Users\muldi\Documents\Playground\University\senior-project-1\dataset\internet\clear\คนน่ากลัวกว่าผีบอกเลย!.wav,47.571366000000005,49.571366000000005,กู,2.0,context_0.6,32000
C:\Users\muldi\Documents\Playground\University\senior-project-1\dataset\internet\clear\คนน่ากลัวกว่าผีบอกเลย!.wav,47.771366,49.771366,กู,2.0,context_0.8,32000
C:\Users\muldi\Documents\Playground\University\senior-project-1\dataset\internet\clear\คนน่ากลัวกว่าผีบอกเลย!.wav,0.0,2.0,none,2.0,none_sample,32000
C:\Users\muldi\Documents\Playground\University\senior-project-1\dataset\internet\clear\คนน่ากลัวกว่าผีบอกเลย!.wav,2.0,4.0,none,2.0,none_sample,32000
C:\Users\muldi\Documents\Playground\University\senior-project-1\dataset\internet\clear\จารย์แดง1.wav,0.0,2.0,กู,2.0,context_0.2,32000
C:\Users\muldi\Documents\Playground\University\senior-project-1\dataset\internet\clear\จารย์แดง1.wav,0.0,2.0,กู,2.0,context_0.4,32000
C:\Users\muldi\Documents\Playground\University\senior-project-1\dataset\internet\clear\จารย์แดง1.wav,0.0,2.0,กู,2.0,context_0.6,32000
C:\Users\muldi\Documents\Playground\University\senior-project-1\dataset\internet\clear\จารย์แดง1.wav,0.0,2.0,กู,2.0,context_0.8,32000
C:\Users\muldi\Documents\Playground\University\senior-project-1\dataset\internet\clear\จารย์แดง1.wav,2.6725440000000003,4.672544,เหี้ย,2.0,context_0.2,32000
C:\Users\muldi\Documents\Playground\University\senior-project-1\dataset\internet\clear\จารย์แดง1.wav,2.872544,4.8725439999999995,เหี้ย,2.0,context_0.4,32000
C:\Users\muldi\Documents\Playground\University\senior-project-1\dataset\internet\clear\จารย์แดง1.wav,3.072544,5.072544000000001,เหี้ย,2.0,context_0.6,32000
C:\Users\muldi\Documents\Playground\University\senior-project-1\dataset\internet\clear\จารย์แดง1.wav,3.272544,5.272544,เหี้ย,2.0,context_0.8,32000
C:\Users\muldi\Documents\Playground\University\senior-project-1\dataset\internet\clear\จารย์แดง1.wav,3.8615209999999998,5.861521,มึง,2.0,context_0.2,32000
C:\Users\muldi\Documents\Playground\University\senior-project-1\dataset\internet\clear\จารย์แดง1.wav,4.061521,6.061521,มึง,2.0,context_0.4,32000
C:\Users\muldi\Documents\Playground\University\senior-project-1\dataset\internet\clear\จารย์แดง1.wav,4.261520999999999,6.261520999999999,มึง,2.0,context_0.6,32000
C:\Users\muldi\Documents\Playground\University\senior-project-1\dataset\internet\clear\จารย์แดง1.wav,4.461520999999999,6.461520999999999,มึง,2.0,context_0.8,32000
C:\Users\muldi\Documents\Playground\University\senior-project-1\dataset\internet\clear\จารย์แดง1.wav,5.732306,7.732306,มึง,2.0,context_0.2,32000
C:\Users\muldi\Documents\Playground\University\senior-project-1\dataset\internet\clear\จารย์แดง1.wav,5.9323060000000005,7.9323060000000005,มึง,2.0,context_0.4,32000
C:\Users\muldi\Documents\Playground\University\senior-project-1\dataset\internet\clear\จารย์แดง1.wav,6.132306,8.132306,มึง,2.0,context_0.6,32000
C:\Users\muldi\Documents\Playground\University\senior-project-1\dataset\internet\clear\จารย์แดง1.wav,6.332306,8.332305999999999,มึง,2.0,context_0.8,32000
C:\Users\muldi\Documents\Playground\University\senior-project-1\dataset\internet\clear\จารย์แดง1.wav,6.60837,8.60837,เหี้ย,2.0,context_0.2,32000
C:\Users\muldi\Documents\Playground\University\senior-project-1\dataset\internet\clear\จารย์แดง1.wav,6.80837,8.80837,เหี้ย,2.0,context_0.4,32000
C:\Users\muldi\Documents\Playground\University\senior-project-1\dataset\internet\clear\จารย์แดง1.wav,7.008369999999999,9.00837,เหี้ย,2.0,context_0.6,32000
C:\Users\muldi\Documents\Playground\University\senior-project-1\dataset\internet\clear\จารย์แดง1.wav,7.2083699999999995,9.208369999999999,เหี้ย,2.0,context_0.8,32000
C:\Users\muldi\Documents\Playground\University\senior-project-1\dataset\internet\clear\จารย์แดง1.wav,6.897617,8.897617,มึง,2.0,context_0.2,32000
C:\Users\muldi\Documents\Playground\University\senior-project-1\dataset\internet\clear\จารย์แดง1.wav,7.0976170000000005,9.097617,มึง,2.0,context_0.4,32000
C:\Users\muldi\Documents\Playground\University\senior-project-1\dataset\internet\clear\จารย์แดง1.wav,7.297617,9.297616999999999,มึง,2.0,context_0.6,32000
C:\Users\muldi\Documents\Playground\University\senior-project-1\dataset\internet\clear\จารย์แดง1.wav,7.497617,9.497617,มึง,2.0,context_0.8,32000
C:\Users\muldi\Documents\Playground\University\senior-project-1\dataset\internet\clear\จารย์แดง1.wav,7.725175000000001,9.725175,เหี้ย,2.0,context_0.2,32000
C:\Users\muldi\Documents\Playground\University\senior-project-1\dataset\internet\clear\จารย์แดง1.wav,7.925175000000001,9.925175000000001,เหี้ย,2.0,context_0.4,32000
C:\Users\muldi\Documents\Playground\University\senior-project-1\dataset\internet\clear\จารย์แดง1.wav,8.125175,10.125175,เหี้ย,2.0,context_0.6,32000
C:\Users\muldi\Documents\Playground\University\senior-project-1\dataset\internet\clear\จารย์แดง1.wav,8.325175000000002,10.325175000000002,เหี้ย,2.0,context_0.8,32000
C:\Users\muldi\Documents\Playground\University\senior-project-1\dataset\internet\clear\จารย์แดง1.wav,8.345258999999999,10.345258999999999,มึง,2.0,context_0.2,32000
C:\Users\muldi\Documents\Playground\University\senior-project-1\dataset\internet\clear\จารย์แดง1.wav,8.545259,10.545259,มึง,2.0,context_0.4,32000
C:\Users\muldi\Documents\Playground\University\senior-project-1\dataset\internet\clear\จารย์แดง1.wav,8.745258999999999,10.745258999999999,มึง,2.0,context_0.6,32000
C:\Users\muldi\Documents\Playground\University\senior-project-1\dataset\internet\clear\จารย์แดง1.wav,8.945259,10.945259,มึง,2.0,context_0.8,32000
C:\Users\muldi\Documents\Playground\University\senior-project-1\dataset\internet\clear\จารย์แดง1.wav,0.2,2.2,none,2.0,none_sample,32000
C:\Users\muldi\Documents\Playground\University\senior-project-1\dataset\internet\clear\จารย์แดง1.wav,9.4,11.4,none,2.0,none_sample,32000
C:\Users\muldi\Documents\Playground\University\senior-project-1\dataset\internet\clear\ชีวิตมันจะสู้ก็ต้องสู้ #honkaistarrail.wav,2.7148320000000004,4.714832,มึง,2.0,context_0.2,32000
C:\Users\muldi\Documents\Playground\University\senior-project-1\dataset\internet\clear\ชีวิตมันจะสู้ก็ต้องสู้ #honkaistarrail.wav,2.914832,4.9148320000000005,มึง,2.0,context_0.4,32000
C:\Users\muldi\Documents\Playground\University\senior-project-1\dataset\internet\clear\ชีวิตมันจะสู้ก็ต้องสู้ #honkaistarrail.wav,3.1148320000000003,5.114832,มึง,2.0,context_0.6,32000
C:\Users\muldi\Documents\Playground\University\senior-project-1\dataset\internet\clear\ชีวิตมันจะสู้ก็ต้องสู้ #honkaistarrail.wav,3.314832,5.314832,มึง,2.0,context_0.8,32000
C:\Users\muldi\Documents\Playground\University\senior-project-1\dataset\internet\clear\ชีวิตมันจะสู้ก็ต้องสู้ #honkaistarrail.wav,5.464837,7.464837,มึง,2.0,context_0.2,32000
C:\Users\muldi\Documents\Playground\University\senior-project-1\dataset\internet\clear\ชีวิตมันจะสู้ก็ต้องสู้ #honkaistarrail.wav,5.664837,7.664837,มึง,2.0,context_0.4,32000
C:\Users\muldi\Documents\Playground\University\senior-project-1\dataset\internet\clear\ชีวิตมันจะสู้ก็ต้องสู้ #honkaistarrail.wav,5.864837,7.864837,มึง,2.0,context_0.6,32000
C:\Users\muldi\Documents\Playground\University\senior-project-1\dataset\internet\clear\ชีวิตมันจะสู้ก็ต้องสู้ #honkaistarrail.wav,6.064837,8.064837,มึง,2.0,context_0.8,32000
C:\Users\muldi\Documents\Playground\University\senior-project-1\dataset\internet\clear\ชีวิตมันจะสู้ก็ต้องสู้ #honkaistarrail.wav,10.454795,12.454795,มึง,2.0,main,32000
C:\Users\muldi\Documents\Playground\University\senior-project-1\dataset\internet\clear\ชีวิตมันจะสู้ก็ต้องสู้ #honkaistarrail.wav,16.412415,18.412415,เหี้ย,2.0,context_0.2,32000
C:\Users\muldi\Documents\Playground\University\senior-project-1\dataset\internet\clear\ชีวิตมันจะสู้ก็ต้องสู้ #honkaistarrail.wav,16.612415,18.612415,เหี้ย,2.0,context_0.4,32000
C:\Users\muldi\Documents\Playground\University\senior-project-1\dataset\internet\clear\ชีวิตมันจะสู้ก็ต้องสู้ #honkaistarrail.wav,16.812415,18.812415,เหี้ย,2.0,context_0.6,32000
C:\Users\muldi\Documents\Playground\University\senior-project-1\dataset\internet\clear\ชีวิตมันจะสู้ก็ต้องสู้ #honkaistarrail.wav,17.012415,19.012415,เหี้ย,2.0,context_0.8,32000
C:\Users\muldi\Documents\Playground\University\senior-project-1\dataset\internet\clear\ชีวิตมันจะสู้ก็ต้องสู้ #honkaistarrail.wav,23.587903,25.587903,มึง,2.0,context_0.2,32000
C:\Users\muldi\Documents\Playground\University\senior-project-1\dataset\internet\clear\ชีวิตมันจะสู้ก็ต้องสู้ #honkaistarrail.wav,23.787903,25.787903,มึง,2.0,context_0.4,32000
C:\Users\muldi\Documents\Playground\University\senior-project-1\dataset\internet\clear\ชีวิตมันจะสู้ก็ต้องสู้ #honkaistarrail.wav,23.987903000000003,25.987903000000003,มึง,2.0,context_0.6,32000
C:\Users\muldi\Documents\Playground\University\senior-project-1\dataset\internet\clear\ชีวิตมันจะสู้ก็ต้องสู้ #honkaistarrail.wav,24.187903000000002,26.187903000000002,มึง,2.0,context_0.8,32000
C:\Users\muldi\Documents\Playground\University\senior-project-1\dataset\internet\clear\ชีวิตมันจะสู้ก็ต้องสู้ #honkaistarrail.wav,0.0,2.0,none,2.0,none_sample,32000
C:\Users\muldi\Documents\Playground\University\senior-project-1\dataset\internet\clear\ชีวิตมันจะสู้ก็ต้องสู้ #honkaistarrail.wav,3.8000000000000016,5.800000000000002,none,2.0,none_sample,32000
C:\Users\muldi\Documents\Playground\University\senior-project-1\dataset\internet\clear\ชีวิตมันจะสู้ก็ต้องสู้ #honkaistarrail.wav,6.600000000000002,8.600000000000001,none,2.0,none_sample,32000
C:\Users\muldi\Documents\Playground\University\senior-project-1\dataset\internet\clear\ชีวิตมันจะสู้ก็ต้องสู้ #honkaistarrail.wav,8.600000000000001,10.600000000000001,none,2.0,none_sample,32000
C:\Users\muldi\Documents\Playground\University\senior-project-1\dataset\internet\clear\ชีวิตมันจะสู้ก็ต้องสู้ #honkaistarrail.wav,11.799999999999997,13.799999999999997,none,2.0,none_sample,32000
C:\Users\muldi\Documents\Playground\University\senior-project-1\dataset\internet\clear\ช่วยด้วย!! นวยจะมาอยู่ด้วย!!.wav,11.996936999999999,13.996936999999999,กู,2.0,context_0.2,32000
C:\Users\muldi\Documents\Playground\University\senior-project-1\dataset\internet\clear\ช่วยด้วย!! นวยจะมาอยู่ด้วย!!.wav,12.196937,14.196937,กู,2.0,context_0.4,32000
C:\Users\muldi\Documents\Playground\University\senior-project-1\dataset\internet\clear\ช่วยด้วย!! นวยจะมาอยู่ด้วย!!.wav,12.396937,14.396937,กู,2.0,context_0.6,32000
C:\Users\muldi\Documents\Playground\University\senior-project-1\dataset\internet\clear\ช่วยด้วย!! นวยจะมาอยู่ด้วย!!.wav,12.596937,14.596937,กู,2.0,context_0.8,32000
C:\Users\muldi\Documents\Playground\University\senior-project-1\dataset\internet\clear\ช่วยด้วย!! นวยจะมาอยู่ด้วย!!.wav,12.876268,14.876268,มึง,2.0,context_0.2,32000
C:\Users\muldi\Documents\Playground\University\senior-project-1\dataset\internet\clear\ช่วยด้วย!! นวยจะมาอยู่ด้วย!!.wav,13.076268,15.076268,มึง,2.0,context_0.4,32000
C:\Users\muldi\Documents\Playground\University\senior-project-1\dataset\internet\clear\ช่วยด้วย!! นวยจะมาอยู่ด้วย!!.wav,13.276268,15.276268,มึง,2.0,context_0.6,32000
C:\Users\muldi\Documents\Playground\University\senior-project-1\dataset\internet\clear\ช่วยด้วย!! นวยจะมาอยู่ด้วย!!.wav,13.476268000000001,15.476268000000001,มึง,2.0,context_0.8,32000
C:\Users\muldi\Documents\Playground\University\senior-project-1\dataset\internet\clear\ช่วยด้วย!! นวยจะมาอยู่ด้วย!!.wav,32.764691000000006,34.764691000000006,กู,2.0,context_0.2,32000
C:\Users\muldi\Documents\Playground\University\senior-project-1\dataset\internet\clear\ช่วยด้วย!! นวยจะมาอยู่ด้วย!!.wav,32.964691,34.964691,กู,2.0,context_0.4,32000
C:\Users\muldi\Documents\Playground\University\senior-project-1\dataset\internet\clear\ช่วยด้วย!! นวยจะมาอยู่ด้วย!!.wav,33.164691000000005,35.164691000000005,กู,2.0,context_0.6,32000
C:\Users\muldi\Documents\Playground\University\senior-project-1\dataset\internet\clear\ช่วยด้วย!! นวยจะมาอยู่ด้วย!!.wav,33.364691,35.364691,กู,2.0,context_0.8,32000
C:\Users\muldi\Documents\Playground\University\senior-project-1\dataset\internet\clear\ช่วยด้วย!! นวยจะมาอยู่ด้วย!!.wav,0.0,2.0,none,2.0,none_sample,32000
C:\Users\muldi\Documents\Playground\University\senior-project-1\dataset\internet\clear\ช่วยด้วย!! นวยจะมาอยู่ด้วย!!.wav,2.0,4.0,none,2.0,none_sample,32000
C:\Users\muldi\Documents\Playground\University\senior-project-1\dataset\internet\clear\ช่วยด้วย!! นวยจะมาอยู่ด้วย!!.wav,4.0,6.0,none,2.0,none_sample,32000
C:\Users\muldi\Documents\Playground\University\senior-project-1\dataset\internet\clear\ช่วยด้วย!! นวยจะมาอยู่ด้วย!!.wav,6.0,8.0,none,2.0,none_sample,32000
C:\Users\muldi\Documents\Playground\University\senior-project-1\dataset\internet\clear\ซามามาเท.wav,6.8021020000000005,8.802102000000001,กู,2.0,context_0.2,32000
C:\Users\muldi\Documents\Playground\University\senior-project-1\dataset\internet\clear\ซามามาเท.wav,7.002102000000001,9.002102,กู,2.0,context_0.4,32000
C:\Users\muldi\Documents\Playground\University\senior-project-1\dataset\internet\clear\ซามามาเท.wav,7.202102,9.202102,กู,2.0,context_0.6,32000
C:\Users\muldi\Documents\Playground\University\senior-project-1\dataset\internet\clear\ซามามาเท.wav,7.402102,9.402102,กู,2.0,context_0.8,32000
C:\Users\muldi\Documents\Playground\University\senior-project-1\dataset\internet\clear\ซามามาเท.wav,17.59396,19.59396,กู,2.0,context_0.2,32000
C:\Users\muldi\Documents\Playground\University\senior-project-1\dataset\internet\clear\ซามามาเท.wav,17.79396,19.79396,กู,2.0,context_0.4,32000
C:\Users\muldi\Documents\Playground\University\senior-project-1\dataset\internet\clear\ซามามาเท.wav,17.99396,19.99396,กู,2.0,context_0.6,32000
C:\Users\muldi\Documents\Playground\University\senior-project-1\dataset\internet\clear\ซามามาเท.wav,18.19396,20.19396,กู,2.0,context_0.8,32000
C:\Users\muldi\Documents\Playground\University\senior-project-1\dataset\internet\clear\ซามามาเท.wav,24.918049,26.918049,มึง,2.0,context_0.2,32000
C:\Users\muldi\Documents\Playground\University\senior-project-1\dataset\internet\clear\ซามามาเท.wav,25.118049,27.118049,มึง,2.0,context_0.4,32000
C:\Users\muldi\Documents\Playground\University\senior-project-1\dataset\internet\clear\ซามามาเท.wav,25.318049000000002,27.318049000000002,มึง,2.0,context_0.6,32000
C:\Users\muldi\Documents\Playground\University\senior-project-1\dataset\internet\clear\ซามามาเท.wav,25.518049,27.518049,มึง,2.0,context_0.8,32000
C:\Users\muldi\Documents\Playground\University\senior-project-1\dataset\internet\clear\ซามามาเท.wav,25.047625,27.047625,มึง,2.0,context_0.2,32000
C:\Users\muldi\Documents\Playground\University\senior-project-1\dataset\internet\clear\ซามามาเท.wav,25.247625,27.247625,มึง,2.0,context_0.4,32000
C:\Users\muldi\Documents\Playground\University\senior-project-1\dataset\internet\clear\ซามามาเท.wav,25.447625000000002,27.447625000000002,มึง,2.0,context_0.6,32000
C:\Users\muldi\Documents\Playground\University\senior-project-1\dataset\internet\clear\ซามามาเท.wav,25.647625,27.647625,มึง,2.0,context_0.8,32000
C:\Users\muldi\Documents\Playground\University\senior-project-1\dataset\internet\clear\ซามามาเท.wav,0.0,2.0,none,2.0,none_sample,32000
C:\Users\muldi\Documents\Playground\University\senior-project-1\dataset\internet\clear\ซามามาเท.wav,2.0,4.0,none,2.0,none_sample,32000
C:\Users\muldi\Documents\Playground\University\senior-project-1\dataset\internet\clear\ซามามาเท.wav,4.0,6.0,none,2.0,none_sample,32000
C:\Users\muldi\Documents\Playground\University\senior-project-1\dataset\internet\clear\ซามามาเท.wav,7.800000000000002,9.8,none,2.0,none_sample,32000
C:\Users\muldi\Documents\Playground\University\senior-project-1\dataset\internet\clear\ซามามาเท.wav,9.8,11.8,none,2.0,none_sample,32000
C:\Users\muldi\Documents\Playground\University\senior-project-1\dataset\internet\clear\ถ้าจะมาหลอกแค่นี้ อย่ามาดีกว่าไอ้น้อง.wav,14.336640999999998,16.336641,มึง,2.0,context_0.2,32000
C:\Users\muldi\Documents\Playground\University\senior-project-1\dataset\internet\clear\ถ้าจะมาหลอกแค่นี้ อย่ามาดีกว่าไอ้น้อง.wav,14.536641,16.536641,มึง,2.0,context_0.4,32000
C:\Users\muldi\Documents\Playground\University\senior-project-1\dataset\internet\clear\ถ้าจะมาหลอกแค่นี้ อย่ามาดีกว่าไอ้น้อง.wav,14.736640999999999,16.736641,มึง,2.0,context_0.6,32000
C:\Users\muldi\Documents\Playground\University\senior-project-1\dataset\internet\clear\ถ้าจะมาหลอกแค่นี้ อย่ามาดีกว่าไอ้น้อง.wav,14.936641,16.936641,มึง,2.0,context_0.8,32000
C:\Users\muldi\Documents\Playground\University\senior-project-1\dataset\internet\clear\ถ้าจะมาหลอกแค่นี้ อย่ามาดีกว่าไอ้น้อง.wav,15.077912999999999,17.077913,กู,2.0,context_0.2,32000
C:\Users\muldi\Documents\Playground\University\senior-project-1\dataset\internet\clear\ถ้าจะมาหลอกแค่นี้ อย่ามาดีกว่าไอ้น้อง.wav,15.277913,17.277912999999998,กู,2.0,context_0.4,32000
C:\Users\muldi\Documents\Playground\University\senior-project-1\dataset\internet\clear\ถ้าจะมาหลอกแค่นี้ อย่ามาดีกว่าไอ้น้อง.wav,15.477913,17.477913,กู,2.0,context_0.6,32000
C:\Users\muldi\Documents\Playground\University\senior-project-1\dataset\internet\clear\ถ้าจะมาหลอกแค่นี้ อย่ามาดีกว่าไอ้น้อง.wav,15.677913,17.677913,กู,2.0,context_0.8,32000
C:\Users\muldi\Documents\Playground\University\senior-project-1\dataset\internet\clear\ถ้าจะมาหลอกแค่นี้ อย่ามาดีกว่าไอ้น้อง.wav,18.582608,20.582608,กู,2.0,context_0.2,32000
C:\Users\muldi\Documents\Playground\University\senior-project-1\dataset\internet\clear\ถ้าจะมาหลอกแค่นี้ อย่ามาดีกว่าไอ้น้อง.wav,18.782608,20.782608,กู,2.0,context_0.4,32000
C:\Users\muldi\Documents\Playground\University\senior-project-1\dataset\internet\clear\ถ้าจะมาหลอกแค่นี้ อย่ามาดีกว่าไอ้น้อง.wav,18.982608000000003,20.982608000000003,กู,2.0,context_0.6,32000
C:\Users\muldi\Documents\Playground\University\senior-project-1\dataset\internet\clear\ถ้าจะมาหลอกแค่นี้ อย่ามาดีกว่าไอ้น้อง.wav,19.182608000000002,21.182608000000002,กู,2.0,context_0.8,32000
C:\Users\muldi\Documents\Playground\University\senior-project-1\dataset\internet\clear\ถ้าจะมาหลอกแค่นี้ อย่ามาดีกว่าไอ้น้อง.wav,41.792481,43.792481,กู,2.0,context_0.2,32000
C:\Users\muldi\Documents\Playground\University\senior-project-1\dataset\internet\clear\ถ้าจะมาหลอกแค่นี้ อย่ามาดีกว่าไอ้น้อง.wav,41.992481,43.992481,กู,2.0,context_0.4,32000
C:\Users\muldi\Documents\Playground\University\senior-project-1\dataset\internet\clear\ถ้าจะมาหลอกแค่นี้ อย่ามาดีกว่าไอ้น้อง.wav,42.192481,44.192481,กู,2.0,context_0.6,32000
C:\Users\muldi\Documents\Playground\University\senior-project-1\dataset\internet\clear\ถ้าจะมาหลอกแค่นี้ อย่ามาดีกว่าไอ้น้อง.wav,42.392481,44.392481,กู,2.0,context_0.8,32000
C:\Users\muldi\Documents\Playground\University\senior-project-1\dataset\internet\clear\ถ้าจะมาหลอกแค่นี้ อย่ามาดีกว่าไอ้น้อง.wav,0.0,2.0,none,2.0,none_sample,32000
C:\Users\muldi\Documents\Playground\University\senior-project-1\dataset\internet\clear\ถ้าจะมาหลอกแค่นี้ อย่ามาดีกว่าไอ้น้อง.wav,2.0,4.0,none,2.0,none_sample,32000
C:\Users\muldi\Documents\Playground\University\senior-project-1\dataset\internet\clear\ถ้าจะมาหลอกแค่นี้ อย่ามาดีกว่าไอ้น้อง.wav,4.0,6.0,none,2.0,none_sample,32000
C:\Users\muldi\Documents\Playground\University\senior-project-1\dataset\internet\clear\ถ้าจะมาหลอกแค่นี้ อย่ามาดีกว่าไอ้น้อง.wav,6.0,8.0,none,2.0,none_sample,32000
C:\Users\muldi\Documents\Playground\University\senior-project-1\dataset\internet\clear\ถ้าจะมาหลอกแค่นี้ อย่ามาดีกว่าไอ้น้อง.wav,8.0,10.0,none,2.0,none_sample,32000
C:\Users\muldi\Documents\Playground\University\senior-project-1\dataset\internet\clear\ถ้าวันนึงหีมึงเหี่ยว.wav,4.770895,6.770895,มึง,2.0,context_0.2,32000
C:\Users\muldi\Documents\Playground\University\senior-project-1\dataset\internet\clear\ถ้าวันนึงหีมึงเหี่ยว.wav,4.9708950000000005,6.9708950000000005,มึง,2.0,context_0.4,32000
C:\Users\muldi\Documents\Playground\University\senior-project-1\dataset\internet\clear\ถ้าวันนึงหีมึงเหี่ยว.wav,5.170895,7.170895,มึง,2.0,context_0.6,32000
C:\Users\muldi\Documents\Playground\University\senior-project-1\dataset\internet\clear\ถ้าวันนึงหีมึงเหี่ยว.wav,5.370895,7.370895,มึง,2.0,context_0.8,32000
C:\Users\muldi\Documents\Playground\University\senior-project-1\dataset\internet\clear\ถ้าวันนึงหีมึงเหี่ยว.wav,6.482757,8.482757,มึง,2.0,context_0.2,32000
C:\Users\muldi\Documents\Playground\University\senior-project-1\dataset\internet\clear\ถ้าวันนึงหีมึงเหี่ยว.wav,6.6827570000000005,8.682757,มึง,2.0,context_0.4,32000
C:\Users\muldi\Documents\Playground\University\senior-project-1\dataset\internet\clear\ถ้าวันนึงหีมึงเหี่ยว.wav,6.882757,8.882757,มึง,2.0,context_0.6,32000
C:\Users\muldi\Documents\Playground\University\senior-project-1\dataset\internet\clear\ถ้าวันนึงหีมึงเหี่ยว.wav,7.082757,9.082757,มึง,2.0,context_0.8,32000
C:\Users\muldi\Documents\Playground\University\senior-project-1\dataset\internet\clear\ถ้าวันนึงหีมึงเหี่ยว.wav,7.087292000000001,9.087292000000001,กู,2.0,context_0.2,32000
C:\Users\muldi\Documents\Playground\University\senior-project-1\dataset\internet\clear\ถ้าวันนึงหีมึงเหี่ยว.wav,7.287292000000001,9.287292,กู,2.0,context_0.4,32000
C:\Users\muldi\Documents\Playground\University\senior-project-1\dataset\internet\clear\ถ้าวันนึงหีมึงเหี่ยว.wav,7.487292,9.487292,กู,2.0,context_0.6,32000
C:\Users\muldi\Documents\Playground\University\senior-project-1\dataset\internet\clear\ถ้าวันนึงหีมึงเหี่ยว.wav,7.687292,9.687292,กู,2.0,context_0.8,32000
C:\Users\muldi\Documents\Playground\University\senior-project-1\dataset\internet\clear\ถ้าวันนึงหีมึงเหี่ยว.wav,7.395119,9.395119000000001,กู,2.0,context_0.2,32000
C:\Users\muldi\Documents\Playground\University\senior-project-1\dataset\internet\clear\ถ้าวันนึงหีมึงเหี่ยว.wav,7.595119,9.595119,กู,2.0,context_0.4,32000
C:\Users\muldi\Documents\Playground\University\senior-project-1\dataset\internet\clear\ถ้าวันนึงหีมึงเหี่ยว.wav,7.795119,9.795119,กู,2.0,context_0.6,32000
C:\Users\muldi\Documents\Playground\University\senior-project-1\dataset\internet\clear\ถ้าวันนึงหีมึงเหี่ยว.wav,7.995119,9.995118999999999,กู,2.0,context_0.8,32000
C:\Users\muldi\Documents\Playground\University\senior-project-1\dataset\internet\clear\ถ้าวันนึงหีมึงเหี่ยว.wav,10.712722,12.712722,มึง,2.0,context_0.2,32000
C:\Users\muldi\Documents\Playground\University\senior-project-1\dataset\internet\clear\ถ้าวันนึงหีมึงเหี่ยว.wav,10.912722,12.912722,มึง,2.0,context_0.4,32000
C:\Users\muldi\Documents\Playground\University\senior-project-1\dataset\internet\clear\ถ้าวันนึงหีมึงเหี่ยว.wav,11.112722,13.112722,มึง,2.0,context_0.6,32000
C:\Users\muldi\Documents\Playground\University\senior-project-1\dataset\internet\clear\ถ้าวันนึงหีมึงเหี่ยว.wav,11.312722,13.312722,มึง,2.0,context_0.8,32000
C:\Users\muldi\Documents\Playground\University\senior-project-1\dataset\internet\clear\ถ้าวันนึงหีมึงเหี่ยว.wav,12.128725,14.128725,กู,2.0,context_0.2,32000
C:\Users\muldi\Documents\Playground\University\senior-project-1\dataset\internet\clear\ถ้าวันนึงหีมึงเหี่ยว.wav,12.328725,14.328725,กู,2.0,context_0.4,32000
C:\Users\muldi\Documents\Playground\University\senior-project-1\dataset\internet\clear\ถ้าวันนึงหีมึงเหี่ยว.wav,12.528725,14.528725,กู,2.0,context_0.6,32000
C:\Users\muldi\Documents\Playground\University\senior-project-1\dataset\internet\clear\ถ้าวันนึงหีมึงเหี่ยว.wav,12.728725,14.728725,กู,2.0,context_0.8,32000
C:\Users\muldi\Documents\Playground\University\senior-project-1\dataset\internet\clear\ถ้าวันนึงหีมึงเหี่ยว.wav,13.108701,15.108701,มึง,2.0,context_0.2,32000
C:\Users\muldi\Documents\Playground\University\senior-project-1\dataset\internet\clear\ถ้าวันนึงหีมึงเหี่ยว.wav,13.308701000000001,15.308701000000001,มึง,2.0,context_0.4,32000
C:\Users\muldi\Documents\Playground\University\senior-project-1\dataset\internet\clear\ถ้าวันนึงหีมึงเหี่ยว.wav,13.508701,15.508701,มึง,2.0,context_0.6,32000
C:\Users\muldi\Documents\Playground\University\senior-project-1\dataset\internet\clear\ถ้าวันนึงหีมึงเหี่ยว.wav,13.708701000000001,15.708701000000001,มึง,2.0,context_0.8,32000
C:\Users\muldi\Documents\Playground\University\senior-project-1\dataset\internet\clear\ถ้าวันนึงหีมึงเหี่ยว.wav,14.914563,16.914563,มึง,2.0,context_0.2,32000
C:\Users\muldi\Documents\Playground\University\senior-project-1\dataset\internet\clear\ถ้าวันนึงหีมึงเหี่ยว.wav,15.114563,17.114563,มึง,2.0,context_0.4,32000
C:\Users\muldi\Documents\Playground\University\senior-project-1\dataset\internet\clear\ถ้าวันนึงหีมึงเหี่ยว.wav,15.314563,17.314563,มึง,2.0,context_0.6,32000
C:\Users\muldi\Documents\Playground\University\senior-project-1\dataset\internet\clear\ถ้าวันนึงหีมึงเหี่ยว.wav,15.514563,17.514563000000003,มึง,2.0,context_0.8,32000
C:\Users\muldi\Documents\Playground\University\senior-project-1\dataset\internet\clear\ถ้าวันนึงหีมึงเหี่ยว.wav,15.176985,17.176985000000002,มึง,2.0,context_0.2,32000
C:\Users\muldi\Documents\Playground\University\senior-project-1\dataset\internet\clear\ถ้าวันนึงหีมึงเหี่ยว.wav,15.376985000000001,17.376985,มึง,2.0,context_0.4,32000
C:\Users\muldi\Documents\Playground\University\senior-project-1\dataset\internet\clear\ถ้าวันนึงหีมึงเหี่ยว.wav,15.576985,17.576985,มึง,2.0,context_0.6,32000
C:\Users\muldi\Documents\Playground\University\senior-project-1\dataset\internet\clear\ถ้าวันนึงหีมึงเหี่ยว.wav,15.776985000000002,17.776985000000003,มึง,2.0,context_0.8,32000
C:\Users\muldi\Documents\Playground\University\senior-project-1\dataset\internet\clear\ถ้าวันนึงหีมึงเหี่ยว.wav,0.0,2.0,none,2.0,none_sample,32000
C:\Users\muldi\Documents\Playground\University\senior-project-1\dataset\internet\clear\ถ้าวันนึงหีมึงเหี่ยว.wav,2.0,4.0,none,2.0,none_sample,32000
C:\Users\muldi\Documents\Playground\University\senior-project-1\dataset\internet\clear\ถ้าวันนึงหีมึงเหี่ยว.wav,8.400000000000002,10.400000000000002,none,2.0,none_sample,32000
C:\Users\muldi\Documents\Playground\University\senior-project-1\dataset\internet\clear\ถ้าวันนึงหีมึงเหี่ยว.wav,16.19999999999998,18.19999999999998,none,2.0,none_sample,32000
C:\Users\muldi\Documents\Playground\University\senior-project-1\dataset\internet\clear\ถ้าวันนึงหีมึงเหี่ยว.wav,18.19999999999998,20.19999999999998,none,2.0,none_sample,32000
C:\Users\muldi\Documents\Playground\University\senior-project-1\dataset\internet\clear\ถ้าวันนึงหีมึงเหี่ยว.wav,20.19999999999998,22.19999999999998,none,2.0,none_sample,32000
C:\Users\muldi\Documents\Playground\University\senior-project-1\dataset\internet\clear\ประชุมรวมญาติเชลซี.wav,142.14135299999998,144.14135299999998,กู,2.0,context_0.2,32000
C:\Users\muldi\Documents\Playground\University\senior-project-1\dataset\internet\clear\ประชุมรวมญาติเชลซี.wav,142.341353,144.341353,กู,2.0,context_0.4,32000
C:\Users\muldi\Documents\Playground\University\senior-project-1\dataset\internet\clear\ประชุมรวมญาติเชลซี.wav,142.541353,144.541353,กู,2.0,context_0.6,32000
C:\Users\muldi\Documents\Playground\University\senior-project-1\dataset\internet\clear\ประชุมรวมญาติเชลซี.wav,142.741353,144.741353,กู,2.0,context_0.8,32000
C:\Users\muldi\Documents\Playground\University\senior-project-1\dataset\internet\clear\ประชุมรวมญาติเชลซี.wav,142.833679,144.833679,เหี้ย,2.0,context_0.2,32000
C:\Users\muldi\Documents\Playground\University\senior-project-1\dataset\internet\clear\ประชุมรวมญาติเชลซี.wav,143.033679,145.033679,เหี้ย,2.0,context_0.4,32000
C:\Users\muldi\Documents\Playground\University\senior-project-1\dataset\internet\clear\ประชุมรวมญาติเชลซี.wav,143.233679,145.233679,เหี้ย,2.0,context_0.6,32000
C:\Users\muldi\Documents\Playground\University\senior-project-1\dataset\internet\clear\ประชุมรวมญาติเชลซี.wav,143.433679,145.433679,เหี้ย,2.0,context_0.8,32000
C:\Users\muldi\Documents\Playground\University\senior-project-1\dataset\internet\clear\ประชุมรวมญาติเชลซี.wav,143.99783599999998,145.99783599999998,กู,2.0,context_0.2,32000
C:\Users\muldi\Documents\Playground\University\senior-project-1\dataset\internet\clear\ประชุมรวมญาติเชลซี.wav,144.197836,146.197836,กู,2.0,context_0.4,32000
C:\Users\muldi\Documents\Playground\University\senior-project-1\dataset\internet\clear\ประชุมรวมญาติเชลซี.wav,144.39783599999998,146.39783599999998,กู,2.0,context_0.6,32000
C:\Users\muldi\Documents\Playground\University\senior-project-1\dataset\internet\clear\ประชุมรวมญาติเชลซี.wav,144.597836,146.597836,กู,2.0,context_0.8,32000
C:\Users\muldi\Documents\Playground\University\senior-project-1\dataset\internet\clear\ประชุมรวมญาติเชลซี.wav,179.765019,181.765019,กู,2.0,context_0.2,32000
C:\Users\muldi\Documents\Playground\University\senior-project-1\dataset\internet\clear\ประชุมรวมญาติเชลซี.wav,179.965019,181.965019,กู,2.0,context_0.4,32000
C:\Users\muldi\Documents\Playground\University\senior-project-1\dataset\internet\clear\ประชุมรวมญาติเชลซี.wav,180.165019,182.165019,กู,2.0,context_0.6,32000
C:\Users\muldi\Documents\Playground\University\senior-project-1\dataset\internet\clear\ประชุมรวมญาติเชลซี.wav,180.36501900000002,182.36501900000002,กู,2.0,context_0.8,32000
C:\Users\muldi\Documents\Playground\University\senior-project-1\dataset\internet\clear\ประชุมรวมญาติเชลซี.wav,180.723369,182.723369,กู,2.0,context_0.2,32000
C:\Users\muldi\Documents\Playground\University\senior-project-1\dataset\internet\clear\ประชุมรวมญาติเชลซี.wav,180.923369,182.923369,กู,2.0,context_0.4,32000
C:\Users\muldi\Documents\Playground\University\senior-project-1\dataset\internet\clear\ประชุมรวมญาติเชลซี.wav,181.123369,183.123369,กู,2.0,context_0.6,32000
C:\Users\muldi\Documents\Playground\University\senior-project-1\dataset\internet\clear\ประชุมรวมญาติเชลซี.wav,181.323369,183.323369,กู,2.0,context_0.8,32000
C:\Users\muldi\Documents\Playground\University\senior-project-1\dataset\internet\clear\ประชุมรวมญาติเชลซี.wav,0.0,2.0,none,2.0,none_sample,32000
C:\Users\muldi\Documents\Playground\University\senior-project-1\dataset\internet\clear\ประชุมรวมญาติเชลซี.wav,2.0,4.0,none,2.0,none_sample,32000
C:\Users\muldi\Documents\Playground\University\senior-project-1\dataset\internet\clear\ประชุมรวมญาติเชลซี.wav,4.0,6.0,none,2.0,none_sample,32000
C:\Users\muldi\Documents\Playground\University\senior-project-1\dataset\internet\clear\ประชุมรวมญาติเชลซี.wav,6.0,8.0,none,2.0,none_sample,32000
C:\Users\muldi\Documents\Playground\University\senior-project-1\dataset\internet\clear\ประชุมรวมญาติเชลซี.wav,8.0,10.0,none,2.0,none_sample,32000
C:\Users\muldi\Documents\Playground\University\senior-project-1\dataset\internet\clear\ประชุมรวมญาติเชลซี.wav,10.0,12.0,none,2.0,none_sample,32000
C:\Users\muldi\Documents\Playground\University\senior-project-1\dataset\internet\clear\พากย์สุดโต่ง VS พากย์สุขุม.wav,31.652874,33.652874,มึง,2.0,context_0.2,32000
C:\Users\muldi\Documents\Playground\University\senior-project-1\dataset\internet\clear\พากย์สุดโต่ง VS พากย์สุขุม.wav,31.852874,33.852874,มึง,2.0,context_0.4,32000
C:\Users\muldi\Documents\Playground\University\senior-project-1\dataset\internet\clear\พากย์สุดโต่ง VS พากย์สุขุม.wav,32.052874,34.052874,มึง,2.0,context_0.6,32000
C:\Users\muldi\Documents\Playground\University\senior-project-1\dataset\internet\clear\พากย์สุดโต่ง VS พากย์สุขุม.wav,32.252874,34.252874,มึง,2.0,context_0.8,32000
C:\Users\muldi\Documents\Playground\University\senior-project-1\dataset\internet\clear\พากย์สุดโต่ง VS พากย์สุขุม.wav,55.740153,57.740153,กู,2.0,context_0.2,32000
C:\Users\muldi\Documents\Playground\University\senior-project-1\dataset\internet\clear\พากย์สุดโต่ง VS พากย์สุขุม.wav,55.940152999999995,57.940152999999995,กู,2.0,context_0.4,32000
C:\Users\muldi\Documents\Playground\University\senior-project-1\dataset\internet\clear\พากย์สุดโต่ง VS พากย์สุขุม.wav,56.140153,58.140153,กู,2.0,context_0.6,32000
C:\Users\muldi\Documents\Playground\University\senior-project-1\dataset\internet\clear\พากย์สุดโต่ง VS พากย์สุขุม.wav,56.340152999999994,58.340152999999994,กู,2.0,context_0.8,32000
C:\Users\muldi\Documents\Playground\University\senior-project-1\dataset\internet\clear\พากย์สุดโต่ง VS พากย์สุขุม.wav,115.667457,117.667457,มึง,2.0,context_0.2,32000
C:\Users\muldi\Documents\Playground\University\senior-project-1\dataset\internet\clear\พากย์สุดโต่ง VS พากย์สุขุม.wav,115.867457,117.867457,มึง,2.0,context_0.4,32000
C:\Users\muldi\Documents\Playground\University\senior-project-1\dataset\internet\clear\พากย์สุดโต่ง VS พากย์สุขุม.wav,116.06745699999999,118.06745699999999,มึง,2.0,context_0.6,32000
C:\Users\muldi\Documents\Playground\University\senior-project-1\dataset\internet\clear\พากย์สุดโต่ง VS พากย์สุขุม.wav,116.267457,118.267457,มึง,2.0,context_0.8,32000
C:\Users\muldi\Documents\Playground\University\senior-project-1\dataset\internet\clear\พากย์สุดโต่ง VS พากย์สุขุม.wav,118.000997,120.000997,มึง,2.0,context_0.2,32000
C:\Users\muldi\Documents\Playground\University\senior-project-1\dataset\internet\clear\พากย์สุดโต่ง VS พากย์สุขุม.wav,118.200997,120.200997,มึง,2.0,context_0.4,32000
C:\Users\muldi\Documents\Playground\University\senior-project-1\dataset\internet\clear\พากย์สุดโต่ง VS พากย์สุขุม.wav,118.40099699999999,120.40099699999999,มึง,2.0,context_0.6,32000
C:\Users\muldi\Documents\Playground\University\senior-project-1\dataset\internet\clear\พากย์สุดโต่ง VS พากย์สุขุม.wav,118.60099699999999,120.60099699999999,มึง,2.0,context_0.8,32000
C:\Users\muldi\Documents\Playground\University\senior-project-1\dataset\internet\clear\พากย์สุดโต่ง VS พากย์สุขุม.wav,0.0,2.0,none,2.0,none_sample,32000
C:\Users\muldi\Documents\Playground\University\senior-project-1\dataset\internet\clear\พากย์สุดโต่ง VS พากย์สุขุม.wav,2.0,4.0,none,2.0,none_sample,32000
C:\Users\muldi\Documents\Playground\University\senior-project-1\dataset\internet\clear\พากย์สุดโต่ง VS พากย์สุขุม.wav,4.0,6.0,none,2.0,none_sample,32000
C:\Users\muldi\Documents\Playground\University\senior-project-1\dataset\internet\clear\พากย์สุดโต่ง VS พากย์สุขุม.wav,6.0,8.0,none,2.0,none_sample,32000
C:\Users\muldi\Documents\Playground\University\senior-project-1\dataset\internet\clear\พากย์สุดโต่ง VS พากย์สุขุม.wav,8.0,10.0,none,2.0,none_sample,32000
C:\Users\muldi\Documents\Playground\University\senior-project-1\dataset\internet\clear\มันไปเล่นเอไอเอสชั่วโมงละ60บาท.wav,3.1481719999999997,5.148172,กู,2.0,context_0.2,32000
C:\Users\muldi\Documents\Playground\University\senior-project-1\dataset\internet\clear\มันไปเล่นเอไอเอสชั่วโมงละ60บาท.wav,3.348172,5.348172,กู,2.0,context_0.4,32000
C:\Users\muldi\Documents\Playground\University\senior-project-1\dataset\internet\clear\มันไปเล่นเอไอเอสชั่วโมงละ60บาท.wav,3.548172,5.548172,กู,2.0,context_0.6,32000
C:\Users\muldi\Documents\Playground\University\senior-project-1\dataset\internet\clear\มันไปเล่นเอไอเอสชั่วโมงละ60บาท.wav,3.7481720000000003,5.748172,กู,2.0,context_0.8,32000
C:\Users\muldi\Documents\Playground\University\senior-project-1\dataset\internet\clear\มันไปเล่นเอไอเอสชั่วโมงละ60บาท.wav,4.486131,6.486131,กู,2.0,context_0.2,32000
C:\Users\muldi\Documents\Playground\University\senior-project-1\dataset\internet\clear\มันไปเล่นเอไอเอสชั่วโมงละ60บาท.wav,4.6861310000000005,6.6861310000000005,กู,2.0,context_0.4,32000
C:\Users\muldi\Documents\Playground\University\senior-project-1\dataset\internet\clear\มันไปเล่นเอไอเอสชั่วโมงละ60บาท.wav,4.886131,6.886131,กู,2.0,context_0.6,32000
C:\Users\muldi\Documents\Playground\University\senior-project-1\dataset\internet\clear\มันไปเล่นเอไอเอสชั่วโมงละ60บาท.wav,5.086131,7.086131,กู,2.0,context_0.8,32000
C:\Users\muldi\Documents\Playground\University\senior-project-1\dataset\internet\clear\มันไปเล่นเอไอเอสชั่วโมงละ60บาท.wav,7.814763,9.814763,เหี้ย,2.0,context_0.2,32000
C:\Users\muldi\Documents\Playground\University\senior-project-1\dataset\internet\clear\มันไปเล่นเอไอเอสชั่วโมงละ60บาท.wav,8.014763,10.014763,เหี้ย,2.0,context_0.4,32000
C:\Users\muldi\Documents\Playground\University\senior-project-1\dataset\internet\clear\มันไปเล่นเอไอเอสชั่วโมงละ60บาท.wav,8.214763,10.214763,เหี้ย,2.0,context_0.6,32000
C:\Users\muldi\Documents\Playground\University\senior-project-1\dataset\internet\clear\มันไปเล่นเอไอเอสชั่วโมงละ60บาท.wav,8.414763,10.414763,เหี้ย,2.0,context_0.8,32000
C:\Users\muldi\Documents\Playground\University\senior-project-1\dataset\internet\clear\มันไปเล่นเอไอเอสชั่วโมงละ60บาท.wav,8.310158,10.310158,กู,2.0,context_0.2,32000
C:\Users\muldi\Documents\Playground\University\senior-project-1\dataset\internet\clear\มันไปเล่นเอไอเอสชั่วโมงละ60บาท.wav,8.510158,10.510158,กู,2.0,context_0.4,32000
C:\Users\muldi\Documents\Playground\University\senior-project-1\dataset\internet\clear\มันไปเล่นเอไอเอสชั่วโมงละ60บาท.wav,8.710158,10.710158,กู,2.0,context_0.6,32000
C:\Users\muldi\Documents\Playground\University\senior-project-1\dataset\internet\clear\มันไปเล่นเอไอเอสชั่วโมงละ60บาท.wav,8.910158000000001,10.910158000000001,กู,2.0,context_0.8,32000
C:\Users\muldi\Documents\Playground\University\senior-project-1\dataset\internet\clear\มันไปเล่นเอไอเอสชั่วโมงละ60บาท.wav,9.740893999999999,11.740893999999999,กู,2.0,context_0.2,32000
C:\Users\muldi\Documents\Playground\University\senior-project-1\dataset\internet\clear\มันไปเล่นเอไอเอสชั่วโมงละ60บาท.wav,9.940894,11.940894,กู,2.0,context_0.4,32000
C:\Users\muldi\Documents\Playground\University\senior-project-1\dataset\internet\clear\มันไปเล่นเอไอเอสชั่วโมงละ60บาท.wav,10.140894,12.140894,กู,2.0,context_0.6,32000
C:\Users\muldi\Documents\Playground\University\senior-project-1\dataset\internet\clear\มันไปเล่นเอไอเอสชั่วโมงละ60บาท.wav,10.340894,12.340894,กู,2.0,context_0.8,32000
C:\Users\muldi\Documents\Playground\University\senior-project-1\dataset\internet\clear\มันไปเล่นเอไอเอสชั่วโมงละ60บาท.wav,0.0,2.0,none,2.0,none_sample,32000
C:\Users\muldi\Documents\Playground\University\senior-project-1\dataset\internet\clear\มันไปเล่นเอไอเอสชั่วโมงละ60บาท.wav,5.400000000000003,7.400000000000003,none,2.0,none_sample,32000
C:\Users\muldi\Documents\Playground\University\senior-project-1\dataset\internet\clear\มันไปเล่นเอไอเอสชั่วโมงละ60บาท.wav,10.799999999999994,12.799999999999994,none,2.0,none_sample,32000
C:\Users\muldi\Documents\Playground\University\senior-project-1\dataset\internet\clear\มันไปเล่นเอไอเอสชั่วโมงละ60บาท.wav,12.799999999999994,14.799999999999994,none,2.0,none_sample,32000
C:\Users\muldi\Documents\Playground\University\senior-project-1\dataset\internet\clear\มันไปเล่นเอไอเอสชั่วโมงละ60บาท.wav,14.799999999999994,16.799999999999994,none,2.0,none_sample,32000
C:\Users\muldi\Documents\Playground\University\senior-project-1\dataset\internet\clear\มันไปเล่นเอไอเอสชั่วโมงละ60บาท.wav,16.799999999999994,18.799999999999994,none,2.0,none_sample,32000
C:\Users\muldi\Documents\Playground\University\senior-project-1\dataset\internet\clear\รายการเย็ดแม่.wav,2.1170980000000004,4.117098,เย็ด,2.0,context_0.2,32000
C:\Users\muldi\Documents\Playground\University\senior-project-1\dataset\internet\clear\รายการเย็ดแม่.wav,2.317098,4.317098,เย็ด,2.0,context_0.4,32000
C:\Users\muldi\Documents\Playground\University\senior-project-1\dataset\internet\clear\รายการเย็ดแม่.wav,2.5170980000000003,4.517098000000001,เย็ด,2.0,context_0.6,32000
C:\Users\muldi\Documents\Playground\University\senior-project-1\dataset\internet\clear\รายการเย็ดแม่.wav,2.717098,4.717098,เย็ด,2.0,context_0.8,32000
C:\Users\muldi\Documents\Playground\University\senior-project-1\dataset\internet\clear\รายการเย็ดแม่.wav,27.063231,29.063231,เย็ด,2.0,context_0.2,32000
C:\Users\muldi\Documents\Playground\University\senior-project-1\dataset\internet\clear\รายการเย็ดแม่.wav,27.263230999999998,29.263230999999998,เย็ด,2.0,context_0.4,32000
C:\Users\muldi\Documents\Playground\University\senior-project-1\dataset\internet\clear\รายการเย็ดแม่.wav,27.463231,29.463231,เย็ด,2.0,context_0.6,32000
C:\Users\muldi\Documents\Playground\University\senior-project-1\dataset\internet\clear\รายการเย็ดแม่.wav,27.663231,29.663231,เย็ด,2.0,context_0.8,32000
C:\Users\muldi\Documents\Playground\University\senior-project-1\dataset\internet\clear\รายการเย็ดแม่.wav,31.802139,33.802139,เย็ด,2.0,context_0.2,32000
C:\Users\muldi\Documents\Playground\University\senior-project-1\dataset\internet\clear\รายการเย็ดแม่.wav,32.002139,34.002139,เย็ด,2.0,context_0.4,32000
C:\Users\muldi\Documents\Playground\University\senior-project-1\dataset\internet\clear\รายการเย็ดแม่.wav,32.202139,34.202139,เย็ด,2.0,context_0.6,32000
C:\Users\muldi\Documents\Playground\University\senior-project-1\dataset\internet\clear\รายการเย็ดแม่.wav,32.402139,34.402139,เย็ด,2.0,context_0.8,32000
C:\Users\muldi\Documents\Playground\University\senior-project-1\dataset\internet\clear\รายการเย็ดแม่.wav,33.168825000000005,35.168825000000005,เย็ด,2.0,context_0.2,32000
C:\Users\muldi\Documents\Playground\University\senior-project-1\dataset\internet\clear\รายการเย็ดแม่.wav,33.368825,35.368825,เย็ด,2.0,context_0.4,32000
C:\Users\muldi\Documents\Playground\University\senior-project-1\dataset\internet\clear\รายการเย็ดแม่.wav,33.568825000000004,35.568825000000004,เย็ด,2.0,context_0.6,32000
C:\Users\muldi\Documents\Playground\University\senior-project-1\dataset\internet\clear\รายการเย็ดแม่.wav,33.768825,35.768825,เย็ด,2.0,context_0.8,32000
C:\Users\muldi\Documents\Playground\University\senior-project-1\dataset\internet\clear\รายการเย็ดแม่.wav,34.150411000000005,36.150411000000005,เย็ด,2.0,context_0.2,32000
C:\Users\muldi\Documents\Playground\University\senior-project-1\dataset\internet\clear\รายการเย็ดแม่.wav,34.350411,36.350411,เย็ด,2.0,context_0.4,32000
C:\Users\muldi\Documents\Playground\University\senior-project-1\dataset\internet\clear\รายการเย็ดแม่.wav,34.550411000000004,36.550411000000004,เย็ด,2.0,context_0.6,32000
C:\Users\muldi\Documents\Playground\University\senior-project-1\dataset\internet\clear\รายการเย็ดแม่.wav,34.750411,36.750411,เย็ด,2.0,context_0.8,32000
C:\Users\muldi\Documents\Playground\University\senior-project-1\dataset\internet\clear\รายการเย็ดแม่.wav,34.702075,36.702075,เย็ด,2.0,context_0.2,32000
C:\Users\muldi\Documents\Playground\University\senior-project-1\dataset\internet\clear\รายการเย็ดแม่.wav,34.902074999999996,36.902074999999996,เย็ด,2.0,context_0.4,32000
C:\Users\muldi\Documents\Playground\University\senior-project-1\dataset\internet\clear\รายการเย็ดแม่.wav,35.102075,37.102075,เย็ด,2.0,context_0.6,32000
C:\Users\muldi\Documents\Playground\University\senior-project-1\dataset\internet\clear\รายการเย็ดแม่.wav,35.302074999999995,37.302074999999995,เย็ด,2.0,context_0.8,32000
C:\Users\muldi\Documents\Playground\University\senior-project-1\dataset\internet\clear\รายการเย็ดแม่.wav,36.146539000000004,38.146539000000004,เย็ด,2.0,context_0.2,32000
C:\Users\muldi\Documents\Playground\University\senior-project-1\dataset\internet\clear\รายการเย็ดแม่.wav,36.346539,38.346539,เย็ด,2.0,context_0.4,32000
C:\Users\muldi\Documents\Playground\University\senior-project-1\dataset\internet\clear\รายการเย็ดแม่.wav,36.546539,38.546539,เย็ด,2.0,context_0.6,32000
C:\Users\muldi\Documents\Playground\University\senior-project-1\dataset\internet\clear\รายการเย็ดแม่.wav,36.746539,38.746539,เย็ด,2.0,context_0.8,32000
C:\Users\muldi\Documents\Playground\University\senior-project-1\dataset\internet\clear\รายการเย็ดแม่.wav,91.842736,93.842736,กู,2.0,context_0.2,32000
C:\Users\muldi\Documents\Playground\University\senior-project-1\dataset\internet\clear\รายการเย็ดแม่.wav,92.042736,94.042736,กู,2.0,context_0.4,32000
C:\Users\muldi\Documents\Playground\University\senior-project-1\dataset\internet\clear\รายการเย็ดแม่.wav,92.242736,94.242736,กู,2.0,context_0.6,32000
C:\Users\muldi\Documents\Playground\University\senior-project-1\dataset\internet\clear\รายการเย็ดแม่.wav,92.442736,94.442736,กู,2.0,context_0.8,32000
C:\Users\muldi\Documents\Playground\University\senior-project-1\dataset\internet\clear\รายการเย็ดแม่.wav,93.00215800000001,95.00215800000001,เย็ด,2.0,context_0.2,32000
C:\Users\muldi\Documents\Playground\University\senior-project-1\dataset\internet\clear\รายการเย็ดแม่.wav,93.20215800000001,95.20215800000001,เย็ด,2.0,context_0.4,32000
C:\Users\muldi\Documents\Playground\University\senior-project-1\dataset\internet\clear\รายการเย็ดแม่.wav,93.402158,95.402158,เย็ด,2.0,context_0.6,32000
C:\Users\muldi\Documents\Playground\University\senior-project-1\dataset\internet\clear\รายการเย็ดแม่.wav,93.602158,95.602158,เย็ด,2.0,context_0.8,32000
C:\Users\muldi\Documents\Playground\University\senior-project-1\dataset\internet\clear\รายการเย็ดแม่.wav,105.60816100000001,107.60816100000001,เย็ด,2.0,context_0.2,32000
C:\Users\muldi\Documents\Playground\University\senior-project-1\dataset\internet\clear\รายการเย็ดแม่.wav,105.80816100000001,107.80816100000001,เย็ด,2.0,context_0.4,32000
C:\Users\muldi\Documents\Playground\University\senior-project-1\dataset\internet\clear\รายการเย็ดแม่.wav,106.008161,108.008161,เย็ด,2.0,context_0.6,32000
C:\Users\muldi\Documents\Playground\University\senior-project-1\dataset\internet\clear\รายการเย็ดแม่.wav,106.208161,108.208161,เย็ด,2.0,context_0.8,32000
C:\Users\muldi\Documents\Playground\University\senior-project-1\dataset\internet\clear\รายการเย็ดแม่.wav,106.025602,108.025602,เย็ด,2.0,context_0.2,32000
C:\Users\muldi\Documents\Playground\University\senior-project-1\dataset\internet\clear\รายการเย็ดแม่.wav,106.22560200000001,108.22560200000001,เย็ด,2.0,context_0.4,32000
C:\Users\muldi\Documents\Playground\University\senior-project-1\dataset\internet\clear\รายการเย็ดแม่.wav,106.425602,108.425602,เย็ด,2.0,context_0.6,32000
C:\Users\muldi\Documents\Playground\University\senior-project-1\dataset\internet\clear\รายการเย็ดแม่.wav,106.625602,108.625602,เย็ด,2.0,context_0.8,32000
C:\Users\muldi\Documents\Playground\University\senior-project-1\dataset\internet\clear\รายการเย็ดแม่.wav,106.38934400000001,108.38934400000001,เย็ด,2.0,context_0.2,32000
C:\Users\muldi\Documents\Playground\University\senior-project-1\dataset\internet\clear\รายการเย็ดแม่.wav,106.58934400000001,108.58934400000001,เย็ด,2.0,context_0.4,32000
C:\Users\muldi\Documents\Playground\University\senior-project-1\dataset\internet\clear\รายการเย็ดแม่.wav,106.789344,108.789344,เย็ด,2.0,context_0.6,32000
C:\Users\muldi\Documents\Playground\University\senior-project-1\dataset\internet\clear\รายการเย็ดแม่.wav,106.989344,108.989344,เย็ด,2.0,context_0.8,32000
C:\Users\muldi\Documents\Playground\University\senior-project-1\dataset\internet\clear\รายการเย็ดแม่.wav,106.809723,108.809723,เย็ด,2.0,context_0.2,32000
C:\Users\muldi\Documents\Playground\University\senior-project-1\dataset\internet\clear\รายการเย็ดแม่.wav,107.00972300000001,109.00972300000001,เย็ด,2.0,context_0.4,32000
C:\Users\muldi\Documents\Playground\University\senior-project-1\dataset\internet\clear\รายการเย็ดแม่.wav,107.209723,109.209723,เย็ด,2.0,context_0.6,32000
C:\Users\muldi\Documents\Playground\University\senior-project-1\dataset\internet\clear\รายการเย็ดแม่.wav,107.409723,109.409723,เย็ด,2.0,context_0.8,32000
C:\Users\muldi\Documents\Playground\University\senior-project-1\dataset\internet\clear\รายการเย็ดแม่.wav,107.193488,109.193488,เย็ด,2.0,context_0.2,32000
C:\Users\muldi\Documents\Playground\University\senior-project-1\dataset\internet\clear\รายการเย็ดแม่.wav,107.393488,109.393488,เย็ด,2.0,context_0.4,32000
C:\Users\muldi\Documents\Playground\University\senior-project-1\dataset\internet\clear\รายการเย็ดแม่.wav,107.593488,109.593488,เย็ด,2.0,context_0.6,32000
C:\Users\muldi\Documents\Playground\University\senior-project-1\dataset\internet\clear\รายการเย็ดแม่.wav,107.793488,109.793488,เย็ด,2.0,context_0.8,32000
C:\Users\muldi\Documents\Playground\University\senior-project-1\dataset\internet\clear\รายการเย็ดแม่.wav,107.805772,109.805772,เย็ด,2.0,context_0.2,32000
C:\Users\muldi\Documents\Playground\University\senior-project-1\dataset\internet\clear\รายการเย็ดแม่.wav,108.00577200000001,110.00577200000001,เย็ด,2.0,context_0.4,32000
C:\Users\muldi\Documents\Playground\University\senior-project-1\dataset\internet\clear\รายการเย็ดแม่.wav,108.205772,110.205772,เย็ด,2.0,context_0.6,32000
C:\Users\muldi\Documents\Playground\University\senior-project-1\dataset\internet\clear\รายการเย็ดแม่.wav,108.405772,110.405772,เย็ด,2.0,context_0.8,32000
C:\Users\muldi\Documents\Playground\University\senior-project-1\dataset\internet\clear\รายการเย็ดแม่.wav,108.09964000000001,110.09964000000001,กู,2.0,context_0.2,32000
C:\Users\muldi\Documents\Playground\University\senior-project-1\dataset\internet\clear\รายการเย็ดแม่.wav,108.29964000000001,110.29964000000001,กู,2.0,context_0.4,32000
C:\Users\muldi\Documents\Playground\University\senior-project-1\dataset\internet\clear\รายการเย็ดแม่.wav,108.49964,110.49964,กู,2.0,context_0.6,32000
C:\Users\muldi\Documents\Playground\University\senior-project-1\dataset\internet\clear\รายการเย็ดแม่.wav,108.69964,110.69964,กู,2.0,context_0.8,32000
C:\Users\muldi\Documents\Playground\University\senior-project-1\dataset\internet\clear\รายการเย็ดแม่.wav,114.064021,116.064021,เย็ด,2.0,context_0.2,32000
C:\Users\muldi\Documents\Playground\University\senior-project-1\dataset\internet\clear\รายการเย็ดแม่.wav,114.264021,116.264021,เย็ด,2.0,context_0.4,32000
C:\Users\muldi\Documents\Playground\University\senior-project-1\dataset\internet\clear\รายการเย็ดแม่.wav,114.46402099999999,116.46402099999999,เย็ด,2.0,context_0.6,32000
C:\Users\muldi\Documents\Playground\University\senior-project-1\dataset\internet\clear\รายการเย็ดแม่.wav,114.66402099999999,116.66402099999999,เย็ด,2.0,context_0.8,32000
C:\Users\muldi\Documents\Playground\University\senior-project-1\dataset\internet\clear\รายการเย็ดแม่.wav,150.208217,152.208217,เย็ด,2.0,context_0.2,32000
C:\Users\muldi\Documents\Playground\University\senior-project-1\dataset\internet\clear\รายการเย็ดแม่.wav,150.408217,152.408217,เย็ด,2.0,context_0.4,32000
C:\Users\muldi\Documents\Playground\University\senior-project-1\dataset\internet\clear\รายการเย็ดแม่.wav,150.608217,152.608217,เย็ด,2.0,context_0.6,32000
C:\Users\muldi\Documents\Playground\University\senior-project-1\dataset\internet\clear\รายการเย็ดแม่.wav,150.808217,152.808217,เย็ด,2.0,context_0.8,32000
C:\Users\muldi\Documents\Playground\University\senior-project-1\dataset\internet\clear\รายการเย็ดแม่.wav,151.20601599999998,153.20601599999998,กู,2.0,context_0.2,32000
C:\Users\muldi\Documents\Playground\University\senior-project-1\dataset\internet\clear\รายการเย็ดแม่.wav,151.406016,153.406016,กู,2.0,context_0.4,32000
C:\Users\muldi\Documents\Playground\University\senior-project-1\dataset\internet\clear\รายการเย็ดแม่.wav,151.60601599999998,153.60601599999998,กู,2.0,context_0.6,32000
C:\Users\muldi\Documents\Playground\University\senior-project-1\dataset\internet\clear\รายการเย็ดแม่.wav,151.806016,153.806016,กู,2.0,context_0.8,32000
C:\Users\muldi\Documents\Playground\University\senior-project-1\dataset\internet\clear\รายการเย็ดแม่.wav,169.345049,171.345049,มึง,2.0,context_0.2,32000
C:\Users\muldi\Documents\Playground\University\senior-project-1\dataset\internet\clear\รายการเย็ดแม่.wav,169.545049,171.545049,มึง,2.0,context_0.4,32000
C:\Users\muldi\Documents\Playground\University\senior-project-1\dataset\internet\clear\รายการเย็ดแม่.wav,169.745049,171.745049,มึง,2.0,context_0.6,32000
C:\Users\muldi\Documents\Playground\University\senior-project-1\dataset\internet\clear\รายการเย็ดแม่.wav,169.945049,171.945049,มึง,2.0,context_0.8,32000
C:\Users\muldi\Documents\Playground\University\senior-project-1\dataset\internet\clear\รายการเย็ดแม่.wav,177.17552999999998,179.17552999999998,เย็ด,2.0,context_0.2,32000
C:\Users\muldi\Documents\Playground\University\senior-project-1\dataset\internet\clear\รายการเย็ดแม่.wav,177.37553,179.37553,เย็ด,2.0,context_0.4,32000
C:\Users\muldi\Documents\Playground\University\senior-project-1\dataset\internet\clear\รายการเย็ดแม่.wav,177.57553,179.57553,เย็ด,2.0,context_0.6,32000
C:\Users\muldi\Documents\Playground\University\senior-project-1\dataset\internet\clear\รายการเย็ดแม่.wav,177.77553,179.77553,เย็ด,2.0,context_0.8,32000
C:\Users\muldi\Documents\Playground\University\senior-project-1\dataset\internet\clear\รายการเย็ดแม่.wav,181.352395,183.352395,เหี้ย,2.0,context_0.2,32000
C:\Users\muldi\Documents\Playground\University\senior-project-1\dataset\internet\clear\รายการเย็ดแม่.wav,181.55239500000002,183.55239500000002,เหี้ย,2.0,context_0.4,32000
C:\Users\muldi\Documents\Playground\University\senior-project-1\dataset\internet\clear\รายการเย็ดแม่.wav,181.752395,183.752395,เหี้ย,2.0,context_0.6,32000
C:\Users\muldi\Documents\Playground\University\senior-project-1\dataset\internet\clear\รายการเย็ดแม่.wav,181.95239500000002,183.95239500000002,เหี้ย,2.0,context_0.8,32000
C:\Users\muldi\Documents\Playground\University\senior-project-1\dataset\internet\clear\รายการเย็ดแม่.wav,203.39872699999998,205.39872699999998,เหี้ย,2.0,context_0.2,32000
C:\Users\muldi\Documents\Playground\University\senior-project-1\dataset\internet\clear\รายการเย็ดแม่.wav,203.598727,205.598727,เหี้ย,2.0,context_0.4,32000
C:\Users\muldi\Documents\Playground\University\senior-project-1\dataset\internet\clear\รายการเย็ดแม่.wav,203.79872699999999,205.79872699999999,เหี้ย,2.0,context_0.6,32000
C:\Users\muldi\Documents\Playground\University\senior-project-1\dataset\internet\clear\รายการเย็ดแม่.wav,203.998727,205.998727,เหี้ย,2.0,context_0.8,32000
C:\Users\muldi\Documents\Playground\University\senior-project-1\dataset\internet\clear\รายการเย็ดแม่.wav,203.54993,205.54993,มึง,2.0,context_0.2,32000
C:\Users\muldi\Documents\Playground\University\senior-project-1\dataset\internet\clear\รายการเย็ดแม่.wav,203.74993,205.74993,มึง,2.0,context_0.4,32000
C:\Users\muldi\Documents\Playground\University\senior-project-1\dataset\internet\clear\รายการเย็ดแม่.wav,203.94993,205.94993,มึง,2.0,context_0.6,32000
C:\Users\muldi\Documents\Playground\University\senior-project-1\dataset\internet\clear\รายการเย็ดแม่.wav,204.14993,206.14993,มึง,2.0,context_0.8,32000
C:\Users\muldi\Documents\Playground\University\senior-project-1\dataset\internet\clear\รายการเย็ดแม่.wav,204.42897699999997,206.42897699999997,กู,2.0,context_0.2,32000
C:\Users\muldi\Documents\Playground\University\senior-project-1\dataset\internet\clear\รายการเย็ดแม่.wav,204.628977,206.628977,กู,2.0,context_0.4,32000
C:\Users\muldi\Documents\Playground\University\senior-project-1\dataset\internet\clear\รายการเย็ดแม่.wav,204.82897699999998,206.82897699999998,กู,2.0,context_0.6,32000
C:\Users\muldi\Documents\Playground\University\senior-project-1\dataset\internet\clear\รายการเย็ดแม่.wav,205.028977,207.028977,กู,2.0,context_0.8,32000
C:\Users\muldi\Documents\Playground\University\senior-project-1\dataset\internet\clear\รายการเย็ดแม่.wav,205.595352,207.595352,กู,2.0,context_0.2,32000
C:\Users\muldi\Documents\Playground\University\senior-project-1\dataset\internet\clear\รายการเย็ดแม่.wav,205.795352,207.795352,กู,2.0,context_0.4,32000
C:\Users\muldi\Documents\Playground\University\senior-project-1\dataset\internet\clear\รายการเย็ดแม่.wav,205.995352,207.995352,กู,2.0,context_0.6,32000
C:\Users\muldi\Documents\Playground\University\senior-project-1\dataset\internet\clear\รายการเย็ดแม่.wav,206.195352,208.195352,กู,2.0,context_0.8,32000
C:\Users\muldi\Documents\Playground\University\senior-project-1\dataset\internet\clear\รายการเย็ดแม่.wav,206.517418,208.517418,กู,2.0,context_0.2,32000
C:\Users\muldi\Documents\Playground\University\senior-project-1\dataset\internet\clear\รายการเย็ดแม่.wav,206.717418,208.717418,กู,2.0,context_0.4,32000
C:\Users\muldi\Documents\Playground\University\senior-project-1\dataset\internet\clear\รายการเย็ดแม่.wav,206.917418,208.917418,กู,2.0,context_0.6,32000
C:\Users\muldi\Documents\Playground\University\senior-project-1\dataset\internet\clear\รายการเย็ดแม่.wav,207.11741800000001,209.11741800000001,กู,2.0,context_0.8,32000
C:\Users\muldi\Documents\Playground\University\senior-project-1\dataset\internet\clear\รายการเย็ดแม่.wav,207.911623,209.911623,เหี้ย,2.0,context_0.2,32000
C:\Users\muldi\Documents\Playground\University\senior-project-1\dataset\internet\clear\รายการเย็ดแม่.wav,208.111623,210.111623,เหี้ย,2.0,context_0.4,32000
C:\Users\muldi\Documents\Playground\University\senior-project-1\dataset\internet\clear\รายการเย็ดแม่.wav,208.311623,210.311623,เหี้ย,2.0,context_0.6,32000
C:\Users\muldi\Documents\Playground\University\senior-project-1\dataset\internet\clear\รายการเย็ดแม่.wav,208.51162300000001,210.51162300000001,เหี้ย,2.0,context_0.8,32000
C:\Users\muldi\Documents\Playground\University\senior-project-1\dataset\internet\clear\รายการเย็ดแม่.wav,208.092168,210.092168,เหี้ย,2.0,context_0.2,32000
C:\Users\muldi\Documents\Playground\University\senior-project-1\dataset\internet\clear\รายการเย็ดแม่.wav,208.292168,210.292168,เหี้ย,2.0,context_0.4,32000
C:\Users\muldi\Documents\Playground\University\senior-project-1\dataset\internet\clear\รายการเย็ดแม่.wav,208.492168,210.492168,เหี้ย,2.0,context_0.6,32000
C:\Users\muldi\Documents\Playground\University\senior-project-1\dataset\internet\clear\รายการเย็ดแม่.wav,208.692168,210.692168,เหี้ย,2.0,context_0.8,32000
C:\Users\muldi\Documents\Playground\University\senior-project-1\dataset\internet\clear\รายการเย็ดแม่.wav,242.668469,244.668469,มึง,2.0,context_0.2,32000
C:\Users\muldi\Documents\Playground\University\senior-project-1\dataset\internet\clear\รายการเย็ดแม่.wav,242.868469,244.868469,มึง,2.0,context_0.4,32000
C:\Users\muldi\Documents\Playground\University\senior-project-1\dataset\internet\clear\รายการเย็ดแม่.wav,243.068469,245.068469,มึง,2.0,context_0.6,32000
C:\Users\muldi\Documents\Playground\University\senior-project-1\dataset\internet\clear\รายการเย็ดแม่.wav,243.268469,245.268469,มึง,2.0,context_0.8,32000
C:\Users\muldi\Documents\Playground\University\senior-project-1\dataset\internet\clear\รายการเย็ดแม่.wav,245.56036799999998,247.56036799999998,มึง,2.0,context_0.2,32000
C:\Users\muldi\Documents\Playground\University\senior-project-1\dataset\internet\clear\รายการเย็ดแม่.wav,245.760368,247.760368,มึง,2.0,context_0.4,32000
C:\Users\muldi\Documents\Playground\University\senior-project-1\dataset\internet\clear\รายการเย็ดแม่.wav,245.960368,247.960368,มึง,2.0,context_0.6,32000
C:\Users\muldi\Documents\Playground\University\senior-project-1\dataset\internet\clear\รายการเย็ดแม่.wav,246.160368,248.160368,มึง,2.0,context_0.8,32000
C:\Users\muldi\Documents\Playground\University\senior-project-1\dataset\internet\clear\รายการเย็ดแม่.wav,254.34347,256.34347,กู,2.0,context_0.2,32000
C:\Users\muldi\Documents\Playground\University\senior-project-1\dataset\internet\clear\รายการเย็ดแม่.wav,254.54347,256.54347,กู,2.0,context_0.4,32000
C:\Users\muldi\Documents\Playground\University\senior-project-1\dataset\internet\clear\รายการเย็ดแม่.wav,254.74347,256.74347,กู,2.0,context_0.6,32000
C:\Users\muldi\Documents\Playground\University\senior-project-1\dataset\internet\clear\รายการเย็ดแม่.wav,254.94347000000002,256.94347000000005,กู,2.0,context_0.8,32000
C:\Users\muldi\Documents\Playground\University\senior-project-1\dataset\internet\clear\รายการเย็ดแม่.wav,260.16803799999997,262.16803799999997,เหี้ย,2.0,context_0.2,32000
C:\Users\muldi\Documents\Playground\University\senior-project-1\dataset\internet\clear\รายการเย็ดแม่.wav,260.36803799999996,262.36803799999996,เหี้ย,2.0,context_0.4,32000
C:\Users\muldi\Documents\Playground\University\senior-project-1\dataset\internet\clear\รายการเย็ดแม่.wav,260.568038,262.568038,เหี้ย,2.0,context_0.6,32000
C:\Users\muldi\Documents\Playground\University\senior-project-1\dataset\internet\clear\รายการเย็ดแม่.wav,260.768038,262.768038,เหี้ย,2.0,context_0.8,32000
C:\Users\muldi\Documents\Playground\University\senior-project-1\dataset\internet\clear\รายการเย็ดแม่.wav,296.82660799999996,298.82660799999996,เหี้ย,2.0,context_0.2,32000
C:\Users\muldi\Documents\Playground\University\senior-project-1\dataset\internet\clear\รายการเย็ดแม่.wav,297.02660799999995,299.02660799999995,เหี้ย,2.0,context_0.4,32000
C:\Users\muldi\Documents\Playground\University\senior-project-1\dataset\internet\clear\รายการเย็ดแม่.wav,297.226608,299.226608,เหี้ย,2.0,context_0.6,32000
C:\Users\muldi\Documents\Playground\University\senior-project-1\dataset\internet\clear\รายการเย็ดแม่.wav,297.426608,299.426608,เหี้ย,2.0,context_0.8,32000
C:\Users\muldi\Documents\Playground\University\senior-project-1\dataset\internet\clear\รายการเย็ดแม่.wav,299.209289,301.209289,กู,2.0,context_0.2,32000
C:\Users\muldi\Documents\Playground\University\senior-project-1\dataset\internet\clear\รายการเย็ดแม่.wav,299.409289,301.409289,กู,2.0,context_0.4,32000
C:\Users\muldi\Documents\Playground\University\senior-project-1\dataset\internet\clear\รายการเย็ดแม่.wav,299.60928900000005,301.60928900000005,กู,2.0,context_0.6,32000
C:\Users\muldi\Documents\Playground\University\senior-project-1\dataset\internet\clear\รายการเย็ดแม่.wav,299.80928900000004,301.80928900000004,กู,2.0,context_0.8,32000
C:\Users\muldi\Documents\Playground\University\senior-project-1\dataset\internet\clear\รายการเย็ดแม่.wav,404.283256,406.283256,กู,2.0,context_0.2,32000
C:\Users\muldi\Documents\Playground\University\senior-project-1\dataset\internet\clear\รายการเย็ดแม่.wav,404.483256,406.483256,กู,2.0,context_0.4,32000
C:\Users\muldi\Documents\Playground\University\senior-project-1\dataset\internet\clear\รายการเย็ดแม่.wav,404.68325600000003,406.68325600000003,กู,2.0,context_0.6,32000
C:\Users\muldi\Documents\Playground\University\senior-project-1\dataset\internet\clear\รายการเย็ดแม่.wav,404.883256,406.883256,กู,2.0,context_0.8,32000
C:\Users\muldi\Documents\Playground\University\senior-project-1\dataset\internet\clear\รายการเย็ดแม่.wav,419.796908,421.796908,เหี้ย,2.0,context_0.2,32000
C:\Users\muldi\Documents\Playground\University\senior-project-1\dataset\internet\clear\รายการเย็ดแม่.wav,419.99690799999996,421.99690799999996,เหี้ย,2.0,context_0.4,32000
C:\Users\muldi\Documents\Playground\University\senior-project-1\dataset\internet\clear\รายการเย็ดแม่.wav,420.196908,422.196908,เหี้ย,2.0,context_0.6,32000
C:\Users\muldi\Documents\Playground\University\senior-project-1\dataset\internet\clear\รายการเย็ดแม่.wav,420.396908,422.396908,เหี้ย,2.0,context_0.8,32000
C:\Users\muldi\Documents\Playground\University\senior-project-1\dataset\internet\clear\รายการเย็ดแม่.wav,431.71693,433.71693,เหี้ย,2.0,context_0.2,32000
C:\Users\muldi\Documents\Playground\University\senior-project-1\dataset\internet\clear\รายการเย็ดแม่.wav,431.91693,433.91693,เหี้ย,2.0,context_0.4,32000
C:\Users\muldi\Documents\Playground\University\senior-project-1\dataset\internet\clear\รายการเย็ดแม่.wav,432.11693,434.11693,เหี้ย,2.0,context_0.6,32000
C:\Users\muldi\Documents\Playground\University\senior-project-1\dataset\internet\clear\รายการเย็ดแม่.wav,432.31693,434.31693,เหี้ย,2.0,context_0.8,32000
C:\Users\muldi\Documents\Playground\University\senior-project-1\dataset\internet\clear\รายการเย็ดแม่.wav,434.998667,436.998667,เหี้ย,2.0,context_0.2,32000
C:\Users\muldi\Documents\Playground\University\senior-project-1\dataset\internet\clear\รายการเย็ดแม่.wav,435.198667,437.198667,เหี้ย,2.0,context_0.4,32000
C:\Users\muldi\Documents\Playground\University\senior-project-1\dataset\internet\clear\รายการเย็ดแม่.wav,435.39866700000005,437.39866700000005,เหี้ย,2.0,context_0.6,32000
C:\Users\muldi\Documents\Playground\University\senior-project-1\dataset\internet\clear\รายการเย็ดแม่.wav,435.59866700000003,437.59866700000003,เหี้ย,2.0,context_0.8,32000
C:\Users\muldi\Documents\Playground\University\senior-project-1\dataset\internet\clear\รายการเย็ดแม่.wav,443.63181,445.63181,เหี้ย,2.0,context_0.2,32000
C:\Users\muldi\Documents\Playground\University\senior-project-1\dataset\internet\clear\รายการเย็ดแม่.wav,443.83180999999996,445.83180999999996,เหี้ย,2.0,context_0.4,32000
C:\Users\muldi\Documents\Playground\University\senior-project-1\dataset\internet\clear\รายการเย็ดแม่.wav,444.03181,446.03181,เหี้ย,2.0,context_0.6,32000
C:\Users\muldi\Documents\Playground\University\senior-project-1\dataset\internet\clear\รายการเย็ดแม่.wav,444.23181,446.23181,เหี้ย,2.0,context_0.8,32000
C:\Users\muldi\Documents\Playground\University\senior-project-1\dataset\internet\clear\รายการเย็ดแม่.wav,482.16594,484.16594,กู,2.0,context_0.2,32000
C:\Users\muldi\Documents\Playground\University\senior-project-1\dataset\internet\clear\รายการเย็ดแม่.wav,482.36593999999997,484.36593999999997,กู,2.0,context_0.4,32000
C:\Users\muldi\Documents\Playground\University\senior-project-1\dataset\internet\clear\รายการเย็ดแม่.wav,482.56594,484.56594,กู,2.0,context_0.6,32000
C:\Users\muldi\Documents\Playground\University\senior-project-1\dataset\internet\clear\รายการเย็ดแม่.wav,482.76594,484.76594,กู,2.0,context_0.8,32000
C:\Users\muldi\Documents\Playground\University\senior-project-1\dataset\internet\clear\รายการเย็ดแม่.wav,491.636153,493.636153,เหี้ย,2.0,context_0.2,32000
C:\Users\muldi\Documents\Playground\University\senior-project-1\dataset\internet\clear\รายการเย็ดแม่.wav,491.83615299999997,493.83615299999997,เหี้ย,2.0,context_0.4,32000
C:\Users\muldi\Documents\Playground\University\senior-project-1\dataset\internet\clear\รายการเย็ดแม่.wav,492.036153,494.036153,เหี้ย,2.0,context_0.6,32000
C:\Users\muldi\Documents\Playground\University\senior-project-1\dataset\internet\clear\รายการเย็ดแม่.wav,492.236153,494.236153,เหี้ย,2.0,context_0.8,32000
C:\Users\muldi\Documents\Playground\University\senior-project-1\dataset\internet\clear\รายการเย็ดแม่.wav,493.003484,495.003484,กู,2.0,context_0.2,32000
C:\Users\muldi\Documents\Playground\University\senior-project-1\dataset\internet\clear\รายการเย็ดแม่.wav,493.203484,495.203484,กู,2.0,context_0.4,32000
C:\Users\muldi\Documents\Playground\University\senior-project-1\dataset\internet\clear\รายการเย็ดแม่.wav,493.40348400000005,495.40348400000005,กู,2.0,context_0.6,32000
C:\Users\muldi\Documents\Playground\University\senior-project-1\dataset\internet\clear\รายการเย็ดแม่.wav,493.60348400000004,495.60348400000004,กู,2.0,context_0.8,32000
C:\Users\muldi\Documents\Playground\University\senior-project-1\dataset\internet\clear\รายการเย็ดแม่.wav,507.69982,509.69982,เหี้ย,2.0,context_0.2,32000
C:\Users\muldi\Documents\Playground\University\senior-project-1\dataset\internet\clear\รายการเย็ดแม่.wav,507.89982,509.89982,เหี้ย,2.0,context_0.4,32000
C:\Users\muldi\Documents\Playground\University\senior-project-1\dataset\internet\clear\รายการเย็ดแม่.wav,508.09982,510.09982,เหี้ย,2.0,context_0.6,32000
C:\Users\muldi\Documents\Playground\University\senior-project-1\dataset\internet\clear\รายการเย็ดแม่.wav,508.29982,510.29982,เหี้ย,2.0,context_0.8,32000
C:\Users\muldi\Documents\Playground\University\senior-project-1\dataset\internet\clear\รายการเย็ดแม่.wav,509.398216,511.398216,กู,2.0,context_0.2,32000
C:\Users\muldi\Documents\Playground\University\senior-project-1\dataset\internet\clear\รายการเย็ดแม่.wav,509.598216,511.598216,กู,2.0,context_0.4,32000
C:\Users\muldi\Documents\Playground\University\senior-project-1\dataset\internet\clear\รายการเย็ดแม่.wav,509.798216,511.798216,กู,2.0,context_0.6,32000
C:\Users\muldi\Documents\Playground\University\senior-project-1\dataset\internet\clear\รายการเย็ดแม่.wav,509.998216,511.998216,กู,2.0,context_0.8,32000
C:\Users\muldi\Documents\Playground\University\senior-project-1\dataset\internet\clear\รายการเย็ดแม่.wav,516.411817,518.411817,กู,2.0,context_0.2,32000
C:\Users\muldi\Documents\Playground\University\senior-project-1\dataset\internet\clear\รายการเย็ดแม่.wav,516.611817,518.611817,กู,2.0,context_0.4,32000
C:\Users\muldi\Documents\Playground\University\senior-project-1\dataset\internet\clear\รายการเย็ดแม่.wav,516.811817,518.811817,กู,2.0,context_0.6,32000
C:\Users\muldi\Documents\Playground\University\senior-project-1\dataset\internet\clear\รายการเย็ดแม่.wav,517.011817,519.011817,กู,2.0,context_0.8,32000
C:\Users\muldi\Documents\Playground\University\senior-project-1\dataset\internet\clear\รายการเย็ดแม่.wav,517.7048970000001,519.7048970000001,กู,2.0,context_0.2,32000
C:\Users\muldi\Documents\Playground\University\senior-project-1\dataset\internet\clear\รายการเย็ดแม่.wav,517.904897,519.904897,กู,2.0,context_0.4,32000
C:\Users\muldi\Documents\Playground\University\senior-project-1\dataset\internet\clear\รายการเย็ดแม่.wav,518.104897,520.104897,กู,2.0,context_0.6,32000
C:\Users\muldi\Documents\Playground\University\senior-project-1\dataset\internet\clear\รายการเย็ดแม่.wav,518.304897,520.304897,กู,2.0,context_0.8,32000
C:\Users\muldi\Documents\Playground\University\senior-project-1\dataset\internet\clear\รายการเย็ดแม่.wav,519.282131,521.282131,กู,2.0,context_0.2,32000
C:\Users\muldi\Documents\Playground\University\senior-project-1\dataset\internet\clear\รายการเย็ดแม่.wav,519.482131,521.482131,กู,2.0,context_0.4,32000
C:\Users\muldi\Documents\Playground\University\senior-project-1\dataset\internet\clear\รายการเย็ดแม่.wav,519.682131,521.682131,กู,2.0,context_0.6,32000
C:\Users\muldi\Documents\Playground\University\senior-project-1\dataset\internet\clear\รายการเย็ดแม่.wav,519.882131,521.882131,กู,2.0,context_0.8,32000
C:\Users\muldi\Documents\Playground\University\senior-project-1\dataset\internet\clear\รายการเย็ดแม่.wav,559.49935,561.49935,มึง,2.0,context_0.2,32000
C:\Users\muldi\Documents\Playground\University\senior-project-1\dataset\internet\clear\รายการเย็ดแม่.wav,559.69935,561.69935,มึง,2.0,context_0.4,32000
C:\Users\muldi\Documents\Playground\University\senior-project-1\dataset\internet\clear\รายการเย็ดแม่.wav,559.89935,561.89935,มึง,2.0,context_0.6,32000
C:\Users\muldi\Documents\Playground\University\senior-project-1\dataset\internet\clear\รายการเย็ดแม่.wav,560.09935,562.09935,มึง,2.0,context_0.8,32000
C:\Users\muldi\Documents\Playground\University\senior-project-1\dataset\internet\clear\รายการเย็ดแม่.wav,571.800549,573.800549,เย็ด,2.0,context_0.2,32000
C:\Users\muldi\Documents\Playground\University\senior-project-1\dataset\internet\clear\รายการเย็ดแม่.wav,572.000549,574.000549,เย็ด,2.0,context_0.4,32000
C:\Users\muldi\Documents\Playground\University\senior-project-1\dataset\internet\clear\รายการเย็ดแม่.wav,572.200549,574.200549,เย็ด,2.0,context_0.6,32000
C:\Users\muldi\Documents\Playground\University\senior-project-1\dataset\internet\clear\รายการเย็ดแม่.wav,572.400549,574.400549,เย็ด,2.0,context_0.8,32000
C:\Users\muldi\Documents\Playground\University\senior-project-1\dataset\internet\clear\รายการเย็ดแม่.wav,578.284401,580.284401,เหี้ย,2.0,context_0.2,32000
C:\Users\muldi\Documents\Playground\University\senior-project-1\dataset\internet\clear\รายการเย็ดแม่.wav,578.4844009999999,580.4844009999999,เหี้ย,2.0,context_0.4,32000
C:\Users\muldi\Documents\Playground\University\senior-project-1\dataset\internet\clear\รายการเย็ดแม่.wav,578.684401,580.684401,เหี้ย,2.0,context_0.6,32000
C:\Users\muldi\Documents\Playground\University\senior-project-1\dataset\internet\clear\รายการเย็ดแม่.wav,578.8844009999999,580.8844009999999,เหี้ย,2.0,context_0.8,32000
C:\Users\muldi\Documents\Playground\University\senior-project-1\dataset\internet\clear\รายการเย็ดแม่.wav,580.1787690000001,582.1787690000001,กู,2.0,context_0.2,32000
C:\Users\muldi\Documents\Playground\University\senior-project-1\dataset\internet\clear\รายการเย็ดแม่.wav,580.378769,582.378769,กู,2.0,context_0.4,32000
C:\Users\muldi\Documents\Playground\University\senior-project-1\dataset\internet\clear\รายการเย็ดแม่.wav,580.5787690000001,582.5787690000001,กู,2.0,context_0.6,32000
C:\Users\muldi\Documents\Playground\University\senior-project-1\dataset\internet\clear\รายการเย็ดแม่.wav,580.778769,582.778769,กู,2.0,context_0.8,32000
C:\Users\muldi\Documents\Playground\University\senior-project-1\dataset\internet\clear\รายการเย็ดแม่.wav,581.540521,583.540521,เย็ด,2.0,context_0.2,32000
C:\Users\muldi\Documents\Playground\University\senior-project-1\dataset\internet\clear\รายการเย็ดแม่.wav,581.740521,583.740521,เย็ด,2.0,context_0.4,32000
C:\Users\muldi\Documents\Playground\University\senior-project-1\dataset\internet\clear\รายการเย็ดแม่.wav,581.940521,583.940521,เย็ด,2.0,context_0.6,32000
C:\Users\muldi\Documents\Playground\University\senior-project-1\dataset\internet\clear\รายการเย็ดแม่.wav,582.1405209999999,584.1405209999999,เย็ด,2.0,context_0.8,32000
C:\Users\muldi\Documents\Playground\University\senior-project-1\dataset\internet\clear\รายการเย็ดแม่.wav,583.245751,585.245751,เย็ด,2.0,context_0.2,32000
C:\Users\muldi\Documents\Playground\University\senior-project-1\dataset\internet\clear\รายการเย็ดแม่.wav,583.445751,585.445751,เย็ด,2.0,context_0.4,32000
C:\Users\muldi\Documents\Playground\University\senior-project-1\dataset\internet\clear\รายการเย็ดแม่.wav,583.645751,585.645751,เย็ด,2.0,context_0.6,32000
C:\Users\muldi\Documents\Playground\University\senior-project-1\dataset\internet\clear\รายการเย็ดแม่.wav,583.845751,585.845751,เย็ด,2.0,context_0.8,32000
C:\Users\muldi\Documents\Playground\University\senior-project-1\dataset\internet\clear\รายการเย็ดแม่.wav,588.010975,590.010975,เหี้ย,2.0,context_0.2,32000
C:\Users\muldi\Documents\Playground\University\senior-project-1\dataset\internet\clear\รายการเย็ดแม่.wav,588.210975,590.210975,เหี้ย,2.0,context_0.4,32000
C:\Users\muldi\Documents\Playground\University\senior-project-1\dataset\internet\clear\รายการเย็ดแม่.wav,588.410975,590.410975,เหี้ย,2.0,context_0.6,32000
C:\Users\muldi\Documents\Playground\University\senior-project-1\dataset\internet\clear\รายการเย็ดแม่.wav,588.6109749999999,590.6109749999999,เหี้ย,2.0,context_0.8,32000
C:\Users\muldi\Documents\Playground\University\senior-project-1\dataset\internet\clear\รายการเย็ดแม่.wav,595.155513,597.155513,มึง,2.0,context_0.2,32000
C:\Users\muldi\Documents\Playground\University\senior-project-1\dataset\internet\clear\รายการเย็ดแม่.wav,595.355513,597.355513,มึง,2.0,context_0.4,32000
C:\Users\muldi\Documents\Playground\University\senior-project-1\dataset\internet\clear\รายการเย็ดแม่.wav,595.555513,597.555513,มึง,2.0,context_0.6,32000
C:\Users\muldi\Documents\Playground\University\senior-project-1\dataset\internet\clear\รายการเย็ดแม่.wav,595.755513,597.755513,มึง,2.0,context_0.8,32000
C:\Users\muldi\Documents\Playground\University\senior-project-1\dataset\internet\clear\รายการเย็ดแม่.wav,608.7010240000001,610.7010240000001,เหี้ย,2.0,context_0.2,32000
C:\Users\muldi\Documents\Playground\University\senior-project-1\dataset\internet\clear\รายการเย็ดแม่.wav,608.901024,610.901024,เหี้ย,2.0,context_0.4,32000
C:\Users\muldi\Documents\Playground\University\senior-project-1\dataset\internet\clear\รายการเย็ดแม่.wav,609.101024,611.101024,เหี้ย,2.0,context_0.6,32000
C:\Users\muldi\Documents\Playground\University\senior-project-1\dataset\internet\clear\รายการเย็ดแม่.wav,609.301024,611.301024,เหี้ย,2.0,context_0.8,32000
C:\Users\muldi\Documents\Playground\University\senior-project-1\dataset\internet\clear\รายการเย็ดแม่.wav,642.9440920000001,644.9440920000001,เหี้ย,2.0,context_0.2,32000
C:\Users\muldi\Documents\Playground\University\senior-project-1\dataset\internet\clear\รายการเย็ดแม่.wav,643.144092,645.144092,เหี้ย,2.0,context_0.4,32000
C:\Users\muldi\Documents\Playground\University\senior-project-1\dataset\internet\clear\รายการเย็ดแม่.wav,643.344092,645.344092,เหี้ย,2.0,context_0.6,32000
C:\Users\muldi\Documents\Playground\University\senior-project-1\dataset\internet\clear\รายการเย็ดแม่.wav,643.544092,645.544092,เหี้ย,2.0,context_0.8,32000
C:\Users\muldi\Documents\Playground\University\senior-project-1\dataset\internet\clear\รายการเย็ดแม่.wav,649.781929,651.781929,กู,2.0,context_0.2,32000
C:\Users\muldi\Documents\Playground\University\senior-project-1\dataset\internet\clear\รายการเย็ดแม่.wav,649.9819289999999,651.9819289999999,กู,2.0,context_0.4,32000
C:\Users\muldi\Documents\Playground\University\senior-project-1\dataset\internet\clear\รายการเย็ดแม่.wav,650.181929,652.181929,กู,2.0,context_0.6,32000
C:\Users\muldi\Documents\Playground\University\senior-project-1\dataset\internet\clear\รายการเย็ดแม่.wav,650.3819289999999,652.3819289999999,กู,2.0,context_0.8,32000
C:\Users\muldi\Documents\Playground\University\senior-project-1\dataset\internet\clear\รายการเย็ดแม่.wav,651.18817,653.18817,กู,2.0,context_0.2,32000
C:\Users\muldi\Documents\Playground\University\senior-project-1\dataset\internet\clear\รายการเย็ดแม่.wav,651.38817,653.38817,กู,2.0,context_0.4,32000
C:\Users\muldi\Documents\Playground\University\senior-project-1\dataset\internet\clear\รายการเย็ดแม่.wav,651.58817,653.58817,กู,2.0,context_0.6,32000
C:\Users\muldi\Documents\Playground\University\senior-project-1\dataset\internet\clear\รายการเย็ดแม่.wav,651.7881699999999,653.7881699999999,กู,2.0,context_0.8,32000
C:\Users\muldi\Documents\Playground\University\senior-project-1\dataset\internet\clear\รายการเย็ดแม่.wav,652.5509440000001,654.5509440000001,เหี้ย,2.0,context_0.2,32000
C:\Users\muldi\Documents\Playground\University\senior-project-1\dataset\internet\clear\รายการเย็ดแม่.wav,652.750944,654.750944,เหี้ย,2.0,context_0.4,32000
C:\Users\muldi\Documents\Playground\University\senior-project-1\dataset\internet\clear\รายการเย็ดแม่.wav,652.950944,654.950944,เหี้ย,2.0,context_0.6,32000
C:\Users\muldi\Documents\Playground\University\senior-project-1\dataset\internet\clear\รายการเย็ดแม่.wav,653.150944,655.150944,เหี้ย,2.0,context_0.8,32000
C:\Users\muldi\Documents\Playground\University\senior-project-1\dataset\internet\clear\รายการเย็ดแม่.wav,656.482481,658.482481,เหี้ย,2.0,context_0.2,32000
C:\Users\muldi\Documents\Playground\University\senior-project-1\dataset\internet\clear\รายการเย็ดแม่.wav,656.6824809999999,658.6824809999999,เหี้ย,2.0,context_0.4,32000
C:\Users\muldi\Documents\Playground\University\senior-project-1\dataset\internet\clear\รายการเย็ดแม่.wav,656.882481,658.882481,เหี้ย,2.0,context_0.6,32000
C:\Users\muldi\Documents\Playground\University\senior-project-1\dataset\internet\clear\รายการเย็ดแม่.wav,657.0824809999999,659.0824809999999,เหี้ย,2.0,context_0.8,32000
C:\Users\muldi\Documents\Playground\University\senior-project-1\dataset\internet\clear\รายการเย็ดแม่.wav,658.666958,660.666958,เหี้ย,2.0,context_0.2,32000
C:\Users\muldi\Documents\Playground\University\senior-project-1\dataset\internet\clear\รายการเย็ดแม่.wav,658.866958,660.866958,เหี้ย,2.0,context_0.4,32000
C:\Users\muldi\Documents\Playground\University\senior-project-1\dataset\internet\clear\รายการเย็ดแม่.wav,659.066958,661.066958,เหี้ย,2.0,context_0.6,32000
C:\Users\muldi\Documents\Playground\University\senior-project-1\dataset\internet\clear\รายการเย็ดแม่.wav,659.2669579999999,661.2669579999999,เหี้ย,2.0,context_0.8,32000
C:\Users\muldi\Documents\Playground\University\senior-project-1\dataset\internet\clear\รายการเย็ดแม่.wav,669.211277,671.211277,เหี้ย,2.0,context_0.2,32000
C:\Users\muldi\Documents\Playground\University\senior-project-1\dataset\internet\clear\รายการเย็ดแม่.wav,669.4112769999999,671.4112769999999,เหี้ย,2.0,context_0.4,32000
C:\Users\muldi\Documents\Playground\University\senior-project-1\dataset\internet\clear\รายการเย็ดแม่.wav,669.611277,671.611277,เหี้ย,2.0,context_0.6,32000
C:\Users\muldi\Documents\Playground\University\senior-project-1\dataset\internet\clear\รายการเย็ดแม่.wav,669.8112769999999,671.8112769999999,เหี้ย,2.0,context_0.8,32000
C:\Users\muldi\Documents\Playground\University\senior-project-1\dataset\internet\clear\รายการเย็ดแม่.wav,669.43739,671.43739,เหี้ย,2.0,context_0.2,32000
C:\Users\muldi\Documents\Playground\University\senior-project-1\dataset\internet\clear\รายการเย็ดแม่.wav,669.63739,671.63739,เหี้ย,2.0,context_0.4,32000
C:\Users\muldi\Documents\Playground\University\senior-project-1\dataset\internet\clear\รายการเย็ดแม่.wav,669.83739,671.83739,เหี้ย,2.0,context_0.6,32000
C:\Users\muldi\Documents\Playground\University\senior-project-1\dataset\internet\clear\รายการเย็ดแม่.wav,670.03739,672.03739,เหี้ย,2.0,context_0.8,32000
C:\Users\muldi\Documents\Playground\University\senior-project-1\dataset\internet\clear\รายการเย็ดแม่.wav,674.444156,676.444156,เหี้ย,2.0,context_0.2,32000
C:\Users\muldi\Documents\Playground\University\senior-project-1\dataset\internet\clear\รายการเย็ดแม่.wav,674.644156,676.644156,เหี้ย,2.0,context_0.4,32000
C:\Users\muldi\Documents\Playground\University\senior-project-1\dataset\internet\clear\รายการเย็ดแม่.wav,674.844156,676.844156,เหี้ย,2.0,context_0.6,32000
C:\Users\muldi\Documents\Playground\University\senior-project-1\dataset\internet\clear\รายการเย็ดแม่.wav,675.0441559999999,677.0441559999999,เหี้ย,2.0,context_0.8,32000
C:\Users\muldi\Documents\Playground\University\senior-project-1\dataset\internet\clear\รายการเย็ดแม่.wav,701.9014050000001,703.9014050000001,เหี้ย,2.0,context_0.2,32000
C:\Users\muldi\Documents\Playground\University\senior-project-1\dataset\internet\clear\รายการเย็ดแม่.wav,702.101405,704.101405,เหี้ย,2.0,context_0.4,32000
C:\Users\muldi\Documents\Playground\University\senior-project-1\dataset\internet\clear\รายการเย็ดแม่.wav,702.301405,704.301405,เหี้ย,2.0,context_0.6,32000
C:\Users\muldi\Documents\Playground\University\senior-project-1\dataset\internet\clear\รายการเย็ดแม่.wav,702.501405,704.501405,เหี้ย,2.0,context_0.8,32000
C:\Users\muldi\Documents\Playground\University\senior-project-1\dataset\internet\clear\รายการเย็ดแม่.wav,712.9088220000001,714.9088220000001,กู,2.0,context_0.2,32000
C:\Users\muldi\Documents\Playground\University\senior-project-1\dataset\internet\clear\รายการเย็ดแม่.wav,713.108822,715.108822,กู,2.0,context_0.4,32000
C:\Users\muldi\Documents\Playground\University\senior-project-1\dataset\internet\clear\รายการเย็ดแม่.wav,713.3088220000001,715.3088220000001,กู,2.0,context_0.6,32000
C:\Users\muldi\Documents\Playground\University\senior-project-1\dataset\internet\clear\รายการเย็ดแม่.wav,713.508822,715.508822,กู,2.0,context_0.8,32000
C:\Users\muldi\Documents\Playground\University\senior-project-1\dataset\internet\clear\รายการเย็ดแม่.wav,744.9011260000001,746.9011260000001,กู,2.0,context_0.2,32000
C:\Users\muldi\Documents\Playground\University\senior-project-1\dataset\internet\clear\รายการเย็ดแม่.wav,745.101126,747.101126,กู,2.0,context_0.4,32000
C:\Users\muldi\Documents\Playground\University\senior-project-1\dataset\internet\clear\รายการเย็ดแม่.wav,745.3011260000001,747.3011260000001,กู,2.0,context_0.6,32000
C:\Users\muldi\Documents\Playground\University\senior-project-1\dataset\internet\clear\รายการเย็ดแม่.wav,745.501126,747.501126,กู,2.0,context_0.8,32000
C:\Users\muldi\Documents\Playground\University\senior-project-1\dataset\internet\clear\รายการเย็ดแม่.wav,746.1990460000001,748.1990460000001,กู,2.0,context_0.2,32000
C:\Users\muldi\Documents\Playground\University\senior-project-1\dataset\internet\clear\รายการเย็ดแม่.wav,746.399046,748.399046,กู,2.0,context_0.4,32000
C:\Users\muldi\Documents\Playground\University\senior-project-1\dataset\internet\clear\รายการเย็ดแม่.wav,746.599046,748.599046,กู,2.0,context_0.6,32000
C:\Users\muldi\Documents\Playground\University\senior-project-1\dataset\internet\clear\รายการเย็ดแม่.wav,746.799046,748.799046,กู,2.0,context_0.8,32000
C:\Users\muldi\Documents\Playground\University\senior-project-1\dataset\internet\clear\รายการเย็ดแม่.wav,747.511149,749.511149,กู,2.0,context_0.2,32000
C:\Users\muldi\Documents\Playground\University\senior-project-1\dataset\internet\clear\รายการเย็ดแม่.wav,747.711149,749.711149,กู,2.0,context_0.4,32000
C:\Users\muldi\Documents\Playground\University\senior-project-1\dataset\internet\clear\รายการเย็ดแม่.wav,747.911149,749.911149,กู,2.0,context_0.6,32000
C:\Users\muldi\Documents\Playground\University\senior-project-1\dataset\internet\clear\รายการเย็ดแม่.wav,748.111149,750.111149,กู,2.0,context_0.8,32000
C:\Users\muldi\Documents\Playground\University\senior-project-1\dataset\internet\clear\รายการเย็ดแม่.wav,748.8310620000001,750.8310620000001,กู,2.0,context_0.2,32000
C:\Users\muldi\Documents\Playground\University\senior-project-1\dataset\internet\clear\รายการเย็ดแม่.wav,749.031062,751.031062,กู,2.0,context_0.4,32000
C:\Users\muldi\Documents\Playground\University\senior-project-1\dataset\internet\clear\รายการเย็ดแม่.wav,749.2310620000001,751.2310620000001,กู,2.0,context_0.6,32000
C:\Users\muldi\Documents\Playground\University\senior-project-1\dataset\internet\clear\รายการเย็ดแม่.wav,749.431062,751.431062,กู,2.0,context_0.8,32000
C:\Users\muldi\Documents\Playground\University\senior-project-1\dataset\internet\clear\รายการเย็ดแม่.wav,751.545344,753.545344,เหี้ย,2.0,context_0.2,32000
C:\Users\muldi\Documents\Playground\University\senior-project-1\dataset\internet\clear\รายการเย็ดแม่.wav,751.7453439999999,753.7453439999999,เหี้ย,2.0,context_0.4,32000
C:\Users\muldi\Documents\Playground\University\senior-project-1\dataset\internet\clear\รายการเย็ดแม่.wav,751.945344,753.945344,เหี้ย,2.0,context_0.6,32000
C:\Users\muldi\Documents\Playground\University\senior-project-1\dataset\internet\clear\รายการเย็ดแม่.wav,752.1453439999999,754.1453439999999,เหี้ย,2.0,context_0.8,32000
C:\Users\muldi\Documents\Playground\University\senior-project-1\dataset\internet\clear\รายการเย็ดแม่.wav,773.4273460000001,775.4273460000001,กู,2.0,context_0.2,32000
C:\Users\muldi\Documents\Playground\University\senior-project-1\dataset\internet\clear\รายการเย็ดแม่.wav,773.627346,775.627346,กู,2.0,context_0.4,32000
C:\Users\muldi\Documents\Playground\University\senior-project-1\dataset\internet\clear\รายการเย็ดแม่.wav,773.827346,775.827346,กู,2.0,context_0.6,32000
C:\Users\muldi\Documents\Playground\University\senior-project-1\dataset\internet\clear\รายการเย็ดแม่.wav,774.027346,776.027346,กู,2.0,context_0.8,32000
C:\Users\muldi\Documents\Playground\University\senior-project-1\dataset\internet\clear\รายการเย็ดแม่.wav,782.96564,784.96564,เหี้ย,2.0,context_0.2,32000
C:\Users\muldi\Documents\Playground\University\senior-project-1\dataset\internet\clear\รายการเย็ดแม่.wav,783.1656399999999,785.1656399999999,เหี้ย,2.0,context_0.4,32000
C:\Users\muldi\Documents\Playground\University\senior-project-1\dataset\internet\clear\รายการเย็ดแม่.wav,783.36564,785.36564,เหี้ย,2.0,context_0.6,32000
C:\Users\muldi\Documents\Playground\University\senior-project-1\dataset\internet\clear\รายการเย็ดแม่.wav,783.5656399999999,785.5656399999999,เหี้ย,2.0,context_0.8,32000
C:\Users\muldi\Documents\Playground\University\senior-project-1\dataset\internet\clear\รายการเย็ดแม่.wav,784.1855700000001,786.1855700000001,เหี้ย,2.0,context_0.2,32000
C:\Users\muldi\Documents\Playground\University\senior-project-1\dataset\internet\clear\รายการเย็ดแม่.wav,784.38557,786.38557,เหี้ย,2.0,context_0.4,32000
C:\Users\muldi\Documents\Playground\University\senior-project-1\dataset\internet\clear\รายการเย็ดแม่.wav,784.5855700000001,786.5855700000001,เหี้ย,2.0,context_0.6,32000
C:\Users\muldi\Documents\Playground\University\senior-project-1\dataset\internet\clear\รายการเย็ดแม่.wav,784.78557,786.78557,เหี้ย,2.0,context_0.8,32000
C:\Users\muldi\Documents\Playground\University\senior-project-1\dataset\internet\clear\รายการเย็ดแม่.wav,788.2335400000001,790.2335400000001,เหี้ย,2.0,context_0.2,32000
C:\Users\muldi\Documents\Playground\University\senior-project-1\dataset\internet\clear\รายการเย็ดแม่.wav,788.43354,790.43354,เหี้ย,2.0,context_0.4,32000
C:\Users\muldi\Documents\Playground\University\senior-project-1\dataset\internet\clear\รายการเย็ดแม่.wav,788.63354,790.63354,เหี้ย,2.0,context_0.6,32000
C:\Users\muldi\Documents\Playground\University\senior-project-1\dataset\internet\clear\รายการเย็ดแม่.wav,788.83354,790.83354,เหี้ย,2.0,context_0.8,32000
C:\Users\muldi\Documents\Playground\University\senior-project-1\dataset\internet\clear\รายการเย็ดแม่.wav,791.034966,793.034966,มึง,2.0,context_0.2,32000
C:\Users\muldi\Documents\Playground\University\senior-project-1\dataset\internet\clear\รายการเย็ดแม่.wav,791.234966,793.234966,มึง,2.0,context_0.4,32000
C:\Users\muldi\Documents\Playground\University\senior-project-1\dataset\internet\clear\รายการเย็ดแม่.wav,791.434966,793.434966,มึง,2.0,context_0.6,32000
C:\Users\muldi\Documents\Playground\University\senior-project-1\dataset\internet\clear\รายการเย็ดแม่.wav,791.634966,793.634966,มึง,2.0,context_0.8,32000
C:\Users\muldi\Documents\Playground\University\senior-project-1\dataset\internet\clear\รายการเย็ดแม่.wav,792.126039,794.126039,มึง,2.0,context_0.2,32000
C:\Users\muldi\Documents\Playground\University\senior-project-1\dataset\internet\clear\รายการเย็ดแม่.wav,792.3260389999999,794.3260389999999,มึง,2.0,context_0.4,32000
C:\Users\muldi\Documents\Playground\University\senior-project-1\dataset\internet\clear\รายการเย็ดแม่.wav,792.526039,794.526039,มึง,2.0,context_0.6,32000
C:\Users\muldi\Documents\Playground\University\senior-project-1\dataset\internet\clear\รายการเย็ดแม่.wav,792.7260389999999,794.7260389999999,มึง,2.0,context_0.8,32000
C:\Users\muldi\Documents\Playground\University\senior-project-1\dataset\internet\clear\รายการเย็ดแม่.wav,796.909027,798.909027,กู,2.0,context_0.2,32000
C:\Users\muldi\Documents\Playground\University\senior-project-1\dataset\internet\clear\รายการเย็ดแม่.wav,797.109027,799.109027,กู,2.0,context_0.4,32000
C:\Users\muldi\Documents\Playground\University\senior-project-1\dataset\internet\clear\รายการเย็ดแม่.wav,797.309027,799.309027,กู,2.0,context_0.6,32000
C:\Users\muldi\Documents\Playground\University\senior-project-1\dataset\internet\clear\รายการเย็ดแม่.wav,797.509027,799.509027,กู,2.0,context_0.8,32000
C:\Users\muldi\Documents\Playground\University\senior-project-1\dataset\internet\clear\รายการเย็ดแม่.wav,797.7085880000001,799.7085880000001,เย็ด,2.0,context_0.2,32000
C:\Users\muldi\Documents\Playground\University\senior-project-1\dataset\internet\clear\รายการเย็ดแม่.wav,797.908588,799.908588,เย็ด,2.0,context_0.4,32000
C:\Users\muldi\Documents\Playground\University\senior-project-1\dataset\internet\clear\รายการเย็ดแม่.wav,798.108588,800.108588,เย็ด,2.0,context_0.6,32000
C:\Users\muldi\Documents\Playground\University\senior-project-1\dataset\internet\clear\รายการเย็ดแม่.wav,798.308588,800.308588,เย็ด,2.0,context_0.8,32000
C:\Users\muldi\Documents\Playground\University\senior-project-1\dataset\internet\clear\รายการเย็ดแม่.wav,814.9145050000001,816.9145050000001,เหี้ย,2.0,context_0.2,32000
C:\Users\muldi\Documents\Playground\University\senior-project-1\dataset\internet\clear\รายการเย็ดแม่.wav,815.114505,817.114505,เหี้ย,2.0,context_0.4,32000
C:\Users\muldi\Documents\Playground\University\senior-project-1\dataset\internet\clear\รายการเย็ดแม่.wav,815.314505,817.314505,เหี้ย,2.0,context_0.6,32000
C:\Users\muldi\Documents\Playground\University\senior-project-1\dataset\internet\clear\รายการเย็ดแม่.wav,815.514505,817.514505,เหี้ย,2.0,context_0.8,32000
C:\Users\muldi\Documents\Playground\University\senior-project-1\dataset\internet\clear\รายการเย็ดแม่.wav,816.1100610000001,818.1100610000001,กู,2.0,context_0.2,32000
C:\Users\muldi\Documents\Playground\University\senior-project-1\dataset\internet\clear\รายการเย็ดแม่.wav,816.310061,818.310061,กู,2.0,context_0.4,32000
C:\Users\muldi\Documents\Playground\University\senior-project-1\dataset\internet\clear\รายการเย็ดแม่.wav,816.5100610000001,818.5100610000001,กู,2.0,context_0.6,32000
C:\Users\muldi\Documents\Playground\University\senior-project-1\dataset\internet\clear\รายการเย็ดแม่.wav,816.710061,818.710061,กู,2.0,context_0.8,32000
C:\Users\muldi\Documents\Playground\University\senior-project-1\dataset\internet\clear\รายการเย็ดแม่.wav,818.011827,820.011827,กู,2.0,context_0.2,32000
C:\Users\muldi\Documents\Playground\University\senior-project-1\dataset\internet\clear\รายการเย็ดแม่.wav,818.211827,820.211827,กู,2.0,context_0.4,32000
C:\Users\muldi\Documents\Playground\University\senior-project-1\dataset\internet\clear\รายการเย็ดแม่.wav,818.411827,820.411827,กู,2.0,context_0.6,32000
C:\Users\muldi\Documents\Playground\University\senior-project-1\dataset\internet\clear\รายการเย็ดแม่.wav,818.611827,820.611827,กู,2.0,context_0.8,32000
C:\Users\muldi\Documents\Playground\University\senior-project-1\dataset\internet\clear\รายการเย็ดแม่.wav,822.0550390000001,824.0550390000001,เหี้ย,2.0,context_0.2,32000
C:\Users\muldi\Documents\Playground\University\senior-project-1\dataset\internet\clear\รายการเย็ดแม่.wav,822.255039,824.255039,เหี้ย,2.0,context_0.4,32000
C:\Users\muldi\Documents\Playground\University\senior-project-1\dataset\internet\clear\รายการเย็ดแม่.wav,822.455039,824.455039,เหี้ย,2.0,context_0.6,32000
C:\Users\muldi\Documents\Playground\University\senior-project-1\dataset\internet\clear\รายการเย็ดแม่.wav,822.655039,824.655039,เหี้ย,2.0,context_0.8,32000
C:\Users\muldi\Documents\Playground\University\senior-project-1\dataset\internet\clear\รายการเย็ดแม่.wav,876.3190010000001,878.3190010000001,กู,2.0,context_0.2,32000
C:\Users\muldi\Documents\Playground\University\senior-project-1\dataset\internet\clear\รายการเย็ดแม่.wav,876.519001,878.519001,กู,2.0,context_0.4,32000
C:\Users\muldi\Documents\Playground\University\senior-project-1\dataset\internet\clear\รายการเย็ดแม่.wav,876.719001,878.719001,กู,2.0,context_0.6,32000
C:\Users\muldi\Documents\Playground\University\senior-project-1\dataset\internet\clear\รายการเย็ดแม่.wav,876.919001,878.919001,กู,2.0,context_0.8,32000
C:\Users\muldi\Documents\Playground\University\senior-project-1\dataset\internet\clear\รายการเย็ดแม่.wav,878.4575490000001,880.4575490000001,กู,2.0,context_0.2,32000
C:\Users\muldi\Documents\Playground\University\senior-project-1\dataset\internet\clear\รายการเย็ดแม่.wav,878.657549,880.657549,กู,2.0,context_0.4,32000
C:\Users\muldi\Documents\Playground\University\senior-project-1\dataset\internet\clear\รายการเย็ดแม่.wav,878.8575490000001,880.8575490000001,กู,2.0,context_0.6,32000
C:\Users\muldi\Documents\Playground\University\senior-project-1\dataset\internet\clear\รายการเย็ดแม่.wav,879.057549,881.057549,กู,2.0,context_0.8,32000
C:\Users\muldi\Documents\Playground\University\senior-project-1\dataset\internet\clear\รายการเย็ดแม่.wav,934.0169830000001,936.0169830000001,เย็ด,2.0,context_0.2,32000
C:\Users\muldi\Documents\Playground\University\senior-project-1\dataset\internet\clear\รายการเย็ดแม่.wav,934.216983,936.216983,เย็ด,2.0,context_0.4,32000
C:\Users\muldi\Documents\Playground\University\senior-project-1\dataset\internet\clear\รายการเย็ดแม่.wav,934.4169830000001,936.4169830000001,เย็ด,2.0,context_0.6,32000
C:\Users\muldi\Documents\Playground\University\senior-project-1\dataset\internet\clear\รายการเย็ดแม่.wav,934.616983,936.616983,เย็ด,2.0,context_0.8,32000
C:\Users\muldi\Documents\Playground\University\senior-project-1\dataset\internet\clear\รายการเย็ดแม่.wav,943.010357,945.010357,กู,2.0,context_0.2,32000
C:\Users\muldi\Documents\Playground\University\senior-project-1\dataset\internet\clear\รายการเย็ดแม่.wav,943.2103569999999,945.2103569999999,กู,2.0,context_0.4,32000
C:\Users\muldi\Documents\Playground\University\senior-project-1\dataset\internet\clear\รายการเย็ดแม่.wav,943.410357,945.410357,กู,2.0,context_0.6,32000
C:\Users\muldi\Documents\Playground\University\senior-project-1\dataset\internet\clear\รายการเย็ดแม่.wav,943.6103569999999,945.6103569999999,กู,2.0,context_0.8,32000
C:\Users\muldi\Documents\Playground\University\senior-project-1\dataset\internet\clear\รายการเย็ดแม่.wav,943.4783580000001,945.4783580000001,กู,2.0,context_0.2,32000
C:\Users\muldi\Documents\Playground\University\senior-project-1\dataset\internet\clear\รายการเย็ดแม่.wav,943.678358,945.678358,กู,2.0,context_0.4,32000
C:\Users\muldi\Documents\Playground\University\senior-project-1\dataset\internet\clear\รายการเย็ดแม่.wav,943.878358,945.878358,กู,2.0,context_0.6,32000
C:\Users\muldi\Documents\Playground\University\senior-project-1\dataset\internet\clear\รายการเย็ดแม่.wav,944.078358,946.078358,กู,2.0,context_0.8,32000
C:\Users\muldi\Documents\Playground\University\senior-project-1\dataset\internet\clear\รายการเย็ดแม่.wav,950.9877170000001,952.9877170000001,เย็ด,2.0,context_0.2,32000
C:\Users\muldi\Documents\Playground\University\senior-project-1\dataset\internet\clear\รายการเย็ดแม่.wav,951.187717,953.187717,เย็ด,2.0,context_0.4,32000
C:\Users\muldi\Documents\Playground\University\senior-project-1\dataset\internet\clear\รายการเย็ดแม่.wav,951.3877170000001,953.3877170000001,เย็ด,2.0,context_0.6,32000
C:\Users\muldi\Documents\Playground\University\senior-project-1\dataset\internet\clear\รายการเย็ดแม่.wav,951.587717,953.587717,เย็ด,2.0,context_0.8,32000
C:\Users\muldi\Documents\Playground\University\senior-project-1\dataset\internet\clear\รายการเย็ดแม่.wav,955.197899,957.197899,กู,2.0,context_0.2,32000
C:\Users\muldi\Documents\Playground\University\senior-project-1\dataset\internet\clear\รายการเย็ดแม่.wav,955.3978989999999,957.3978989999999,กู,2.0,context_0.4,32000
C:\Users\muldi\Documents\Playground\University\senior-project-1\dataset\internet\clear\รายการเย็ดแม่.wav,955.597899,957.597899,กู,2.0,context_0.6,32000
C:\Users\muldi\Documents\Playground\University\senior-project-1\dataset\internet\clear\รายการเย็ดแม่.wav,955.7978989999999,957.7978989999999,กู,2.0,context_0.8,32000
C:\Users\muldi\Documents\Playground\University\senior-project-1\dataset\internet\clear\รายการเย็ดแม่.wav,959.500035,961.500035,กู,2.0,context_0.2,32000
C:\Users\muldi\Documents\Playground\University\senior-project-1\dataset\internet\clear\รายการเย็ดแม่.wav,959.700035,961.700035,กู,2.0,context_0.4,32000
C:\Users\muldi\Documents\Playground\University\senior-project-1\dataset\internet\clear\รายการเย็ดแม่.wav,959.900035,961.900035,กู,2.0,context_0.6,32000
C:\Users\muldi\Documents\Playground\University\senior-project-1\dataset\internet\clear\รายการเย็ดแม่.wav,960.1000349999999,962.1000349999999,กู,2.0,context_0.8,32000
C:\Users\muldi\Documents\Playground\University\senior-project-1\dataset\internet\clear\รายการเย็ดแม่.wav,0.0,2.0,none,2.0,none_sample,32000
C:\Users\muldi\Documents\Playground\University\senior-project-1\dataset\internet\clear\รายการเย็ดแม่.wav,3.000000000000001,5.000000000000001,none,2.0,none_sample,32000
C:\Users\muldi\Documents\Playground\University\senior-project-1\dataset\internet\clear\รายการเย็ดแม่.wav,5.000000000000001,7.000000000000001,none,2.0,none_sample,32000
C:\Users\muldi\Documents\Playground\University\senior-project-1\dataset\internet\clear\รายการเย็ดแม่.wav,7.000000000000001,9.0,none,2.0,none_sample,32000
C:\Users\muldi\Documents\Playground\University\senior-project-1\dataset\internet\clear\รายการเย็ดแม่.wav,9.0,11.0,none,2.0,none_sample,32000
C:\Users\muldi\Documents\Playground\University\senior-project-1\dataset\internet\clear\รายการเย็ดแม่.wav,11.0,13.0,none,2.0,none_sample,32000
C:\Users\muldi\Documents\Playground\University\senior-project-1\dataset\internet\clear\รายการเย็ดแม่.wav,13.0,15.0,none,2.0,none_sample,32000
C:\Users\muldi\Documents\Playground\University\senior-project-1\dataset\internet\clear\รายการเย็ดแม่.wav,15.0,17.0,none,2.0,none_sample,32000
C:\Users\muldi\Documents\Playground\University\senior-project-1\dataset\internet\clear\รายการเย็ดแม่.wav,17.0,19.0,none,2.0,none_sample,32000
C:\Users\muldi\Documents\Playground\University\senior-project-1\dataset\internet\clear\รายการเย็ดแม่.wav,19.0,21.0,none,2.0,none_sample,32000
C:\Users\muldi\Documents\Playground\University\senior-project-1\dataset\internet\clear\รายการเย็ดแม่.wav,21.0,23.0,none,2.0,none_sample,32000
C:\Users\muldi\Documents\Playground\University\senior-project-1\dataset\internet\clear\รายการเย็ดแม่.wav,23.0,25.0,none,2.0,none_sample,32000
C:\Users\muldi\Documents\Playground\University\senior-project-1\dataset\internet\clear\รายการเย็ดแม่.wav,25.0,27.0,none,2.0,none_sample,32000
C:\Users\muldi\Documents\Playground\University\senior-project-1\dataset\internet\clear\รายการเย็ดแม่.wav,28.199999999999996,30.199999999999996,none,2.0,none_sample,32000
C:\Users\muldi\Documents\Playground\University\senior-project-1\dataset\internet\clear\รายการเย็ดแม่.wav,30.199999999999996,32.199999999999996,none,2.0,none_sample,32000
C:\Users\muldi\Documents\Playground\University\senior-project-1\dataset\internet\clear\รายการเย็ดแม่.wav,37.20000000000007,39.20000000000007,none,2.0,none_sample,32000
C:\Users\muldi\Documents\Playground\University\senior-project-1\dataset\internet\clear\รายการเย็ดแม่.wav,39.20000000000007,41.20000000000007,none,2.0,none_sample,32000
C:\Users\muldi\Documents\Playground\University\senior-project-1\dataset\internet\clear\รายการเย็ดแม่.wav,41.20000000000007,43.20000000000007,none,2.0,none_sample,32000
C:\Users\muldi\Documents\Playground\University\senior-project-1\dataset\internet\clear\รายการเย็ดแม่.wav,43.20000000000007,45.20000000000007,none,2.0,none_sample,32000
C:\Users\muldi\Documents\Playground\University\senior-project-1\dataset\internet\clear\รายการเย็ดแม่.wav,45.20000000000007,47.20000000000007,none,2.0,none_sample,32000
C:\Users\muldi\Documents\Playground\University\senior-project-1\dataset\internet\clear\รายการเย็ดแม่.wav,47.20000000000007,49.20000000000007,none,2.0,none_sample,32000
C:\Users\muldi\Documents\Playground\University\senior-project-1\dataset\internet\clear\รายการเย็ดแม่.wav,49.20000000000007,51.20000000000007,none,2.0,none_sample,32000
C:\Users\muldi\Documents\Playground\University\senior-project-1\dataset\internet\clear\รายการเย็ดแม่.wav,51.20000000000007,53.20000000000007,none,2.0,none_sample,32000
C:\Users\muldi\Documents\Playground\University\senior-project-1\dataset\internet\clear\รายการเย็ดแม่.wav,53.20000000000007,55.20000000000007,none,2.0,none_sample,32000
C:\Users\muldi\Documents\Playground\University\senior-project-1\dataset\internet\clear\รายการเย็ดแม่.wav,55.20000000000007,57.20000000000007,none,2.0,none_sample,32000
C:\Users\muldi\Documents\Playground\University\senior-project-1\dataset\internet\clear\รายการเย็ดแม่.wav,57.20000000000007,59.20000000000007,none,2.0,none_sample,32000
C:\Users\muldi\Documents\Playground\University\senior-project-1\dataset\internet\clear\รายการเย็ดแม่.wav,59.20000000000007,61.20000000000007,none,2.0,none_sample,32000
C:\Users\muldi\Documents\Playground\University\senior-project-1\dataset\internet\clear\รายการเย็ดแม่.wav,61.20000000000007,63.20000000000007,none,2.0,none_sample,32000
C:\Users\muldi\Documents\Playground\University\senior-project-1\dataset\internet\clear\รายการเย็ดแม่.wav,63.20000000000007,65.20000000000007,none,2.0,none_sample,32000
C:\Users\muldi\Documents\Playground\University\senior-project-1\dataset\internet\clear\รายการเย็ดแม่.wav,65.20000000000007,67.20000000000007,none,2.0,none_sample,32000
C:\Users\muldi\Documents\Playground\University\senior-project-1\dataset\internet\clear\รายการเย็ดแม่.wav,67.20000000000007,69.20000000000007,none,2.0,none_sample,32000
C:\Users\muldi\Documents\Playground\University\senior-project-1\dataset\internet\clear\รายการเย็ดแม่.wav,69.20000000000007,71.20000000000007,none,2.0,none_sample,32000
C:\Users\muldi\Documents\Playground\University\senior-project-1\dataset\internet\clear\รายการเย็ดแม่.wav,71.20000000000007,73.20000000000007,none,2.0,none_sample,32000
C:\Users\muldi\Documents\Playground\University\senior-project-1\dataset\internet\clear\รายการเย็ดแม่.wav,73.20000000000007,75.20000000000007,none,2.0,none_sample,32000
C:\Users\muldi\Documents\Playground\University\senior-project-1\dataset\internet\clear\รายการเย็ดแม่.wav,75.20000000000007,77.20000000000007,none,2.0,none_sample,32000
C:\Users\muldi\Documents\Playground\University\senior-project-1\dataset\internet\clear\รายการเย็ดแม่.wav,77.20000000000007,79.20000000000007,none,2.0,none_sample,32000
C:\Users\muldi\Documents\Playground\University\senior-project-1\dataset\internet\clear\รายการเย็ดแม่.wav,79.20000000000007,81.20000000000007,none,2.0,none_sample,32000
C:\Users\muldi\Documents\Playground\University\senior-project-1\dataset\internet\clear\รายการเย็ดแม่.wav,81.20000000000007,83.20000000000007,none,2.0,none_sample,32000
C:\Users\muldi\Documents\Playground\University\senior-project-1\dataset\internet\clear\รายการเย็ดแม่.wav,83.20000000000007,85.20000000000007,none,2.0,none_sample,32000
C:\Users\muldi\Documents\Playground\University\senior-project-1\dataset\internet\clear\รายการเย็ดแม่.wav,85.20000000000007,87.20000000000007,none,2.0,none_sample,32000
C:\Users\muldi\Documents\Playground\University\senior-project-1\dataset\internet\clear\รายการเย็ดแม่.wav,87.20000000000007,89.20000000000007,none,2.0,none_sample,32000
C:\Users\muldi\Documents\Playground\University\senior-project-1\dataset\internet\clear\รายการเย็ดแม่.wav,89.20000000000007,91.20000000000007,none,2.0,none_sample,32000
C:\Users\muldi\Documents\Playground\University\senior-project-1\dataset\internet\clear\รายการเย็ดแม่.wav,94.00000000000011,96.00000000000011,none,2.0,none_sample,32000
C:\Users\muldi\Documents\Playground\University\senior-project-1\dataset\internet\clear\รายการเย็ดแม่.wav,96.00000000000011,98.00000000000011,none,2.0,none_sample,32000
C:\Users\muldi\Documents\Playground\University\senior-project-1\dataset\internet\clear\รายการเย็ดแม่.wav,98.00000000000011,100.00000000000011,none,2.0,none_sample,32000
C:\Users\muldi\Documents\Playground\University\senior-project-1\dataset\internet\clear\รายการเย็ดแม่.wav,100.00000000000011,102.00000000000011,none,2.0,none_sample,32000
C:\Users\muldi\Documents\Playground\University\senior-project-1\dataset\internet\clear\รายการเย็ดแม่.wav,102.00000000000011,104.00000000000011,none,2.0,none_sample,32000
C:\Users\muldi\Documents\Playground\University\senior-project-1\dataset\internet\clear\รายการเย็ดแม่.wav,104.00000000000011,106.00000000000011,none,2.0,none_sample,32000
C:\Users\muldi\Documents\Playground\University\senior-project-1\dataset\internet\clear\รายการเย็ดแม่.wav,109.00000000000016,111.00000000000016,none,2.0,none_sample,32000
C:\Users\muldi\Documents\Playground\University\senior-project-1\dataset\internet\clear\รายการเย็ดแม่.wav,111.00000000000016,113.00000000000016,none,2.0,none_sample,32000
C:\Users\muldi\Documents\Playground\University\senior-project-1\dataset\internet\clear\รายการเย็ดแม่.wav,115.00000000000018,117.00000000000018,none,2.0,none_sample,32000
C:\Users\muldi\Documents\Playground\University\senior-project-1\dataset\internet\clear\รายการเย็ดแม่.wav,117.00000000000018,119.00000000000018,none,2.0,none_sample,32000
C:\Users\muldi\Documents\Playground\University\senior-project-1\dataset\internet\clear\รายการเย็ดแม่.wav,119.00000000000018,121.00000000000018,none,2.0,none_sample,32000
C:\Users\muldi\Documents\Playground\University\senior-project-1\dataset\internet\clear\รายการเย็ดแม่.wav,121.00000000000018,123.00000000000018,none,2.0,none_sample,32000
C:\Users\muldi\Documents\Playground\University\senior-project-1\dataset\internet\clear\รายการเย็ดแม่.wav,123.00000000000018,125.00000000000018,none,2.0,none_sample,32000
C:\Users\muldi\Documents\Playground\University\senior-project-1\dataset\internet\clear\รายการเย็ดแม่.wav,125.00000000000018,127.00000000000018,none,2.0,none_sample,32000
C:\Users\muldi\Documents\Playground\University\senior-project-1\dataset\internet\clear\รายการเย็ดแม่.wav,127.00000000000018,129.00000000000017,none,2.0,none_sample,32000
C:\Users\muldi\Documents\Playground\University\senior-project-1\dataset\internet\clear\รายการเย็ดแม่.wav,129.00000000000017,131.00000000000017,none,2.0,none_sample,32000
C:\Users\muldi\Documents\Playground\University\senior-project-1\dataset\internet\clear\รายการเย็ดแม่.wav,131.00000000000017,133.00000000000017,none,2.0,none_sample,32000
C:\Users\muldi\Documents\Playground\University\senior-project-1\dataset\internet\clear\รายการเย็ดแม่.wav,133.00000000000017,135.00000000000017,none,2.0,none_sample,32000
C:\Users\muldi\Documents\Playground\University\senior-project-1\dataset\internet\clear\รายการเย็ดแม่.wav,135.00000000000017,137.00000000000017,none,2.0,none_sample,32000
C:\Users\muldi\Documents\Playground\University\senior-project-1\dataset\internet\clear\รายการเย็ดแม่.wav,137.00000000000017,139.00000000000017,none,2.0,none_sample,32000
C:\Users\muldi\Documents\Playground\University\senior-project-1\dataset\internet\clear\รายการเย็ดแม่.wav,139.00000000000017,141.00000000000017,none,2.0,none_sample,32000
C:\Users\muldi\Documents\Playground\University\senior-project-1\dataset\internet\clear\รายการเย็ดแม่.wav,141.00000000000017,143.00000000000017,none,2.0,none_sample,32000
C:\Users\muldi\Documents\Playground\University\senior-project-1\dataset\internet\clear\รายการเย็ดแม่.wav,143.00000000000017,145.00000000000017,none,2.0,none_sample,32000
C:\Users\muldi\Documents\Playground\University\senior-project-1\dataset\internet\clear\รายการเย็ดแม่.wav,145.00000000000017,147.00000000000017,none,2.0,none_sample,32000
C:\Users\muldi\Documents\Playground\University\senior-project-1\dataset\internet\clear\รายการเย็ดแม่.wav,147.00000000000017,149.00000000000017,none,2.0,none_sample,32000
C:\Users\muldi\Documents\Playground\University\senior-project-1\dataset\internet\clear\รายการเย็ดแม่.wav,149.00000000000017,151.00000000000017,none,2.0,none_sample,32000
C:\Users\muldi\Documents\Playground\University\senior-project-1\dataset\internet\clear\รายการเย็ดแม่.wav,152.2000000000001,154.2000000000001,none,2.0,none_sample,32000
C:\Users\muldi\Documents\Playground\University\senior-project-1\dataset\internet\clear\รายการเย็ดแม่.wav,154.2000000000001,156.2000000000001,none,2.0,none_sample,32000
C:\Users\muldi\Documents\Playground\University\senior-project-1\dataset\internet\clear\รายการเย็ดแม่.wav,156.2000000000001,158.2000000000001,none,2.0,none_sample,32000
C:\Users\muldi\Documents\Playground\University\senior-project-1\dataset\internet\clear\รายการเย็ดแม่.wav,158.2000000000001,160.2000000000001,none,2.0,none_sample,32000
C:\Users\muldi\Documents\Playground\University\senior-project-1\dataset\internet\clear\รายการเย็ดแม่.wav,160.2000000000001,162.2000000000001,none,2.0,none_sample,32000
C:\Users\muldi\Documents\Playground\University\senior-project-1\dataset\internet\clear\รายการเย็ดแม่.wav,162.2000000000001,164.2000000000001,none,2.0,none_sample,32000
C:\Users\muldi\Documents\Playground\University\senior-project-1\dataset\internet\clear\รายการเย็ดแม่.wav,164.2000000000001,166.2000000000001,none,2.0,none_sample,32000
C:\Users\muldi\Documents\Playground\University\senior-project-1\dataset\internet\clear\รายการเย็ดแม่.wav,166.2000000000001,168.2000000000001,none,2.0,none_sample,32000
C:\Users\muldi\Documents\Playground\University\senior-project-1\dataset\internet\clear\รายการเย็ดแม่.wav,170.39999999999998,172.39999999999998,none,2.0,none_sample,32000
C:\Users\muldi\Documents\Playground\University\senior-project-1\dataset\internet\clear\รายการเย็ดแม่.wav,172.39999999999998,174.39999999999998,none,2.0,none_sample,32000
C:\Users\muldi\Documents\Playground\University\senior-project-1\dataset\internet\clear\รายการเย็ดแม่.wav,174.39999999999998,176.39999999999998,none,2.0,none_sample,32000
C:\Users\muldi\Documents\Playground\University\senior-project-1\dataset\internet\clear\รายการเย็ดแม่.wav,178.19999999999987,180.19999999999987,none,2.0,none_sample,32000
C:\Users\muldi\Documents\Playground\University\senior-project-1\dataset\internet\clear\รายการเย็ดแม่.wav,182.39999999999975,184.39999999999975,none,2.0,none_sample,32000
C:\Users\muldi\Documents\Playground\University\senior-project-1\dataset\internet\clear\รายการเย็ดแม่.wav,184.39999999999975,186.39999999999975,none,2.0,none_sample,32000
C:\Users\muldi\Documents\Playground\University\senior-project-1\dataset\internet\clear\รายการเย็ดแม่.wav,186.39999999999975,188.39999999999975,none,2.0,none_sample,32000
C:\Users\muldi\Documents\Playground\University\senior-project-1\dataset\internet\clear\รายการเย็ดแม่.wav,188.39999999999975,190.39999999999975,none,2.0,none_sample,32000
C:\Users\muldi\Documents\Playground\University\senior-project-1\dataset\internet\clear\รายการเย็ดแม่.wav,190.39999999999975,192.39999999999975,none,2.0,none_sample,32000
C:\Users\muldi\Documents\Playground\University\senior-project-1\dataset\internet\clear\รายการเย็ดแม่.wav,192.39999999999975,194.39999999999975,none,2.0,none_sample,32000
C:\Users\muldi\Documents\Playground\University\senior-project-1\dataset\internet\clear\รายการเย็ดแม่.wav,194.39999999999975,196.39999999999975,none,2.0,none_sample,32000
C:\Users\muldi\Documents\Playground\University\senior-project-1\dataset\internet\clear\รายการเย็ดแม่.wav,196.39999999999975,198.39999999999975,none,2.0,none_sample,32000
C:\Users\muldi\Documents\Playground\University\senior-project-1\dataset\internet\clear\รายการเย็ดแม่.wav,198.39999999999975,200.39999999999975,none,2.0,none_sample,32000
C:\Users\muldi\Documents\Playground\University\senior-project-1\dataset\internet\clear\รายการเย็ดแม่.wav,200.39999999999975,202.39999999999975,none,2.0,none_sample,32000
C:\Users\muldi\Documents\Playground\University\senior-project-1\dataset\internet\clear\รายการเย็ดแม่.wav,208.99999999999937,210.99999999999937,none,2.0,none_sample,32000
C:\Users\muldi\Documents\Playground\University\senior-project-1\dataset\internet\clear\รายการเย็ดแม่.wav,210.99999999999937,212.99999999999937,none,2.0,none_sample,32000
C:\Users\muldi\Documents\Playground\University\senior-project-1\dataset\internet\clear\รายการเย็ดแม่.wav,212.99999999999937,214.99999999999937,none,2.0,none_sample,32000
C:\Users\muldi\Documents\Playground\University\senior-project-1\dataset\internet\clear\รายการเย็ดแม่.wav,214.99999999999937,216.99999999999937,none,2.0,none_sample,32000
C:\Users\muldi\Documents\Playground\University\senior-project-1\dataset\internet\clear\รายการเย็ดแม่.wav,216.99999999999937,218.99999999999937,none,2.0,none_sample,32000
C:\Users\muldi\Documents\Playground\University\senior-project-1\dataset\internet\clear\รายการเย็ดแม่.wav,218.99999999999937,220.99999999999937,none,2.0,none_sample,32000
C:\Users\muldi\Documents\Playground\University\senior-project-1\dataset\internet\clear\รายการเย็ดแม่.wav,220.99999999999937,222.99999999999937,none,2.0,none_sample,32000
C:\Users\muldi\Documents\Playground\University\senior-project-1\dataset\internet\clear\รายการเย็ดแม่.wav,222.99999999999937,224.99999999999937,none,2.0,none_sample,32000
C:\Users\muldi\Documents\Playground\University\senior-project-1\dataset\internet\clear\รายการเย็ดแม่.wav,224.99999999999937,226.99999999999937,none,2.0,none_sample,32000
C:\Users\muldi\Documents\Playground\University\senior-project-1\dataset\internet\clear\รายการเย็ดแม่.wav,226.99999999999937,228.99999999999937,none,2.0,none_sample,32000
C:\Users\muldi\Documents\Playground\University\senior-project-1\dataset\internet\clear\รายการเย็ดแม่.wav,228.99999999999937,230.99999999999937,none,2.0,none_sample,32000
C:\Users\muldi\Documents\Playground\University\senior-project-1\dataset\internet\clear\รายการเย็ดแม่.wav,230.99999999999937,232.99999999999937,none,2.0,none_sample,32000
C:\Users\muldi\Documents\Playground\University\senior-project-1\dataset\internet\clear\รายการเย็ดแม่.wav,232.99999999999937,234.99999999999937,none,2.0,none_sample,32000
C:\Users\muldi\Documents\Playground\University\senior-project-1\dataset\internet\clear\รายการเย็ดแม่.wav,234.99999999999937,236.99999999999937,none,2.0,none_sample,32000
C:\Users\muldi\Documents\Playground\University\senior-project-1\dataset\internet\clear\รายการเย็ดแม่.wav,236.99999999999937,238.99999999999937,none,2.0,none_sample,32000
C:\Users\muldi\Documents\Playground\University\senior-project-1\dataset\internet\clear\รายการเย็ดแม่.wav,238.99999999999937,240.99999999999937,none,2.0,none_sample,32000
C:\Users\muldi\Documents\Playground\University\senior-project-1\dataset\internet\clear\รายการเย็ดแม่.wav,240.99999999999937,242.99999999999937,none,2.0,none_sample,32000
C:\Users\muldi\Documents\Playground\University\senior-project-1\dataset\internet\clear\รายการเย็ดแม่.wav,243.79999999999933,245.79999999999933,none,2.0,none_sample,32000
C:\Users\muldi\Documents\Playground\University\senior-project-1\dataset\internet\clear\รายการเย็ดแม่.wav,246.59999999999928,248.59999999999928,none,2.0,none_sample,32000
C:\Users\muldi\Documents\Playground\University\senior-project-1\dataset\internet\clear\รายการเย็ดแม่.wav,248.59999999999928,250.59999999999928,none,2.0,none_sample,32000
C:\Users\muldi\Documents\Playground\University\senior-project-1\dataset\internet\clear\รายการเย็ดแม่.wav,250.59999999999928,252.59999999999928,none,2.0,none_sample,32000
C:\Users\muldi\Documents\Playground\University\senior-project-1\dataset\internet\clear\รายการเย็ดแม่.wav,252.59999999999928,254.59999999999928,none,2.0,none_sample,32000
C:\Users\muldi\Documents\Playground\University\senior-project-1\dataset\internet\clear\รายการเย็ดแม่.wav,255.39999999999924,257.39999999999924,none,2.0,none_sample,32000
C:\Users\muldi\Documents\Playground\University\senior-project-1\dataset\internet\clear\รายการเย็ดแม่.wav,257.39999999999924,259.39999999999924,none,2.0,none_sample,32000
C:\Users\muldi\Documents\Playground\University\senior-project-1\dataset\internet\clear\รายการเย็ดแม่.wav,261.3999999999991,263.3999999999991,none,2.0,none_sample,32000
C:\Users\muldi\Documents\Playground\University\senior-project-1\dataset\internet\clear\รายการเย็ดแม่.wav,263.3999999999991,265.3999999999991,none,2.0,none_sample,32000
C:\Users\muldi\Documents\Playground\University\senior-project-1\dataset\internet\clear\รายการเย็ดแม่.wav,265.3999999999991,267.3999999999991,none,2.0,none_sample,32000
C:\Users\muldi\Documents\Playground\University\senior-project-1\dataset\internet\clear\รายการเย็ดแม่.wav,267.3999999999991,269.3999999999991,none,2.0,none_sample,32000
C:\Users\muldi\Documents\Playground\University\senior-project-1\dataset\internet\clear\รายการเย็ดแม่.wav,269.3999999999991,271.3999999999991,none,2.0,none_sample,32000
C:\Users\muldi\Documents\Playground\University\senior-project-1\dataset\internet\clear\รายการเย็ดแม่.wav,271.3999999999991,273.3999999999991,none,2.0,none_sample,32000
C:\Users\muldi\Documents\Playground\University\senior-project-1\dataset\internet\clear\รายการเย็ดแม่.wav,273.3999999999991,275.3999999999991,none,2.0,none_sample,32000
C:\Users\muldi\Documents\Playground\University\senior-project-1\dataset\internet\clear\รายการเย็ดแม่.wav,275.3999999999991,277.3999999999991,none,2.0,none_sample,32000
C:\Users\muldi\Documents\Playground\University\senior-project-1\dataset\internet\clear\รายการเย็ดแม่.wav,277.3999999999991,279.3999999999991,none,2.0,none_sample,32000
C:\Users\muldi\Documents\Playground\University\senior-project-1\dataset\internet\clear\รายการเย็ดแม่.wav,279.3999999999991,281.3999999999991,none,2.0,none_sample,32000
C:\Users\muldi\Documents\Playground\University\senior-project-1\dataset\internet\clear\ลิ้นจระเข้ กินอะไรก็อร่อย.wav,2.314908,4.314908,กู,2.0,context_0.2,32000
C:\Users\muldi\Documents\Playground\University\senior-project-1\dataset\internet\clear\ลิ้นจระเข้ กินอะไรก็อร่อย.wav,2.5149079999999997,4.514908,กู,2.0,context_0.4,32000
C:\Users\muldi\Documents\Playground\University\senior-project-1\dataset\internet\clear\ลิ้นจระเข้ กินอะไรก็อร่อย.wav,2.714908,4.714907999999999,กู,2.0,context_0.6,32000
C:\Users\muldi\Documents\Playground\University\senior-project-1\dataset\internet\clear\ลิ้นจระเข้ กินอะไรก็อร่อย.wav,2.9149079999999996,4.914908,กู,2.0,context_0.8,32000
C:\Users\muldi\Documents\Playground\University\senior-project-1\dataset\internet\clear\ลิ้นจระเข้ กินอะไรก็อร่อย.wav,5.309426,7.309426,กู,2.0,context_0.2,32000
C:\Users\muldi\Documents\Playground\University\senior-project-1\dataset\internet\clear\ลิ้นจระเข้ กินอะไรก็อร่อย.wav,5.509426,7.509426,กู,2.0,context_0.4,32000
C:\Users\muldi\Documents\Playground\University\senior-project-1\dataset\internet\clear\ลิ้นจระเข้ กินอะไรก็อร่อย.wav,5.709426,7.709426,กู,2.0,context_0.6,32000
C:\Users\muldi\Documents\Playground\University\senior-project-1\dataset\internet\clear\ลิ้นจระเข้ กินอะไรก็อร่อย.wav,5.909426,7.909426,กู,2.0,context_0.8,32000
C:\Users\muldi\Documents\Playground\University\senior-project-1\dataset\internet\clear\ลิ้นจระเข้ กินอะไรก็อร่อย.wav,11.282587,13.282587,กู,2.0,context_0.2,32000
C:\Users\muldi\Documents\Playground\University\senior-project-1\dataset\internet\clear\ลิ้นจระเข้ กินอะไรก็อร่อย.wav,11.482587,13.482587,กู,2.0,context_0.4,32000
C:\Users\muldi\Documents\Playground\University\senior-project-1\dataset\internet\clear\ลิ้นจระเข้ กินอะไรก็อร่อย.wav,11.682587,13.682587,กู,2.0,context_0.6,32000
C:\Users\muldi\Documents\Playground\University\senior-project-1\dataset\internet\clear\ลิ้นจระเข้ กินอะไรก็อร่อย.wav,11.882587000000001,13.882587000000001,กู,2.0,context_0.8,32000
C:\Users\muldi\Documents\Playground\University\senior-project-1\dataset\internet\clear\ลิ้นจระเข้ กินอะไรก็อร่อย.wav,17.405243,19.405243,กู,2.0,context_0.2,32000
C:\Users\muldi\Documents\Playground\University\senior-project-1\dataset\internet\clear\ลิ้นจระเข้ กินอะไรก็อร่อย.wav,17.605242999999998,19.605242999999998,กู,2.0,context_0.4,32000
C:\Users\muldi\Documents\Playground\University\senior-project-1\dataset\internet\clear\ลิ้นจระเข้ กินอะไรก็อร่อย.wav,17.805243,19.805243,กู,2.0,context_0.6,32000
C:\Users\muldi\Documents\Playground\University\senior-project-1\dataset\internet\clear\ลิ้นจระเข้ กินอะไรก็อร่อย.wav,18.005243,20.005243,กู,2.0,context_0.8,32000
C:\Users\muldi\Documents\Playground\University\senior-project-1\dataset\internet\clear\ลิ้นจระเข้ กินอะไรก็อร่อย.wav,18.492715,20.492715,กู,2.0,context_0.2,32000
C:\Users\muldi\Documents\Playground\University\senior-project-1\dataset\internet\clear\ลิ้นจระเข้ กินอะไรก็อร่อย.wav,18.692715,20.692715,กู,2.0,context_0.4,32000
C:\Users\muldi\Documents\Playground\University\senior-project-1\dataset\internet\clear\ลิ้นจระเข้ กินอะไรก็อร่อย.wav,18.892715000000003,20.892715000000003,กู,2.0,context_0.6,32000
C:\Users\muldi\Documents\Playground\University\senior-project-1\dataset\internet\clear\ลิ้นจระเข้ กินอะไรก็อร่อย.wav,19.092715000000002,21.092715000000002,กู,2.0,context_0.8,32000
C:\Users\muldi\Documents\Playground\University\senior-project-1\dataset\internet\clear\ลิ้นจระเข้ กินอะไรก็อร่อย.wav,19.367191,21.367191,กู,2.0,context_0.2,32000
C:\Users\muldi\Documents\Playground\University\senior-project-1\dataset\internet\clear\ลิ้นจระเข้ กินอะไรก็อร่อย.wav,19.567190999999998,21.567190999999998,กู,2.0,context_0.4,32000
C:\Users\muldi\Documents\Playground\University\senior-project-1\dataset\internet\clear\ลิ้นจระเข้ กินอะไรก็อร่อย.wav,19.767191,21.767191,กู,2.0,context_0.6,32000
C:\Users\muldi\Documents\Playground\University\senior-project-1\dataset\internet\clear\ลิ้นจระเข้ กินอะไรก็อร่อย.wav,19.967191,21.967191,กู,2.0,context_0.8,32000
C:\Users\muldi\Documents\Playground\University\senior-project-1\dataset\internet\clear\ลิ้นจระเข้ กินอะไรก็อร่อย.wav,38.936405,40.936405,กู,2.0,context_0.2,32000
C:\Users\muldi\Documents\Playground\University\senior-project-1\dataset\internet\clear\ลิ้นจระเข้ กินอะไรก็อร่อย.wav,39.136404999999996,41.136404999999996,กู,2.0,context_0.4,32000
C:\Users\muldi\Documents\Playground\University\senior-project-1\dataset\internet\clear\ลิ้นจระเข้ กินอะไรก็อร่อย.wav,39.336405,41.336405,กู,2.0,context_0.6,32000
C:\Users\muldi\Documents\Playground\University\senior-project-1\dataset\internet\clear\ลิ้นจระเข้ กินอะไรก็อร่อย.wav,39.536404999999995,41.536404999999995,กู,2.0,context_0.8,32000
C:\Users\muldi\Documents\Playground\University\senior-project-1\dataset\internet\clear\ลิ้นจระเข้ กินอะไรก็อร่อย.wav,39.402087,41.402087,กู,2.0,context_0.2,32000
C:\Users\muldi\Documents\Playground\University\senior-project-1\dataset\internet\clear\ลิ้นจระเข้ กินอะไรก็อร่อย.wav,39.602087,41.602087,กู,2.0,context_0.4,32000
C:\Users\muldi\Documents\Playground\University\senior-project-1\dataset\internet\clear\ลิ้นจระเข้ กินอะไรก็อร่อย.wav,39.802087,41.802087,กู,2.0,context_0.6,32000
C:\Users\muldi\Documents\Playground\University\senior-project-1\dataset\internet\clear\ลิ้นจระเข้ กินอะไรก็อร่อย.wav,40.002086999999996,42.002086999999996,กู,2.0,context_0.8,32000
C:\Users\muldi\Documents\Playground\University\senior-project-1\dataset\internet\clear\ลิ้นจระเข้ กินอะไรก็อร่อย.wav,40.555024,42.555024,มึง,2.0,context_0.2,32000
C:\Users\muldi\Documents\Playground\University\senior-project-1\dataset\internet\clear\ลิ้นจระเข้ กินอะไรก็อร่อย.wav,40.755024,42.755024,มึง,2.0,context_0.4,32000
C:\Users\muldi\Documents\Playground\University\senior-project-1\dataset\internet\clear\ลิ้นจระเข้ กินอะไรก็อร่อย.wav,40.955024,42.955024,มึง,2.0,context_0.6,32000
C:\Users\muldi\Documents\Playground\University\senior-project-1\dataset\internet\clear\ลิ้นจระเข้ กินอะไรก็อร่อย.wav,41.155024,43.155024,มึง,2.0,context_0.8,32000
C:\Users\muldi\Documents\Playground\University\senior-project-1\dataset\internet\clear\ลิ้นจระเข้ กินอะไรก็อร่อย.wav,40.840929,42.840929,กู,2.0,context_0.2,32000
C:\Users\muldi\Documents\Playground\University\senior-project-1\dataset\internet\clear\ลิ้นจระเข้ กินอะไรก็อร่อย.wav,41.040929,43.040929,กู,2.0,context_0.4,32000
C:\Users\muldi\Documents\Playground\University\senior-project-1\dataset\internet\clear\ลิ้นจระเข้ กินอะไรก็อร่อย.wav,41.240929,43.240929,กู,2.0,context_0.6,32000
C:\Users\muldi\Documents\Playground\University\senior-project-1\dataset\internet\clear\ลิ้นจระเข้ กินอะไรก็อร่อย.wav,41.440929,43.440929,กู,2.0,context_0.8,32000
C:\Users\muldi\Documents\Playground\University\senior-project-1\dataset\internet\clear\ลิ้นจระเข้ กินอะไรก็อร่อย.wav,53.028056,55.028056,กู,2.0,context_0.2,32000
C:\Users\muldi\Documents\Playground\University\senior-project-1\dataset\internet\clear\ลิ้นจระเข้ กินอะไรก็อร่อย.wav,53.228055999999995,55.228055999999995,กู,2.0,context_0.4,32000
C:\Users\muldi\Documents\Playground\University\senior-project-1\dataset\internet\clear\ลิ้นจระเข้ กินอะไรก็อร่อย.wav,53.428056,55.428056,กู,2.0,context_0.6,32000
C:\Users\muldi\Documents\Playground\University\senior-project-1\dataset\internet\clear\ลิ้นจระเข้ กินอะไรก็อร่อย.wav,53.628055999999994,55.628055999999994,กู,2.0,context_0.8,32000
C:\Users\muldi\Documents\Playground\University\senior-project-1\dataset\internet\clear\ลิ้นจระเข้ กินอะไรก็อร่อย.wav,57.914533000000006,59.914533000000006,กู,2.0,context_0.2,32000
C:\Users\muldi\Documents\Playground\University\senior-project-1\dataset\internet\clear\ลิ้นจระเข้ กินอะไรก็อร่อย.wav,58.114533,60.114533,กู,2.0,context_0.4,32000
C:\Users\muldi\Documents\Playground\University\senior-project-1\dataset\internet\clear\ลิ้นจระเข้ กินอะไรก็อร่อย.wav,58.314533000000004,60.314533000000004,กู,2.0,context_0.6,32000
C:\Users\muldi\Documents\Playground\University\senior-project-1\dataset\internet\clear\ลิ้นจระเข้ กินอะไรก็อร่อย.wav,58.514533,60.514533,กู,2.0,context_0.8,32000
C:\Users\muldi\Documents\Playground\University\senior-project-1\dataset\internet\clear\ลิ้นจระเข้ กินอะไรก็อร่อย.wav,58.019942,60.019942,เหี้ย,2.0,context_0.2,32000
C:\Users\muldi\Documents\Playground\University\senior-project-1\dataset\internet\clear\ลิ้นจระเข้ กินอะไรก็อร่อย.wav,58.219941999999996,60.219941999999996,เหี้ย,2.0,context_0.4,32000
C:\Users\muldi\Documents\Playground\University\senior-project-1\dataset\internet\clear\ลิ้นจระเข้ กินอะไรก็อร่อย.wav,58.419942,60.419942,เหี้ย,2.0,context_0.6,32000
C:\Users\muldi\Documents\Playground\University\senior-project-1\dataset\internet\clear\ลิ้นจระเข้ กินอะไรก็อร่อย.wav,58.619941999999995,60.619941999999995,เหี้ย,2.0,context_0.8,32000
C:\Users\muldi\Documents\Playground\University\senior-project-1\dataset\internet\clear\ลิ้นจระเข้ กินอะไรก็อร่อย.wav,59.009531,61.009531,กู,2.0,context_0.2,32000
C:\Users\muldi\Documents\Playground\University\senior-project-1\dataset\internet\clear\ลิ้นจระเข้ กินอะไรก็อร่อย.wav,59.209531,61.209531,กู,2.0,context_0.4,32000
C:\Users\muldi\Documents\Playground\University\senior-project-1\dataset\internet\clear\ลิ้นจระเข้ กินอะไรก็อร่อย.wav,59.409531,61.409531,กู,2.0,context_0.6,32000
C:\Users\muldi\Documents\Playground\University\senior-project-1\dataset\internet\clear\ลิ้นจระเข้ กินอะไรก็อร่อย.wav,59.609531,61.609531,กู,2.0,context_0.8,32000
C:\Users\muldi\Documents\Playground\University\senior-project-1\dataset\internet\clear\ลิ้นจระเข้ กินอะไรก็อร่อย.wav,59.857525,61.857525,กู,2.0,context_0.2,32000
C:\Users\muldi\Documents\Playground\University\senior-project-1\dataset\internet\clear\ลิ้นจระเข้ กินอะไรก็อร่อย.wav,60.057525,62.057525,กู,2.0,context_0.4,32000
C:\Users\muldi\Documents\Playground\University\senior-project-1\dataset\internet\clear\ลิ้นจระเข้ กินอะไรก็อร่อย.wav,60.257525,62.257525,กู,2.0,context_0.6,32000
C:\Users\muldi\Documents\Playground\University\senior-project-1\dataset\internet\clear\ลิ้นจระเข้ กินอะไรก็อร่อย.wav,60.457525,62.457525,กู,2.0,context_0.8,32000
C:\Users\muldi\Documents\Playground\University\senior-project-1\dataset\internet\clear\ลิ้นจระเข้ กินอะไรก็อร่อย.wav,0.0,2.0,none,2.0,none_sample,32000
C:\Users\muldi\Documents\Playground\University\senior-project-1\dataset\internet\clear\ลิ้นจระเข้ กินอะไรก็อร่อย.wav,3.4000000000000012,5.400000000000001,none,2.0,none_sample,32000
C:\Users\muldi\Documents\Playground\University\senior-project-1\dataset\internet\clear\ลิ้นจระเข้ กินอะไรก็อร่อย.wav,6.400000000000002,8.400000000000002,none,2.0,none_sample,32000
C:\Users\muldi\Documents\Playground\University\senior-project-1\dataset\internet\clear\ลิ้นจระเข้ กินอะไรก็อร่อย.wav,8.400000000000002,10.400000000000002,none,2.0,none_sample,32000
C:\Users\muldi\Documents\Playground\University\senior-project-1\dataset\internet\clear\ลิ้นจระเข้ กินอะไรก็อร่อย.wav,12.399999999999995,14.399999999999995,none,2.0,none_sample,32000
C:\Users\muldi\Documents\Playground\University\senior-project-1\dataset\internet\clear\ลิ้นจระเข้ กินอะไรก็อร่อย.wav,14.399999999999995,16.399999999999995,none,2.0,none_sample,32000
C:\Users\muldi\Documents\Playground\University\senior-project-1\dataset\internet\clear\ลิ้นจระเข้ กินอะไรก็อร่อย.wav,20.39999999999998,22.39999999999998,none,2.0,none_sample,32000
C:\Users\muldi\Documents\Playground\University\senior-project-1\dataset\internet\clear\ลิ้นจระเข้ กินอะไรก็อร่อย.wav,22.39999999999998,24.39999999999998,none,2.0,none_sample,32000
C:\Users\muldi\Documents\Playground\University\senior-project-1\dataset\internet\clear\ลิ้นจระเข้ กินอะไรก็อร่อย.wav,24.39999999999998,26.39999999999998,none,2.0,none_sample,32000
C:\Users\muldi\Documents\Playground\University\senior-project-1\dataset\internet\clear\ลิ้นจระเข้ กินอะไรก็อร่อย.wav,26.39999999999998,28.39999999999998,none,2.0,none_sample,32000
C:\Users\muldi\Documents\Playground\University\senior-project-1\dataset\internet\clear\ลิ้นจระเข้ กินอะไรก็อร่อย.wav,28.39999999999998,30.39999999999998,none,2.0,none_sample,32000
C:\Users\muldi\Documents\Playground\University\senior-project-1\dataset\internet\clear\ลิ้นจระเข้ กินอะไรก็อร่อย.wav,30.39999999999998,32.39999999999998,none,2.0,none_sample,32000
C:\Users\muldi\Documents\Playground\University\senior-project-1\dataset\internet\clear\ลิ้นจระเข้ กินอะไรก็อร่อย.wav,32.39999999999998,34.39999999999998,none,2.0,none_sample,32000
C:\Users\muldi\Documents\Playground\University\senior-project-1\dataset\internet\clear\ลิ้นจระเข้ กินอะไรก็อร่อย.wav,34.39999999999998,36.39999999999998,none,2.0,none_sample,32000
C:\Users\muldi\Documents\Playground\University\senior-project-1\dataset\internet\clear\ลิ้นจระเข้ กินอะไรก็อร่อย.wav,36.39999999999998,38.39999999999998,none,2.0,none_sample,32000
C:\Users\muldi\Documents\Playground\University\senior-project-1\dataset\internet\clear\ลิ้นจระเข้ กินอะไรก็อร่อย.wav,42.00000000000003,44.00000000000003,none,2.0,none_sample,32000
C:\Users\muldi\Documents\Playground\University\senior-project-1\dataset\internet\clear\ลิ้นจระเข้ กินอะไรก็อร่อย.wav,44.00000000000003,46.00000000000003,none,2.0,none_sample,32000
C:\Users\muldi\Documents\Playground\University\senior-project-1\dataset\internet\clear\ลิ้นจระเข้ กินอะไรก็อร่อย.wav,46.00000000000003,48.00000000000003,none,2.0,none_sample,32000
C:\Users\muldi\Documents\Playground\University\senior-project-1\dataset\internet\clear\ลิ้นจระเข้ กินอะไรก็อร่อย.wav,48.00000000000003,50.00000000000003,none,2.0,none_sample,32000
C:\Users\muldi\Documents\Playground\University\senior-project-1\dataset\internet\clear\ลิ้นจระเข้ กินอะไรก็อร่อย.wav,50.00000000000003,52.00000000000003,none,2.0,none_sample,32000
C:\Users\muldi\Documents\Playground\University\senior-project-1\dataset\internet\clear\วิ่งหนี or วิ่งใส่.wav,2.7310790000000003,4.731079,กู,2.0,context_0.2,32000
C:\Users\muldi\Documents\Playground\University\senior-project-1\dataset\internet\clear\วิ่งหนี or วิ่งใส่.wav,2.931079,4.931079,กู,2.0,context_0.4,32000
C:\Users\muldi\Documents\Playground\University\senior-project-1\dataset\internet\clear\วิ่งหนี or วิ่งใส่.wav,3.131079,5.131079,กู,2.0,context_0.6,32000
C:\Users\muldi\Documents\Playground\University\senior-project-1\dataset\internet\clear\วิ่งหนี or วิ่งใส่.wav,3.331079,5.331079,กู,2.0,context_0.8,32000
C:\Users\muldi\Documents\Playground\University\senior-project-1\dataset\internet\clear\วิ่งหนี or วิ่งใส่.wav,4.067109,6.067109,กู,2.0,context_0.2,32000
C:\Users\muldi\Documents\Playground\University\senior-project-1\dataset\internet\clear\วิ่งหนี or วิ่งใส่.wav,4.2671090000000005,6.2671090000000005,กู,2.0,context_0.4,32000
C:\Users\muldi\Documents\Playground\University\senior-project-1\dataset\internet\clear\วิ่งหนี or วิ่งใส่.wav,4.467109,6.467109,กู,2.0,context_0.6,32000
C:\Users\muldi\Documents\Playground\University\senior-project-1\dataset\internet\clear\วิ่งหนี or วิ่งใส่.wav,4.667109,6.667109,กู,2.0,context_0.8,32000
C:\Users\muldi\Documents\Playground\University\senior-project-1\dataset\internet\clear\วิ่งหนี or วิ่งใส่.wav,6.184537000000001,8.184537,กู,2.0,context_0.2,32000
C:\Users\muldi\Documents\Playground\University\senior-project-1\dataset\internet\clear\วิ่งหนี or วิ่งใส่.wav,6.384537000000001,8.384537000000002,กู,2.0,context_0.4,32000
C:\Users\muldi\Documents\Playground\University\senior-project-1\dataset\internet\clear\วิ่งหนี or วิ่งใส่.wav,6.584537,8.584537000000001,กู,2.0,context_0.6,32000
C:\Users\muldi\Documents\Playground\University\senior-project-1\dataset\internet\clear\วิ่งหนี or วิ่งใส่.wav,6.784537,8.784537,กู,2.0,context_0.8,32000
C:\Users\muldi\Documents\Playground\University\senior-project-1\dataset\internet\clear\วิ่งหนี or วิ่งใส่.wav,7.16435,9.164349999999999,กู,2.0,context_0.2,32000
C:\Users\muldi\Documents\Playground\University\senior-project-1\dataset\internet\clear\วิ่งหนี or วิ่งใส่.wav,7.36435,9.36435,กู,2.0,context_0.4,32000
C:\Users\muldi\Documents\Playground\University\senior-project-1\dataset\internet\clear\วิ่งหนี or วิ่งใส่.wav,7.564349999999999,9.56435,กู,2.0,context_0.6,32000
C:\Users\muldi\Documents\Playground\University\senior-project-1\dataset\internet\clear\วิ่งหนี or วิ่งใส่.wav,7.764349999999999,9.76435,กู,2.0,context_0.8,32000
C:\Users\muldi\Documents\Playground\University\senior-project-1\dataset\internet\clear\วิ่งหนี or วิ่งใส่.wav,8.436855999999999,10.436855999999999,กู,2.0,context_0.2,32000
C:\Users\muldi\Documents\Playground\University\senior-project-1\dataset\internet\clear\วิ่งหนี or วิ่งใส่.wav,8.636856,10.636856,กู,2.0,context_0.4,32000
C:\Users\muldi\Documents\Playground\University\senior-project-1\dataset\internet\clear\วิ่งหนี or วิ่งใส่.wav,8.836856,10.836856,กู,2.0,context_0.6,32000
C:\Users\muldi\Documents\Playground\University\senior-project-1\dataset\internet\clear\วิ่งหนี or วิ่งใส่.wav,9.036856,11.036856,กู,2.0,context_0.8,32000
C:\Users\muldi\Documents\Playground\University\senior-project-1\dataset\internet\clear\วิ่งหนี or วิ่งใส่.wav,11.044661,13.044661,กู,2.0,context_0.2,32000
C:\Users\muldi\Documents\Playground\University\senior-project-1\dataset\internet\clear\วิ่งหนี or วิ่งใส่.wav,11.244661,13.244661,กู,2.0,context_0.4,32000
C:\Users\muldi\Documents\Playground\University\senior-project-1\dataset\internet\clear\วิ่งหนี or วิ่งใส่.wav,11.444661,13.444661,กู,2.0,context_0.6,32000
C:\Users\muldi\Documents\Playground\University\senior-project-1\dataset\internet\clear\วิ่งหนี or วิ่งใส่.wav,11.644661000000001,13.644661000000001,กู,2.0,context_0.8,32000
C:\Users\muldi\Documents\Playground\University\senior-project-1\dataset\internet\clear\วิ่งหนี or วิ่งใส่.wav,11.569961,13.569961,มึง,2.0,context_0.2,32000
C:\Users\muldi\Documents\Playground\University\senior-project-1\dataset\internet\clear\วิ่งหนี or วิ่งใส่.wav,11.769961,13.769961,มึง,2.0,context_0.4,32000
C:\Users\muldi\Documents\Playground\University\senior-project-1\dataset\internet\clear\วิ่งหนี or วิ่งใส่.wav,11.969961,13.969961,มึง,2.0,context_0.6,32000
C:\Users\muldi\Documents\Playground\University\senior-project-1\dataset\internet\clear\วิ่งหนี or วิ่งใส่.wav,12.169961,14.169961,มึง,2.0,context_0.8,32000
C:\Users\muldi\Documents\Playground\University\senior-project-1\dataset\internet\clear\วิ่งหนี or วิ่งใส่.wav,0.0,2.0,none,2.0,none_sample,32000
C:\Users\muldi\Documents\Playground\University\senior-project-1\dataset\internet\clear\วิ่งหนี or วิ่งใส่.wav,9.6,11.6,none,2.0,none_sample,32000
C:\Users\muldi\Documents\Playground\University\senior-project-1\dataset\internet\clear\วิ่งหนี or วิ่งใส่.wav,12.999999999999995,14.999999999999995,none,2.0,none_sample,32000
C:\Users\muldi\Documents\Playground\University\senior-project-1\dataset\internet\clear\วิ่งหนี or วิ่งใส่.wav,14.999999999999995,16.999999999999993,none,2.0,none_sample,32000
C:\Users\muldi\Documents\Playground\University\senior-project-1\dataset\internet\clear\วิ่งหนี or วิ่งใส่.wav,16.999999999999993,18.999999999999993,none,2.0,none_sample,32000
C:\Users\muldi\Documents\Playground\University\senior-project-1\dataset\internet\clear\วิ่งหนี or วิ่งใส่.wav,18.999999999999993,20.999999999999993,none,2.0,none_sample,32000
C:\Users\muldi\Documents\Playground\University\senior-project-1\dataset\internet\clear\ศาลเจ้าทางม้าลายอยู่ไหน!!.wav,38.978927000000006,40.978927000000006,กู,2.0,context_0.2,32000
C:\Users\muldi\Documents\Playground\University\senior-project-1\dataset\internet\clear\ศาลเจ้าทางม้าลายอยู่ไหน!!.wav,39.178927,41.178927,กู,2.0,context_0.4,32000
C:\Users\muldi\Documents\Playground\University\senior-project-1\dataset\internet\clear\ศาลเจ้าทางม้าลายอยู่ไหน!!.wav,39.378927000000004,41.378927000000004,กู,2.0,context_0.6,32000
C:\Users\muldi\Documents\Playground\University\senior-project-1\dataset\internet\clear\ศาลเจ้าทางม้าลายอยู่ไหน!!.wav,39.578927,41.578927,กู,2.0,context_0.8,32000
C:\Users\muldi\Documents\Playground\University\senior-project-1\dataset\internet\clear\ศาลเจ้าทางม้าลายอยู่ไหน!!.wav,43.193688,45.193688,เหี้ย,2.0,context_0.2,32000
C:\Users\muldi\Documents\Playground\University\senior-project-1\dataset\internet\clear\ศาลเจ้าทางม้าลายอยู่ไหน!!.wav,43.393688,45.393688,เหี้ย,2.0,context_0.4,32000
C:\Users\muldi\Documents\Playground\University\senior-project-1\dataset\internet\clear\ศาลเจ้าทางม้าลายอยู่ไหน!!.wav,43.593688,45.593688,เหี้ย,2.0,context_0.6,32000
C:\Users\muldi\Documents\Playground\University\senior-project-1\dataset\internet\clear\ศาลเจ้าทางม้าลายอยู่ไหน!!.wav,43.793687999999996,45.793687999999996,เหี้ย,2.0,context_0.8,32000
C:\Users\muldi\Documents\Playground\University\senior-project-1\dataset\internet\clear\ศาลเจ้าทางม้าลายอยู่ไหน!!.wav,44.577464000000006,46.577464000000006,กู,2.0,context_0.2,32000
C:\Users\muldi\Documents\Playground\University\senior-project-1\dataset\internet\clear\ศาลเจ้าทางม้าลายอยู่ไหน!!.wav,44.777464,46.777464,กู,2.0,context_0.4,32000
C:\Users\muldi\Documents\Playground\University\senior-project-1\dataset\internet\clear\ศาลเจ้าทางม้าลายอยู่ไหน!!.wav,44.977464000000005,46.977464000000005,กู,2.0,context_0.6,32000
C:\Users\muldi\Documents\Playground\University\senior-project-1\dataset\internet\clear\ศาลเจ้าทางม้าลายอยู่ไหน!!.wav,45.177464,47.177464,กู,2.0,context_0.8,32000
C:\Users\muldi\Documents\Playground\University\senior-project-1\dataset\internet\clear\ศาลเจ้าทางม้าลายอยู่ไหน!!.wav,0.0,2.0,none,2.0,none_sample,32000
C:\Users\muldi\Documents\Playground\University\senior-project-1\dataset\internet\clear\ศาลเจ้าทางม้าลายอยู่ไหน!!.wav,2.0,4.0,none,2.0,none_sample,32000
C:\Users\muldi\Documents\Playground\University\senior-project-1\dataset\internet\clear\ศาลเจ้าทางม้าลายอยู่ไหน!!.wav,4.0,6.0,none,2.0,none_sample,32000
C:\Users\muldi\Documents\Playground\University\senior-project-1\dataset\internet\clear\ศาลเจ้าทางม้าลายอยู่ไหน!!.wav,6.0,8.0,none,2.0,none_sample,32000
C:\Users\muldi\Documents\Playground\University\senior-project-1\dataset\internet\clear\อะชิมะหม๋า.wav,9.381355,11.381355,กู,2.0,context_0.2,32000
C:\Users\muldi\Documents\Playground\University\senior-project-1\dataset\internet\clear\อะชิมะหม๋า.wav,9.581355,11.581355,กู,2.0,context_0.4,32000
C:\Users\muldi\Documents\Playground\University\senior-project-1\dataset\internet\clear\อะชิมะหม๋า.wav,9.781355,11.781355,กู,2.0,context_0.6,32000
C:\Users\muldi\Documents\Playground\University\senior-project-1\dataset\internet\clear\อะชิมะหม๋า.wav,9.981355,11.981355,กู,2.0,context_0.8,32000
C:\Users\muldi\Documents\Playground\University\senior-project-1\dataset\internet\clear\อะชิมะหม๋า.wav,17.863428,19.863428,กู,2.0,context_0.2,32000
C:\Users\muldi\Documents\Playground\University\senior-project-1\dataset\internet\clear\อะชิมะหม๋า.wav,18.063428,20.063428,กู,2.0,context_0.4,32000
C:\Users\muldi\Documents\Playground\University\senior-project-1\dataset\internet\clear\อะชิมะหม๋า.wav,18.263428,20.263428,กู,2.0,context_0.6,32000
C:\Users\muldi\Documents\Playground\University\senior-project-1\dataset\internet\clear\อะชิมะหม๋า.wav,18.463428,20.463428,กู,2.0,context_0.8,32000
C:\Users\muldi\Documents\Playground\University\senior-project-1\dataset\internet\clear\อะชิมะหม๋า.wav,18.318072,20.318072,มึง,2.0,context_0.2,32000
C:\Users\muldi\Documents\Playground\University\senior-project-1\dataset\internet\clear\อะชิมะหม๋า.wav,18.518072,20.518072,มึง,2.0,context_0.4,32000
C:\Users\muldi\Documents\Playground\University\senior-project-1\dataset\internet\clear\อะชิมะหม๋า.wav,18.718072000000003,20.718072000000003,มึง,2.0,context_0.6,32000
C:\Users\muldi\Documents\Playground\University\senior-project-1\dataset\internet\clear\อะชิมะหม๋า.wav,18.918072000000002,20.918072000000002,มึง,2.0,context_0.8,32000
C:\Users\muldi\Documents\Playground\University\senior-project-1\dataset\internet\clear\อะชิมะหม๋า.wav,0.0,2.0,none,2.0,none_sample,32000
C:\Users\muldi\Documents\Playground\University\senior-project-1\dataset\internet\clear\อะชิมะหม๋า.wav,2.0,4.0,none,2.0,none_sample,32000
C:\Users\muldi\Documents\Playground\University\senior-project-1\dataset\internet\clear\อะชิมะหม๋า.wav,4.0,6.0,none,2.0,none_sample,32000
C:\Users\muldi\Documents\Playground\University\senior-project-1\dataset\internet\clear\อะชิมะหม๋า.wav,6.0,8.0,none,2.0,none_sample,32000
C:\Users\muldi\Documents\Playground\University\senior-project-1\dataset\internet\clear\อะไรหายากสุด.wav,13.186202,15.186202,มึง,2.0,context_0.2,32000
C:\Users\muldi\Documents\Playground\University\senior-project-1\dataset\internet\clear\อะไรหายากสุด.wav,13.386202,15.386202,มึง,2.0,context_0.4,32000
C:\Users\muldi\Documents\Playground\University\senior-project-1\dataset\internet\clear\อะไรหายากสุด.wav,13.586202,15.586202,มึง,2.0,context_0.6,32000
C:\Users\muldi\Documents\Playground\University\senior-project-1\dataset\internet\clear\อะไรหายากสุด.wav,13.786202000000001,15.786202000000001,มึง,2.0,context_0.8,32000
C:\Users\muldi\Documents\Playground\University\senior-project-1\dataset\internet\clear\อะไรหายากสุด.wav,15.997543999999998,17.997543999999998,กู,2.0,context_0.2,32000
C:\Users\muldi\Documents\Playground\University\senior-project-1\dataset\internet\clear\อะไรหายากสุด.wav,16.197543999999997,18.197543999999997,กู,2.0,context_0.4,32000
C:\Users\muldi\Documents\Playground\University\senior-project-1\dataset\internet\clear\อะไรหายากสุด.wav,16.397544,18.397544,กู,2.0,context_0.6,32000
C:\Users\muldi\Documents\Playground\University\senior-project-1\dataset\internet\clear\อะไรหายากสุด.wav,16.597544,18.597544,กู,2.0,context_0.8,32000
C:\Users\muldi\Documents\Playground\University\senior-project-1\dataset\internet\clear\อะไรหายากสุด.wav,0.0,2.0,none,2.0,none_sample,32000
C:\Users\muldi\Documents\Playground\University\senior-project-1\dataset\internet\clear\อะไรหายากสุด.wav,2.0,4.0,none,2.0,none_sample,32000
C:\Users\muldi\Documents\Playground\University\senior-project-1\dataset\internet\clear\เกิดแต่กับคีร์มากค่ะ.wav,2.1037609999999995,4.1037609999999995,มึง,2.0,context_0.2,32000
C:\Users\muldi\Documents\Playground\University\senior-project-1\dataset\internet\clear\เกิดแต่กับคีร์มากค่ะ.wav,2.3037609999999997,4.303761,มึง,2.0,context_0.4,32000
C:\Users\muldi\Documents\Playground\University\senior-project-1\dataset\internet\clear\เกิดแต่กับคีร์มากค่ะ.wav,2.503761,4.503761,มึง,2.0,context_0.6,32000
C:\Users\muldi\Documents\Playground\University\senior-project-1\dataset\internet\clear\เกิดแต่กับคีร์มากค่ะ.wav,2.703761,4.703761,มึง,2.0,context_0.8,32000
C:\Users\muldi\Documents\Playground\University\senior-project-1\dataset\internet\clear\เกิดแต่กับคีร์มากค่ะ.wav,6.760986,8.760985999999999,กู,2.0,context_0.2,32000
C:\Users\muldi\Documents\Playground\University\senior-project-1\dataset\internet\clear\เกิดแต่กับคีร์มากค่ะ.wav,6.960986,8.960986,กู,2.0,context_0.4,32000
C:\Users\muldi\Documents\Playground\University\senior-project-1\dataset\internet\clear\เกิดแต่กับคีร์มากค่ะ.wav,7.160985999999999,9.160986,กู,2.0,context_0.6,32000
C:\Users\muldi\Documents\Playground\University\senior-project-1\dataset\internet\clear\เกิดแต่กับคีร์มากค่ะ.wav,7.360986,9.360986,กู,2.0,context_0.8,32000
C:\Users\muldi\Documents\Playground\University\senior-project-1\dataset\internet\clear\เกิดแต่กับคีร์มากค่ะ.wav,12.881043,14.881043,กู,2.0,context_0.2,32000
C:\Users\muldi\Documents\Playground\University\senior-project-1\dataset\internet\clear\เกิดแต่กับคีร์มากค่ะ.wav,13.081043000000001,15.081043000000001,กู,2.0,context_0.4,32000
C:\Users\muldi\Documents\Playground\University\senior-project-1\dataset\internet\clear\เกิดแต่กับคีร์มากค่ะ.wav,13.281043,15.281043,กู,2.0,context_0.6,32000
C:\Users\muldi\Documents\Playground\University\senior-project-1\dataset\internet\clear\เกิดแต่กับคีร์มากค่ะ.wav,13.481043000000001,15.481043000000001,กู,2.0,context_0.8,32000
C:\Users\muldi\Documents\Playground\University\senior-project-1\dataset\internet\clear\เกิดแต่กับคีร์มากค่ะ.wav,15.618863000000001,17.618863,กู,2.0,context_0.2,32000
C:\Users\muldi\Documents\Playground\University\senior-project-1\dataset\internet\clear\เกิดแต่กับคีร์มากค่ะ.wav,15.818863000000002,17.818863,กู,2.0,context_0.4,32000
C:\Users\muldi\Documents\Playground\University\senior-project-1\dataset\internet\clear\เกิดแต่กับคีร์มากค่ะ.wav,16.018863000000003,18.018863000000003,กู,2.0,context_0.6,32000
C:\Users\muldi\Documents\Playground\University\senior-project-1\dataset\internet\clear\เกิดแต่กับคีร์มากค่ะ.wav,16.218863000000002,18.218863000000002,กู,2.0,context_0.8,32000
C:\Users\muldi\Documents\Playground\University\senior-project-1\dataset\internet\clear\เกิดแต่กับคีร์มากค่ะ.wav,21.865674,23.865674,กู,2.0,context_0.2,32000
C:\Users\muldi\Documents\Playground\University\senior-project-1\dataset\internet\clear\เกิดแต่กับคีร์มากค่ะ.wav,22.065673999999998,24.065673999999998,กู,2.0,context_0.4,32000
C:\Users\muldi\Documents\Playground\University\senior-project-1\dataset\internet\clear\เกิดแต่กับคีร์มากค่ะ.wav,22.265674,24.265674,กู,2.0,context_0.6,32000
C:\Users\muldi\Documents\Playground\University\senior-project-1\dataset\internet\clear\เกิดแต่กับคีร์มากค่ะ.wav,22.465674,24.465674,กู,2.0,context_0.8,32000
C:\Users\muldi\Documents\Playground\University\senior-project-1\dataset\internet\clear\เกิดแต่กับคีร์มากค่ะ.wav,24.932987999999998,26.932987999999998,กู,2.0,context_0.2,32000
C:\Users\muldi\Documents\Playground\University\senior-project-1\dataset\internet\clear\เกิดแต่กับคีร์มากค่ะ.wav,25.132987999999997,27.132987999999997,กู,2.0,context_0.4,32000
C:\Users\muldi\Documents\Playground\University\senior-project-1\dataset\internet\clear\เกิดแต่กับคีร์มากค่ะ.wav,25.332988,27.332988,กู,2.0,context_0.6,32000
C:\Users\muldi\Documents\Playground\University\senior-project-1\dataset\internet\clear\เกิดแต่กับคีร์มากค่ะ.wav,25.532988,27.532988,กู,2.0,context_0.8,32000
C:\Users\muldi\Documents\Playground\University\senior-project-1\dataset\internet\clear\เกิดแต่กับคีร์มากค่ะ.wav,25.314683,27.314683,มึง,2.0,context_0.2,32000
C:\Users\muldi\Documents\Playground\University\senior-project-1\dataset\internet\clear\เกิดแต่กับคีร์มากค่ะ.wav,25.514682999999998,27.514682999999998,มึง,2.0,context_0.4,32000
C:\Users\muldi\Documents\Playground\University\senior-project-1\dataset\internet\clear\เกิดแต่กับคีร์มากค่ะ.wav,25.714683,27.714683,มึง,2.0,context_0.6,32000
C:\Users\muldi\Documents\Playground\University\senior-project-1\dataset\internet\clear\เกิดแต่กับคีร์มากค่ะ.wav,25.914683,27.914683,มึง,2.0,context_0.8,32000
C:\Users\muldi\Documents\Playground\University\senior-project-1\dataset\internet\clear\เกิดแต่กับคีร์มากค่ะ.wav,39.255866000000005,41.255866000000005,กู,2.0,context_0.2,32000
C:\Users\muldi\Documents\Playground\University\senior-project-1\dataset\internet\clear\เกิดแต่กับคีร์มากค่ะ.wav,39.455866,41.455866,กู,2.0,context_0.4,32000
C:\Users\muldi\Documents\Playground\University\senior-project-1\dataset\internet\clear\เกิดแต่กับคีร์มากค่ะ.wav,39.655866,41.655866,กู,2.0,context_0.6,32000
C:\Users\muldi\Documents\Playground\University\senior-project-1\dataset\internet\clear\เกิดแต่กับคีร์มากค่ะ.wav,39.855866,41.855866,กู,2.0,context_0.8,32000
C:\Users\muldi\Documents\Playground\University\senior-project-1\dataset\internet\clear\เกิดแต่กับคีร์มากค่ะ.wav,42.066725000000005,44.066725000000005,มึง,2.0,context_0.2,32000
C:\Users\muldi\Documents\Playground\University\senior-project-1\dataset\internet\clear\เกิดแต่กับคีร์มากค่ะ.wav,42.266725,44.266725,มึง,2.0,context_0.4,32000
C:\Users\muldi\Documents\Playground\University\senior-project-1\dataset\internet\clear\เกิดแต่กับคีร์มากค่ะ.wav,42.466725000000004,44.466725000000004,มึง,2.0,context_0.6,32000
C:\Users\muldi\Documents\Playground\University\senior-project-1\dataset\internet\clear\เกิดแต่กับคีร์มากค่ะ.wav,42.666725,44.666725,มึง,2.0,context_0.8,32000
C:\Users\muldi\Documents\Playground\University\senior-project-1\dataset\internet\clear\เกิดแต่กับคีร์มากค่ะ.wav,43.196296000000004,45.196296000000004,กู,2.0,context_0.2,32000
C:\Users\muldi\Documents\Playground\University\senior-project-1\dataset\internet\clear\เกิดแต่กับคีร์มากค่ะ.wav,43.396296,45.396296,กู,2.0,context_0.4,32000
C:\Users\muldi\Documents\Playground\University\senior-project-1\dataset\internet\clear\เกิดแต่กับคีร์มากค่ะ.wav,43.596296,45.596296,กู,2.0,context_0.6,32000
C:\Users\muldi\Documents\Playground\University\senior-project-1\dataset\internet\clear\เกิดแต่กับคีร์มากค่ะ.wav,43.796296,45.796296,กู,2.0,context_0.8,32000
C:\Users\muldi\Documents\Playground\University\senior-project-1\dataset\internet\clear\เกิดแต่กับคีร์มากค่ะ.wav,0.0,2.0,none,2.0,none_sample,32000
C:\Users\muldi\Documents\Playground\University\senior-project-1\dataset\internet\clear\เกิดแต่กับคีร์มากค่ะ.wav,3.200000000000001,5.200000000000001,none,2.0,none_sample,32000
C:\Users\muldi\Documents\Playground\University\senior-project-1\dataset\internet\clear\เกิดแต่กับคีร์มากค่ะ.wav,5.200000000000001,7.200000000000001,none,2.0,none_sample,32000
C:\Users\muldi\Documents\Playground\University\senior-project-1\dataset\internet\clear\เกิดแต่กับคีร์มากค่ะ.wav,7.800000000000002,9.8,none,2.0,none_sample,32000
C:\Users\muldi\Documents\Playground\University\senior-project-1\dataset\internet\clear\เกิดแต่กับคีร์มากค่ะ.wav,9.8,11.8,none,2.0,none_sample,32000
C:\Users\muldi\Documents\Playground\University\senior-project-1\dataset\internet\clear\เกิดแต่กับคีร์มากค่ะ.wav,13.799999999999994,15.799999999999994,none,2.0,none_sample,32000
C:\Users\muldi\Documents\Playground\University\senior-project-1\dataset\internet\clear\เกิดแต่กับคีร์มากค่ะ.wav,16.59999999999999,18.59999999999999,none,2.0,none_sample,32000
C:\Users\muldi\Documents\Playground\University\senior-project-1\dataset\internet\clear\เกิดแต่กับคีร์มากค่ะ.wav,18.59999999999999,20.59999999999999,none,2.0,none_sample,32000
C:\Users\muldi\Documents\Playground\University\senior-project-1\dataset\internet\clear\เกิดแต่กับคีร์มากค่ะ.wav,20.59999999999999,22.59999999999999,none,2.0,none_sample,32000
C:\Users\muldi\Documents\Playground\University\senior-project-1\dataset\internet\clear\เกิดแต่กับคีร์มากค่ะ.wav,22.79999999999999,24.79999999999999,none,2.0,none_sample,32000
C:\Users\muldi\Documents\Playground\University\senior-project-1\dataset\internet\clear\เกิดแต่กับคีร์มากค่ะ.wav,26.399999999999984,28.399999999999984,none,2.0,none_sample,32000
C:\Users\muldi\Documents\Playground\University\senior-project-1\dataset\internet\clear\เกิดแต่กับคีร์มากค่ะ.wav,28.399999999999984,30.399999999999984,none,2.0,none_sample,32000
C:\Users\muldi\Documents\Playground\University\senior-project-1\dataset\internet\clear\เกิดแต่กับคีร์มากค่ะ.wav,30.399999999999984,32.399999999999984,none,2.0,none_sample,32000
C:\Users\muldi\Documents\Playground\University\senior-project-1\dataset\internet\clear\เคยอยากเป็นวีค่ายกระต่าย.wav,11.062370999999999,13.062370999999999,กู,2.0,context_0.2,32000
C:\Users\muldi\Documents\Playground\University\senior-project-1\dataset\internet\clear\เคยอยากเป็นวีค่ายกระต่าย.wav,11.262371,13.262371,กู,2.0,context_0.4,32000
C:\Users\muldi\Documents\Playground\University\senior-project-1\dataset\internet\clear\เคยอยากเป็นวีค่ายกระต่าย.wav,11.462371,13.462371,กู,2.0,context_0.6,32000
C:\Users\muldi\Documents\Playground\University\senior-project-1\dataset\internet\clear\เคยอยากเป็นวีค่ายกระต่าย.wav,11.662371,13.662371,กู,2.0,context_0.8,32000
C:\Users\muldi\Documents\Playground\University\senior-project-1\dataset\internet\clear\เคยอยากเป็นวีค่ายกระต่าย.wav,0.0,2.0,none,2.0,none_sample,32000
C:\Users\muldi\Documents\Playground\University\senior-project-1\dataset\internet\clear\เจ๊อยากกลับบ้านแล้ว....wav,14.542017999999999,16.542018,เหี้ย,2.0,context_0.2,32000
C:\Users\muldi\Documents\Playground\University\senior-project-1\dataset\internet\clear\เจ๊อยากกลับบ้านแล้ว....wav,14.742018,16.742018,เหี้ย,2.0,context_0.4,32000
C:\Users\muldi\Documents\Playground\University\senior-project-1\dataset\internet\clear\เจ๊อยากกลับบ้านแล้ว....wav,14.942018,16.942017999999997,เหี้ย,2.0,context_0.6,32000
C:\Users\muldi\Documents\Playground\University\senior-project-1\dataset\internet\clear\เจ๊อยากกลับบ้านแล้ว....wav,15.142018,17.142018,เหี้ย,2.0,context_0.8,32000
C:\Users\muldi\Documents\Playground\University\senior-project-1\dataset\internet\clear\เจ๊อยากกลับบ้านแล้ว....wav,0.0,2.0,none,2.0,none_sample,32000
C:\Users\muldi\Documents\Playground\University\senior-project-1\dataset\internet\clear\เดินเตะทุกอย่างบนโลก!.wav,2.2356109999999996,4.235611,กู,2.0,context_0.2,32000
C:\Users\muldi\Documents\Playground\University\senior-project-1\dataset\internet\clear\เดินเตะทุกอย่างบนโลก!.wav,2.4356109999999997,4.435611,กู,2.0,context_0.4,32000
C:\Users\muldi\Documents\Playground\University\senior-project-1\dataset\internet\clear\เดินเตะทุกอย่างบนโลก!.wav,2.635611,4.635611,กู,2.0,context_0.6,32000
C:\Users\muldi\Documents\Playground\University\senior-project-1\dataset\internet\clear\เดินเตะทุกอย่างบนโลก!.wav,2.835611,4.835611,กู,2.0,context_0.8,32000
C:\Users\muldi\Documents\Playground\University\senior-project-1\dataset\internet\clear\เดินเตะทุกอย่างบนโลก!.wav,4.204079,6.204079,กู,2.0,context_0.2,32000
C:\Users\muldi\Documents\Playground\University\senior-project-1\dataset\internet\clear\เดินเตะทุกอย่างบนโลก!.wav,4.404079,6.404079,กู,2.0,context_0.4,32000
C:\Users\muldi\Documents\Playground\University\senior-project-1\dataset\internet\clear\เดินเตะทุกอย่างบนโลก!.wav,4.604079,6.604079,กู,2.0,context_0.6,32000
C:\Users\muldi\Documents\Playground\University\senior-project-1\dataset\internet\clear\เดินเตะทุกอย่างบนโลก!.wav,4.804079,6.804079,กู,2.0,context_0.8,32000
C:\Users\muldi\Documents\Playground\University\senior-project-1\dataset\internet\clear\เดินเตะทุกอย่างบนโลก!.wav,8.721606,10.721606,กู,2.0,context_0.2,32000
C:\Users\muldi\Documents\Playground\University\senior-project-1\dataset\internet\clear\เดินเตะทุกอย่างบนโลก!.wav,8.921606,10.921606,กู,2.0,context_0.4,32000
C:\Users\muldi\Documents\Playground\University\senior-project-1\dataset\internet\clear\เดินเตะทุกอย่างบนโลก!.wav,9.121606,11.121606,กู,2.0,context_0.6,32000
C:\Users\muldi\Documents\Playground\University\senior-project-1\dataset\internet\clear\เดินเตะทุกอย่างบนโลก!.wav,9.321606000000001,11.321606000000001,กู,2.0,context_0.8,32000
C:\Users\muldi\Documents\Playground\University\senior-project-1\dataset\internet\clear\เดินเตะทุกอย่างบนโลก!.wav,10.90444,12.90444,กู,2.0,context_0.2,32000
C:\Users\muldi\Documents\Playground\University\senior-project-1\dataset\internet\clear\เดินเตะทุกอย่างบนโลก!.wav,11.10444,13.10444,กู,2.0,context_0.4,32000
C:\Users\muldi\Documents\Playground\University\senior-project-1\dataset\internet\clear\เดินเตะทุกอย่างบนโลก!.wav,11.30444,13.30444,กู,2.0,context_0.6,32000
C:\Users\muldi\Documents\Playground\University\senior-project-1\dataset\internet\clear\เดินเตะทุกอย่างบนโลก!.wav,11.50444,13.50444,กู,2.0,context_0.8,32000
C:\Users\muldi\Documents\Playground\University\senior-project-1\dataset\internet\clear\เดินเตะทุกอย่างบนโลก!.wav,14.989595999999999,16.989596,กู,2.0,context_0.2,32000
C:\Users\muldi\Documents\Playground\University\senior-project-1\dataset\internet\clear\เดินเตะทุกอย่างบนโลก!.wav,15.189596,17.189596,กู,2.0,context_0.4,32000
C:\Users\muldi\Documents\Playground\University\senior-project-1\dataset\internet\clear\เดินเตะทุกอย่างบนโลก!.wav,15.389596,17.389595999999997,กู,2.0,context_0.6,32000
C:\Users\muldi\Documents\Playground\University\senior-project-1\dataset\internet\clear\เดินเตะทุกอย่างบนโลก!.wav,15.589596,17.589596,กู,2.0,context_0.8,32000
C:\Users\muldi\Documents\Playground\University\senior-project-1\dataset\internet\clear\เดินเตะทุกอย่างบนโลก!.wav,15.322257999999998,17.322257999999998,กู,2.0,context_0.2,32000
C:\Users\muldi\Documents\Playground\University\senior-project-1\dataset\internet\clear\เดินเตะทุกอย่างบนโลก!.wav,15.522257999999999,17.522258,กู,2.0,context_0.4,32000
C:\Users\muldi\Documents\Playground\University\senior-project-1\dataset\internet\clear\เดินเตะทุกอย่างบนโลก!.wav,15.722257999999998,17.722257999999997,กู,2.0,context_0.6,32000
C:\Users\muldi\Documents\Playground\University\senior-project-1\dataset\internet\clear\เดินเตะทุกอย่างบนโลก!.wav,15.922258,17.922258,กู,2.0,context_0.8,32000
C:\Users\muldi\Documents\Playground\University\senior-project-1\dataset\internet\clear\เดินเตะทุกอย่างบนโลก!.wav,16.093305,18.093305,กู,2.0,context_0.2,32000
C:\Users\muldi\Documents\Playground\University\senior-project-1\dataset\internet\clear\เดินเตะทุกอย่างบนโลก!.wav,16.293305,18.293305,กู,2.0,context_0.4,32000
C:\Users\muldi\Documents\Playground\University\senior-project-1\dataset\internet\clear\เดินเตะทุกอย่างบนโลก!.wav,16.493305000000003,18.493305000000003,กู,2.0,context_0.6,32000
C:\Users\muldi\Documents\Playground\University\senior-project-1\dataset\internet\clear\เดินเตะทุกอย่างบนโลก!.wav,16.693305000000002,18.693305000000002,กู,2.0,context_0.8,32000
C:\Users\muldi\Documents\Playground\University\senior-project-1\dataset\internet\clear\เดินเตะทุกอย่างบนโลก!.wav,19.697368,21.697368,กู,2.0,context_0.2,32000
C:\Users\muldi\Documents\Playground\University\senior-project-1\dataset\internet\clear\เดินเตะทุกอย่างบนโลก!.wav,19.897368,21.897368,กู,2.0,context_0.4,32000
C:\Users\muldi\Documents\Playground\University\senior-project-1\dataset\internet\clear\เดินเตะทุกอย่างบนโลก!.wav,20.097368000000003,22.097368000000003,กู,2.0,context_0.6,32000
C:\Users\muldi\Documents\Playground\University\senior-project-1\dataset\internet\clear\เดินเตะทุกอย่างบนโลก!.wav,20.297368000000002,22.297368000000002,กู,2.0,context_0.8,32000
C:\Users\muldi\Documents\Playground\University\senior-project-1\dataset\internet\clear\เดินเตะทุกอย่างบนโลก!.wav,20.729066,22.729066,กู,2.0,context_0.2,32000
C:\Users\muldi\Documents\Playground\University\senior-project-1\dataset\internet\clear\เดินเตะทุกอย่างบนโลก!.wav,20.929066,22.929066,กู,2.0,context_0.4,32000
C:\Users\muldi\Documents\Playground\University\senior-project-1\dataset\internet\clear\เดินเตะทุกอย่างบนโลก!.wav,21.129066,23.129066,กู,2.0,context_0.6,32000
C:\Users\muldi\Documents\Playground\University\senior-project-1\dataset\internet\clear\เดินเตะทุกอย่างบนโลก!.wav,21.329066,23.329066,กู,2.0,context_0.8,32000
C:\Users\muldi\Documents\Playground\University\senior-project-1\dataset\internet\clear\เดินเตะทุกอย่างบนโลก!.wav,26.673707999999998,28.673707999999998,กู,2.0,context_0.2,32000
C:\Users\muldi\Documents\Playground\University\senior-project-1\dataset\internet\clear\เดินเตะทุกอย่างบนโลก!.wav,26.873707999999997,28.873707999999997,กู,2.0,context_0.4,32000
C:\Users\muldi\Documents\Playground\University\senior-project-1\dataset\internet\clear\เดินเตะทุกอย่างบนโลก!.wav,27.073708,29.073708,กู,2.0,context_0.6,32000
C:\Users\muldi\Documents\Playground\University\senior-project-1\dataset\internet\clear\เดินเตะทุกอย่างบนโลก!.wav,27.273708,29.273708,กู,2.0,context_0.8,32000
C:\Users\muldi\Documents\Playground\University\senior-project-1\dataset\internet\clear\เดินเตะทุกอย่างบนโลก!.wav,28.556449,30.556449,กู,2.0,context_0.2,32000
C:\Users\muldi\Documents\Playground\University\senior-project-1\dataset\internet\clear\เดินเตะทุกอย่างบนโลก!.wav,28.756449,30.756449,กู,2.0,context_0.4,32000
C:\Users\muldi\Documents\Playground\University\senior-project-1\dataset\internet\clear\เดินเตะทุกอย่างบนโลก!.wav,28.956449000000003,30.956449000000003,กู,2.0,context_0.6,32000
C:\Users\muldi\Documents\Playground\University\senior-project-1\dataset\internet\clear\เดินเตะทุกอย่างบนโลก!.wav,29.156449000000002,31.156449000000002,กู,2.0,context_0.8,32000
C:\Users\muldi\Documents\Playground\University\senior-project-1\dataset\internet\clear\เดินเตะทุกอย่างบนโลก!.wav,31.291262,33.291262,กู,2.0,context_0.2,32000
C:\Users\muldi\Documents\Playground\University\senior-project-1\dataset\internet\clear\เดินเตะทุกอย่างบนโลก!.wav,31.491262,33.491262,กู,2.0,context_0.4,32000
C:\Users\muldi\Documents\Playground\University\senior-project-1\dataset\internet\clear\เดินเตะทุกอย่างบนโลก!.wav,31.691262000000002,33.691262,กู,2.0,context_0.6,32000
C:\Users\muldi\Documents\Playground\University\senior-project-1\dataset\internet\clear\เดินเตะทุกอย่างบนโลก!.wav,31.891262,33.891262,กู,2.0,context_0.8,32000
C:\Users\muldi\Documents\Playground\University\senior-project-1\dataset\internet\clear\เดินเตะทุกอย่างบนโลก!.wav,32.893795000000004,34.893795000000004,กู,2.0,context_0.2,32000
C:\Users\muldi\Documents\Playground\University\senior-project-1\dataset\internet\clear\เดินเตะทุกอย่างบนโลก!.wav,33.093795,35.093795,กู,2.0,context_0.4,32000
C:\Users\muldi\Documents\Playground\University\senior-project-1\dataset\internet\clear\เดินเตะทุกอย่างบนโลก!.wav,33.293795,35.293795,กู,2.0,context_0.6,32000
C:\Users\muldi\Documents\Playground\University\senior-project-1\dataset\internet\clear\เดินเตะทุกอย่างบนโลก!.wav,33.493795,35.493795,กู,2.0,context_0.8,32000
C:\Users\muldi\Documents\Playground\University\senior-project-1\dataset\internet\clear\เดินเตะทุกอย่างบนโลก!.wav,34.239413000000006,36.239413000000006,กู,2.0,context_0.2,32000
C:\Users\muldi\Documents\Playground\University\senior-project-1\dataset\internet\clear\เดินเตะทุกอย่างบนโลก!.wav,34.439413,36.439413,กู,2.0,context_0.4,32000
C:\Users\muldi\Documents\Playground\University\senior-project-1\dataset\internet\clear\เดินเตะทุกอย่างบนโลก!.wav,34.639413000000005,36.639413000000005,กู,2.0,context_0.6,32000
C:\Users\muldi\Documents\Playground\University\senior-project-1\dataset\internet\clear\เดินเตะทุกอย่างบนโลก!.wav,34.839413,36.839413,กู,2.0,context_0.8,32000
C:\Users\muldi\Documents\Playground\University\senior-project-1\dataset\internet\clear\เดินเตะทุกอย่างบนโลก!.wav,43.330655,45.330655,กู,2.0,context_0.2,32000
C:\Users\muldi\Documents\Playground\University\senior-project-1\dataset\internet\clear\เดินเตะทุกอย่างบนโลก!.wav,43.530654999999996,45.530654999999996,กู,2.0,context_0.4,32000
C:\Users\muldi\Documents\Playground\University\senior-project-1\dataset\internet\clear\เดินเตะทุกอย่างบนโลก!.wav,43.730655,45.730655,กู,2.0,context_0.6,32000
C:\Users\muldi\Documents\Playground\University\senior-project-1\dataset\internet\clear\เดินเตะทุกอย่างบนโลก!.wav,43.930654999999994,45.930654999999994,กู,2.0,context_0.8,32000
C:\Users\muldi\Documents\Playground\University\senior-project-1\dataset\internet\clear\เดินเตะทุกอย่างบนโลก!.wav,0.0,2.0,none,2.0,none_sample,32000
C:\Users\muldi\Documents\Playground\University\senior-project-1\dataset\internet\clear\เดินเตะทุกอย่างบนโลก!.wav,5.200000000000003,7.200000000000003,none,2.0,none_sample,32000
C:\Users\muldi\Documents\Playground\University\senior-project-1\dataset\internet\clear\เดินเตะทุกอย่างบนโลก!.wav,7.200000000000003,9.200000000000003,none,2.0,none_sample,32000
C:\Users\muldi\Documents\Playground\University\senior-project-1\dataset\internet\clear\เดินเตะทุกอย่างบนโลก!.wav,11.799999999999994,13.799999999999994,none,2.0,none_sample,32000
C:\Users\muldi\Documents\Playground\University\senior-project-1\dataset\internet\clear\เดินเตะทุกอย่างบนโลก!.wav,16.999999999999982,18.999999999999982,none,2.0,none_sample,32000
C:\Users\muldi\Documents\Playground\University\senior-project-1\dataset\internet\clear\เดินเตะทุกอย่างบนโลก!.wav,21.799999999999972,23.799999999999972,none,2.0,none_sample,32000
C:\Users\muldi\Documents\Playground\University\senior-project-1\dataset\internet\clear\เดินเตะทุกอย่างบนโลก!.wav,23.799999999999972,25.799999999999972,none,2.0,none_sample,32000
C:\Users\muldi\Documents\Playground\University\senior-project-1\dataset\internet\clear\เดินเตะทุกอย่างบนโลก!.wav,29.59999999999996,31.59999999999996,none,2.0,none_sample,32000
C:\Users\muldi\Documents\Playground\University\senior-project-1\dataset\internet\clear\เดินเตะทุกอย่างบนโลก!.wav,35.2,37.2,none,2.0,none_sample,32000
C:\Users\muldi\Documents\Playground\University\senior-project-1\dataset\internet\clear\เดินเตะทุกอย่างบนโลก!.wav,37.2,39.2,none,2.0,none_sample,32000
C:\Users\muldi\Documents\Playground\University\senior-project-1\dataset\internet\clear\เดินเตะทุกอย่างบนโลก!.wav,39.2,41.2,none,2.0,none_sample,32000
C:\Users\muldi\Documents\Playground\University\senior-project-1\dataset\internet\clear\เดินเตะทุกอย่างบนโลก!.wav,41.2,43.2,none,2.0,none_sample,32000
C:\Users\muldi\Documents\Playground\University\senior-project-1\dataset\internet\clear\เดินเตะทุกอย่างบนโลก!.wav,44.40000000000002,46.40000000000002,none,2.0,none_sample,32000
C:\Users\muldi\Documents\Playground\University\senior-project-1\dataset\internet\clear\เดินเตะทุกอย่างบนโลก!.wav,46.40000000000002,48.40000000000002,none,2.0,none_sample,32000
C:\Users\muldi\Documents\Playground\University\senior-project-1\dataset\internet\clear\เดินเตะทุกอย่างบนโลก!.wav,48.40000000000002,50.40000000000002,none,2.0,none_sample,32000
C:\Users\muldi\Documents\Playground\University\senior-project-1\dataset\internet\clear\เดินเตะทุกอย่างบนโลก!.wav,50.40000000000002,52.40000000000002,none,2.0,none_sample,32000
C:\Users\muldi\Documents\Playground\University\senior-project-1\dataset\internet\clear\เพื่อนบ้านหรรษาของจริงๆ.wav,4.444845,6.444845,มึง,2.0,context_0.2,32000
C:\Users\muldi\Documents\Playground\University\senior-project-1\dataset\internet\clear\เพื่อนบ้านหรรษาของจริงๆ.wav,4.644845,6.644845,มึง,2.0,context_0.4,32000
C:\Users\muldi\Documents\Playground\University\senior-project-1\dataset\internet\clear\เพื่อนบ้านหรรษาของจริงๆ.wav,4.844844999999999,6.844844999999999,มึง,2.0,context_0.6,32000
C:\Users\muldi\Documents\Playground\University\senior-project-1\dataset\internet\clear\เพื่อนบ้านหรรษาของจริงๆ.wav,5.044845,7.044845,มึง,2.0,context_0.8,32000
C:\Users\muldi\Documents\Playground\University\senior-project-1\dataset\internet\clear\เพื่อนบ้านหรรษาของจริงๆ.wav,18.965428,20.965428,กู,2.0,context_0.2,32000
C:\Users\muldi\Documents\Playground\University\senior-project-1\dataset\internet\clear\เพื่อนบ้านหรรษาของจริงๆ.wav,19.165428,21.165428,กู,2.0,context_0.4,32000
C:\Users\muldi\Documents\Playground\University\senior-project-1\dataset\internet\clear\เพื่อนบ้านหรรษาของจริงๆ.wav,19.365428,21.365428,กู,2.0,context_0.6,32000
C:\Users\muldi\Documents\Playground\University\senior-project-1\dataset\internet\clear\เพื่อนบ้านหรรษาของจริงๆ.wav,19.565428,21.565428,กู,2.0,context_0.8,32000
C:\Users\muldi\Documents\Playground\University\senior-project-1\dataset\internet\clear\เพื่อนบ้านหรรษาของจริงๆ.wav,21.393372,23.393372,มึง,2.0,context_0.2,32000
C:\Users\muldi\Documents\Playground\University\senior-project-1\dataset\internet\clear\เพื่อนบ้านหรรษาของจริงๆ.wav,21.593372,23.593372,มึง,2.0,context_0.4,32000
C:\Users\muldi\Documents\Playground\University\senior-project-1\dataset\internet\clear\เพื่อนบ้านหรรษาของจริงๆ.wav,21.793372,23.793372,มึง,2.0,context_0.6,32000
C:\Users\muldi\Documents\Playground\University\senior-project-1\dataset\internet\clear\เพื่อนบ้านหรรษาของจริงๆ.wav,21.993372,23.993372,มึง,2.0,context_0.8,32000
C:\Users\muldi\Documents\Playground\University\senior-project-1\dataset\internet\clear\เพื่อนบ้านหรรษาของจริงๆ.wav,29.993568,31.993568,กู,2.0,context_0.2,32000
C:\Users\muldi\Documents\Playground\University\senior-project-1\dataset\internet\clear\เพื่อนบ้านหรรษาของจริงๆ.wav,30.193568,32.193568,กู,2.0,context_0.4,32000
C:\Users\muldi\Documents\Playground\University\senior-project-1\dataset\internet\clear\เพื่อนบ้านหรรษาของจริงๆ.wav,30.393568000000002,32.393568,กู,2.0,context_0.6,32000
C:\Users\muldi\Documents\Playground\University\senior-project-1\dataset\internet\clear\เพื่อนบ้านหรรษาของจริงๆ.wav,30.593568,32.593568000000005,กู,2.0,context_0.8,32000
C:\Users\muldi\Documents\Playground\University\senior-project-1\dataset\internet\clear\เพื่อนบ้านหรรษาของจริงๆ.wav,35.411314000000004,37.411314000000004,กู,2.0,context_0.2,32000
C:\Users\muldi\Documents\Playground\University\senior-project-1\dataset\internet\clear\เพื่อนบ้านหรรษาของจริงๆ.wav,35.611314,37.611314,กู,2.0,context_0.4,32000
C:\Users\muldi\Documents\Playground\University\senior-project-1\dataset\internet\clear\เพื่อนบ้านหรรษาของจริงๆ.wav,35.811314,37.811314,กู,2.0,context_0.6,32000
C:\Users\muldi\Documents\Playground\University\senior-project-1\dataset\internet\clear\เพื่อนบ้านหรรษาของจริงๆ.wav,36.011314,38.011314,กู,2.0,context_0.8,32000
C:\Users\muldi\Documents\Playground\University\senior-project-1\dataset\internet\clear\เพื่อนบ้านหรรษาของจริงๆ.wav,37.124782,39.124782,เหี้ย,2.0,context_0.2,32000
C:\Users\muldi\Documents\Playground\University\senior-project-1\dataset\internet\clear\เพื่อนบ้านหรรษาของจริงๆ.wav,37.324782,39.324782,เหี้ย,2.0,context_0.4,32000
C:\Users\muldi\Documents\Playground\University\senior-project-1\dataset\internet\clear\เพื่อนบ้านหรรษาของจริงๆ.wav,37.524782,39.524782,เหี้ย,2.0,context_0.6,32000
C:\Users\muldi\Documents\Playground\University\senior-project-1\dataset\internet\clear\เพื่อนบ้านหรรษาของจริงๆ.wav,37.724782,39.724782,เหี้ย,2.0,context_0.8,32000
C:\Users\muldi\Documents\Playground\University\senior-project-1\dataset\internet\clear\เพื่อนบ้านหรรษาของจริงๆ.wav,38.912069,40.912069,กู,2.0,context_0.2,32000
C:\Users\muldi\Documents\Playground\University\senior-project-1\dataset\internet\clear\เพื่อนบ้านหรรษาของจริงๆ.wav,39.112069,41.112069,กู,2.0,context_0.4,32000
C:\Users\muldi\Documents\Playground\University\senior-project-1\dataset\internet\clear\เพื่อนบ้านหรรษาของจริงๆ.wav,39.312069,41.312069,กู,2.0,context_0.6,32000
C:\Users\muldi\Documents\Playground\University\senior-project-1\dataset\internet\clear\เพื่อนบ้านหรรษาของจริงๆ.wav,39.512069,41.512069,กู,2.0,context_0.8,32000
C:\Users\muldi\Documents\Playground\University\senior-project-1\dataset\internet\clear\เพื่อนบ้านหรรษาของจริงๆ.wav,40.939548,42.939548,กู,2.0,context_0.2,32000
C:\Users\muldi\Documents\Playground\University\senior-project-1\dataset\internet\clear\เพื่อนบ้านหรรษาของจริงๆ.wav,41.139548,43.139548,กู,2.0,context_0.4,32000
C:\Users\muldi\Documents\Playground\University\senior-project-1\dataset\internet\clear\เพื่อนบ้านหรรษาของจริงๆ.wav,41.339548,43.339548,กู,2.0,context_0.6,32000
C:\Users\muldi\Documents\Playground\University\senior-project-1\dataset\internet\clear\เพื่อนบ้านหรรษาของจริงๆ.wav,41.539547999999996,43.539547999999996,กู,2.0,context_0.8,32000
C:\Users\muldi\Documents\Playground\University\senior-project-1\dataset\internet\clear\เพื่อนบ้านหรรษาของจริงๆ.wav,42.046921000000005,44.046921000000005,มึง,2.0,context_0.2,32000
C:\Users\muldi\Documents\Playground\University\senior-project-1\dataset\internet\clear\เพื่อนบ้านหรรษาของจริงๆ.wav,42.246921,44.246921,มึง,2.0,context_0.4,32000
C:\Users\muldi\Documents\Playground\University\senior-project-1\dataset\internet\clear\เพื่อนบ้านหรรษาของจริงๆ.wav,42.446921,44.446921,มึง,2.0,context_0.6,32000
C:\Users\muldi\Documents\Playground\University\senior-project-1\dataset\internet\clear\เพื่อนบ้านหรรษาของจริงๆ.wav,42.646921,44.646921,มึง,2.0,context_0.8,32000
C:\Users\muldi\Documents\Playground\University\senior-project-1\dataset\internet\clear\เพื่อนบ้านหรรษาของจริงๆ.wav,54.328349,56.328349,เหี้ย,2.0,context_0.2,32000
C:\Users\muldi\Documents\Playground\University\senior-project-1\dataset\internet\clear\เพื่อนบ้านหรรษาของจริงๆ.wav,54.528349,56.528349,เหี้ย,2.0,context_0.4,32000
C:\Users\muldi\Documents\Playground\University\senior-project-1\dataset\internet\clear\เพื่อนบ้านหรรษาของจริงๆ.wav,54.728349,56.728349,เหี้ย,2.0,context_0.6,32000
C:\Users\muldi\Documents\Playground\University\senior-project-1\dataset\internet\clear\เพื่อนบ้านหรรษาของจริงๆ.wav,54.928349,56.928349,เหี้ย,2.0,context_0.8,32000
C:\Users\muldi\Documents\Playground\University\senior-project-1\dataset\internet\clear\เพื่อนบ้านหรรษาของจริงๆ.wav,0.0,2.0,none,2.0,none_sample,32000
C:\Users\muldi\Documents\Playground\University\senior-project-1\dataset\internet\clear\เพื่อนบ้านหรรษาของจริงๆ.wav,2.0,4.0,none,2.0,none_sample,32000
C:\Users\muldi\Documents\Playground\University\senior-project-1\dataset\internet\clear\เพื่อนบ้านหรรษาของจริงๆ.wav,5.600000000000001,7.600000000000001,none,2.0,none_sample,32000
C:\Users\muldi\Documents\Playground\University\senior-project-1\dataset\internet\clear\เพื่อนบ้านหรรษาของจริงๆ.wav,7.600000000000001,9.600000000000001,none,2.0,none_sample,32000
C:\Users\muldi\Documents\Playground\University\senior-project-1\dataset\internet\clear\เพื่อนบ้านหรรษาของจริงๆ.wav,9.600000000000001,11.600000000000001,none,2.0,none_sample,32000
C:\Users\muldi\Documents\Playground\University\senior-project-1\dataset\internet\clear\เพื่อนบ้านหรรษาของจริงๆ.wav,11.600000000000001,13.600000000000001,none,2.0,none_sample,32000
C:\Users\muldi\Documents\Playground\University\senior-project-1\dataset\internet\clear\เพื่อนบ้านหรรษาของจริงๆ.wav,13.600000000000001,15.600000000000001,none,2.0,none_sample,32000
C:\Users\muldi\Documents\Playground\University\senior-project-1\dataset\internet\clear\เพื่อนบ้านหรรษาของจริงๆ.wav,15.600000000000001,17.6,none,2.0,none_sample,32000
C:\Users\muldi\Documents\Playground\University\senior-project-1\dataset\internet\clear\เพื่อนบ้านหรรษาของจริงๆ.wav,17.6,19.6,none,2.0,none_sample,32000
C:\Users\muldi\Documents\Playground\University\senior-project-1\dataset\internet\clear\เพื่อนบ้านหรรษาของจริงๆ.wav,20.0,22.0,none,2.0,none_sample,32000
C:\Users\muldi\Documents\Playground\University\senior-project-1\dataset\internet\clear\เพื่อนบ้านหรรษาของจริงๆ.wav,22.599999999999998,24.599999999999998,none,2.0,none_sample,32000
C:\Users\muldi\Documents\Playground\University\senior-project-1\dataset\internet\clear\เพื่อนบ้านหรรษาของจริงๆ.wav,24.599999999999998,26.599999999999998,none,2.0,none_sample,32000
C:\Users\muldi\Documents\Playground\University\senior-project-1\dataset\internet\clear\เพื่อนบ้านหรรษาของจริงๆ.wav,26.599999999999998,28.599999999999998,none,2.0,none_sample,32000
C:\Users\muldi\Documents\Playground\University\senior-project-1\dataset\internet\clear\โอ๊ต.wav,19.686934,21.686934,กู,2.0,context_0.2,32000
C:\Users\muldi\Documents\Playground\University\senior-project-1\dataset\internet\clear\โอ๊ต.wav,19.886934,21.886934,กู,2.0,context_0.4,32000
C:\Users\muldi\Documents\Playground\University\senior-project-1\dataset\internet\clear\โอ๊ต.wav,20.086934000000003,22.086934000000003,กู,2.0,context_0.6,32000
C:\Users\muldi\Documents\Playground\University\senior-project-1\dataset\internet\clear\โอ๊ต.wav,20.286934000000002,22.286934000000002,กู,2.0,context_0.8,32000
C:\Users\muldi\Documents\Playground\University\senior-project-1\dataset\internet\clear\โอ๊ต.wav,57.279944,59.279944,มึง,2.0,context_0.2,32000
C:\Users\muldi\Documents\Playground\University\senior-project-1\dataset\internet\clear\โอ๊ต.wav,57.479943999999996,59.479943999999996,มึง,2.0,context_0.4,32000
C:\Users\muldi\Documents\Playground\University\senior-project-1\dataset\internet\clear\โอ๊ต.wav,57.679944,59.679944,มึง,2.0,context_0.6,32000
C:\Users\muldi\Documents\Playground\University\senior-project-1\dataset\internet\clear\โอ๊ต.wav,57.879943999999995,59.879943999999995,มึง,2.0,context_0.8,32000
C:\Users\muldi\Documents\Playground\University\senior-project-1\dataset\internet\clear\โอ๊ต.wav,126.64848500000001,128.648485,กู,2.0,context_0.2,32000
C:\Users\muldi\Documents\Playground\University\senior-project-1\dataset\internet\clear\โอ๊ต.wav,126.84848500000001,128.848485,กู,2.0,context_0.4,32000
C:\Users\muldi\Documents\Playground\University\senior-project-1\dataset\internet\clear\โอ๊ต.wav,127.048485,129.048485,กู,2.0,context_0.6,32000
C:\Users\muldi\Documents\Playground\University\senior-project-1\dataset\internet\clear\โอ๊ต.wav,127.248485,129.24848500000002,กู,2.0,context_0.8,32000
C:\Users\muldi\Documents\Playground\University\senior-project-1\dataset\internet\clear\โอ๊ต.wav,129.78286799999998,131.78286799999998,กู,2.0,context_0.2,32000
C:\Users\muldi\Documents\Playground\University\senior-project-1\dataset\internet\clear\โอ๊ต.wav,129.982868,131.982868,กู,2.0,context_0.4,32000
C:\Users\muldi\Documents\Playground\University\senior-project-1\dataset\internet\clear\โอ๊ต.wav,130.18286799999998,132.18286799999998,กู,2.0,context_0.6,32000
C:\Users\muldi\Documents\Playground\University\senior-project-1\dataset\internet\clear\โอ๊ต.wav,130.382868,132.382868,กู,2.0,context_0.8,32000
C:\Users\muldi\Documents\Playground\University\senior-project-1\dataset\internet\clear\โอ๊ต.wav,143.805871,145.805871,กู,2.0,context_0.2,32000
C:\Users\muldi\Documents\Playground\University\senior-project-1\dataset\internet\clear\โอ๊ต.wav,144.005871,146.005871,กู,2.0,context_0.4,32000
C:\Users\muldi\Documents\Playground\University\senior-project-1\dataset\internet\clear\โอ๊ต.wav,144.205871,146.205871,กู,2.0,context_0.6,32000
C:\Users\muldi\Documents\Playground\University\senior-project-1\dataset\internet\clear\โอ๊ต.wav,144.40587100000002,146.40587100000002,กู,2.0,context_0.8,32000
C:\Users\muldi\Documents\Playground\University\senior-project-1\dataset\internet\clear\โอ๊ต.wav,238.626206,240.626206,กู,2.0,context_0.2,32000
C:\Users\muldi\Documents\Playground\University\senior-project-1\dataset\internet\clear\โอ๊ต.wav,238.826206,240.826206,กู,2.0,context_0.4,32000
C:\Users\muldi\Documents\Playground\University\senior-project-1\dataset\internet\clear\โอ๊ต.wav,239.026206,241.026206,กู,2.0,context_0.6,32000
C:\Users\muldi\Documents\Playground\University\senior-project-1\dataset\internet\clear\โอ๊ต.wav,239.22620600000002,241.22620600000002,กู,2.0,context_0.8,32000
C:\Users\muldi\Documents\Playground\University\senior-project-1\dataset\internet\clear\โอ๊ต.wav,272.31523599999997,274.31523599999997,กู,2.0,context_0.2,32000
C:\Users\muldi\Documents\Playground\University\senior-project-1\dataset\internet\clear\โอ๊ต.wav,272.51523599999996,274.51523599999996,กู,2.0,context_0.4,32000
C:\Users\muldi\Documents\Playground\University\senior-project-1\dataset\internet\clear\โอ๊ต.wav,272.715236,274.715236,กู,2.0,context_0.6,32000
C:\Users\muldi\Documents\Playground\University\senior-project-1\dataset\internet\clear\โอ๊ต.wav,272.915236,274.915236,กู,2.0,context_0.8,32000
C:\Users\muldi\Documents\Playground\University\senior-project-1\dataset\internet\clear\โอ๊ต.wav,272.823776,274.823776,กู,2.0,context_0.2,32000
C:\Users\muldi\Documents\Playground\University\senior-project-1\dataset\internet\clear\โอ๊ต.wav,273.023776,275.023776,กู,2.0,context_0.4,32000
C:\Users\muldi\Documents\Playground\University\senior-project-1\dataset\internet\clear\โอ๊ต.wav,273.22377600000004,275.22377600000004,กู,2.0,context_0.6,32000
C:\Users\muldi\Documents\Playground\University\senior-project-1\dataset\internet\clear\โอ๊ต.wav,273.42377600000003,275.42377600000003,กู,2.0,context_0.8,32000
C:\Users\muldi\Documents\Playground\University\senior-project-1\dataset\internet\clear\โอ๊ต.wav,1075.8913320000001,1077.8913320000001,เหี้ย,2.0,context_0.2,32000
C:\Users\muldi\Documents\Playground\University\senior-project-1\dataset\internet\clear\โอ๊ต.wav,1076.0913320000002,1078.0913320000002,เหี้ย,2.0,context_0.4,32000
C:\Users\muldi\Documents\Playground\University\senior-project-1\dataset\internet\clear\โอ๊ต.wav,1076.291332,1078.291332,เหี้ย,2.0,context_0.6,32000
C:\Users\muldi\Documents\Playground\University\senior-project-1\dataset\internet\clear\โอ๊ต.wav,1076.491332,1078.491332,เหี้ย,2.0,context_0.8,32000
C:\Users\muldi\Documents\Playground\University\senior-project-1\dataset\internet\clear\โอ๊ต.wav,1087.996851,1089.996851,กู,2.0,context_0.2,32000
C:\Users\muldi\Documents\Playground\University\senior-project-1\dataset\internet\clear\โอ๊ต.wav,1088.1968510000002,1090.1968510000002,กู,2.0,context_0.4,32000
C:\Users\muldi\Documents\Playground\University\senior-project-1\dataset\internet\clear\โอ๊ต.wav,1088.396851,1090.396851,กู,2.0,context_0.6,32000
C:\Users\muldi\Documents\Playground\University\senior-project-1\dataset\internet\clear\โอ๊ต.wav,1088.596851,1090.596851,กู,2.0,context_0.8,32000
C:\Users\muldi\Documents\Playground\University\senior-project-1\dataset\internet\clear\โอ๊ต.wav,1162.200211,1164.200211,มึง,2.0,context_0.2,32000
C:\Users\muldi\Documents\Playground\University\senior-project-1\dataset\internet\clear\โอ๊ต.wav,1162.4002110000001,1164.4002110000001,มึง,2.0,context_0.4,32000
C:\Users\muldi\Documents\Playground\University\senior-project-1\dataset\internet\clear\โอ๊ต.wav,1162.600211,1164.600211,มึง,2.0,context_0.6,32000
C:\Users\muldi\Documents\Playground\University\senior-project-1\dataset\internet\clear\โอ๊ต.wav,1162.800211,1164.800211,มึง,2.0,context_0.8,32000
C:\Users\muldi\Documents\Playground\University\senior-project-1\dataset\internet\clear\โอ๊ต.wav,1169.1105,1171.1105,กู,2.0,context_0.2,32000
C:\Users\muldi\Documents\Playground\University\senior-project-1\dataset\internet\clear\โอ๊ต.wav,1169.3105,1171.3105,กู,2.0,context_0.4,32000
C:\Users\muldi\Documents\Playground\University\senior-project-1\dataset\internet\clear\โอ๊ต.wav,1169.5104999999999,1171.5104999999999,กู,2.0,context_0.6,32000
C:\Users\muldi\Documents\Playground\University\senior-project-1\dataset\internet\clear\โอ๊ต.wav,1169.7105,1171.7105,กู,2.0,context_0.8,32000
C:\Users\muldi\Documents\Playground\University\senior-project-1\dataset\internet\clear\โอ๊ต.wav,1300.348195,1302.348195,เหี้ย,2.0,context_0.2,32000
C:\Users\muldi\Documents\Playground\University\senior-project-1\dataset\internet\clear\โอ๊ต.wav,1300.548195,1302.548195,เหี้ย,2.0,context_0.4,32000
C:\Users\muldi\Documents\Playground\University\senior-project-1\dataset\internet\clear\โอ๊ต.wav,1300.748195,1302.748195,เหี้ย,2.0,context_0.6,32000
C:\Users\muldi\Documents\Playground\University\senior-project-1\dataset\internet\clear\โอ๊ต.wav,1300.948195,1302.948195,เหี้ย,2.0,context_0.8,32000
C:\Users\muldi\Documents\Playground\University\senior-project-1\dataset\internet\clear\โอ๊ต.wav,0.0,2.0,none,2.0,none_sample,32000
C:\Users\muldi\Documents\Playground\University\senior-project-1\dataset\internet\clear\โอ๊ต.wav,2.0,4.0,none,2.0,none_sample,32000
C:\Users\muldi\Documents\Playground\University\senior-project-1\dataset\internet\clear\โอ๊ต.wav,4.0,6.0,none,2.0,none_sample,32000
C:\Users\muldi\Documents\Playground\University\senior-project-1\dataset\internet\clear\โอ๊ต.wav,6.0,8.0,none,2.0,none_sample,32000
C:\Users\muldi\Documents\Playground\University\senior-project-1\dataset\internet\clear\โอ๊ต.wav,8.0,10.0,none,2.0,none_sample,32000
C:\Users\muldi\Documents\Playground\University\senior-project-1\dataset\internet\clear\โอ๊ต.wav,10.0,12.0,none,2.0,none_sample,32000
C:\Users\muldi\Documents\Playground\University\senior-project-1\dataset\internet\clear\โอ๊ต.wav,12.0,14.0,none,2.0,none_sample,32000
C:\Users\muldi\Documents\Playground\University\senior-project-1\dataset\internet\clear\โอ๊ต.wav,14.0,16.0,none,2.0,none_sample,32000
C:\Users\muldi\Documents\Playground\University\senior-project-1\dataset\internet\clear\โอ๊ต.wav,16.0,18.0,none,2.0,none_sample,32000
C:\Users\muldi\Documents\Playground\University\senior-project-1\dataset\internet\clear\โอ๊ต.wav,18.0,20.0,none,2.0,none_sample,32000
C:\Users\muldi\Documents\Playground\University\senior-project-1\dataset\internet\clear\โอ๊ต.wav,20.599999999999998,22.599999999999998,none,2.0,none_sample,32000
C:\Users\muldi\Documents\Playground\University\senior-project-1\dataset\internet\clear\โอ๊ต.wav,22.599999999999998,24.599999999999998,none,2.0,none_sample,32000
C:\Users\muldi\Documents\Playground\University\senior-project-1\dataset\internet\clear\โอ๊ต.wav,24.599999999999998,26.599999999999998,none,2.0,none_sample,32000
C:\Users\muldi\Documents\Playground\University\senior-project-1\dataset\internet\clear\โอ๊ต.wav,26.599999999999998,28.599999999999998,none,2.0,none_sample,32000
C:\Users\muldi\Documents\Playground\University\senior-project-1\dataset\internet\clear\โอ๊ต.wav,28.599999999999998,30.599999999999998,none,2.0,none_sample,32000
C:\Users\muldi\Documents\Playground\University\senior-project-1\dataset\internet\clear\โอ๊ต.wav,30.599999999999998,32.599999999999994,none,2.0,none_sample,32000
C:\Users\muldi\Documents\Playground\University\senior-project-1\dataset\internet\clear\โอ๊ต.wav,32.599999999999994,34.599999999999994,none,2.0,none_sample,32000
C:\Users\muldi\Documents\Playground\University\senior-project-1\dataset\internet\clear\ใต้น้ำยังจะตามมาอีก!!.wav,5.203302,7.203302,เหี้ย,2.0,context_0.2,32000
C:\Users\muldi\Documents\Playground\University\senior-project-1\dataset\internet\clear\ใต้น้ำยังจะตามมาอีก!!.wav,5.403302,7.403302,เหี้ย,2.0,context_0.4,32000
C:\Users\muldi\Documents\Playground\University\senior-project-1\dataset\internet\clear\ใต้น้ำยังจะตามมาอีก!!.wav,5.603301999999999,7.603301999999999,เหี้ย,2.0,context_0.6,32000
C:\Users\muldi\Documents\Playground\University\senior-project-1\dataset\internet\clear\ใต้น้ำยังจะตามมาอีก!!.wav,5.8033019999999995,7.8033019999999995,เหี้ย,2.0,context_0.8,32000
C:\Users\muldi\Documents\Playground\University\senior-project-1\dataset\internet\clear\ใต้น้ำยังจะตามมาอีก!!.wav,5.35593,7.35593,มึง,2.0,context_0.2,32000
C:\Users\muldi\Documents\Playground\University\senior-project-1\dataset\internet\clear\ใต้น้ำยังจะตามมาอีก!!.wav,5.55593,7.55593,มึง,2.0,context_0.4,32000
C:\Users\muldi\Documents\Playground\University\senior-project-1\dataset\internet\clear\ใต้น้ำยังจะตามมาอีก!!.wav,5.755929999999999,7.755929999999999,มึง,2.0,context_0.6,32000
C:\Users\muldi\Documents\Playground\University\senior-project-1\dataset\internet\clear\ใต้น้ำยังจะตามมาอีก!!.wav,5.9559299999999995,7.9559299999999995,มึง,2.0,context_0.8,32000
C:\Users\muldi\Documents\Playground\University\senior-project-1\dataset\internet\clear\ใต้น้ำยังจะตามมาอีก!!.wav,8.491705999999999,10.491705999999999,กู,2.0,context_0.2,32000
C:\Users\muldi\Documents\Playground\University\senior-project-1\dataset\internet\clear\ใต้น้ำยังจะตามมาอีก!!.wav,8.691706,10.691706,กู,2.0,context_0.4,32000
C:\Users\muldi\Documents\Playground\University\senior-project-1\dataset\internet\clear\ใต้น้ำยังจะตามมาอีก!!.wav,8.891706,10.891706,กู,2.0,context_0.6,32000
C:\Users\muldi\Documents\Playground\University\senior-project-1\dataset\internet\clear\ใต้น้ำยังจะตามมาอีก!!.wav,9.091706,11.091706,กู,2.0,context_0.8,32000
C:\Users\muldi\Documents\Playground\University\senior-project-1\dataset\internet\clear\ใต้น้ำยังจะตามมาอีก!!.wav,9.173041,11.173041,มึง,2.0,context_0.2,32000
C:\Users\muldi\Documents\Playground\University\senior-project-1\dataset\internet\clear\ใต้น้ำยังจะตามมาอีก!!.wav,9.373041,11.373041,มึง,2.0,context_0.4,32000
C:\Users\muldi\Documents\Playground\University\senior-project-1\dataset\internet\clear\ใต้น้ำยังจะตามมาอีก!!.wav,9.573041,11.573041,มึง,2.0,context_0.6,32000
C:\Users\muldi\Documents\Playground\University\senior-project-1\dataset\internet\clear\ใต้น้ำยังจะตามมาอีก!!.wav,9.773041000000001,11.773041000000001,มึง,2.0,context_0.8,32000
C:\Users\muldi\Documents\Playground\University\senior-project-1\dataset\internet\clear\ใต้น้ำยังจะตามมาอีก!!.wav,10.357714999999999,12.357714999999999,เหี้ย,2.0,context_0.2,32000
C:\Users\muldi\Documents\Playground\University\senior-project-1\dataset\internet\clear\ใต้น้ำยังจะตามมาอีก!!.wav,10.557715,12.557715,เหี้ย,2.0,context_0.4,32000
C:\Users\muldi\Documents\Playground\University\senior-project-1\dataset\internet\clear\ใต้น้ำยังจะตามมาอีก!!.wav,10.757715,12.757715,เหี้ย,2.0,context_0.6,32000
C:\Users\muldi\Documents\Playground\University\senior-project-1\dataset\internet\clear\ใต้น้ำยังจะตามมาอีก!!.wav,10.957715,12.957715,เหี้ย,2.0,context_0.8,32000
C:\Users\muldi\Documents\Playground\University\senior-project-1\dataset\internet\clear\ใต้น้ำยังจะตามมาอีก!!.wav,11.546256999999999,13.546256999999999,กู,2.0,context_0.2,32000
C:\Users\muldi\Documents\Playground\University\senior-project-1\dataset\internet\clear\ใต้น้ำยังจะตามมาอีก!!.wav,11.746257,13.746257,กู,2.0,context_0.4,32000
C:\Users\muldi\Documents\Playground\University\senior-project-1\dataset\internet\clear\ใต้น้ำยังจะตามมาอีก!!.wav,11.946257,13.946257,กู,2.0,context_0.6,32000
C:\Users\muldi\Documents\Playground\University\senior-project-1\dataset\internet\clear\ใต้น้ำยังจะตามมาอีก!!.wav,12.146257,14.146257,กู,2.0,context_0.8,32000
C:\Users\muldi\Documents\Playground\University\senior-project-1\dataset\internet\clear\ใต้น้ำยังจะตามมาอีก!!.wav,18.514388,20.514388,กู,2.0,context_0.2,32000
C:\Users\muldi\Documents\Playground\University\senior-project-1\dataset\internet\clear\ใต้น้ำยังจะตามมาอีก!!.wav,18.714388,20.714388,กู,2.0,context_0.4,32000
C:\Users\muldi\Documents\Playground\University\senior-project-1\dataset\internet\clear\ใต้น้ำยังจะตามมาอีก!!.wav,18.914388000000002,20.914388000000002,กู,2.0,context_0.6,32000
C:\Users\muldi\Documents\Playground\University\senior-project-1\dataset\internet\clear\ใต้น้ำยังจะตามมาอีก!!.wav,19.114388,21.114388,กู,2.0,context_0.8,32000
C:\Users\muldi\Documents\Playground\University\senior-project-1\dataset\internet\clear\ใต้น้ำยังจะตามมาอีก!!.wav,20.699116,22.699116,เหี้ย,2.0,context_0.2,32000
C:\Users\muldi\Documents\Playground\University\senior-project-1\dataset\internet\clear\ใต้น้ำยังจะตามมาอีก!!.wav,20.899116,22.899116,เหี้ย,2.0,context_0.4,32000
C:\Users\muldi\Documents\Playground\University\senior-project-1\dataset\internet\clear\ใต้น้ำยังจะตามมาอีก!!.wav,21.099116000000002,23.099116000000002,เหี้ย,2.0,context_0.6,32000
C:\Users\muldi\Documents\Playground\University\senior-project-1\dataset\internet\clear\ใต้น้ำยังจะตามมาอีก!!.wav,21.299116,23.299116,เหี้ย,2.0,context_0.8,32000
C:\Users\muldi\Documents\Playground\University\senior-project-1\dataset\internet\clear\ใต้น้ำยังจะตามมาอีก!!.wav,48.332166,50.332166,เหี้ย,2.0,context_0.2,32000
C:\Users\muldi\Documents\Playground\University\senior-project-1\dataset\internet\clear\ใต้น้ำยังจะตามมาอีก!!.wav,48.532166,50.532166,เหี้ย,2.0,context_0.4,32000
C:\Users\muldi\Documents\Playground\University\senior-project-1\dataset\internet\clear\ใต้น้ำยังจะตามมาอีก!!.wav,48.732166,50.732166,เหี้ย,2.0,context_0.6,32000
C:\Users\muldi\Documents\Playground\University\senior-project-1\dataset\internet\clear\ใต้น้ำยังจะตามมาอีก!!.wav,48.932165999999995,50.932165999999995,เหี้ย,2.0,context_0.8,32000
C:\Users\muldi\Documents\Playground\University\senior-project-1\dataset\internet\clear\ใต้น้ำยังจะตามมาอีก!!.wav,0.0,2.0,none,2.0,none_sample,32000
C:\Users\muldi\Documents\Playground\University\senior-project-1\dataset\internet\clear\ใต้น้ำยังจะตามมาอีก!!.wav,2.0,4.0,none,2.0,none_sample,32000
C:\Users\muldi\Documents\Playground\University\senior-project-1\dataset\internet\clear\ใต้น้ำยังจะตามมาอีก!!.wav,4.0,6.0,none,2.0,none_sample,32000
C:\Users\muldi\Documents\Playground\University\senior-project-1\dataset\internet\clear\ใต้น้ำยังจะตามมาอีก!!.wav,6.4,8.4,none,2.0,none_sample,32000
C:\Users\muldi\Documents\Playground\University\senior-project-1\dataset\internet\clear\ใต้น้ำยังจะตามมาอีก!!.wav,12.799999999999985,14.799999999999985,none,2.0,none_sample,32000
C:\Users\muldi\Documents\Playground\University\senior-project-1\dataset\internet\clear\ใต้น้ำยังจะตามมาอีก!!.wav,14.799999999999985,16.799999999999983,none,2.0,none_sample,32000
C:\Users\muldi\Documents\Playground\University\senior-project-1\dataset\internet\clear\ใต้น้ำยังจะตามมาอีก!!.wav,16.799999999999983,18.799999999999983,none,2.0,none_sample,32000
C:\Users\muldi\Documents\Playground\University\senior-project-1\dataset\internet\clear\ใต้น้ำยังจะตามมาอีก!!.wav,19.39999999999998,21.39999999999998,none,2.0,none_sample,32000
C:\Users\muldi\Documents\Playground\University\senior-project-1\dataset\internet\clear\ใต้น้ำยังจะตามมาอีก!!.wav,21.79999999999998,23.79999999999998,none,2.0,none_sample,32000
C:\Users\muldi\Documents\Playground\University\senior-project-1\dataset\internet\clear\ใต้น้ำยังจะตามมาอีก!!.wav,23.79999999999998,25.79999999999998,none,2.0,none_sample,32000
C:\Users\muldi\Documents\Playground\University\senior-project-1\dataset\internet\clear\ใต้น้ำยังจะตามมาอีก!!.wav,25.79999999999998,27.79999999999998,none,2.0,none_sample,32000
C:\Users\muldi\Documents\Playground\University\senior-project-1\dataset\internet\clear\ใต้น้ำยังจะตามมาอีก!!.wav,27.79999999999998,29.79999999999998,none,2.0,none_sample,32000
C:\Users\muldi\Documents\Playground\University\senior-project-1\dataset\internet\effect\เมื่อไตระบายความในใจ.wav,92.20204,94.20204,มึง,2.0,context_0.2,32000
C:\Users\muldi\Documents\Playground\University\senior-project-1\dataset\internet\effect\เมื่อไตระบายความในใจ.wav,92.40204,94.40204,มึง,2.0,context_0.4,32000
C:\Users\muldi\Documents\Playground\University\senior-project-1\dataset\internet\effect\เมื่อไตระบายความในใจ.wav,92.60203999999999,94.60203999999999,มึง,2.0,context_0.6,32000
C:\Users\muldi\Documents\Playground\University\senior-project-1\dataset\internet\effect\เมื่อไตระบายความในใจ.wav,92.80203999999999,94.80203999999999,มึง,2.0,context_0.8,32000
C:\Users\muldi\Documents\Playground\University\senior-project-1\dataset\internet\effect\เมื่อไตระบายความในใจ.wav,0.0,2.0,none,2.0,none_sample,32000
C:\Users\muldi\Documents\Playground\University\senior-project-1\dataset\internet\music\คนหายไปไหนหมดเนี่ยช่วงนี้.wav,69.72408200000001,71.72408200000001,กู,2.0,context_0.2,32000
C:\Users\muldi\Documents\Playground\University\senior-project-1\dataset\internet\music\คนหายไปไหนหมดเนี่ยช่วงนี้.wav,69.92408200000001,71.92408200000001,กู,2.0,context_0.4,32000
C:\Users\muldi\Documents\Playground\University\senior-project-1\dataset\internet\music\คนหายไปไหนหมดเนี่ยช่วงนี้.wav,70.124082,72.124082,กู,2.0,context_0.6,32000
C:\Users\muldi\Documents\Playground\University\senior-project-1\dataset\internet\music\คนหายไปไหนหมดเนี่ยช่วงนี้.wav,70.324082,72.324082,กู,2.0,context_0.8,32000
C:\Users\muldi\Documents\Playground\University\senior-project-1\dataset\internet\music\คนหายไปไหนหมดเนี่ยช่วงนี้.wav,0.0,2.0,none,2.0,none_sample,32000
C:\Users\muldi\Documents\Playground\University\senior-project-1\dataset\internet\music\แคทเธอร์รีนยิงมันสิ!.wav,11.890808,13.890808,กู,2.0,context_0.2,32000
C:\Users\muldi\Documents\Playground\University\senior-project-1\dataset\internet\music\แคทเธอร์รีนยิงมันสิ!.wav,12.090808,14.090808,กู,2.0,context_0.4,32000
C:\Users\muldi\Documents\Playground\University\senior-project-1\dataset\internet\music\แคทเธอร์รีนยิงมันสิ!.wav,12.290808,14.290808,กู,2.0,context_0.6,32000
C:\Users\muldi\Documents\Playground\University\senior-project-1\dataset\internet\music\แคทเธอร์รีนยิงมันสิ!.wav,12.490808000000001,14.490808000000001,กู,2.0,context_0.8,32000
C:\Users\muldi\Documents\Playground\University\senior-project-1\dataset\internet\music\แคทเธอร์รีนยิงมันสิ!.wav,21.286253,23.286253,กู,2.0,context_0.2,32000
C:\Users\muldi\Documents\Playground\University\senior-project-1\dataset\internet\music\แคทเธอร์รีนยิงมันสิ!.wav,21.486252999999998,23.486252999999998,กู,2.0,context_0.4,32000
C:\Users\muldi\Documents\Playground\University\senior-project-1\dataset\internet\music\แคทเธอร์รีนยิงมันสิ!.wav,21.686253,23.686253,กู,2.0,context_0.6,32000
C:\Users\muldi\Documents\Playground\University\senior-project-1\dataset\internet\music\แคทเธอร์รีนยิงมันสิ!.wav,21.886253,23.886253,กู,2.0,context_0.8,32000
C:\Users\muldi\Documents\Playground\University\senior-project-1\dataset\internet\music\แคทเธอร์รีนยิงมันสิ!.wav,0.0,2.0,none,2.0,none_sample,32000
C:\Users\muldi\Documents\Playground\University\senior-project-1\dataset\internet\music\แคทเธอร์รีนยิงมันสิ!.wav,2.0,4.0,none,2.0,none_sample,32000
C:\Users\muldi\Documents\Playground\University\senior-project-1\dataset\internet\noise\จัดอันดับ ทหารสุดฮา.wav,4.828947,6.828947,เย็ด,2.0,context_0.2,32000
C:\Users\muldi\Documents\Playground\University\senior-project-1\dataset\internet\noise\จัดอันดับ ทหารสุดฮา.wav,5.0289470000000005,7.0289470000000005,เย็ด,2.0,context_0.4,32000
C:\Users\muldi\Documents\Playground\University\senior-project-1\dataset\internet\noise\จัดอันดับ ทหารสุดฮา.wav,5.228947,7.228947,เย็ด,2.0,context_0.6,32000
C:\Users\muldi\Documents\Playground\University\senior-project-1\dataset\internet\noise\จัดอันดับ ทหารสุดฮา.wav,5.428947,7.428947,เย็ด,2.0,context_0.8,32000
C:\Users\muldi\Documents\Playground\University\senior-project-1\dataset\internet\noise\จัดอันดับ ทหารสุดฮา.wav,0.0,2.0,none,2.0,none_sample,32000
C:\Users\muldi\Documents\Playground\University\senior-project-1\dataset\internet\noise\หาสัญลักษณ์ตามฉบับ New World Order ในเพลง จี่หอย.wav,100.213916,102.213916,มึง,2.0,context_0.2,32000
C:\Users\muldi\Documents\Playground\University\senior-project-1\dataset\internet\noise\หาสัญลักษณ์ตามฉบับ New World Order ในเพลง จี่หอย.wav,100.413916,102.413916,มึง,2.0,context_0.4,32000
C:\Users\muldi\Documents\Playground\University\senior-project-1\dataset\internet\noise\หาสัญลักษณ์ตามฉบับ New World Order ในเพลง จี่หอย.wav,100.61391599999999,102.61391599999999,มึง,2.0,context_0.6,32000
C:\Users\muldi\Documents\Playground\University\senior-project-1\dataset\internet\noise\หาสัญลักษณ์ตามฉบับ New World Order ในเพลง จี่หอย.wav,100.81391599999999,102.81391599999999,มึง,2.0,context_0.8,32000
C:\Users\muldi\Documents\Playground\University\senior-project-1\dataset\internet\noise\หาสัญลักษณ์ตามฉบับ New World Order ในเพลง จี่หอย.wav,0.0,2.0,none,2.0,none_sample,32000
C:\Users\muldi\Documents\Playground\University\senior-project-1\dataset\internet\noise\อะไรคือสิ่งที่ถูก.wav,0.7068349999999999,2.706835,มึง,2.0,context_0.2,32000
C:\Users\muldi\Documents\Playground\University\senior-project-1\dataset\internet\noise\อะไรคือสิ่งที่ถูก.wav,0.906835,2.906835,มึง,2.0,context_0.4,32000
C:\Users\muldi\Documents\Playground\University\senior-project-1\dataset\internet\noise\อะไรคือสิ่งที่ถูก.wav,1.1068349999999998,3.106835,มึง,2.0,context_0.6,32000
C:\Users\muldi\Documents\Playground\University\senior-project-1\dataset\internet\noise\อะไรคือสิ่งที่ถูก.wav,1.306835,3.306835,มึง,2.0,context_0.8,32000
C:\Users\muldi\Documents\Playground\University\senior-project-1\dataset\internet\noise\อะไรคือสิ่งที่ถูก.wav,1.427271,3.427271,กู,2.0,context_0.2,32000
C:\Users\muldi\Documents\Playground\University\senior-project-1\dataset\internet\noise\อะไรคือสิ่งที่ถูก.wav,1.627271,3.627271,กู,2.0,context_0.4,32000
C:\Users\muldi\Documents\Playground\University\senior-project-1\dataset\internet\noise\อะไรคือสิ่งที่ถูก.wav,1.827271,3.827271,กู,2.0,context_0.6,32000
C:\Users\muldi\Documents\Playground\University\senior-project-1\dataset\internet\noise\อะไรคือสิ่งที่ถูก.wav,2.027271,4.027271,กู,2.0,context_0.8,32000
C:\Users\muldi\Documents\Playground\University\senior-project-1\dataset\internet\noise\อะไรคือสิ่งที่ถูก.wav,9.032852,11.032852,กู,2.0,context_0.2,32000
C:\Users\muldi\Documents\Playground\University\senior-project-1\dataset\internet\noise\อะไรคือสิ่งที่ถูก.wav,9.232852000000001,11.232852000000001,กู,2.0,context_0.4,32000
C:\Users\muldi\Documents\Playground\University\senior-project-1\dataset\internet\noise\อะไรคือสิ่งที่ถูก.wav,9.432852,11.432852,กู,2.0,context_0.6,32000
C:\Users\muldi\Documents\Playground\University\senior-project-1\dataset\internet\noise\อะไรคือสิ่งที่ถูก.wav,9.632852000000002,11.632852000000002,กู,2.0,context_0.8,32000
C:\Users\muldi\Documents\Playground\University\senior-project-1\dataset\internet\noise\อะไรคือสิ่งที่ถูก.wav,24.56253,26.56253,กู,2.0,context_0.2,32000
C:\Users\muldi\Documents\Playground\University\senior-project-1\dataset\internet\noise\อะไรคือสิ่งที่ถูก.wav,24.762529999999998,26.762529999999998,กู,2.0,context_0.4,32000
C:\Users\muldi\Documents\Playground\University\senior-project-1\dataset\internet\noise\อะไรคือสิ่งที่ถูก.wav,24.96253,26.96253,กู,2.0,context_0.6,32000
C:\Users\muldi\Documents\Playground\University\senior-project-1\dataset\internet\noise\อะไรคือสิ่งที่ถูก.wav,25.16253,27.16253,กู,2.0,context_0.8,32000
C:\Users\muldi\Documents\Playground\University\senior-project-1\dataset\internet\noise\อะไรคือสิ่งที่ถูก.wav,50.671081,52.671081,กู,2.0,context_0.2,32000
C:\Users\muldi\Documents\Playground\University\senior-project-1\dataset\internet\noise\อะไรคือสิ่งที่ถูก.wav,50.871081,52.871081,กู,2.0,context_0.4,32000
C:\Users\muldi\Documents\Playground\University\senior-project-1\dataset\internet\noise\อะไรคือสิ่งที่ถูก.wav,51.071081,53.071081,กู,2.0,context_0.6,32000
C:\Users\muldi\Documents\Playground\University\senior-project-1\dataset\internet\noise\อะไรคือสิ่งที่ถูก.wav,51.271080999999995,53.271080999999995,กู,2.0,context_0.8,32000
C:\Users\muldi\Documents\Playground\University\senior-project-1\dataset\internet\noise\อะไรคือสิ่งที่ถูก.wav,2.4,4.4,none,2.0,none_sample,32000
C:\Users\muldi\Documents\Playground\University\senior-project-1\dataset\internet\noise\อะไรคือสิ่งที่ถูก.wav,4.4,6.4,none,2.0,none_sample,32000
C:\Users\muldi\Documents\Playground\University\senior-project-1\dataset\internet\noise\อะไรคือสิ่งที่ถูก.wav,6.4,8.4,none,2.0,none_sample,32000
C:\Users\muldi\Documents\Playground\University\senior-project-1\dataset\internet\noise\อะไรคือสิ่งที่ถูก.wav,9.999999999999995,11.999999999999995,none,2.0,none_sample,32000
C:\Users\muldi\Documents\Playground\University\senior-project-1\dataset\internet\noise\อะไรคือสิ่งที่ถูก.wav,11.999999999999995,13.999999999999995,none,2.0,none_sample,32000
C:\Users\muldi\Documents\Playground\University\senior-project-1\dataset\internet\noise\อะไรคือสิ่งที่ถูก.wav,13.999999999999995,15.999999999999995,none,2.0,none_sample,32000
C:\Users\muldi\Documents\Playground\University\senior-project-1\dataset\single\กู\กู (เบลล์).wav,0.0,1.59,กู,2.0,main,32000
C:\Users\muldi\Documents\Playground\University\senior-project-1\dataset\us\clear\ถ้าแกไม่ไป กูก็ไม่ไปเหมือนกัน.wav,0.631357,2.631357,กู,2.0,context_0.2,32000
C:\Users\muldi\Documents\Playground\University\senior-project-1\dataset\us\clear\ถ้าแกไม่ไป กูก็ไม่ไปเหมือนกัน.wav,0.831357,2.831357,กู,2.0,context_0.4,32000
C:\Users\muldi\Documents\Playground\University\senior-project-1\dataset\us\clear\ถ้าแกไม่ไป กูก็ไม่ไปเหมือนกัน.wav,1.0313569999999999,3.031357,กู,2.0,context_0.6,32000
C:\Users\muldi\Documents\Playground\University\senior-project-1\dataset\us\clear\ถ้าแกไม่ไป กูก็ไม่ไปเหมือนกัน.wav,1.231357,3.231357,กู,2.0,context_0.8,32000
C:\Users\muldi\Documents\Playground\University\senior-project-1\dataset\us\clear\ถ้าแกไม่ไป กูก็ไม่ไปเหมือนกัน.wav,1.5999999999999999,3.5999999999999996,none,2.0,none_sample,32000
