file_path,start_time,end_time,label,window_size,variant_type,audio_samples
C:\Users\muldi\Documents\Playground\University\senior-project-1\dataset\internet\clear\Horror movie for WOKE!!!!!.wav,20.133268,20.633268,กู,0.5,context_0.2,8000
C:\Users\muldi\Documents\Playground\University\senior-project-1\dataset\internet\clear\Horror movie for WOKE!!!!!.wav,20.183268,20.683268,กู,0.5,context_0.4,8000
C:\Users\muldi\Documents\Playground\University\senior-project-1\dataset\internet\clear\Horror movie for WOKE!!!!!.wav,20.233268,20.733268,กู,0.5,context_0.6,8000
C:\Users\muldi\Documents\Playground\University\senior-project-1\dataset\internet\clear\Horror movie for WOKE!!!!!.wav,20.283268,20.783268,กู,0.5,context_0.8,8000
C:\Users\muldi\Documents\Playground\University\senior-project-1\dataset\internet\clear\Horror movie for WOKE!!!!!.wav,22.557007000000002,23.057007000000002,มึง,0.5,context_0.2,8000
C:\Users\muldi\Documents\Playground\University\senior-project-1\dataset\internet\clear\Horror movie for WOKE!!!!!.wav,22.607007000000003,23.107007000000003,มึง,0.5,context_0.4,8000
C:\Users\muldi\Documents\Playground\University\senior-project-1\dataset\internet\clear\Horror movie for WOKE!!!!!.wav,22.657007,23.157007,มึง,0.5,context_0.6,8000
C:\Users\muldi\Documents\Playground\University\senior-project-1\dataset\internet\clear\Horror movie for WOKE!!!!!.wav,22.707007,23.207007,มึง,0.5,context_0.8,8000
C:\Users\muldi\Documents\Playground\University\senior-project-1\dataset\internet\clear\Horror movie for WOKE!!!!!.wav,23.388952,23.888952,กู,0.5,context_0.2,8000
C:\Users\muldi\Documents\Playground\University\senior-project-1\dataset\internet\clear\Horror movie for WOKE!!!!!.wav,23.438952,23.938952,กู,0.5,context_0.4,8000
C:\Users\muldi\Documents\Playground\University\senior-project-1\dataset\internet\clear\Horror movie for WOKE!!!!!.wav,23.488951999999998,23.988951999999998,กู,0.5,context_0.6,8000
C:\Users\muldi\Documents\Playground\University\senior-project-1\dataset\internet\clear\Horror movie for WOKE!!!!!.wav,23.538952,24.038952,กู,0.5,context_0.8,8000
C:\Users\muldi\Documents\Playground\University\senior-project-1\dataset\internet\clear\Horror movie for WOKE!!!!!.wav,26.131104,26.631104,กู,0.5,context_0.2,8000
C:\Users\muldi\Documents\Playground\University\senior-project-1\dataset\internet\clear\Horror movie for WOKE!!!!!.wav,26.181104,26.681104,กู,0.5,context_0.4,8000
C:\Users\muldi\Documents\Playground\University\senior-project-1\dataset\internet\clear\Horror movie for WOKE!!!!!.wav,26.231104,26.731104,กู,0.5,context_0.6,8000
C:\Users\muldi\Documents\Playground\University\senior-project-1\dataset\internet\clear\Horror movie for WOKE!!!!!.wav,26.281104,26.781104,กู,0.5,context_0.8,8000
C:\Users\muldi\Documents\Playground\University\senior-project-1\dataset\internet\clear\Horror movie for WOKE!!!!!.wav,32.873757,33.373757,เหี้ย,0.5,main,8000
C:\Users\muldi\Documents\Playground\University\senior-project-1\dataset\internet\clear\Horror movie for WOKE!!!!!.wav,73.534201,74.034201,กู,0.5,context_0.2,8000
C:\Users\muldi\Documents\Playground\University\senior-project-1\dataset\internet\clear\Horror movie for WOKE!!!!!.wav,73.584201,74.084201,กู,0.5,context_0.4,8000
C:\Users\muldi\Documents\Playground\University\senior-project-1\dataset\internet\clear\Horror movie for WOKE!!!!!.wav,73.634201,74.134201,กู,0.5,context_0.6,8000
C:\Users\muldi\Documents\Playground\University\senior-project-1\dataset\internet\clear\Horror movie for WOKE!!!!!.wav,73.684201,74.184201,กู,0.5,context_0.8,8000
C:\Users\muldi\Documents\Playground\University\senior-project-1\dataset\internet\clear\Horror movie for WOKE!!!!!.wav,74.153244,74.653244,มึง,0.5,context_0.2,8000
C:\Users\muldi\Documents\Playground\University\senior-project-1\dataset\internet\clear\Horror movie for WOKE!!!!!.wav,74.203244,74.703244,มึง,0.5,context_0.4,8000
C:\Users\muldi\Documents\Playground\University\senior-project-1\dataset\internet\clear\Horror movie for WOKE!!!!!.wav,74.25324400000001,74.75324400000001,มึง,0.5,context_0.6,8000
C:\Users\muldi\Documents\Playground\University\senior-project-1\dataset\internet\clear\Horror movie for WOKE!!!!!.wav,74.303244,74.803244,มึง,0.5,context_0.8,8000
C:\Users\muldi\Documents\Playground\University\senior-project-1\dataset\internet\clear\Horror movie for WOKE!!!!!.wav,81.01881850000001,81.51881850000001,เหี้ย,0.5,main,8000
C:\Users\muldi\Documents\Playground\University\senior-project-1\dataset\internet\clear\Horror movie for WOKE!!!!!.wav,98.0573765,98.5573765,เหี้ย,0.5,main,8000
C:\Users\muldi\Documents\Playground\University\senior-project-1\dataset\internet\clear\Horror movie for WOKE!!!!!.wav,99.06375299999999,99.56375299999999,กู,0.5,context_0.2,8000
C:\Users\muldi\Documents\Playground\University\senior-project-1\dataset\internet\clear\Horror movie for WOKE!!!!!.wav,99.11375299999999,99.61375299999999,กู,0.5,context_0.4,8000
C:\Users\muldi\Documents\Playground\University\senior-project-1\dataset\internet\clear\Horror movie for WOKE!!!!!.wav,99.163753,99.663753,กู,0.5,context_0.6,8000
C:\Users\muldi\Documents\Playground\University\senior-project-1\dataset\internet\clear\Horror movie for WOKE!!!!!.wav,99.213753,99.713753,กู,0.5,context_0.8,8000
C:\Users\muldi\Documents\Playground\University\senior-project-1\dataset\internet\clear\Horror movie for WOKE!!!!!.wav,111.64920599999999,112.14920599999999,เหี้ย,0.5,main,8000
C:\Users\muldi\Documents\Playground\University\senior-project-1\dataset\internet\clear\Horror movie for WOKE!!!!!.wav,150.71778700000002,151.21778700000002,กู,0.5,context_0.2,8000
C:\Users\muldi\Documents\Playground\University\senior-project-1\dataset\internet\clear\Horror movie for WOKE!!!!!.wav,150.767787,151.267787,กู,0.5,context_0.4,8000
C:\Users\muldi\Documents\Playground\University\senior-project-1\dataset\internet\clear\Horror movie for WOKE!!!!!.wav,150.817787,151.317787,กู,0.5,context_0.6,8000
C:\Users\muldi\Documents\Playground\University\senior-project-1\dataset\internet\clear\Horror movie for WOKE!!!!!.wav,150.867787,151.367787,กู,0.5,context_0.8,8000
C:\Users\muldi\Documents\Playground\University\senior-project-1\dataset\internet\clear\Horror movie for WOKE!!!!!.wav,151.36748400000002,151.86748400000002,มึง,0.5,context_0.2,8000
C:\Users\muldi\Documents\Playground\University\senior-project-1\dataset\internet\clear\Horror movie for WOKE!!!!!.wav,151.417484,151.917484,มึง,0.5,context_0.4,8000
C:\Users\muldi\Documents\Playground\University\senior-project-1\dataset\internet\clear\Horror movie for WOKE!!!!!.wav,151.467484,151.967484,มึง,0.5,context_0.6,8000
C:\Users\muldi\Documents\Playground\University\senior-project-1\dataset\internet\clear\Horror movie for WOKE!!!!!.wav,151.517484,152.017484,มึง,0.5,context_0.8,8000
C:\Users\muldi\Documents\Playground\University\senior-project-1\dataset\internet\clear\Horror movie for WOKE!!!!!.wav,152.039442,152.539442,เย็ด,0.5,context_0.2,8000
C:\Users\muldi\Documents\Playground\University\senior-project-1\dataset\internet\clear\Horror movie for WOKE!!!!!.wav,152.089442,152.589442,เย็ด,0.5,context_0.4,8000
C:\Users\muldi\Documents\Playground\University\senior-project-1\dataset\internet\clear\Horror movie for WOKE!!!!!.wav,152.139442,152.639442,เย็ด,0.5,context_0.6,8000
C:\Users\muldi\Documents\Playground\University\senior-project-1\dataset\internet\clear\Horror movie for WOKE!!!!!.wav,152.18944199999999,152.68944199999999,เย็ด,0.5,context_0.8,8000
C:\Users\muldi\Documents\Playground\University\senior-project-1\dataset\internet\clear\Horror movie for WOKE!!!!!.wav,163.11882400000002,163.61882400000002,มึง,0.5,context_0.2,8000
C:\Users\muldi\Documents\Playground\University\senior-project-1\dataset\internet\clear\Horror movie for WOKE!!!!!.wav,163.168824,163.668824,มึง,0.5,context_0.4,8000
C:\Users\muldi\Documents\Playground\University\senior-project-1\dataset\internet\clear\Horror movie for WOKE!!!!!.wav,163.218824,163.718824,มึง,0.5,context_0.6,8000
C:\Users\muldi\Documents\Playground\University\senior-project-1\dataset\internet\clear\Horror movie for WOKE!!!!!.wav,163.268824,163.768824,มึง,0.5,context_0.8,8000
C:\Users\muldi\Documents\Playground\University\senior-project-1\dataset\internet\clear\Horror movie for WOKE!!!!!.wav,185.29375800000003,185.79375800000003,เหี้ย,0.5,context_0.2,8000
C:\Users\muldi\Documents\Playground\University\senior-project-1\dataset\internet\clear\Horror movie for WOKE!!!!!.wav,185.343758,185.843758,เหี้ย,0.5,context_0.4,8000
C:\Users\muldi\Documents\Playground\University\senior-project-1\dataset\internet\clear\Horror movie for WOKE!!!!!.wav,185.39375800000002,185.89375800000002,เหี้ย,0.5,context_0.6,8000
C:\Users\muldi\Documents\Playground\University\senior-project-1\dataset\internet\clear\Horror movie for WOKE!!!!!.wav,185.443758,185.943758,เหี้ย,0.5,context_0.8,8000
C:\Users\muldi\Documents\Playground\University\senior-project-1\dataset\internet\clear\Horror movie for WOKE!!!!!.wav,233.7755545,234.2755545,เหี้ย,0.5,main,8000
C:\Users\muldi\Documents\Playground\University\senior-project-1\dataset\internet\clear\Horror movie for WOKE!!!!!.wav,250.3396625,250.8396625,เหี้ย,0.5,main,8000
C:\Users\muldi\Documents\Playground\University\senior-project-1\dataset\internet\clear\Horror movie for WOKE!!!!!.wav,250.71622200000002,251.21622200000002,เหี้ย,0.5,main,8000
C:\Users\muldi\Documents\Playground\University\senior-project-1\dataset\internet\clear\Horror movie for WOKE!!!!!.wav,390.242997,390.742997,กู,0.5,context_0.2,8000
C:\Users\muldi\Documents\Playground\University\senior-project-1\dataset\internet\clear\Horror movie for WOKE!!!!!.wav,390.292997,390.792997,กู,0.5,context_0.4,8000
C:\Users\muldi\Documents\Playground\University\senior-project-1\dataset\internet\clear\Horror movie for WOKE!!!!!.wav,390.34299699999997,390.84299699999997,กู,0.5,context_0.6,8000
C:\Users\muldi\Documents\Playground\University\senior-project-1\dataset\internet\clear\Horror movie for WOKE!!!!!.wav,390.392997,390.892997,กู,0.5,context_0.8,8000
C:\Users\muldi\Documents\Playground\University\senior-project-1\dataset\internet\clear\Horror movie for WOKE!!!!!.wav,391.215775,391.715775,กู,0.5,context_0.2,8000
C:\Users\muldi\Documents\Playground\University\senior-project-1\dataset\internet\clear\Horror movie for WOKE!!!!!.wav,391.265775,391.765775,กู,0.5,context_0.4,8000
C:\Users\muldi\Documents\Playground\University\senior-project-1\dataset\internet\clear\Horror movie for WOKE!!!!!.wav,391.315775,391.815775,กู,0.5,context_0.6,8000
C:\Users\muldi\Documents\Playground\University\senior-project-1\dataset\internet\clear\Horror movie for WOKE!!!!!.wav,391.365775,391.865775,กู,0.5,context_0.8,8000
C:\Users\muldi\Documents\Playground\University\senior-project-1\dataset\internet\clear\Horror movie for WOKE!!!!!.wav,393.934194,394.434194,มึง,0.5,context_0.2,8000
C:\Users\muldi\Documents\Playground\University\senior-project-1\dataset\internet\clear\Horror movie for WOKE!!!!!.wav,393.984194,394.484194,มึง,0.5,context_0.4,8000
C:\Users\muldi\Documents\Playground\University\senior-project-1\dataset\internet\clear\Horror movie for WOKE!!!!!.wav,394.03419399999996,394.53419399999996,มึง,0.5,context_0.6,8000
C:\Users\muldi\Documents\Playground\University\senior-project-1\dataset\internet\clear\Horror movie for WOKE!!!!!.wav,394.08419399999997,394.58419399999997,มึง,0.5,context_0.8,8000
C:\Users\muldi\Documents\Playground\University\senior-project-1\dataset\internet\clear\Horror movie for WOKE!!!!!.wav,396.815719,397.315719,มึง,0.5,context_0.2,8000
C:\Users\muldi\Documents\Playground\University\senior-project-1\dataset\internet\clear\Horror movie for WOKE!!!!!.wav,396.865719,397.365719,มึง,0.5,context_0.4,8000
C:\Users\muldi\Documents\Playground\University\senior-project-1\dataset\internet\clear\Horror movie for WOKE!!!!!.wav,396.91571899999997,397.41571899999997,มึง,0.5,context_0.6,8000
C:\Users\muldi\Documents\Playground\University\senior-project-1\dataset\internet\clear\Horror movie for WOKE!!!!!.wav,396.965719,397.465719,มึง,0.5,context_0.8,8000
C:\Users\muldi\Documents\Playground\University\senior-project-1\dataset\internet\clear\Horror movie for WOKE!!!!!.wav,400.802705,401.302705,มึง,0.5,context_0.2,8000
C:\Users\muldi\Documents\Playground\University\senior-project-1\dataset\internet\clear\Horror movie for WOKE!!!!!.wav,400.852705,401.352705,มึง,0.5,context_0.4,8000
C:\Users\muldi\Documents\Playground\University\senior-project-1\dataset\internet\clear\Horror movie for WOKE!!!!!.wav,400.90270499999997,401.40270499999997,มึง,0.5,context_0.6,8000
C:\Users\muldi\Documents\Playground\University\senior-project-1\dataset\internet\clear\Horror movie for WOKE!!!!!.wav,400.952705,401.452705,มึง,0.5,context_0.8,8000
C:\Users\muldi\Documents\Playground\University\senior-project-1\dataset\internet\clear\Horror movie for WOKE!!!!!.wav,402.48580300000003,402.98580300000003,มึง,0.5,context_0.2,8000
C:\Users\muldi\Documents\Playground\University\senior-project-1\dataset\internet\clear\Horror movie for WOKE!!!!!.wav,402.53580300000004,403.03580300000004,มึง,0.5,context_0.4,8000
C:\Users\muldi\Documents\Playground\University\senior-project-1\dataset\internet\clear\Horror movie for WOKE!!!!!.wav,402.585803,403.085803,มึง,0.5,context_0.6,8000
C:\Users\muldi\Documents\Playground\University\senior-project-1\dataset\internet\clear\Horror movie for WOKE!!!!!.wav,402.635803,403.135803,มึง,0.5,context_0.8,8000
C:\Users\muldi\Documents\Playground\University\senior-project-1\dataset\internet\clear\Horror movie for WOKE!!!!!.wav,429.935127,430.435127,มึง,0.5,context_0.2,8000
C:\Users\muldi\Documents\Playground\University\senior-project-1\dataset\internet\clear\Horror movie for WOKE!!!!!.wav,429.98512700000003,430.48512700000003,มึง,0.5,context_0.4,8000
C:\Users\muldi\Documents\Playground\University\senior-project-1\dataset\internet\clear\Horror movie for WOKE!!!!!.wav,430.035127,430.535127,มึง,0.5,context_0.6,8000
C:\Users\muldi\Documents\Playground\University\senior-project-1\dataset\internet\clear\Horror movie for WOKE!!!!!.wav,430.085127,430.585127,มึง,0.5,context_0.8,8000
C:\Users\muldi\Documents\Playground\University\senior-project-1\dataset\internet\clear\Horror movie for WOKE!!!!!.wav,452.81933849999996,453.31933849999996,เหี้ย,0.5,main,8000
C:\Users\muldi\Documents\Playground\University\senior-project-1\dataset\internet\clear\Horror movie for WOKE!!!!!.wav,458.597717,459.097717,เหี้ย,0.5,main,8000
C:\Users\muldi\Documents\Playground\University\senior-project-1\dataset\internet\clear\Horror movie for WOKE!!!!!.wav,464.616067,465.116067,เหี้ย,0.5,context_0.2,8000
C:\Users\muldi\Documents\Playground\University\senior-project-1\dataset\internet\clear\Horror movie for WOKE!!!!!.wav,464.666067,465.166067,เหี้ย,0.5,context_0.4,8000
C:\Users\muldi\Documents\Playground\University\senior-project-1\dataset\internet\clear\Horror movie for WOKE!!!!!.wav,464.71606699999995,465.21606699999995,เหี้ย,0.5,context_0.6,8000
C:\Users\muldi\Documents\Playground\University\senior-project-1\dataset\internet\clear\Horror movie for WOKE!!!!!.wav,464.76606699999996,465.26606699999996,เหี้ย,0.5,context_0.8,8000
C:\Users\muldi\Documents\Playground\University\senior-project-1\dataset\internet\clear\Horror movie for WOKE!!!!!.wav,475.558725,476.058725,เหี้ย,0.5,main,8000
C:\Users\muldi\Documents\Playground\University\senior-project-1\dataset\internet\clear\Horror movie for WOKE!!!!!.wav,509.04195200000004,509.54195200000004,มึง,0.5,context_0.2,8000
C:\Users\muldi\Documents\Playground\University\senior-project-1\dataset\internet\clear\Horror movie for WOKE!!!!!.wav,509.09195200000005,509.59195200000005,มึง,0.5,context_0.4,8000
C:\Users\muldi\Documents\Playground\University\senior-project-1\dataset\internet\clear\Horror movie for WOKE!!!!!.wav,509.141952,509.641952,มึง,0.5,context_0.6,8000
C:\Users\muldi\Documents\Playground\University\senior-project-1\dataset\internet\clear\Horror movie for WOKE!!!!!.wav,509.191952,509.691952,มึง,0.5,context_0.8,8000
C:\Users\muldi\Documents\Playground\University\senior-project-1\dataset\internet\clear\Horror movie for WOKE!!!!!.wav,513.417569,513.917569,มึง,0.5,context_0.2,8000
C:\Users\muldi\Documents\Playground\University\senior-project-1\dataset\internet\clear\Horror movie for WOKE!!!!!.wav,513.467569,513.967569,มึง,0.5,context_0.4,8000
C:\Users\muldi\Documents\Playground\University\senior-project-1\dataset\internet\clear\Horror movie for WOKE!!!!!.wav,513.517569,514.017569,มึง,0.5,context_0.6,8000
C:\Users\muldi\Documents\Playground\University\senior-project-1\dataset\internet\clear\Horror movie for WOKE!!!!!.wav,513.567569,514.067569,มึง,0.5,context_0.8,8000
C:\Users\muldi\Documents\Playground\University\senior-project-1\dataset\internet\clear\Horror movie for WOKE!!!!!.wav,515.1196709999999,515.6196709999999,มึง,0.5,context_0.2,8000
C:\Users\muldi\Documents\Playground\University\senior-project-1\dataset\internet\clear\Horror movie for WOKE!!!!!.wav,515.169671,515.669671,มึง,0.5,context_0.4,8000
C:\Users\muldi\Documents\Playground\University\senior-project-1\dataset\internet\clear\Horror movie for WOKE!!!!!.wav,515.219671,515.719671,มึง,0.5,context_0.6,8000
C:\Users\muldi\Documents\Playground\University\senior-project-1\dataset\internet\clear\Horror movie for WOKE!!!!!.wav,515.269671,515.769671,มึง,0.5,context_0.8,8000
C:\Users\muldi\Documents\Playground\University\senior-project-1\dataset\internet\clear\Horror movie for WOKE!!!!!.wav,517.363128,517.863128,เหี้ย,0.5,context_0.2,8000
C:\Users\muldi\Documents\Playground\University\senior-project-1\dataset\internet\clear\Horror movie for WOKE!!!!!.wav,517.413128,517.913128,เหี้ย,0.5,context_0.4,8000
C:\Users\muldi\Documents\Playground\University\senior-project-1\dataset\internet\clear\Horror movie for WOKE!!!!!.wav,517.463128,517.963128,เหี้ย,0.5,context_0.6,8000
C:\Users\muldi\Documents\Playground\University\senior-project-1\dataset\internet\clear\Horror movie for WOKE!!!!!.wav,517.513128,518.013128,เหี้ย,0.5,context_0.8,8000
C:\Users\muldi\Documents\Playground\University\senior-project-1\dataset\internet\clear\Horror movie for WOKE!!!!!.wav,517.987935,518.487935,มึง,0.5,context_0.2,8000
C:\Users\muldi\Documents\Playground\University\senior-project-1\dataset\internet\clear\Horror movie for WOKE!!!!!.wav,518.0379350000001,518.5379350000001,มึง,0.5,context_0.4,8000
C:\Users\muldi\Documents\Playground\University\senior-project-1\dataset\internet\clear\Horror movie for WOKE!!!!!.wav,518.087935,518.587935,มึง,0.5,context_0.6,8000
C:\Users\muldi\Documents\Playground\University\senior-project-1\dataset\internet\clear\Horror movie for WOKE!!!!!.wav,518.1379350000001,518.6379350000001,มึง,0.5,context_0.8,8000
C:\Users\muldi\Documents\Playground\University\senior-project-1\dataset\internet\clear\Horror movie for WOKE!!!!!.wav,525.0445569999999,525.5445569999999,มึง,0.5,context_0.2,8000
C:\Users\muldi\Documents\Playground\University\senior-project-1\dataset\internet\clear\Horror movie for WOKE!!!!!.wav,525.094557,525.594557,มึง,0.5,context_0.4,8000
C:\Users\muldi\Documents\Playground\University\senior-project-1\dataset\internet\clear\Horror movie for WOKE!!!!!.wav,525.144557,525.644557,มึง,0.5,context_0.6,8000
C:\Users\muldi\Documents\Playground\University\senior-project-1\dataset\internet\clear\Horror movie for WOKE!!!!!.wav,525.194557,525.694557,มึง,0.5,context_0.8,8000
C:\Users\muldi\Documents\Playground\University\senior-project-1\dataset\internet\clear\Horror movie for WOKE!!!!!.wav,526.5565919999999,527.0565919999999,มึง,0.5,context_0.2,8000
C:\Users\muldi\Documents\Playground\University\senior-project-1\dataset\internet\clear\Horror movie for WOKE!!!!!.wav,526.606592,527.106592,มึง,0.5,context_0.4,8000
C:\Users\muldi\Documents\Playground\University\senior-project-1\dataset\internet\clear\Horror movie for WOKE!!!!!.wav,526.6565919999999,527.1565919999999,มึง,0.5,context_0.6,8000
C:\Users\muldi\Documents\Playground\University\senior-project-1\dataset\internet\clear\Horror movie for WOKE!!!!!.wav,526.706592,527.206592,มึง,0.5,context_0.8,8000
C:\Users\muldi\Documents\Playground\University\senior-project-1\dataset\internet\clear\Horror movie for WOKE!!!!!.wav,528.894704,529.394704,มึง,0.5,main,8000
C:\Users\muldi\Documents\Playground\University\senior-project-1\dataset\internet\clear\Horror movie for WOKE!!!!!.wav,529.7978559999999,530.2978559999999,มึง,0.5,context_0.2,8000
C:\Users\muldi\Documents\Playground\University\senior-project-1\dataset\internet\clear\Horror movie for WOKE!!!!!.wav,529.847856,530.347856,มึง,0.5,context_0.4,8000
C:\Users\muldi\Documents\Playground\University\senior-project-1\dataset\internet\clear\Horror movie for WOKE!!!!!.wav,529.8978559999999,530.3978559999999,มึง,0.5,context_0.6,8000
C:\Users\muldi\Documents\Playground\University\senior-project-1\dataset\internet\clear\Horror movie for WOKE!!!!!.wav,529.947856,530.447856,มึง,0.5,context_0.8,8000
C:\Users\muldi\Documents\Playground\University\senior-project-1\dataset\internet\clear\Horror movie for WOKE!!!!!.wav,531.273576,531.773576,มึง,0.5,main,8000
C:\Users\muldi\Documents\Playground\University\senior-project-1\dataset\internet\clear\Horror movie for WOKE!!!!!.wav,533.279786,533.779786,มึง,0.5,context_0.2,8000
C:\Users\muldi\Documents\Playground\University\senior-project-1\dataset\internet\clear\Horror movie for WOKE!!!!!.wav,533.329786,533.829786,มึง,0.5,context_0.4,8000
C:\Users\muldi\Documents\Playground\University\senior-project-1\dataset\internet\clear\Horror movie for WOKE!!!!!.wav,533.379786,533.879786,มึง,0.5,context_0.6,8000
C:\Users\muldi\Documents\Playground\University\senior-project-1\dataset\internet\clear\Horror movie for WOKE!!!!!.wav,533.429786,533.929786,มึง,0.5,context_0.8,8000
C:\Users\muldi\Documents\Playground\University\senior-project-1\dataset\internet\clear\Horror movie for WOKE!!!!!.wav,535.510673,536.010673,มึง,0.5,context_0.2,8000
C:\Users\muldi\Documents\Playground\University\senior-project-1\dataset\internet\clear\Horror movie for WOKE!!!!!.wav,535.5606730000001,536.0606730000001,มึง,0.5,context_0.4,8000
C:\Users\muldi\Documents\Playground\University\senior-project-1\dataset\internet\clear\Horror movie for WOKE!!!!!.wav,535.610673,536.110673,มึง,0.5,context_0.6,8000
C:\Users\muldi\Documents\Playground\University\senior-project-1\dataset\internet\clear\Horror movie for WOKE!!!!!.wav,535.6606730000001,536.1606730000001,มึง,0.5,context_0.8,8000
C:\Users\muldi\Documents\Playground\University\senior-project-1\dataset\internet\clear\Horror movie for WOKE!!!!!.wav,537.075816,537.575816,มึง,0.5,main,8000
C:\Users\muldi\Documents\Playground\University\senior-project-1\dataset\internet\clear\Horror movie for WOKE!!!!!.wav,545.610454,546.110454,มึง,0.5,context_0.2,8000
C:\Users\muldi\Documents\Playground\University\senior-project-1\dataset\internet\clear\Horror movie for WOKE!!!!!.wav,545.6604540000001,546.1604540000001,มึง,0.5,context_0.4,8000
C:\Users\muldi\Documents\Playground\University\senior-project-1\dataset\internet\clear\Horror movie for WOKE!!!!!.wav,545.710454,546.210454,มึง,0.5,context_0.6,8000
C:\Users\muldi\Documents\Playground\University\senior-project-1\dataset\internet\clear\Horror movie for WOKE!!!!!.wav,545.7604540000001,546.2604540000001,มึง,0.5,context_0.8,8000
C:\Users\muldi\Documents\Playground\University\senior-project-1\dataset\internet\clear\Horror movie for WOKE!!!!!.wav,547.520982,548.020982,กู,0.5,context_0.2,8000
C:\Users\muldi\Documents\Playground\University\senior-project-1\dataset\internet\clear\Horror movie for WOKE!!!!!.wav,547.5709820000001,548.0709820000001,กู,0.5,context_0.4,8000
C:\Users\muldi\Documents\Playground\University\senior-project-1\dataset\internet\clear\Horror movie for WOKE!!!!!.wav,547.620982,548.120982,กู,0.5,context_0.6,8000
C:\Users\muldi\Documents\Playground\University\senior-project-1\dataset\internet\clear\Horror movie for WOKE!!!!!.wav,547.6709820000001,548.1709820000001,กู,0.5,context_0.8,8000
C:\Users\muldi\Documents\Playground\University\senior-project-1\dataset\internet\clear\Horror movie for WOKE!!!!!.wav,553.438961,553.938961,มึง,0.5,context_0.2,8000
C:\Users\muldi\Documents\Playground\University\senior-project-1\dataset\internet\clear\Horror movie for WOKE!!!!!.wav,553.488961,553.988961,มึง,0.5,context_0.4,8000
C:\Users\muldi\Documents\Playground\University\senior-project-1\dataset\internet\clear\Horror movie for WOKE!!!!!.wav,553.538961,554.038961,มึง,0.5,context_0.6,8000
C:\Users\muldi\Documents\Playground\University\senior-project-1\dataset\internet\clear\Horror movie for WOKE!!!!!.wav,553.588961,554.088961,มึง,0.5,context_0.8,8000
C:\Users\muldi\Documents\Playground\University\senior-project-1\dataset\internet\clear\Horror movie for WOKE!!!!!.wav,554.5291629999999,555.0291629999999,เหี้ย,0.5,context_0.2,8000
C:\Users\muldi\Documents\Playground\University\senior-project-1\dataset\internet\clear\Horror movie for WOKE!!!!!.wav,554.579163,555.079163,เหี้ย,0.5,context_0.4,8000
C:\Users\muldi\Documents\Playground\University\senior-project-1\dataset\internet\clear\Horror movie for WOKE!!!!!.wav,554.629163,555.129163,เหี้ย,0.5,context_0.6,8000
C:\Users\muldi\Documents\Playground\University\senior-project-1\dataset\internet\clear\Horror movie for WOKE!!!!!.wav,554.679163,555.179163,เหี้ย,0.5,context_0.8,8000
C:\Users\muldi\Documents\Playground\University\senior-project-1\dataset\internet\clear\Horror movie for WOKE!!!!!.wav,556.433008,556.933008,กู,0.5,context_0.2,8000
C:\Users\muldi\Documents\Playground\University\senior-project-1\dataset\internet\clear\Horror movie for WOKE!!!!!.wav,556.483008,556.983008,กู,0.5,context_0.4,8000
C:\Users\muldi\Documents\Playground\University\senior-project-1\dataset\internet\clear\Horror movie for WOKE!!!!!.wav,556.533008,557.033008,กู,0.5,context_0.6,8000
C:\Users\muldi\Documents\Playground\University\senior-project-1\dataset\internet\clear\Horror movie for WOKE!!!!!.wav,556.5830080000001,557.0830080000001,กู,0.5,context_0.8,8000
C:\Users\muldi\Documents\Playground\University\senior-project-1\dataset\internet\clear\Horror movie for WOKE!!!!!.wav,557.26316,557.76316,กู,0.5,context_0.2,8000
C:\Users\muldi\Documents\Playground\University\senior-project-1\dataset\internet\clear\Horror movie for WOKE!!!!!.wav,557.31316,557.81316,กู,0.5,context_0.4,8000
C:\Users\muldi\Documents\Playground\University\senior-project-1\dataset\internet\clear\Horror movie for WOKE!!!!!.wav,557.36316,557.86316,กู,0.5,context_0.6,8000
C:\Users\muldi\Documents\Playground\University\senior-project-1\dataset\internet\clear\Horror movie for WOKE!!!!!.wav,557.4131600000001,557.9131600000001,กู,0.5,context_0.8,8000
C:\Users\muldi\Documents\Playground\University\senior-project-1\dataset\internet\clear\Horror movie for WOKE!!!!!.wav,558.308045,558.808045,กู,0.5,context_0.2,8000
C:\Users\muldi\Documents\Playground\University\senior-project-1\dataset\internet\clear\Horror movie for WOKE!!!!!.wav,558.3580450000001,558.8580450000001,กู,0.5,context_0.4,8000
C:\Users\muldi\Documents\Playground\University\senior-project-1\dataset\internet\clear\Horror movie for WOKE!!!!!.wav,558.408045,558.908045,กู,0.5,context_0.6,8000
C:\Users\muldi\Documents\Playground\University\senior-project-1\dataset\internet\clear\Horror movie for WOKE!!!!!.wav,558.4580450000001,558.9580450000001,กู,0.5,context_0.8,8000
C:\Users\muldi\Documents\Playground\University\senior-project-1\dataset\internet\clear\Horror movie for WOKE!!!!!.wav,563.430125,563.930125,กู,0.5,context_0.2,8000
C:\Users\muldi\Documents\Playground\University\senior-project-1\dataset\internet\clear\Horror movie for WOKE!!!!!.wav,563.480125,563.980125,กู,0.5,context_0.4,8000
C:\Users\muldi\Documents\Playground\University\senior-project-1\dataset\internet\clear\Horror movie for WOKE!!!!!.wav,563.530125,564.030125,กู,0.5,context_0.6,8000
C:\Users\muldi\Documents\Playground\University\senior-project-1\dataset\internet\clear\Horror movie for WOKE!!!!!.wav,563.5801250000001,564.0801250000001,กู,0.5,context_0.8,8000
C:\Users\muldi\Documents\Playground\University\senior-project-1\dataset\internet\clear\Horror movie for WOKE!!!!!.wav,564.6889309999999,565.1889309999999,เหี้ย,0.5,context_0.2,8000
C:\Users\muldi\Documents\Playground\University\senior-project-1\dataset\internet\clear\Horror movie for WOKE!!!!!.wav,564.738931,565.238931,เหี้ย,0.5,context_0.4,8000
C:\Users\muldi\Documents\Playground\University\senior-project-1\dataset\internet\clear\Horror movie for WOKE!!!!!.wav,564.7889309999999,565.2889309999999,เหี้ย,0.5,context_0.6,8000
C:\Users\muldi\Documents\Playground\University\senior-project-1\dataset\internet\clear\Horror movie for WOKE!!!!!.wav,564.838931,565.338931,เหี้ย,0.5,context_0.8,8000
C:\Users\muldi\Documents\Playground\University\senior-project-1\dataset\internet\clear\Horror movie for WOKE!!!!!.wav,564.805133,565.305133,มึง,0.5,context_0.2,8000
C:\Users\muldi\Documents\Playground\University\senior-project-1\dataset\internet\clear\Horror movie for WOKE!!!!!.wav,564.855133,565.355133,มึง,0.5,context_0.4,8000
C:\Users\muldi\Documents\Playground\University\senior-project-1\dataset\internet\clear\Horror movie for WOKE!!!!!.wav,564.905133,565.405133,มึง,0.5,context_0.6,8000
C:\Users\muldi\Documents\Playground\University\senior-project-1\dataset\internet\clear\Horror movie for WOKE!!!!!.wav,564.955133,565.455133,มึง,0.5,context_0.8,8000
C:\Users\muldi\Documents\Playground\University\senior-project-1\dataset\internet\clear\Horror movie for WOKE!!!!!.wav,578.244391,578.744391,เหี้ย,0.5,context_0.2,8000
C:\Users\muldi\Documents\Playground\University\senior-project-1\dataset\internet\clear\Horror movie for WOKE!!!!!.wav,578.294391,578.794391,เหี้ย,0.5,context_0.4,8000
C:\Users\muldi\Documents\Playground\University\senior-project-1\dataset\internet\clear\Horror movie for WOKE!!!!!.wav,578.344391,578.844391,เหี้ย,0.5,context_0.6,8000
C:\Users\muldi\Documents\Playground\University\senior-project-1\dataset\internet\clear\Horror movie for WOKE!!!!!.wav,578.394391,578.894391,เหี้ย,0.5,context_0.8,8000
C:\Users\muldi\Documents\Playground\University\senior-project-1\dataset\internet\clear\Horror movie for WOKE!!!!!.wav,587.841556,588.341556,มึง,0.5,context_0.2,8000
C:\Users\muldi\Documents\Playground\University\senior-project-1\dataset\internet\clear\Horror movie for WOKE!!!!!.wav,587.891556,588.391556,มึง,0.5,context_0.4,8000
C:\Users\muldi\Documents\Playground\University\senior-project-1\dataset\internet\clear\Horror movie for WOKE!!!!!.wav,587.941556,588.441556,มึง,0.5,context_0.6,8000
C:\Users\muldi\Documents\Playground\University\senior-project-1\dataset\internet\clear\Horror movie for WOKE!!!!!.wav,587.9915560000001,588.4915560000001,มึง,0.5,context_0.8,8000
C:\Users\muldi\Documents\Playground\University\senior-project-1\dataset\internet\clear\Horror movie for WOKE!!!!!.wav,590.1712494999999,590.6712494999999,มึง,0.5,main,8000
C:\Users\muldi\Documents\Playground\University\senior-project-1\dataset\internet\clear\Horror movie for WOKE!!!!!.wav,592.1120324999999,592.6120324999999,กู,0.5,main,8000
C:\Users\muldi\Documents\Playground\University\senior-project-1\dataset\internet\clear\Horror movie for WOKE!!!!!.wav,600.4988235000001,600.9988235000001,มึง,0.5,main,8000
C:\Users\muldi\Documents\Playground\University\senior-project-1\dataset\internet\clear\Horror movie for WOKE!!!!!.wav,608.8003819999999,609.3003819999999,มึง,0.5,context_0.2,8000
C:\Users\muldi\Documents\Playground\University\senior-project-1\dataset\internet\clear\Horror movie for WOKE!!!!!.wav,608.850382,609.350382,มึง,0.5,context_0.4,8000
C:\Users\muldi\Documents\Playground\University\senior-project-1\dataset\internet\clear\Horror movie for WOKE!!!!!.wav,608.9003819999999,609.4003819999999,มึง,0.5,context_0.6,8000
C:\Users\muldi\Documents\Playground\University\senior-project-1\dataset\internet\clear\Horror movie for WOKE!!!!!.wav,608.950382,609.450382,มึง,0.5,context_0.8,8000
C:\Users\muldi\Documents\Playground\University\senior-project-1\dataset\internet\clear\Horror movie for WOKE!!!!!.wav,609.5125479999999,610.0125479999999,มึง,0.5,context_0.2,8000
C:\Users\muldi\Documents\Playground\University\senior-project-1\dataset\internet\clear\Horror movie for WOKE!!!!!.wav,609.562548,610.062548,มึง,0.5,context_0.4,8000
C:\Users\muldi\Documents\Playground\University\senior-project-1\dataset\internet\clear\Horror movie for WOKE!!!!!.wav,609.612548,610.112548,มึง,0.5,context_0.6,8000
C:\Users\muldi\Documents\Playground\University\senior-project-1\dataset\internet\clear\Horror movie for WOKE!!!!!.wav,609.662548,610.162548,มึง,0.5,context_0.8,8000
C:\Users\muldi\Documents\Playground\University\senior-project-1\dataset\internet\clear\Horror movie for WOKE!!!!!.wav,613.219926,613.719926,มึง,0.5,context_0.2,8000
C:\Users\muldi\Documents\Playground\University\senior-project-1\dataset\internet\clear\Horror movie for WOKE!!!!!.wav,613.269926,613.769926,มึง,0.5,context_0.4,8000
C:\Users\muldi\Documents\Playground\University\senior-project-1\dataset\internet\clear\Horror movie for WOKE!!!!!.wav,613.319926,613.819926,มึง,0.5,context_0.6,8000
C:\Users\muldi\Documents\Playground\University\senior-project-1\dataset\internet\clear\Horror movie for WOKE!!!!!.wav,613.3699260000001,613.8699260000001,มึง,0.5,context_0.8,8000
C:\Users\muldi\Documents\Playground\University\senior-project-1\dataset\internet\clear\Horror movie for WOKE!!!!!.wav,652.968502,653.468502,มึง,0.5,context_0.2,8000
C:\Users\muldi\Documents\Playground\University\senior-project-1\dataset\internet\clear\Horror movie for WOKE!!!!!.wav,653.018502,653.518502,มึง,0.5,context_0.4,8000
C:\Users\muldi\Documents\Playground\University\senior-project-1\dataset\internet\clear\Horror movie for WOKE!!!!!.wav,653.068502,653.568502,มึง,0.5,context_0.6,8000
C:\Users\muldi\Documents\Playground\University\senior-project-1\dataset\internet\clear\Horror movie for WOKE!!!!!.wav,653.118502,653.618502,มึง,0.5,context_0.8,8000
C:\Users\muldi\Documents\Playground\University\senior-project-1\dataset\internet\clear\Horror movie for WOKE!!!!!.wav,665.48181,665.98181,เหี้ย,0.5,context_0.2,8000
C:\Users\muldi\Documents\Playground\University\senior-project-1\dataset\internet\clear\Horror movie for WOKE!!!!!.wav,665.5318100000001,666.0318100000001,เหี้ย,0.5,context_0.4,8000
C:\Users\muldi\Documents\Playground\University\senior-project-1\dataset\internet\clear\Horror movie for WOKE!!!!!.wav,665.58181,666.08181,เหี้ย,0.5,context_0.6,8000
C:\Users\muldi\Documents\Playground\University\senior-project-1\dataset\internet\clear\Horror movie for WOKE!!!!!.wav,665.6318100000001,666.1318100000001,เหี้ย,0.5,context_0.8,8000
C:\Users\muldi\Documents\Playground\University\senior-project-1\dataset\internet\clear\Horror movie for WOKE!!!!!.wav,666.7871879999999,667.2871879999999,เหี้ย,0.5,context_0.2,8000
C:\Users\muldi\Documents\Playground\University\senior-project-1\dataset\internet\clear\Horror movie for WOKE!!!!!.wav,666.837188,667.337188,เหี้ย,0.5,context_0.4,8000
C:\Users\muldi\Documents\Playground\University\senior-project-1\dataset\internet\clear\Horror movie for WOKE!!!!!.wav,666.8871879999999,667.3871879999999,เหี้ย,0.5,context_0.6,8000
C:\Users\muldi\Documents\Playground\University\senior-project-1\dataset\internet\clear\Horror movie for WOKE!!!!!.wav,666.937188,667.437188,เหี้ย,0.5,context_0.8,8000
C:\Users\muldi\Documents\Playground\University\senior-project-1\dataset\internet\clear\Horror movie for WOKE!!!!!.wav,670.581471,671.081471,เหี้ย,0.5,main,8000
C:\Users\muldi\Documents\Playground\University\senior-project-1\dataset\internet\clear\Horror movie for WOKE!!!!!.wav,724.123563,724.623563,เหี้ย,0.5,context_0.2,8000
C:\Users\muldi\Documents\Playground\University\senior-project-1\dataset\internet\clear\Horror movie for WOKE!!!!!.wav,724.1735630000001,724.6735630000001,เหี้ย,0.5,context_0.4,8000
C:\Users\muldi\Documents\Playground\University\senior-project-1\dataset\internet\clear\Horror movie for WOKE!!!!!.wav,724.223563,724.723563,เหี้ย,0.5,context_0.6,8000
C:\Users\muldi\Documents\Playground\University\senior-project-1\dataset\internet\clear\Horror movie for WOKE!!!!!.wav,724.2735630000001,724.7735630000001,เหี้ย,0.5,context_0.8,8000
C:\Users\muldi\Documents\Playground\University\senior-project-1\dataset\internet\clear\Horror movie for WOKE!!!!!.wav,729.094579,729.594579,กู,0.5,context_0.2,8000
C:\Users\muldi\Documents\Playground\University\senior-project-1\dataset\internet\clear\Horror movie for WOKE!!!!!.wav,729.144579,729.644579,กู,0.5,context_0.4,8000
C:\Users\muldi\Documents\Playground\University\senior-project-1\dataset\internet\clear\Horror movie for WOKE!!!!!.wav,729.194579,729.694579,กู,0.5,context_0.6,8000
C:\Users\muldi\Documents\Playground\University\senior-project-1\dataset\internet\clear\Horror movie for WOKE!!!!!.wav,729.244579,729.744579,กู,0.5,context_0.8,8000
C:\Users\muldi\Documents\Playground\University\senior-project-1\dataset\internet\clear\Horror movie for WOKE!!!!!.wav,729.6198169999999,730.1198169999999,กู,0.5,context_0.2,8000
C:\Users\muldi\Documents\Playground\University\senior-project-1\dataset\internet\clear\Horror movie for WOKE!!!!!.wav,729.669817,730.169817,กู,0.5,context_0.4,8000
C:\Users\muldi\Documents\Playground\University\senior-project-1\dataset\internet\clear\Horror movie for WOKE!!!!!.wav,729.7198169999999,730.2198169999999,กู,0.5,context_0.6,8000
C:\Users\muldi\Documents\Playground\University\senior-project-1\dataset\internet\clear\Horror movie for WOKE!!!!!.wav,729.769817,730.269817,กู,0.5,context_0.8,8000
C:\Users\muldi\Documents\Playground\University\senior-project-1\dataset\internet\clear\Horror movie for WOKE!!!!!.wav,731.8037715,732.3037715,เหี้ย,0.5,main,8000
C:\Users\muldi\Documents\Playground\University\senior-project-1\dataset\internet\clear\Horror movie for WOKE!!!!!.wav,804.472483,804.972483,มึง,0.5,context_0.2,8000
C:\Users\muldi\Documents\Playground\University\senior-project-1\dataset\internet\clear\Horror movie for WOKE!!!!!.wav,804.5224830000001,805.0224830000001,มึง,0.5,context_0.4,8000
C:\Users\muldi\Documents\Playground\University\senior-project-1\dataset\internet\clear\Horror movie for WOKE!!!!!.wav,804.572483,805.072483,มึง,0.5,context_0.6,8000
C:\Users\muldi\Documents\Playground\University\senior-project-1\dataset\internet\clear\Horror movie for WOKE!!!!!.wav,804.6224830000001,805.1224830000001,มึง,0.5,context_0.8,8000
C:\Users\muldi\Documents\Playground\University\senior-project-1\dataset\internet\clear\Horror movie for WOKE!!!!!.wav,807.909852,808.409852,เหี้ย,0.5,context_0.2,8000
C:\Users\muldi\Documents\Playground\University\senior-project-1\dataset\internet\clear\Horror movie for WOKE!!!!!.wav,807.9598520000001,808.4598520000001,เหี้ย,0.5,context_0.4,8000
C:\Users\muldi\Documents\Playground\University\senior-project-1\dataset\internet\clear\Horror movie for WOKE!!!!!.wav,808.009852,808.509852,เหี้ย,0.5,context_0.6,8000
C:\Users\muldi\Documents\Playground\University\senior-project-1\dataset\internet\clear\Horror movie for WOKE!!!!!.wav,808.0598520000001,808.5598520000001,เหี้ย,0.5,context_0.8,8000
C:\Users\muldi\Documents\Playground\University\senior-project-1\dataset\internet\clear\Horror movie for WOKE!!!!!.wav,811.7953689999999,812.2953689999999,เย็ด,0.5,context_0.2,8000
C:\Users\muldi\Documents\Playground\University\senior-project-1\dataset\internet\clear\Horror movie for WOKE!!!!!.wav,811.845369,812.345369,เย็ด,0.5,context_0.4,8000
C:\Users\muldi\Documents\Playground\University\senior-project-1\dataset\internet\clear\Horror movie for WOKE!!!!!.wav,811.895369,812.395369,เย็ด,0.5,context_0.6,8000
C:\Users\muldi\Documents\Playground\University\senior-project-1\dataset\internet\clear\Horror movie for WOKE!!!!!.wav,811.945369,812.445369,เย็ด,0.5,context_0.8,8000
C:\Users\muldi\Documents\Playground\University\senior-project-1\dataset\internet\clear\Horror movie for WOKE!!!!!.wav,812.865642,813.365642,กู,0.5,context_0.2,8000
C:\Users\muldi\Documents\Playground\University\senior-project-1\dataset\internet\clear\Horror movie for WOKE!!!!!.wav,812.915642,813.415642,กู,0.5,context_0.4,8000
C:\Users\muldi\Documents\Playground\University\senior-project-1\dataset\internet\clear\Horror movie for WOKE!!!!!.wav,812.965642,813.465642,กู,0.5,context_0.6,8000
C:\Users\muldi\Documents\Playground\University\senior-project-1\dataset\internet\clear\Horror movie for WOKE!!!!!.wav,813.0156420000001,813.5156420000001,กู,0.5,context_0.8,8000
C:\Users\muldi\Documents\Playground\University\senior-project-1\dataset\internet\clear\Horror movie for WOKE!!!!!.wav,820.287649,820.787649,มึง,0.5,context_0.2,8000
C:\Users\muldi\Documents\Playground\University\senior-project-1\dataset\internet\clear\Horror movie for WOKE!!!!!.wav,820.337649,820.837649,มึง,0.5,context_0.4,8000
C:\Users\muldi\Documents\Playground\University\senior-project-1\dataset\internet\clear\Horror movie for WOKE!!!!!.wav,820.387649,820.887649,มึง,0.5,context_0.6,8000
C:\Users\muldi\Documents\Playground\University\senior-project-1\dataset\internet\clear\Horror movie for WOKE!!!!!.wav,820.4376490000001,820.9376490000001,มึง,0.5,context_0.8,8000
C:\Users\muldi\Documents\Playground\University\senior-project-1\dataset\internet\clear\Horror movie for WOKE!!!!!.wav,824.441056,824.941056,กู,0.5,context_0.2,8000
C:\Users\muldi\Documents\Playground\University\senior-project-1\dataset\internet\clear\Horror movie for WOKE!!!!!.wav,824.4910560000001,824.9910560000001,กู,0.5,context_0.4,8000
C:\Users\muldi\Documents\Playground\University\senior-project-1\dataset\internet\clear\Horror movie for WOKE!!!!!.wav,824.541056,825.041056,กู,0.5,context_0.6,8000
C:\Users\muldi\Documents\Playground\University\senior-project-1\dataset\internet\clear\Horror movie for WOKE!!!!!.wav,824.5910560000001,825.0910560000001,กู,0.5,context_0.8,8000
C:\Users\muldi\Documents\Playground\University\senior-project-1\dataset\internet\clear\Horror movie for WOKE!!!!!.wav,824.992174,825.492174,มึง,0.5,context_0.2,8000
C:\Users\muldi\Documents\Playground\University\senior-project-1\dataset\internet\clear\Horror movie for WOKE!!!!!.wav,825.042174,825.542174,มึง,0.5,context_0.4,8000
C:\Users\muldi\Documents\Playground\University\senior-project-1\dataset\internet\clear\Horror movie for WOKE!!!!!.wav,825.092174,825.592174,มึง,0.5,context_0.6,8000
C:\Users\muldi\Documents\Playground\University\senior-project-1\dataset\internet\clear\Horror movie for WOKE!!!!!.wav,825.1421740000001,825.6421740000001,มึง,0.5,context_0.8,8000
C:\Users\muldi\Documents\Playground\University\senior-project-1\dataset\internet\clear\Horror movie for WOKE!!!!!.wav,826.0586,826.5586,มึง,0.5,context_0.2,8000
C:\Users\muldi\Documents\Playground\University\senior-project-1\dataset\internet\clear\Horror movie for WOKE!!!!!.wav,826.1086,826.6086,มึง,0.5,context_0.4,8000
C:\Users\muldi\Documents\Playground\University\senior-project-1\dataset\internet\clear\Horror movie for WOKE!!!!!.wav,826.1586,826.6586,มึง,0.5,context_0.6,8000
C:\Users\muldi\Documents\Playground\University\senior-project-1\dataset\internet\clear\Horror movie for WOKE!!!!!.wav,826.2086,826.7086,มึง,0.5,context_0.8,8000
C:\Users\muldi\Documents\Playground\University\senior-project-1\dataset\internet\clear\Horror movie for WOKE!!!!!.wav,826.601044,827.101044,กู,0.5,context_0.2,8000
C:\Users\muldi\Documents\Playground\University\senior-project-1\dataset\internet\clear\Horror movie for WOKE!!!!!.wav,826.6510440000001,827.1510440000001,กู,0.5,context_0.4,8000
C:\Users\muldi\Documents\Playground\University\senior-project-1\dataset\internet\clear\Horror movie for WOKE!!!!!.wav,826.701044,827.201044,กู,0.5,context_0.6,8000
C:\Users\muldi\Documents\Playground\University\senior-project-1\dataset\internet\clear\Horror movie for WOKE!!!!!.wav,826.7510440000001,827.2510440000001,กู,0.5,context_0.8,8000
C:\Users\muldi\Documents\Playground\University\senior-project-1\dataset\internet\clear\Horror movie for WOKE!!!!!.wav,857.4012315,857.9012315,มึง,0.5,main,8000
C:\Users\muldi\Documents\Playground\University\senior-project-1\dataset\internet\clear\Horror movie for WOKE!!!!!.wav,858.0024139999999,858.5024139999999,กู,0.5,context_0.2,8000
C:\Users\muldi\Documents\Playground\University\senior-project-1\dataset\internet\clear\Horror movie for WOKE!!!!!.wav,858.052414,858.552414,กู,0.5,context_0.4,8000
C:\Users\muldi\Documents\Playground\University\senior-project-1\dataset\internet\clear\Horror movie for WOKE!!!!!.wav,858.102414,858.602414,กู,0.5,context_0.6,8000
C:\Users\muldi\Documents\Playground\University\senior-project-1\dataset\internet\clear\Horror movie for WOKE!!!!!.wav,858.152414,858.652414,กู,0.5,context_0.8,8000
C:\Users\muldi\Documents\Playground\University\senior-project-1\dataset\internet\clear\Horror movie for WOKE!!!!!.wav,860.1379505,860.6379505,เหี้ย,0.5,main,8000
C:\Users\muldi\Documents\Playground\University\senior-project-1\dataset\internet\clear\Horror movie for WOKE!!!!!.wav,860.833525,861.333525,มึง,0.5,context_0.2,8000
C:\Users\muldi\Documents\Playground\University\senior-project-1\dataset\internet\clear\Horror movie for WOKE!!!!!.wav,860.8835250000001,861.3835250000001,มึง,0.5,context_0.4,8000
C:\Users\muldi\Documents\Playground\University\senior-project-1\dataset\internet\clear\Horror movie for WOKE!!!!!.wav,860.933525,861.433525,มึง,0.5,context_0.6,8000
C:\Users\muldi\Documents\Playground\University\senior-project-1\dataset\internet\clear\Horror movie for WOKE!!!!!.wav,860.9835250000001,861.4835250000001,มึง,0.5,context_0.8,8000
C:\Users\muldi\Documents\Playground\University\senior-project-1\dataset\internet\clear\Horror movie for WOKE!!!!!.wav,868.692179,869.192179,กู,0.5,context_0.2,8000
C:\Users\muldi\Documents\Playground\University\senior-project-1\dataset\internet\clear\Horror movie for WOKE!!!!!.wav,868.7421790000001,869.2421790000001,กู,0.5,context_0.4,8000
C:\Users\muldi\Documents\Playground\University\senior-project-1\dataset\internet\clear\Horror movie for WOKE!!!!!.wav,868.792179,869.292179,กู,0.5,context_0.6,8000
C:\Users\muldi\Documents\Playground\University\senior-project-1\dataset\internet\clear\Horror movie for WOKE!!!!!.wav,868.8421790000001,869.3421790000001,กู,0.5,context_0.8,8000
C:\Users\muldi\Documents\Playground\University\senior-project-1\dataset\internet\clear\Horror movie for WOKE!!!!!.wav,871.7233975,872.2233975,มึง,0.5,main,8000
C:\Users\muldi\Documents\Playground\University\senior-project-1\dataset\internet\clear\Horror movie for WOKE!!!!!.wav,873.9964339999999,874.4964339999999,มึง,0.5,context_0.2,8000
C:\Users\muldi\Documents\Playground\University\senior-project-1\dataset\internet\clear\Horror movie for WOKE!!!!!.wav,874.046434,874.546434,มึง,0.5,context_0.4,8000
C:\Users\muldi\Documents\Playground\University\senior-project-1\dataset\internet\clear\Horror movie for WOKE!!!!!.wav,874.0964339999999,874.5964339999999,มึง,0.5,context_0.6,8000
C:\Users\muldi\Documents\Playground\University\senior-project-1\dataset\internet\clear\Horror movie for WOKE!!!!!.wav,874.146434,874.646434,มึง,0.5,context_0.8,8000
C:\Users\muldi\Documents\Playground\University\senior-project-1\dataset\internet\clear\Horror movie for WOKE!!!!!.wav,878.6842340000001,879.1842340000001,มึง,0.5,main,8000
C:\Users\muldi\Documents\Playground\University\senior-project-1\dataset\internet\clear\Horror movie for WOKE!!!!!.wav,883.13046,883.63046,มึง,0.5,context_0.2,8000
C:\Users\muldi\Documents\Playground\University\senior-project-1\dataset\internet\clear\Horror movie for WOKE!!!!!.wav,883.18046,883.68046,มึง,0.5,context_0.4,8000
C:\Users\muldi\Documents\Playground\University\senior-project-1\dataset\internet\clear\Horror movie for WOKE!!!!!.wav,883.23046,883.73046,มึง,0.5,context_0.6,8000
C:\Users\muldi\Documents\Playground\University\senior-project-1\dataset\internet\clear\Horror movie for WOKE!!!!!.wav,883.2804600000001,883.7804600000001,มึง,0.5,context_0.8,8000
C:\Users\muldi\Documents\Playground\University\senior-project-1\dataset\internet\clear\Horror movie for WOKE!!!!!.wav,895.4380495,895.9380495,เหี้ย,0.5,main,8000
C:\Users\muldi\Documents\Playground\University\senior-project-1\dataset\internet\clear\Horror movie for WOKE!!!!!.wav,917.7241710000001,918.2241710000001,เหี้ย,0.5,main,8000
C:\Users\muldi\Documents\Playground\University\senior-project-1\dataset\internet\clear\Horror movie for WOKE!!!!!.wav,925.862676,926.362676,กู,0.5,context_0.2,8000
C:\Users\muldi\Documents\Playground\University\senior-project-1\dataset\internet\clear\Horror movie for WOKE!!!!!.wav,925.912676,926.412676,กู,0.5,context_0.4,8000
C:\Users\muldi\Documents\Playground\University\senior-project-1\dataset\internet\clear\Horror movie for WOKE!!!!!.wav,925.962676,926.462676,กู,0.5,context_0.6,8000
C:\Users\muldi\Documents\Playground\University\senior-project-1\dataset\internet\clear\Horror movie for WOKE!!!!!.wav,926.012676,926.512676,กู,0.5,context_0.8,8000
C:\Users\muldi\Documents\Playground\University\senior-project-1\dataset\internet\clear\Horror movie for WOKE!!!!!.wav,926.4185799999999,926.9185799999999,มึง,0.5,context_0.2,8000
C:\Users\muldi\Documents\Playground\University\senior-project-1\dataset\internet\clear\Horror movie for WOKE!!!!!.wav,926.46858,926.96858,มึง,0.5,context_0.4,8000
C:\Users\muldi\Documents\Playground\University\senior-project-1\dataset\internet\clear\Horror movie for WOKE!!!!!.wav,926.5185799999999,927.0185799999999,มึง,0.5,context_0.6,8000
C:\Users\muldi\Documents\Playground\University\senior-project-1\dataset\internet\clear\Horror movie for WOKE!!!!!.wav,926.56858,927.06858,มึง,0.5,context_0.8,8000
C:\Users\muldi\Documents\Playground\University\senior-project-1\dataset\internet\clear\Horror movie for WOKE!!!!!.wav,968.66868,969.16868,มึง,0.5,context_0.2,8000
C:\Users\muldi\Documents\Playground\University\senior-project-1\dataset\internet\clear\Horror movie for WOKE!!!!!.wav,968.7186800000001,969.2186800000001,มึง,0.5,context_0.4,8000
C:\Users\muldi\Documents\Playground\University\senior-project-1\dataset\internet\clear\Horror movie for WOKE!!!!!.wav,968.76868,969.26868,มึง,0.5,context_0.6,8000
C:\Users\muldi\Documents\Playground\University\senior-project-1\dataset\internet\clear\Horror movie for WOKE!!!!!.wav,968.8186800000001,969.3186800000001,มึง,0.5,context_0.8,8000
C:\Users\muldi\Documents\Playground\University\senior-project-1\dataset\internet\clear\Horror movie for WOKE!!!!!.wav,969.468184,969.968184,กู,0.5,context_0.2,8000
C:\Users\muldi\Documents\Playground\University\senior-project-1\dataset\internet\clear\Horror movie for WOKE!!!!!.wav,969.518184,970.018184,กู,0.5,context_0.4,8000
C:\Users\muldi\Documents\Playground\University\senior-project-1\dataset\internet\clear\Horror movie for WOKE!!!!!.wav,969.568184,970.068184,กู,0.5,context_0.6,8000
C:\Users\muldi\Documents\Playground\University\senior-project-1\dataset\internet\clear\Horror movie for WOKE!!!!!.wav,969.618184,970.118184,กู,0.5,context_0.8,8000
C:\Users\muldi\Documents\Playground\University\senior-project-1\dataset\internet\clear\Horror movie for WOKE!!!!!.wav,973.4184385000001,973.9184385000001,กู,0.5,main,8000
C:\Users\muldi\Documents\Playground\University\senior-project-1\dataset\internet\clear\Horror movie for WOKE!!!!!.wav,983.3890429999999,983.8890429999999,มึง,0.5,context_0.2,8000
C:\Users\muldi\Documents\Playground\University\senior-project-1\dataset\internet\clear\Horror movie for WOKE!!!!!.wav,983.439043,983.939043,มึง,0.5,context_0.4,8000
C:\Users\muldi\Documents\Playground\University\senior-project-1\dataset\internet\clear\Horror movie for WOKE!!!!!.wav,983.4890429999999,983.9890429999999,มึง,0.5,context_0.6,8000
C:\Users\muldi\Documents\Playground\University\senior-project-1\dataset\internet\clear\Horror movie for WOKE!!!!!.wav,983.539043,984.039043,มึง,0.5,context_0.8,8000
C:\Users\muldi\Documents\Playground\University\senior-project-1\dataset\internet\clear\Horror movie for WOKE!!!!!.wav,985.3894479999999,985.8894479999999,มึง,0.5,context_0.2,8000
C:\Users\muldi\Documents\Playground\University\senior-project-1\dataset\internet\clear\Horror movie for WOKE!!!!!.wav,985.439448,985.939448,มึง,0.5,context_0.4,8000
C:\Users\muldi\Documents\Playground\University\senior-project-1\dataset\internet\clear\Horror movie for WOKE!!!!!.wav,985.4894479999999,985.9894479999999,มึง,0.5,context_0.6,8000
C:\Users\muldi\Documents\Playground\University\senior-project-1\dataset\internet\clear\Horror movie for WOKE!!!!!.wav,985.539448,986.039448,มึง,0.5,context_0.8,8000
C:\Users\muldi\Documents\Playground\University\senior-project-1\dataset\internet\clear\Horror movie for WOKE!!!!!.wav,988.7425410000001,989.2425410000001,มึง,0.5,main,8000
C:\Users\muldi\Documents\Playground\University\senior-project-1\dataset\internet\clear\Horror movie for WOKE!!!!!.wav,991.638474,992.138474,เหี้ย,0.5,context_0.2,8000
C:\Users\muldi\Documents\Playground\University\senior-project-1\dataset\internet\clear\Horror movie for WOKE!!!!!.wav,991.688474,992.188474,เหี้ย,0.5,context_0.4,8000
C:\Users\muldi\Documents\Playground\University\senior-project-1\dataset\internet\clear\Horror movie for WOKE!!!!!.wav,991.738474,992.238474,เหี้ย,0.5,context_0.6,8000
C:\Users\muldi\Documents\Playground\University\senior-project-1\dataset\internet\clear\Horror movie for WOKE!!!!!.wav,991.7884740000001,992.2884740000001,เหี้ย,0.5,context_0.8,8000
C:\Users\muldi\Documents\Playground\University\senior-project-1\dataset\internet\clear\Horror movie for WOKE!!!!!.wav,1001.147021,1001.647021,กู,0.5,context_0.2,8000
C:\Users\muldi\Documents\Playground\University\senior-project-1\dataset\internet\clear\Horror movie for WOKE!!!!!.wav,1001.1970210000001,1001.6970210000001,กู,0.5,context_0.4,8000
C:\Users\muldi\Documents\Playground\University\senior-project-1\dataset\internet\clear\Horror movie for WOKE!!!!!.wav,1001.247021,1001.747021,กู,0.5,context_0.6,8000
C:\Users\muldi\Documents\Playground\University\senior-project-1\dataset\internet\clear\Horror movie for WOKE!!!!!.wav,1001.2970210000001,1001.7970210000001,กู,0.5,context_0.8,8000
C:\Users\muldi\Documents\Playground\University\senior-project-1\dataset\internet\clear\Horror movie for WOKE!!!!!.wav,1013.8639515,1014.3639515,เหี้ย,0.5,main,8000
C:\Users\muldi\Documents\Playground\University\senior-project-1\dataset\internet\clear\Horror movie for WOKE!!!!!.wav,1016.951567,1017.451567,มึง,0.5,context_0.2,8000
C:\Users\muldi\Documents\Playground\University\senior-project-1\dataset\internet\clear\Horror movie for WOKE!!!!!.wav,1017.001567,1017.501567,มึง,0.5,context_0.4,8000
C:\Users\muldi\Documents\Playground\University\senior-project-1\dataset\internet\clear\Horror movie for WOKE!!!!!.wav,1017.051567,1017.551567,มึง,0.5,context_0.6,8000
C:\Users\muldi\Documents\Playground\University\senior-project-1\dataset\internet\clear\Horror movie for WOKE!!!!!.wav,1017.101567,1017.601567,มึง,0.5,context_0.8,8000
C:\Users\muldi\Documents\Playground\University\senior-project-1\dataset\internet\clear\Horror movie for WOKE!!!!!.wav,1019.3414225,1019.8414225,มึง,0.5,main,8000
C:\Users\muldi\Documents\Playground\University\senior-project-1\dataset\internet\clear\Horror movie for WOKE!!!!!.wav,1021.1524605,1021.6524605,เหี้ย,0.5,main,8000
C:\Users\muldi\Documents\Playground\University\senior-project-1\dataset\internet\clear\Horror movie for WOKE!!!!!.wav,1021.494808,1021.994808,เหี้ย,0.5,main,8000
C:\Users\muldi\Documents\Playground\University\senior-project-1\dataset\internet\clear\Horror movie for WOKE!!!!!.wav,1055.667682,1056.167682,เหี้ย,0.5,main,8000
C:\Users\muldi\Documents\Playground\University\senior-project-1\dataset\internet\clear\Horror movie for WOKE!!!!!.wav,1063.437166,1063.937166,เหี้ย,0.5,context_0.2,8000
C:\Users\muldi\Documents\Playground\University\senior-project-1\dataset\internet\clear\Horror movie for WOKE!!!!!.wav,1063.487166,1063.987166,เหี้ย,0.5,context_0.4,8000
C:\Users\muldi\Documents\Playground\University\senior-project-1\dataset\internet\clear\Horror movie for WOKE!!!!!.wav,1063.537166,1064.037166,เหี้ย,0.5,context_0.6,8000
C:\Users\muldi\Documents\Playground\University\senior-project-1\dataset\internet\clear\Horror movie for WOKE!!!!!.wav,1063.587166,1064.087166,เหี้ย,0.5,context_0.8,8000
C:\Users\muldi\Documents\Playground\University\senior-project-1\dataset\internet\clear\Horror movie for WOKE!!!!!.wav,1065.515189,1066.015189,เหี้ย,0.5,context_0.2,8000
C:\Users\muldi\Documents\Playground\University\senior-project-1\dataset\internet\clear\Horror movie for WOKE!!!!!.wav,1065.565189,1066.065189,เหี้ย,0.5,context_0.4,8000
C:\Users\muldi\Documents\Playground\University\senior-project-1\dataset\internet\clear\Horror movie for WOKE!!!!!.wav,1065.615189,1066.115189,เหี้ย,0.5,context_0.6,8000
C:\Users\muldi\Documents\Playground\University\senior-project-1\dataset\internet\clear\Horror movie for WOKE!!!!!.wav,1065.665189,1066.165189,เหี้ย,0.5,context_0.8,8000
C:\Users\muldi\Documents\Playground\University\senior-project-1\dataset\internet\clear\Horror movie for WOKE!!!!!.wav,1080.5143,1081.0143,กู,0.5,context_0.2,8000
C:\Users\muldi\Documents\Playground\University\senior-project-1\dataset\internet\clear\Horror movie for WOKE!!!!!.wav,1080.5643,1081.0643,กู,0.5,context_0.4,8000
C:\Users\muldi\Documents\Playground\University\senior-project-1\dataset\internet\clear\Horror movie for WOKE!!!!!.wav,1080.6143000000002,1081.1143000000002,กู,0.5,context_0.6,8000
C:\Users\muldi\Documents\Playground\University\senior-project-1\dataset\internet\clear\Horror movie for WOKE!!!!!.wav,1080.6643000000001,1081.1643000000001,กู,0.5,context_0.8,8000
C:\Users\muldi\Documents\Playground\University\senior-project-1\dataset\internet\clear\Horror movie for WOKE!!!!!.wav,1081.115316,1081.615316,กู,0.5,context_0.2,8000
C:\Users\muldi\Documents\Playground\University\senior-project-1\dataset\internet\clear\Horror movie for WOKE!!!!!.wav,1081.1653159999998,1081.6653159999998,กู,0.5,context_0.4,8000
C:\Users\muldi\Documents\Playground\University\senior-project-1\dataset\internet\clear\Horror movie for WOKE!!!!!.wav,1081.215316,1081.715316,กู,0.5,context_0.6,8000
C:\Users\muldi\Documents\Playground\University\senior-project-1\dataset\internet\clear\Horror movie for WOKE!!!!!.wav,1081.265316,1081.765316,กู,0.5,context_0.8,8000
C:\Users\muldi\Documents\Playground\University\senior-project-1\dataset\internet\clear\Horror movie for WOKE!!!!!.wav,1103.057582,1103.557582,กู,0.5,context_0.2,8000
C:\Users\muldi\Documents\Playground\University\senior-project-1\dataset\internet\clear\Horror movie for WOKE!!!!!.wav,1103.1075819999999,1103.6075819999999,กู,0.5,context_0.4,8000
C:\Users\muldi\Documents\Playground\University\senior-project-1\dataset\internet\clear\Horror movie for WOKE!!!!!.wav,1103.157582,1103.657582,กู,0.5,context_0.6,8000
C:\Users\muldi\Documents\Playground\University\senior-project-1\dataset\internet\clear\Horror movie for WOKE!!!!!.wav,1103.207582,1103.707582,กู,0.5,context_0.8,8000
C:\Users\muldi\Documents\Playground\University\senior-project-1\dataset\internet\clear\Horror movie for WOKE!!!!!.wav,1105.528802,1106.028802,กู,0.5,context_0.2,8000
C:\Users\muldi\Documents\Playground\University\senior-project-1\dataset\internet\clear\Horror movie for WOKE!!!!!.wav,1105.578802,1106.078802,กู,0.5,context_0.4,8000
C:\Users\muldi\Documents\Playground\University\senior-project-1\dataset\internet\clear\Horror movie for WOKE!!!!!.wav,1105.6288020000002,1106.1288020000002,กู,0.5,context_0.6,8000
C:\Users\muldi\Documents\Playground\University\senior-project-1\dataset\internet\clear\Horror movie for WOKE!!!!!.wav,1105.6788020000001,1106.1788020000001,กู,0.5,context_0.8,8000
C:\Users\muldi\Documents\Playground\University\senior-project-1\dataset\internet\clear\Horror movie for WOKE!!!!!.wav,0.0,0.5,none,0.5,none_sample,8000
C:\Users\muldi\Documents\Playground\University\senior-project-1\dataset\internet\clear\Horror movie for WOKE!!!!!.wav,0.5,1.0,none,0.5,none_sample,8000
C:\Users\muldi\Documents\Playground\University\senior-project-1\dataset\internet\clear\Horror movie for WOKE!!!!!.wav,1.0,1.5,none,0.5,none_sample,8000
C:\Users\muldi\Documents\Playground\University\senior-project-1\dataset\internet\clear\Horror movie for WOKE!!!!!.wav,1.5,2.0,none,0.5,none_sample,8000
C:\Users\muldi\Documents\Playground\University\senior-project-1\dataset\internet\clear\Horror movie for WOKE!!!!!.wav,2.0,2.5,none,0.5,none_sample,8000
C:\Users\muldi\Documents\Playground\University\senior-project-1\dataset\internet\clear\Horror movie for WOKE!!!!!.wav,2.5,3.0,none,0.5,none_sample,8000
C:\Users\muldi\Documents\Playground\University\senior-project-1\dataset\internet\clear\Horror movie for WOKE!!!!!.wav,3.0,3.5,none,0.5,none_sample,8000
C:\Users\muldi\Documents\Playground\University\senior-project-1\dataset\internet\clear\Horror movie for WOKE!!!!!.wav,3.5,4.0,none,0.5,none_sample,8000
C:\Users\muldi\Documents\Playground\University\senior-project-1\dataset\internet\clear\Horror movie for WOKE!!!!!.wav,4.0,4.5,none,0.5,none_sample,8000
C:\Users\muldi\Documents\Playground\University\senior-project-1\dataset\internet\clear\Horror movie for WOKE!!!!!.wav,4.5,5.0,none,0.5,none_sample,8000
C:\Users\muldi\Documents\Playground\University\senior-project-1\dataset\internet\clear\Horror movie for WOKE!!!!!.wav,5.0,5.5,none,0.5,none_sample,8000
C:\Users\muldi\Documents\Playground\University\senior-project-1\dataset\internet\clear\Horror movie for WOKE!!!!!.wav,5.5,6.0,none,0.5,none_sample,8000
C:\Users\muldi\Documents\Playground\University\senior-project-1\dataset\internet\clear\Horror movie for WOKE!!!!!.wav,6.0,6.5,none,0.5,none_sample,8000
C:\Users\muldi\Documents\Playground\University\senior-project-1\dataset\internet\clear\Horror movie for WOKE!!!!!.wav,6.5,7.0,none,0.5,none_sample,8000
C:\Users\muldi\Documents\Playground\University\senior-project-1\dataset\internet\clear\Horror movie for WOKE!!!!!.wav,7.0,7.5,none,0.5,none_sample,8000
C:\Users\muldi\Documents\Playground\University\senior-project-1\dataset\internet\clear\Horror movie for WOKE!!!!!.wav,7.5,8.0,none,0.5,none_sample,8000
C:\Users\muldi\Documents\Playground\University\senior-project-1\dataset\internet\clear\Horror movie for WOKE!!!!!.wav,8.0,8.5,none,0.5,none_sample,8000
C:\Users\muldi\Documents\Playground\University\senior-project-1\dataset\internet\clear\Horror movie for WOKE!!!!!.wav,8.5,9.0,none,0.5,none_sample,8000
C:\Users\muldi\Documents\Playground\University\senior-project-1\dataset\internet\clear\Horror movie for WOKE!!!!!.wav,9.0,9.5,none,0.5,none_sample,8000
C:\Users\muldi\Documents\Playground\University\senior-project-1\dataset\internet\clear\Horror movie for WOKE!!!!!.wav,9.5,10.0,none,0.5,none_sample,8000
C:\Users\muldi\Documents\Playground\University\senior-project-1\dataset\internet\clear\Horror movie for WOKE!!!!!.wav,10.0,10.5,none,0.5,none_sample,8000
C:\Users\muldi\Documents\Playground\University\senior-project-1\dataset\internet\clear\Horror movie for WOKE!!!!!.wav,10.5,11.0,none,0.5,none_sample,8000
C:\Users\muldi\Documents\Playground\University\senior-project-1\dataset\internet\clear\Horror movie for WOKE!!!!!.wav,11.0,11.5,none,0.5,none_sample,8000
C:\Users\muldi\Documents\Playground\University\senior-project-1\dataset\internet\clear\Horror movie for WOKE!!!!!.wav,11.5,12.0,none,0.5,none_sample,8000
C:\Users\muldi\Documents\Playground\University\senior-project-1\dataset\internet\clear\Horror movie for WOKE!!!!!.wav,12.0,12.5,none,0.5,none_sample,8000
C:\Users\muldi\Documents\Playground\University\senior-project-1\dataset\internet\clear\Horror movie for WOKE!!!!!.wav,12.5,13.0,none,0.5,none_sample,8000
C:\Users\muldi\Documents\Playground\University\senior-project-1\dataset\internet\clear\Horror movie for WOKE!!!!!.wav,13.0,13.5,none,0.5,none_sample,8000
C:\Users\muldi\Documents\Playground\University\senior-project-1\dataset\internet\clear\Horror movie for WOKE!!!!!.wav,13.5,14.0,none,0.5,none_sample,8000
C:\Users\muldi\Documents\Playground\University\senior-project-1\dataset\internet\clear\Horror movie for WOKE!!!!!.wav,14.0,14.5,none,0.5,none_sample,8000
C:\Users\muldi\Documents\Playground\University\senior-project-1\dataset\internet\clear\Horror movie for WOKE!!!!!.wav,14.5,15.0,none,0.5,none_sample,8000
C:\Users\muldi\Documents\Playground\University\senior-project-1\dataset\internet\clear\Horror movie for WOKE!!!!!.wav,15.0,15.5,none,0.5,none_sample,8000
C:\Users\muldi\Documents\Playground\University\senior-project-1\dataset\internet\clear\Horror movie for WOKE!!!!!.wav,15.5,16.0,none,0.5,none_sample,8000
C:\Users\muldi\Documents\Playground\University\senior-project-1\dataset\internet\clear\Horror movie for WOKE!!!!!.wav,16.0,16.5,none,0.5,none_sample,8000
C:\Users\muldi\Documents\Playground\University\senior-project-1\dataset\internet\clear\Horror movie for WOKE!!!!!.wav,16.5,17.0,none,0.5,none_sample,8000
C:\Users\muldi\Documents\Playground\University\senior-project-1\dataset\internet\clear\Horror movie for WOKE!!!!!.wav,17.0,17.5,none,0.5,none_sample,8000
C:\Users\muldi\Documents\Playground\University\senior-project-1\dataset\internet\clear\Horror movie for WOKE!!!!!.wav,17.5,18.0,none,0.5,none_sample,8000
C:\Users\muldi\Documents\Playground\University\senior-project-1\dataset\internet\clear\Horror movie for WOKE!!!!!.wav,18.0,18.5,none,0.5,none_sample,8000
C:\Users\muldi\Documents\Playground\University\senior-project-1\dataset\internet\clear\Horror movie for WOKE!!!!!.wav,18.5,19.0,none,0.5,none_sample,8000
C:\Users\muldi\Documents\Playground\University\senior-project-1\dataset\internet\clear\Horror movie for WOKE!!!!!.wav,19.0,19.5,none,0.5,none_sample,8000
C:\Users\muldi\Documents\Playground\University\senior-project-1\dataset\internet\clear\Horror movie for WOKE!!!!!.wav,19.5,20.0,none,0.5,none_sample,8000
C:\Users\muldi\Documents\Playground\University\senior-project-1\dataset\internet\clear\Horror movie for WOKE!!!!!.wav,20.450000000000006,20.950000000000006,none,0.5,none_sample,8000
C:\Users\muldi\Documents\Playground\University\senior-project-1\dataset\internet\clear\Horror movie for WOKE!!!!!.wav,20.950000000000006,21.450000000000006,none,0.5,none_sample,8000
C:\Users\muldi\Documents\Playground\University\senior-project-1\dataset\internet\clear\Horror movie for WOKE!!!!!.wav,21.450000000000006,21.950000000000006,none,0.5,none_sample,8000
C:\Users\muldi\Documents\Playground\University\senior-project-1\dataset\internet\clear\Horror movie for WOKE!!!!!.wav,21.950000000000006,22.450000000000006,none,0.5,none_sample,8000
C:\Users\muldi\Documents\Playground\University\senior-project-1\dataset\internet\clear\Horror movie for WOKE!!!!!.wav,22.850000000000012,23.350000000000012,none,0.5,none_sample,8000
C:\Users\muldi\Documents\Playground\University\senior-project-1\dataset\internet\clear\Horror movie for WOKE!!!!!.wav,23.700000000000017,24.200000000000017,none,0.5,none_sample,8000
C:\Users\muldi\Documents\Playground\University\senior-project-1\dataset\internet\clear\Horror movie for WOKE!!!!!.wav,24.200000000000017,24.700000000000017,none,0.5,none_sample,8000
C:\Users\muldi\Documents\Playground\University\senior-project-1\dataset\internet\clear\Horror movie for WOKE!!!!!.wav,24.700000000000017,25.200000000000017,none,0.5,none_sample,8000
C:\Users\muldi\Documents\Playground\University\senior-project-1\dataset\internet\clear\Horror movie for WOKE!!!!!.wav,25.200000000000017,25.700000000000017,none,0.5,none_sample,8000
C:\Users\muldi\Documents\Playground\University\senior-project-1\dataset\internet\clear\Horror movie for WOKE!!!!!.wav,25.700000000000017,26.200000000000017,none,0.5,none_sample,8000
C:\Users\muldi\Documents\Playground\University\senior-project-1\dataset\internet\clear\Horror movie for WOKE!!!!!.wav,26.45000000000002,26.95000000000002,none,0.5,none_sample,8000
C:\Users\muldi\Documents\Playground\University\senior-project-1\dataset\internet\clear\Horror movie for WOKE!!!!!.wav,26.95000000000002,27.45000000000002,none,0.5,none_sample,8000
C:\Users\muldi\Documents\Playground\University\senior-project-1\dataset\internet\clear\Horror movie for WOKE!!!!!.wav,27.45000000000002,27.95000000000002,none,0.5,none_sample,8000
C:\Users\muldi\Documents\Playground\University\senior-project-1\dataset\internet\clear\Horror movie for WOKE!!!!!.wav,27.95000000000002,28.45000000000002,none,0.5,none_sample,8000
C:\Users\muldi\Documents\Playground\University\senior-project-1\dataset\internet\clear\Horror movie for WOKE!!!!!.wav,28.45000000000002,28.95000000000002,none,0.5,none_sample,8000
C:\Users\muldi\Documents\Playground\University\senior-project-1\dataset\internet\clear\Horror movie for WOKE!!!!!.wav,28.95000000000002,29.45000000000002,none,0.5,none_sample,8000
C:\Users\muldi\Documents\Playground\University\senior-project-1\dataset\internet\clear\Horror movie for WOKE!!!!!.wav,29.45000000000002,29.95000000000002,none,0.5,none_sample,8000
C:\Users\muldi\Documents\Playground\University\senior-project-1\dataset\internet\clear\Horror movie for WOKE!!!!!.wav,29.95000000000002,30.45000000000002,none,0.5,none_sample,8000
C:\Users\muldi\Documents\Playground\University\senior-project-1\dataset\internet\clear\Horror movie for WOKE!!!!!.wav,30.45000000000002,30.95000000000002,none,0.5,none_sample,8000
C:\Users\muldi\Documents\Playground\University\senior-project-1\dataset\internet\clear\Horror movie for WOKE!!!!!.wav,30.95000000000002,31.45000000000002,none,0.5,none_sample,8000
C:\Users\muldi\Documents\Playground\University\senior-project-1\dataset\internet\clear\Horror movie for WOKE!!!!!.wav,31.45000000000002,31.95000000000002,none,0.5,none_sample,8000
C:\Users\muldi\Documents\Playground\University\senior-project-1\dataset\internet\clear\Horror movie for WOKE!!!!!.wav,31.95000000000002,32.45000000000002,none,0.5,none_sample,8000
C:\Users\muldi\Documents\Playground\University\senior-project-1\dataset\internet\clear\Horror movie for WOKE!!!!!.wav,32.45000000000002,32.95000000000002,none,0.5,none_sample,8000
C:\Users\muldi\Documents\Playground\University\senior-project-1\dataset\internet\clear\Horror movie for WOKE!!!!!.wav,33.2,33.7,none,0.5,none_sample,8000
C:\Users\muldi\Documents\Playground\University\senior-project-1\dataset\internet\clear\Horror movie for WOKE!!!!!.wav,33.7,34.2,none,0.5,none_sample,8000
C:\Users\muldi\Documents\Playground\University\senior-project-1\dataset\internet\clear\Horror movie for WOKE!!!!!.wav,34.2,34.7,none,0.5,none_sample,8000
C:\Users\muldi\Documents\Playground\University\senior-project-1\dataset\internet\clear\Horror movie for WOKE!!!!!.wav,34.7,35.2,none,0.5,none_sample,8000
C:\Users\muldi\Documents\Playground\University\senior-project-1\dataset\internet\clear\Horror movie for WOKE!!!!!.wav,35.2,35.7,none,0.5,none_sample,8000
C:\Users\muldi\Documents\Playground\University\senior-project-1\dataset\internet\clear\Horror movie for WOKE!!!!!.wav,35.7,36.2,none,0.5,none_sample,8000
C:\Users\muldi\Documents\Playground\University\senior-project-1\dataset\internet\clear\Horror movie for WOKE!!!!!.wav,36.2,36.7,none,0.5,none_sample,8000
C:\Users\muldi\Documents\Playground\University\senior-project-1\dataset\internet\clear\Horror movie for WOKE!!!!!.wav,36.7,37.2,none,0.5,none_sample,8000
C:\Users\muldi\Documents\Playground\University\senior-project-1\dataset\internet\clear\Horror movie for WOKE!!!!!.wav,37.2,37.7,none,0.5,none_sample,8000
C:\Users\muldi\Documents\Playground\University\senior-project-1\dataset\internet\clear\Horror movie for WOKE!!!!!.wav,37.7,38.2,none,0.5,none_sample,8000
C:\Users\muldi\Documents\Playground\University\senior-project-1\dataset\internet\clear\Horror movie for WOKE!!!!!.wav,38.2,38.7,none,0.5,none_sample,8000
C:\Users\muldi\Documents\Playground\University\senior-project-1\dataset\internet\clear\Horror movie for WOKE!!!!!.wav,38.7,39.2,none,0.5,none_sample,8000
C:\Users\muldi\Documents\Playground\University\senior-project-1\dataset\internet\clear\Horror movie for WOKE!!!!!.wav,39.2,39.7,none,0.5,none_sample,8000
C:\Users\muldi\Documents\Playground\University\senior-project-1\dataset\internet\clear\Horror movie for WOKE!!!!!.wav,39.7,40.2,none,0.5,none_sample,8000
C:\Users\muldi\Documents\Playground\University\senior-project-1\dataset\internet\clear\Horror movie for WOKE!!!!!.wav,40.2,40.7,none,0.5,none_sample,8000
C:\Users\muldi\Documents\Playground\University\senior-project-1\dataset\internet\clear\Horror movie for WOKE!!!!!.wav,40.7,41.2,none,0.5,none_sample,8000
C:\Users\muldi\Documents\Playground\University\senior-project-1\dataset\internet\clear\Horror movie for WOKE!!!!!.wav,41.2,41.7,none,0.5,none_sample,8000
C:\Users\muldi\Documents\Playground\University\senior-project-1\dataset\internet\clear\Horror movie for WOKE!!!!!.wav,41.7,42.2,none,0.5,none_sample,8000
C:\Users\muldi\Documents\Playground\University\senior-project-1\dataset\internet\clear\Horror movie for WOKE!!!!!.wav,42.2,42.7,none,0.5,none_sample,8000
C:\Users\muldi\Documents\Playground\University\senior-project-1\dataset\internet\clear\Horror movie for WOKE!!!!!.wav,42.7,43.2,none,0.5,none_sample,8000
C:\Users\muldi\Documents\Playground\University\senior-project-1\dataset\internet\clear\Horror movie for WOKE!!!!!.wav,43.2,43.7,none,0.5,none_sample,8000
C:\Users\muldi\Documents\Playground\University\senior-project-1\dataset\internet\clear\Horror movie for WOKE!!!!!.wav,43.7,44.2,none,0.5,none_sample,8000
C:\Users\muldi\Documents\Playground\University\senior-project-1\dataset\internet\clear\Horror movie for WOKE!!!!!.wav,44.2,44.7,none,0.5,none_sample,8000
C:\Users\muldi\Documents\Playground\University\senior-project-1\dataset\internet\clear\Horror movie for WOKE!!!!!.wav,44.7,45.2,none,0.5,none_sample,8000
C:\Users\muldi\Documents\Playground\University\senior-project-1\dataset\internet\clear\Horror movie for WOKE!!!!!.wav,45.2,45.7,none,0.5,none_sample,8000
C:\Users\muldi\Documents\Playground\University\senior-project-1\dataset\internet\clear\Horror movie for WOKE!!!!!.wav,45.7,46.2,none,0.5,none_sample,8000
C:\Users\muldi\Documents\Playground\University\senior-project-1\dataset\internet\clear\Horror movie for WOKE!!!!!.wav,46.2,46.7,none,0.5,none_sample,8000
C:\Users\muldi\Documents\Playground\University\senior-project-1\dataset\internet\clear\Horror movie for WOKE!!!!!.wav,46.7,47.2,none,0.5,none_sample,8000
C:\Users\muldi\Documents\Playground\University\senior-project-1\dataset\internet\clear\Horror movie for WOKE!!!!!.wav,47.2,47.7,none,0.5,none_sample,8000
C:\Users\muldi\Documents\Playground\University\senior-project-1\dataset\internet\clear\Horror movie for WOKE!!!!!.wav,47.7,48.2,none,0.5,none_sample,8000
C:\Users\muldi\Documents\Playground\University\senior-project-1\dataset\internet\clear\Horror movie for WOKE!!!!!.wav,48.2,48.7,none,0.5,none_sample,8000
C:\Users\muldi\Documents\Playground\University\senior-project-1\dataset\internet\clear\Horror movie for WOKE!!!!!.wav,48.7,49.2,none,0.5,none_sample,8000
C:\Users\muldi\Documents\Playground\University\senior-project-1\dataset\internet\clear\Horror movie for WOKE!!!!!.wav,49.2,49.7,none,0.5,none_sample,8000
C:\Users\muldi\Documents\Playground\University\senior-project-1\dataset\internet\clear\Horror movie for WOKE!!!!!.wav,49.7,50.2,none,0.5,none_sample,8000
C:\Users\muldi\Documents\Playground\University\senior-project-1\dataset\internet\clear\Horror movie for WOKE!!!!!.wav,50.2,50.7,none,0.5,none_sample,8000
C:\Users\muldi\Documents\Playground\University\senior-project-1\dataset\internet\clear\Horror movie for WOKE!!!!!.wav,50.7,51.2,none,0.5,none_sample,8000
C:\Users\muldi\Documents\Playground\University\senior-project-1\dataset\internet\clear\Horror movie for WOKE!!!!!.wav,51.2,51.7,none,0.5,none_sample,8000
C:\Users\muldi\Documents\Playground\University\senior-project-1\dataset\internet\clear\Horror movie for WOKE!!!!!.wav,51.7,52.2,none,0.5,none_sample,8000
C:\Users\muldi\Documents\Playground\University\senior-project-1\dataset\internet\clear\Horror movie for WOKE!!!!!.wav,52.2,52.7,none,0.5,none_sample,8000
C:\Users\muldi\Documents\Playground\University\senior-project-1\dataset\internet\clear\Horror movie for WOKE!!!!!.wav,52.7,53.2,none,0.5,none_sample,8000
C:\Users\muldi\Documents\Playground\University\senior-project-1\dataset\internet\clear\Horror movie for WOKE!!!!!.wav,53.2,53.7,none,0.5,none_sample,8000
C:\Users\muldi\Documents\Playground\University\senior-project-1\dataset\internet\clear\Horror movie for WOKE!!!!!.wav,53.7,54.2,none,0.5,none_sample,8000
C:\Users\muldi\Documents\Playground\University\senior-project-1\dataset\internet\clear\Horror movie for WOKE!!!!!.wav,54.2,54.7,none,0.5,none_sample,8000
C:\Users\muldi\Documents\Playground\University\senior-project-1\dataset\internet\clear\Horror movie for WOKE!!!!!.wav,54.7,55.2,none,0.5,none_sample,8000
C:\Users\muldi\Documents\Playground\University\senior-project-1\dataset\internet\clear\Horror movie for WOKE!!!!!.wav,55.2,55.7,none,0.5,none_sample,8000
C:\Users\muldi\Documents\Playground\University\senior-project-1\dataset\internet\clear\Horror movie for WOKE!!!!!.wav,55.7,56.2,none,0.5,none_sample,8000
C:\Users\muldi\Documents\Playground\University\senior-project-1\dataset\internet\clear\Horror movie for WOKE!!!!!.wav,56.2,56.7,none,0.5,none_sample,8000
C:\Users\muldi\Documents\Playground\University\senior-project-1\dataset\internet\clear\Horror movie for WOKE!!!!!.wav,56.7,57.2,none,0.5,none_sample,8000
C:\Users\muldi\Documents\Playground\University\senior-project-1\dataset\internet\clear\Horror movie for WOKE!!!!!.wav,57.2,57.7,none,0.5,none_sample,8000
C:\Users\muldi\Documents\Playground\University\senior-project-1\dataset\internet\clear\Horror movie for WOKE!!!!!.wav,57.7,58.2,none,0.5,none_sample,8000
C:\Users\muldi\Documents\Playground\University\senior-project-1\dataset\internet\clear\Horror movie for WOKE!!!!!.wav,58.2,58.7,none,0.5,none_sample,8000
C:\Users\muldi\Documents\Playground\University\senior-project-1\dataset\internet\clear\Horror movie for WOKE!!!!!.wav,58.7,59.2,none,0.5,none_sample,8000
C:\Users\muldi\Documents\Playground\University\senior-project-1\dataset\internet\clear\Horror movie for WOKE!!!!!.wav,59.2,59.7,none,0.5,none_sample,8000
C:\Users\muldi\Documents\Playground\University\senior-project-1\dataset\internet\clear\Horror movie for WOKE!!!!!.wav,59.7,60.2,none,0.5,none_sample,8000
C:\Users\muldi\Documents\Playground\University\senior-project-1\dataset\internet\clear\Yo mama & แซนวิชบลูเบอร์รี่.wav,18.832041,19.332041,มึง,0.5,context_0.2,8000
C:\Users\muldi\Documents\Playground\University\senior-project-1\dataset\internet\clear\Yo mama & แซนวิชบลูเบอร์รี่.wav,18.882041,19.382041,มึง,0.5,context_0.4,8000
C:\Users\muldi\Documents\Playground\University\senior-project-1\dataset\internet\clear\Yo mama & แซนวิชบลูเบอร์รี่.wav,18.932040999999998,19.432040999999998,มึง,0.5,context_0.6,8000
C:\Users\muldi\Documents\Playground\University\senior-project-1\dataset\internet\clear\Yo mama & แซนวิชบลูเบอร์รี่.wav,18.982041,19.482041,มึง,0.5,context_0.8,8000
C:\Users\muldi\Documents\Playground\University\senior-project-1\dataset\internet\clear\Yo mama & แซนวิชบลูเบอร์รี่.wav,22.8699345,23.3699345,มึง,0.5,main,8000
C:\Users\muldi\Documents\Playground\University\senior-project-1\dataset\internet\clear\Yo mama & แซนวิชบลูเบอร์รี่.wav,24.1747715,24.6747715,มึง,0.5,main,8000
C:\Users\muldi\Documents\Playground\University\senior-project-1\dataset\internet\clear\Yo mama & แซนวิชบลูเบอร์รี่.wav,25.8575495,26.3575495,มึง,0.5,main,8000
C:\Users\muldi\Documents\Playground\University\senior-project-1\dataset\internet\clear\Yo mama & แซนวิชบลูเบอร์รี่.wav,27.961061,28.461061,มึง,0.5,context_0.2,8000
C:\Users\muldi\Documents\Playground\University\senior-project-1\dataset\internet\clear\Yo mama & แซนวิชบลูเบอร์รี่.wav,28.011061,28.511061,มึง,0.5,context_0.4,8000
C:\Users\muldi\Documents\Playground\University\senior-project-1\dataset\internet\clear\Yo mama & แซนวิชบลูเบอร์รี่.wav,28.061061,28.561061,มึง,0.5,context_0.6,8000
C:\Users\muldi\Documents\Playground\University\senior-project-1\dataset\internet\clear\Yo mama & แซนวิชบลูเบอร์รี่.wav,28.111061,28.611061,มึง,0.5,context_0.8,8000
C:\Users\muldi\Documents\Playground\University\senior-project-1\dataset\internet\clear\Yo mama & แซนวิชบลูเบอร์รี่.wav,29.8646735,30.3646735,มึง,0.5,main,8000
C:\Users\muldi\Documents\Playground\University\senior-project-1\dataset\internet\clear\Yo mama & แซนวิชบลูเบอร์รี่.wav,34.255561,34.755561,มึง,0.5,main,8000
C:\Users\muldi\Documents\Playground\University\senior-project-1\dataset\internet\clear\Yo mama & แซนวิชบลูเบอร์รี่.wav,40.346199999999996,40.846199999999996,มึง,0.5,context_0.2,8000
C:\Users\muldi\Documents\Playground\University\senior-project-1\dataset\internet\clear\Yo mama & แซนวิชบลูเบอร์รี่.wav,40.3962,40.8962,มึง,0.5,context_0.4,8000
C:\Users\muldi\Documents\Playground\University\senior-project-1\dataset\internet\clear\Yo mama & แซนวิชบลูเบอร์รี่.wav,40.4462,40.9462,มึง,0.5,context_0.6,8000
C:\Users\muldi\Documents\Playground\University\senior-project-1\dataset\internet\clear\Yo mama & แซนวิชบลูเบอร์รี่.wav,40.4962,40.9962,มึง,0.5,context_0.8,8000
C:\Users\muldi\Documents\Playground\University\senior-project-1\dataset\internet\clear\Yo mama & แซนวิชบลูเบอร์รี่.wav,44.527643,45.027643,มึง,0.5,main,8000
C:\Users\muldi\Documents\Playground\University\senior-project-1\dataset\internet\clear\Yo mama & แซนวิชบลูเบอร์รี่.wav,57.7842565,58.2842565,มึง,0.5,main,8000
C:\Users\muldi\Documents\Playground\University\senior-project-1\dataset\internet\clear\Yo mama & แซนวิชบลูเบอร์รี่.wav,59.809619,60.309619,มึง,0.5,context_0.2,8000
C:\Users\muldi\Documents\Playground\University\senior-project-1\dataset\internet\clear\Yo mama & แซนวิชบลูเบอร์รี่.wav,59.859619,60.359619,มึง,0.5,context_0.4,8000
C:\Users\muldi\Documents\Playground\University\senior-project-1\dataset\internet\clear\Yo mama & แซนวิชบลูเบอร์รี่.wav,59.909619,60.409619,มึง,0.5,context_0.6,8000
C:\Users\muldi\Documents\Playground\University\senior-project-1\dataset\internet\clear\Yo mama & แซนวิชบลูเบอร์รี่.wav,59.959619,60.459619,มึง,0.5,context_0.8,8000
C:\Users\muldi\Documents\Playground\University\senior-project-1\dataset\internet\clear\Yo mama & แซนวิชบลูเบอร์รี่.wav,61.645557999999994,62.145557999999994,มึง,0.5,context_0.2,8000
C:\Users\muldi\Documents\Playground\University\senior-project-1\dataset\internet\clear\Yo mama & แซนวิชบลูเบอร์รี่.wav,61.695558,62.195558,มึง,0.5,context_0.4,8000
C:\Users\muldi\Documents\Playground\University\senior-project-1\dataset\internet\clear\Yo mama & แซนวิชบลูเบอร์รี่.wav,61.745557999999996,62.245557999999996,มึง,0.5,context_0.6,8000
C:\Users\muldi\Documents\Playground\University\senior-project-1\dataset\internet\clear\Yo mama & แซนวิชบลูเบอร์รี่.wav,61.795558,62.295558,มึง,0.5,context_0.8,8000
C:\Users\muldi\Documents\Playground\University\senior-project-1\dataset\internet\clear\Yo mama & แซนวิชบลูเบอร์รี่.wav,79.4248495,79.9248495,มึง,0.5,main,8000
C:\Users\muldi\Documents\Playground\University\senior-project-1\dataset\internet\clear\Yo mama & แซนวิชบลูเบอร์รี่.wav,83.571283,84.071283,มึง,0.5,main,8000
C:\Users\muldi\Documents\Playground\University\senior-project-1\dataset\internet\clear\Yo mama & แซนวิชบลูเบอร์รี่.wav,87.3591815,87.8591815,มึง,0.5,main,8000
C:\Users\muldi\Documents\Playground\University\senior-project-1\dataset\internet\clear\Yo mama & แซนวิชบลูเบอร์รี่.wav,91.913855,92.413855,มึง,0.5,main,8000
C:\Users\muldi\Documents\Playground\University\senior-project-1\dataset\internet\clear\Yo mama & แซนวิชบลูเบอร์รี่.wav,96.501384,97.001384,มึง,0.5,context_0.2,8000
C:\Users\muldi\Documents\Playground\University\senior-project-1\dataset\internet\clear\Yo mama & แซนวิชบลูเบอร์รี่.wav,96.551384,97.051384,มึง,0.5,context_0.4,8000
C:\Users\muldi\Documents\Playground\University\senior-project-1\dataset\internet\clear\Yo mama & แซนวิชบลูเบอร์รี่.wav,96.60138400000001,97.10138400000001,มึง,0.5,context_0.6,8000
C:\Users\muldi\Documents\Playground\University\senior-project-1\dataset\internet\clear\Yo mama & แซนวิชบลูเบอร์รี่.wav,96.65138400000001,97.15138400000001,มึง,0.5,context_0.8,8000
C:\Users\muldi\Documents\Playground\University\senior-project-1\dataset\internet\clear\Yo mama & แซนวิชบลูเบอร์รี่.wav,98.39823899999999,98.89823899999999,มึง,0.5,main,8000
C:\Users\muldi\Documents\Playground\University\senior-project-1\dataset\internet\clear\Yo mama & แซนวิชบลูเบอร์รี่.wav,99.305723,99.805723,มึง,0.5,main,8000
C:\Users\muldi\Documents\Playground\University\senior-project-1\dataset\internet\clear\Yo mama & แซนวิชบลูเบอร์รี่.wav,100.378463,100.878463,มึง,0.5,context_0.2,8000
C:\Users\muldi\Documents\Playground\University\senior-project-1\dataset\internet\clear\Yo mama & แซนวิชบลูเบอร์รี่.wav,100.428463,100.928463,มึง,0.5,context_0.4,8000
C:\Users\muldi\Documents\Playground\University\senior-project-1\dataset\internet\clear\Yo mama & แซนวิชบลูเบอร์รี่.wav,100.478463,100.978463,มึง,0.5,context_0.6,8000
C:\Users\muldi\Documents\Playground\University\senior-project-1\dataset\internet\clear\Yo mama & แซนวิชบลูเบอร์รี่.wav,100.528463,101.028463,มึง,0.5,context_0.8,8000
C:\Users\muldi\Documents\Playground\University\senior-project-1\dataset\internet\clear\Yo mama & แซนวิชบลูเบอร์รี่.wav,102.690676,103.190676,มึง,0.5,main,8000
C:\Users\muldi\Documents\Playground\University\senior-project-1\dataset\internet\clear\Yo mama & แซนวิชบลูเบอร์รี่.wav,103.705744,104.205744,มึง,0.5,context_0.2,8000
C:\Users\muldi\Documents\Playground\University\senior-project-1\dataset\internet\clear\Yo mama & แซนวิชบลูเบอร์รี่.wav,103.75574399999999,104.25574399999999,มึง,0.5,context_0.4,8000
C:\Users\muldi\Documents\Playground\University\senior-project-1\dataset\internet\clear\Yo mama & แซนวิชบลูเบอร์รี่.wav,103.805744,104.305744,มึง,0.5,context_0.6,8000
C:\Users\muldi\Documents\Playground\University\senior-project-1\dataset\internet\clear\Yo mama & แซนวิชบลูเบอร์รี่.wav,103.855744,104.355744,มึง,0.5,context_0.8,8000
C:\Users\muldi\Documents\Playground\University\senior-project-1\dataset\internet\clear\Yo mama & แซนวิชบลูเบอร์รี่.wav,107.28432099999999,107.78432099999999,มึง,0.5,context_0.2,8000
C:\Users\muldi\Documents\Playground\University\senior-project-1\dataset\internet\clear\Yo mama & แซนวิชบลูเบอร์รี่.wav,107.33432099999999,107.83432099999999,มึง,0.5,context_0.4,8000
C:\Users\muldi\Documents\Playground\University\senior-project-1\dataset\internet\clear\Yo mama & แซนวิชบลูเบอร์รี่.wav,107.384321,107.884321,มึง,0.5,context_0.6,8000
C:\Users\muldi\Documents\Playground\University\senior-project-1\dataset\internet\clear\Yo mama & แซนวิชบลูเบอร์รี่.wav,107.434321,107.934321,มึง,0.5,context_0.8,8000
C:\Users\muldi\Documents\Playground\University\senior-project-1\dataset\internet\clear\Yo mama & แซนวิชบลูเบอร์รี่.wav,0.0,0.5,none,0.5,none_sample,8000
C:\Users\muldi\Documents\Playground\University\senior-project-1\dataset\internet\clear\Yo mama & แซนวิชบลูเบอร์รี่.wav,0.5,1.0,none,0.5,none_sample,8000
C:\Users\muldi\Documents\Playground\University\senior-project-1\dataset\internet\clear\Yo mama & แซนวิชบลูเบอร์รี่.wav,1.0,1.5,none,0.5,none_sample,8000
C:\Users\muldi\Documents\Playground\University\senior-project-1\dataset\internet\clear\Yo mama & แซนวิชบลูเบอร์รี่.wav,1.5,2.0,none,0.5,none_sample,8000
C:\Users\muldi\Documents\Playground\University\senior-project-1\dataset\internet\clear\Yo mama & แซนวิชบลูเบอร์รี่.wav,2.0,2.5,none,0.5,none_sample,8000
C:\Users\muldi\Documents\Playground\University\senior-project-1\dataset\internet\clear\Yo mama & แซนวิชบลูเบอร์รี่.wav,2.5,3.0,none,0.5,none_sample,8000
C:\Users\muldi\Documents\Playground\University\senior-project-1\dataset\internet\clear\Yo mama & แซนวิชบลูเบอร์รี่.wav,3.0,3.5,none,0.5,none_sample,8000
C:\Users\muldi\Documents\Playground\University\senior-project-1\dataset\internet\clear\Yo mama & แซนวิชบลูเบอร์รี่.wav,3.5,4.0,none,0.5,none_sample,8000
C:\Users\muldi\Documents\Playground\University\senior-project-1\dataset\internet\clear\Yo mama & แซนวิชบลูเบอร์รี่.wav,4.0,4.5,none,0.5,none_sample,8000
C:\Users\muldi\Documents\Playground\University\senior-project-1\dataset\internet\clear\Yo mama & แซนวิชบลูเบอร์รี่.wav,4.5,5.0,none,0.5,none_sample,8000
C:\Users\muldi\Documents\Playground\University\senior-project-1\dataset\internet\clear\Yo mama & แซนวิชบลูเบอร์รี่.wav,5.0,5.5,none,0.5,none_sample,8000
C:\Users\muldi\Documents\Playground\University\senior-project-1\dataset\internet\clear\Yo mama & แซนวิชบลูเบอร์รี่.wav,5.5,6.0,none,0.5,none_sample,8000
C:\Users\muldi\Documents\Playground\University\senior-project-1\dataset\internet\clear\Yo mama & แซนวิชบลูเบอร์รี่.wav,6.0,6.5,none,0.5,none_sample,8000
C:\Users\muldi\Documents\Playground\University\senior-project-1\dataset\internet\clear\Yo mama & แซนวิชบลูเบอร์รี่.wav,6.5,7.0,none,0.5,none_sample,8000
C:\Users\muldi\Documents\Playground\University\senior-project-1\dataset\internet\clear\Yo mama & แซนวิชบลูเบอร์รี่.wav,7.0,7.5,none,0.5,none_sample,8000
C:\Users\muldi\Documents\Playground\University\senior-project-1\dataset\internet\clear\Yo mama & แซนวิชบลูเบอร์รี่.wav,7.5,8.0,none,0.5,none_sample,8000
C:\Users\muldi\Documents\Playground\University\senior-project-1\dataset\internet\clear\คนน่ากลัวกว่าผีบอกเลย!.wav,44.958614999999995,45.458614999999995,กู,0.5,context_0.2,8000
C:\Users\muldi\Documents\Playground\University\senior-project-1\dataset\internet\clear\คนน่ากลัวกว่าผีบอกเลย!.wav,45.008615,45.508615,กู,0.5,context_0.4,8000
C:\Users\muldi\Documents\Playground\University\senior-project-1\dataset\internet\clear\คนน่ากลัวกว่าผีบอกเลย!.wav,45.058614999999996,45.558614999999996,กู,0.5,context_0.6,8000
C:\Users\muldi\Documents\Playground\University\senior-project-1\dataset\internet\clear\คนน่ากลัวกว่าผีบอกเลย!.wav,45.108615,45.608615,กู,0.5,context_0.8,8000
C:\Users\muldi\Documents\Playground\University\senior-project-1\dataset\internet\clear\คนน่ากลัวกว่าผีบอกเลย!.wav,47.771366,48.271366,กู,0.5,context_0.2,8000
C:\Users\muldi\Documents\Playground\University\senior-project-1\dataset\internet\clear\คนน่ากลัวกว่าผีบอกเลย!.wav,47.821366000000005,48.321366000000005,กู,0.5,context_0.4,8000
C:\Users\muldi\Documents\Playground\University\senior-project-1\dataset\internet\clear\คนน่ากลัวกว่าผีบอกเลย!.wav,47.871366,48.371366,กู,0.5,context_0.6,8000
C:\Users\muldi\Documents\Playground\University\senior-project-1\dataset\internet\clear\คนน่ากลัวกว่าผีบอกเลย!.wav,47.921366000000006,48.421366000000006,กู,0.5,context_0.8,8000
C:\Users\muldi\Documents\Playground\University\senior-project-1\dataset\internet\clear\คนน่ากลัวกว่าผีบอกเลย!.wav,0.0,0.5,none,0.5,none_sample,8000
C:\Users\muldi\Documents\Playground\University\senior-project-1\dataset\internet\clear\คนน่ากลัวกว่าผีบอกเลย!.wav,0.5,1.0,none,0.5,none_sample,8000
C:\Users\muldi\Documents\Playground\University\senior-project-1\dataset\internet\clear\จารย์แดง1.wav,0.0,0.5,กู,0.5,context_0.2,8000
C:\Users\muldi\Documents\Playground\University\senior-project-1\dataset\internet\clear\จารย์แดง1.wav,0.0,0.5,กู,0.5,context_0.4,8000
C:\Users\muldi\Documents\Playground\University\senior-project-1\dataset\internet\clear\จารย์แดง1.wav,0.01371399999999999,0.513714,กู,0.5,context_0.6,8000
C:\Users\muldi\Documents\Playground\University\senior-project-1\dataset\internet\clear\จารย์แดง1.wav,0.063714,0.563714,กู,0.5,context_0.8,8000
C:\Users\muldi\Documents\Playground\University\senior-project-1\dataset\internet\clear\จารย์แดง1.wav,3.3150880000000003,3.8150880000000003,เหี้ย,0.5,main,8000
C:\Users\muldi\Documents\Playground\University\senior-project-1\dataset\internet\clear\จารย์แดง1.wav,4.461520999999999,4.961520999999999,มึง,0.5,context_0.2,8000
C:\Users\muldi\Documents\Playground\University\senior-project-1\dataset\internet\clear\จารย์แดง1.wav,4.511520999999999,5.011520999999999,มึง,0.5,context_0.4,8000
C:\Users\muldi\Documents\Playground\University\senior-project-1\dataset\internet\clear\จารย์แดง1.wav,4.561521,5.061521,มึง,0.5,context_0.6,8000
C:\Users\muldi\Documents\Playground\University\senior-project-1\dataset\internet\clear\จารย์แดง1.wav,4.611521,5.111521,มึง,0.5,context_0.8,8000
C:\Users\muldi\Documents\Playground\University\senior-project-1\dataset\internet\clear\จารย์แดง1.wav,6.332306,6.832306,มึง,0.5,context_0.2,8000
C:\Users\muldi\Documents\Playground\University\senior-project-1\dataset\internet\clear\จารย์แดง1.wav,6.382306,6.882306,มึง,0.5,context_0.4,8000
C:\Users\muldi\Documents\Playground\University\senior-project-1\dataset\internet\clear\จารย์แดง1.wav,6.4323060000000005,6.9323060000000005,มึง,0.5,context_0.6,8000
C:\Users\muldi\Documents\Playground\University\senior-project-1\dataset\internet\clear\จารย์แดง1.wav,6.482306,6.982306,มึง,0.5,context_0.8,8000
C:\Users\muldi\Documents\Playground\University\senior-project-1\dataset\internet\clear\จารย์แดง1.wav,7.279096,7.779096,เหี้ย,0.5,main,8000
C:\Users\muldi\Documents\Playground\University\senior-project-1\dataset\internet\clear\จารย์แดง1.wav,7.5556905,8.0556905,มึง,0.5,main,8000
C:\Users\muldi\Documents\Playground\University\senior-project-1\dataset\internet\clear\จารย์แดง1.wav,8.453010500000001,8.953010500000001,เหี้ย,0.5,main,8000
C:\Users\muldi\Documents\Playground\University\senior-project-1\dataset\internet\clear\จารย์แดง1.wav,8.9767665,9.4767665,มึง,0.5,main,8000
C:\Users\muldi\Documents\Playground\University\senior-project-1\dataset\internet\clear\จารย์แดง1.wav,0.2,0.7,none,0.5,none_sample,8000
C:\Users\muldi\Documents\Playground\University\senior-project-1\dataset\internet\clear\จารย์แดง1.wav,0.7,1.2,none,0.5,none_sample,8000
C:\Users\muldi\Documents\Playground\University\senior-project-1\dataset\internet\clear\จารย์แดง1.wav,1.2,1.7,none,0.5,none_sample,8000
C:\Users\muldi\Documents\Playground\University\senior-project-1\dataset\internet\clear\จารย์แดง1.wav,1.7,2.2,none,0.5,none_sample,8000
C:\Users\muldi\Documents\Playground\University\senior-project-1\dataset\internet\clear\จารย์แดง1.wav,2.2,2.7,none,0.5,none_sample,8000
C:\Users\muldi\Documents\Playground\University\senior-project-1\dataset\internet\clear\ชีวิตมันจะสู้ก็ต้องสู้ #honkaistarrail.wav,3.377078,3.877078,มึง,0.5,main,8000
C:\Users\muldi\Documents\Playground\University\senior-project-1\dataset\internet\clear\ชีวิตมันจะสู้ก็ต้องสู้ #honkaistarrail.wav,6.0970315,6.5970315,มึง,0.5,main,8000
C:\Users\muldi\Documents\Playground\University\senior-project-1\dataset\internet\clear\ชีวิตมันจะสู้ก็ต้องสู้ #honkaistarrail.wav,11.204795,11.704795,มึง,0.5,main,8000
C:\Users\muldi\Documents\Playground\University\senior-project-1\dataset\internet\clear\ชีวิตมันจะสู้ก็ต้องสู้ #honkaistarrail.wav,17.043318,17.543318,เหี้ย,0.5,main,8000
C:\Users\muldi\Documents\Playground\University\senior-project-1\dataset\internet\clear\ชีวิตมันจะสู้ก็ต้องสู้ #honkaistarrail.wav,24.187903000000002,24.687903000000002,มึง,0.5,context_0.2,8000
C:\Users\muldi\Documents\Playground\University\senior-project-1\dataset\internet\clear\ชีวิตมันจะสู้ก็ต้องสู้ #honkaistarrail.wav,24.237903000000003,24.737903000000003,มึง,0.5,context_0.4,8000
C:\Users\muldi\Documents\Playground\University\senior-project-1\dataset\internet\clear\ชีวิตมันจะสู้ก็ต้องสู้ #honkaistarrail.wav,24.287903,24.787903,มึง,0.5,context_0.6,8000
C:\Users\muldi\Documents\Playground\University\senior-project-1\dataset\internet\clear\ชีวิตมันจะสู้ก็ต้องสู้ #honkaistarrail.wav,24.337903,24.837903,มึง,0.5,context_0.8,8000
C:\Users\muldi\Documents\Playground\University\senior-project-1\dataset\internet\clear\ชีวิตมันจะสู้ก็ต้องสู้ #honkaistarrail.wav,0.0,0.5,none,0.5,none_sample,8000
C:\Users\muldi\Documents\Playground\University\senior-project-1\dataset\internet\clear\ชีวิตมันจะสู้ก็ต้องสู้ #honkaistarrail.wav,0.5,1.0,none,0.5,none_sample,8000
C:\Users\muldi\Documents\Playground\University\senior-project-1\dataset\internet\clear\ช่วยด้วย!! นวยจะมาอยู่ด้วย!!.wav,12.797768999999999,13.297768999999999,กู,0.5,main,8000
C:\Users\muldi\Documents\Playground\University\senior-project-1\dataset\internet\clear\ช่วยด้วย!! นวยจะมาอยู่ด้วย!!.wav,13.476268000000001,13.976268000000001,มึง,0.5,context_0.2,8000
C:\Users\muldi\Documents\Playground\University\senior-project-1\dataset\internet\clear\ช่วยด้วย!! นวยจะมาอยู่ด้วย!!.wav,13.526268,14.026268,มึง,0.5,context_0.4,8000
C:\Users\muldi\Documents\Playground\University\senior-project-1\dataset\internet\clear\ช่วยด้วย!! นวยจะมาอยู่ด้วย!!.wav,13.576268,14.076268,มึง,0.5,context_0.6,8000
C:\Users\muldi\Documents\Playground\University\senior-project-1\dataset\internet\clear\ช่วยด้วย!! นวยจะมาอยู่ด้วย!!.wav,13.626268,14.126268,มึง,0.5,context_0.8,8000
C:\Users\muldi\Documents\Playground\University\senior-project-1\dataset\internet\clear\ช่วยด้วย!! นวยจะมาอยู่ด้วย!!.wav,33.505217,34.005217,กู,0.5,main,8000
C:\Users\muldi\Documents\Playground\University\senior-project-1\dataset\internet\clear\ช่วยด้วย!! นวยจะมาอยู่ด้วย!!.wav,0.0,0.5,none,0.5,none_sample,8000
C:\Users\muldi\Documents\Playground\University\senior-project-1\dataset\internet\clear\ช่วยด้วย!! นวยจะมาอยู่ด้วย!!.wav,0.5,1.0,none,0.5,none_sample,8000
C:\Users\muldi\Documents\Playground\University\senior-project-1\dataset\internet\clear\ซามามาเท.wav,7.402102,7.902102,กู,0.5,context_0.2,8000
C:\Users\muldi\Documents\Playground\University\senior-project-1\dataset\internet\clear\ซามามาเท.wav,7.452102,7.952102,กู,0.5,context_0.4,8000
C:\Users\muldi\Documents\Playground\University\senior-project-1\dataset\internet\clear\ซามามาเท.wav,7.502102000000001,8.002102,กู,0.5,context_0.6,8000
C:\Users\muldi\Documents\Playground\University\senior-project-1\dataset\internet\clear\ซามามาเท.wav,7.5521020000000005,8.052102000000001,กู,0.5,context_0.8,8000
C:\Users\muldi\Documents\Playground\University\senior-project-1\dataset\internet\clear\ซามามาเท.wav,18.19396,18.69396,กู,0.5,context_0.2,8000
C:\Users\muldi\Documents\Playground\University\senior-project-1\dataset\internet\clear\ซามามาเท.wav,18.24396,18.74396,กู,0.5,context_0.4,8000
C:\Users\muldi\Documents\Playground\University\senior-project-1\dataset\internet\clear\ซามามาเท.wav,18.29396,18.79396,กู,0.5,context_0.6,8000
C:\Users\muldi\Documents\Playground\University\senior-project-1\dataset\internet\clear\ซามามาเท.wav,18.34396,18.84396,กู,0.5,context_0.8,8000
C:\Users\muldi\Documents\Playground\University\senior-project-1\dataset\internet\clear\ซามามาเท.wav,25.518049,26.018049,มึง,0.5,context_0.2,8000
C:\Users\muldi\Documents\Playground\University\senior-project-1\dataset\internet\clear\ซามามาเท.wav,25.568049000000002,26.068049000000002,มึง,0.5,context_0.4,8000
C:\Users\muldi\Documents\Playground\University\senior-project-1\dataset\internet\clear\ซามามาเท.wav,25.618049,26.118049,มึง,0.5,context_0.6,8000
C:\Users\muldi\Documents\Playground\University\senior-project-1\dataset\internet\clear\ซามามาเท.wav,25.668049,26.168049,มึง,0.5,context_0.8,8000
C:\Users\muldi\Documents\Playground\University\senior-project-1\dataset\internet\clear\ซามามาเท.wav,25.698027500000002,26.198027500000002,มึง,0.5,main,8000
C:\Users\muldi\Documents\Playground\University\senior-project-1\dataset\internet\clear\ซามามาเท.wav,0.0,0.5,none,0.5,none_sample,8000
C:\Users\muldi\Documents\Playground\University\senior-project-1\dataset\internet\clear\ซามามาเท.wav,0.5,1.0,none,0.5,none_sample,8000
C:\Users\muldi\Documents\Playground\University\senior-project-1\dataset\internet\clear\ซามามาเท.wav,1.0,1.5,none,0.5,none_sample,8000
C:\Users\muldi\Documents\Playground\University\senior-project-1\dataset\internet\clear\ซามามาเท.wav,1.5,2.0,none,0.5,none_sample,8000
C:\Users\muldi\Documents\Playground\University\senior-project-1\dataset\internet\clear\ถ้าจะมาหลอกแค่นี้ อย่ามาดีกว่าไอ้น้อง.wav,14.936641,15.436641,มึง,0.5,context_0.2,8000
C:\Users\muldi\Documents\Playground\University\senior-project-1\dataset\internet\clear\ถ้าจะมาหลอกแค่นี้ อย่ามาดีกว่าไอ้น้อง.wav,14.986640999999999,15.486640999999999,มึง,0.5,context_0.4,8000
C:\Users\muldi\Documents\Playground\University\senior-project-1\dataset\internet\clear\ถ้าจะมาหลอกแค่นี้ อย่ามาดีกว่าไอ้น้อง.wav,15.036641,15.536641,มึง,0.5,context_0.6,8000
C:\Users\muldi\Documents\Playground\University\senior-project-1\dataset\internet\clear\ถ้าจะมาหลอกแค่นี้ อย่ามาดีกว่าไอ้น้อง.wav,15.086640999999998,15.586640999999998,มึง,0.5,context_0.8,8000
C:\Users\muldi\Documents\Playground\University\senior-project-1\dataset\internet\clear\ถ้าจะมาหลอกแค่นี้ อย่ามาดีกว่าไอ้น้อง.wav,15.677913,16.177913,กู,0.5,context_0.2,8000
C:\Users\muldi\Documents\Playground\University\senior-project-1\dataset\internet\clear\ถ้าจะมาหลอกแค่นี้ อย่ามาดีกว่าไอ้น้อง.wav,15.727913,16.227913,กู,0.5,context_0.4,8000
C:\Users\muldi\Documents\Playground\University\senior-project-1\dataset\internet\clear\ถ้าจะมาหลอกแค่นี้ อย่ามาดีกว่าไอ้น้อง.wav,15.777913,16.277912999999998,กู,0.5,context_0.6,8000
C:\Users\muldi\Documents\Playground\University\senior-project-1\dataset\internet\clear\ถ้าจะมาหลอกแค่นี้ อย่ามาดีกว่าไอ้น้อง.wav,15.827912999999999,16.327913,กู,0.5,context_0.8,8000
C:\Users\muldi\Documents\Playground\University\senior-project-1\dataset\internet\clear\ถ้าจะมาหลอกแค่นี้ อย่ามาดีกว่าไอ้น้อง.wav,19.182608000000002,19.682608000000002,กู,0.5,context_0.2,8000
C:\Users\muldi\Documents\Playground\University\senior-project-1\dataset\internet\clear\ถ้าจะมาหลอกแค่นี้ อย่ามาดีกว่าไอ้น้อง.wav,19.232608000000003,19.732608000000003,กู,0.5,context_0.4,8000
C:\Users\muldi\Documents\Playground\University\senior-project-1\dataset\internet\clear\ถ้าจะมาหลอกแค่นี้ อย่ามาดีกว่าไอ้น้อง.wav,19.282608,19.782608,กู,0.5,context_0.6,8000
C:\Users\muldi\Documents\Playground\University\senior-project-1\dataset\internet\clear\ถ้าจะมาหลอกแค่นี้ อย่ามาดีกว่าไอ้น้อง.wav,19.332608,19.832608,กู,0.5,context_0.8,8000
C:\Users\muldi\Documents\Playground\University\senior-project-1\dataset\internet\clear\ถ้าจะมาหลอกแค่นี้ อย่ามาดีกว่าไอ้น้อง.wav,42.392481,42.892481,กู,0.5,context_0.2,8000
C:\Users\muldi\Documents\Playground\University\senior-project-1\dataset\internet\clear\ถ้าจะมาหลอกแค่นี้ อย่ามาดีกว่าไอ้น้อง.wav,42.442481,42.942481,กู,0.5,context_0.4,8000
C:\Users\muldi\Documents\Playground\University\senior-project-1\dataset\internet\clear\ถ้าจะมาหลอกแค่นี้ อย่ามาดีกว่าไอ้น้อง.wav,42.492481,42.992481,กู,0.5,context_0.6,8000
C:\Users\muldi\Documents\Playground\University\senior-project-1\dataset\internet\clear\ถ้าจะมาหลอกแค่นี้ อย่ามาดีกว่าไอ้น้อง.wav,42.542481,43.042481,กู,0.5,context_0.8,8000
C:\Users\muldi\Documents\Playground\University\senior-project-1\dataset\internet\clear\ถ้าจะมาหลอกแค่นี้ อย่ามาดีกว่าไอ้น้อง.wav,0.0,0.5,none,0.5,none_sample,8000
C:\Users\muldi\Documents\Playground\University\senior-project-1\dataset\internet\clear\ถ้าจะมาหลอกแค่นี้ อย่ามาดีกว่าไอ้น้อง.wav,0.5,1.0,none,0.5,none_sample,8000
C:\Users\muldi\Documents\Playground\University\senior-project-1\dataset\internet\clear\ถ้าจะมาหลอกแค่นี้ อย่ามาดีกว่าไอ้น้อง.wav,1.0,1.5,none,0.5,none_sample,8000
C:\Users\muldi\Documents\Playground\University\senior-project-1\dataset\internet\clear\ถ้าจะมาหลอกแค่นี้ อย่ามาดีกว่าไอ้น้อง.wav,1.5,2.0,none,0.5,none_sample,8000
C:\Users\muldi\Documents\Playground\University\senior-project-1\dataset\internet\clear\ถ้าจะมาหลอกแค่นี้ อย่ามาดีกว่าไอ้น้อง.wav,2.0,2.5,none,0.5,none_sample,8000
C:\Users\muldi\Documents\Playground\University\senior-project-1\dataset\internet\clear\ถ้าวันนึงหีมึงเหี่ยว.wav,5.4367149999999995,5.9367149999999995,มึง,0.5,main,8000
C:\Users\muldi\Documents\Playground\University\senior-project-1\dataset\internet\clear\ถ้าวันนึงหีมึงเหี่ยว.wav,7.1278845,7.6278845,มึง,0.5,main,8000
C:\Users\muldi\Documents\Playground\University\senior-project-1\dataset\internet\clear\ถ้าวันนึงหีมึงเหี่ยว.wav,7.687292,8.187292,กู,0.5,context_0.2,8000
C:\Users\muldi\Documents\Playground\University\senior-project-1\dataset\internet\clear\ถ้าวันนึงหีมึงเหี่ยว.wav,7.737292,8.237292,กู,0.5,context_0.4,8000
C:\Users\muldi\Documents\Playground\University\senior-project-1\dataset\internet\clear\ถ้าวันนึงหีมึงเหี่ยว.wav,7.787292000000001,8.287292,กู,0.5,context_0.6,8000
C:\Users\muldi\Documents\Playground\University\senior-project-1\dataset\internet\clear\ถ้าวันนึงหีมึงเหี่ยว.wav,7.837292000000001,8.337292000000001,กู,0.5,context_0.8,8000
C:\Users\muldi\Documents\Playground\University\senior-project-1\dataset\internet\clear\ถ้าวันนึงหีมึงเหี่ยว.wav,7.995119,8.495118999999999,กู,0.5,context_0.2,8000
C:\Users\muldi\Documents\Playground\University\senior-project-1\dataset\internet\clear\ถ้าวันนึงหีมึงเหี่ยว.wav,8.045119,8.545119,กู,0.5,context_0.4,8000
C:\Users\muldi\Documents\Playground\University\senior-project-1\dataset\internet\clear\ถ้าวันนึงหีมึงเหี่ยว.wav,8.095119,8.595119,กู,0.5,context_0.6,8000
C:\Users\muldi\Documents\Playground\University\senior-project-1\dataset\internet\clear\ถ้าวันนึงหีมึงเหี่ยว.wav,8.145119,8.645119,กู,0.5,context_0.8,8000
C:\Users\muldi\Documents\Playground\University\senior-project-1\dataset\internet\clear\ถ้าวันนึงหีมึงเหี่ยว.wav,11.312722,11.812722,มึง,0.5,context_0.2,8000
C:\Users\muldi\Documents\Playground\University\senior-project-1\dataset\internet\clear\ถ้าวันนึงหีมึงเหี่ยว.wav,11.362722,11.862722,มึง,0.5,context_0.4,8000
C:\Users\muldi\Documents\Playground\University\senior-project-1\dataset\internet\clear\ถ้าวันนึงหีมึงเหี่ยว.wav,11.412722,11.912722,มึง,0.5,context_0.6,8000
C:\Users\muldi\Documents\Playground\University\senior-project-1\dataset\internet\clear\ถ้าวันนึงหีมึงเหี่ยว.wav,11.462722,11.962722,มึง,0.5,context_0.8,8000
C:\Users\muldi\Documents\Playground\University\senior-project-1\dataset\internet\clear\ถ้าวันนึงหีมึงเหี่ยว.wav,12.728725,13.228725,กู,0.5,context_0.2,8000
C:\Users\muldi\Documents\Playground\University\senior-project-1\dataset\internet\clear\ถ้าวันนึงหีมึงเหี่ยว.wav,12.778725,13.278725,กู,0.5,context_0.4,8000
C:\Users\muldi\Documents\Playground\University\senior-project-1\dataset\internet\clear\ถ้าวันนึงหีมึงเหี่ยว.wav,12.828725,13.328725,กู,0.5,context_0.6,8000
C:\Users\muldi\Documents\Playground\University\senior-project-1\dataset\internet\clear\ถ้าวันนึงหีมึงเหี่ยว.wav,12.878725,13.378725,กู,0.5,context_0.8,8000
C:\Users\muldi\Documents\Playground\University\senior-project-1\dataset\internet\clear\ถ้าวันนึงหีมึงเหี่ยว.wav,13.708701000000001,14.208701000000001,มึง,0.5,context_0.2,8000
C:\Users\muldi\Documents\Playground\University\senior-project-1\dataset\internet\clear\ถ้าวันนึงหีมึงเหี่ยว.wav,13.758701,14.258701,มึง,0.5,context_0.4,8000
C:\Users\muldi\Documents\Playground\University\senior-project-1\dataset\internet\clear\ถ้าวันนึงหีมึงเหี่ยว.wav,13.808701000000001,14.308701000000001,มึง,0.5,context_0.6,8000
C:\Users\muldi\Documents\Playground\University\senior-project-1\dataset\internet\clear\ถ้าวันนึงหีมึงเหี่ยว.wav,13.858701,14.358701,มึง,0.5,context_0.8,8000
C:\Users\muldi\Documents\Playground\University\senior-project-1\dataset\internet\clear\ถ้าวันนึงหีมึงเหี่ยว.wav,15.514563,16.014563000000003,มึง,0.5,context_0.2,8000
C:\Users\muldi\Documents\Playground\University\senior-project-1\dataset\internet\clear\ถ้าวันนึงหีมึงเหี่ยว.wav,15.564563,16.064563,มึง,0.5,context_0.4,8000
C:\Users\muldi\Documents\Playground\University\senior-project-1\dataset\internet\clear\ถ้าวันนึงหีมึงเหี่ยว.wav,15.614563,16.114563,มึง,0.5,context_0.6,8000
C:\Users\muldi\Documents\Playground\University\senior-project-1\dataset\internet\clear\ถ้าวันนึงหีมึงเหี่ยว.wav,15.664563,16.164563,มึง,0.5,context_0.8,8000
C:\Users\muldi\Documents\Playground\University\senior-project-1\dataset\internet\clear\ถ้าวันนึงหีมึงเหี่ยว.wav,15.814715500000002,16.314715500000002,มึง,0.5,main,8000
C:\Users\muldi\Documents\Playground\University\senior-project-1\dataset\internet\clear\ถ้าวันนึงหีมึงเหี่ยว.wav,0.0,0.5,none,0.5,none_sample,8000
C:\Users\muldi\Documents\Playground\University\senior-project-1\dataset\internet\clear\ถ้าวันนึงหีมึงเหี่ยว.wav,0.5,1.0,none,0.5,none_sample,8000
C:\Users\muldi\Documents\Playground\University\senior-project-1\dataset\internet\clear\ถ้าวันนึงหีมึงเหี่ยว.wav,1.0,1.5,none,0.5,none_sample,8000
C:\Users\muldi\Documents\Playground\University\senior-project-1\dataset\internet\clear\ถ้าวันนึงหีมึงเหี่ยว.wav,1.5,2.0,none,0.5,none_sample,8000
C:\Users\muldi\Documents\Playground\University\senior-project-1\dataset\internet\clear\ถ้าวันนึงหีมึงเหี่ยว.wav,2.0,2.5,none,0.5,none_sample,8000
C:\Users\muldi\Documents\Playground\University\senior-project-1\dataset\internet\clear\ถ้าวันนึงหีมึงเหี่ยว.wav,2.5,3.0,none,0.5,none_sample,8000
C:\Users\muldi\Documents\Playground\University\senior-project-1\dataset\internet\clear\ถ้าวันนึงหีมึงเหี่ยว.wav,3.0,3.5,none,0.5,none_sample,8000
C:\Users\muldi\Documents\Playground\University\senior-project-1\dataset\internet\clear\ถ้าวันนึงหีมึงเหี่ยว.wav,3.5,4.0,none,0.5,none_sample,8000
C:\Users\muldi\Documents\Playground\University\senior-project-1\dataset\internet\clear\ถ้าวันนึงหีมึงเหี่ยว.wav,4.0,4.5,none,0.5,none_sample,8000
C:\Users\muldi\Documents\Playground\University\senior-project-1\dataset\internet\clear\ประชุมรวมญาติเชลซี.wav,142.741353,143.241353,กู,0.5,context_0.2,8000
C:\Users\muldi\Documents\Playground\University\senior-project-1\dataset\internet\clear\ประชุมรวมญาติเชลซี.wav,142.791353,143.291353,กู,0.5,context_0.4,8000
C:\Users\muldi\Documents\Playground\University\senior-project-1\dataset\internet\clear\ประชุมรวมญาติเชลซี.wav,142.841353,143.341353,กู,0.5,context_0.6,8000
C:\Users\muldi\Documents\Playground\University\senior-project-1\dataset\internet\clear\ประชุมรวมญาติเชลซี.wav,142.89135299999998,143.39135299999998,กู,0.5,context_0.8,8000
C:\Users\muldi\Documents\Playground\University\senior-project-1\dataset\internet\clear\ประชุมรวมญาติเชลซี.wav,143.433679,143.933679,เหี้ย,0.5,context_0.2,8000
C:\Users\muldi\Documents\Playground\University\senior-project-1\dataset\internet\clear\ประชุมรวมญาติเชลซี.wav,143.483679,143.983679,เหี้ย,0.5,context_0.4,8000
C:\Users\muldi\Documents\Playground\University\senior-project-1\dataset\internet\clear\ประชุมรวมญาติเชลซี.wav,143.533679,144.033679,เหี้ย,0.5,context_0.6,8000
C:\Users\muldi\Documents\Playground\University\senior-project-1\dataset\internet\clear\ประชุมรวมญาติเชลซี.wav,143.583679,144.083679,เหี้ย,0.5,context_0.8,8000
C:\Users\muldi\Documents\Playground\University\senior-project-1\dataset\internet\clear\ประชุมรวมญาติเชลซี.wav,144.597836,145.097836,กู,0.5,context_0.2,8000
C:\Users\muldi\Documents\Playground\University\senior-project-1\dataset\internet\clear\ประชุมรวมญาติเชลซี.wav,144.64783599999998,145.14783599999998,กู,0.5,context_0.4,8000
C:\Users\muldi\Documents\Playground\University\senior-project-1\dataset\internet\clear\ประชุมรวมญาติเชลซี.wav,144.697836,145.197836,กู,0.5,context_0.6,8000
C:\Users\muldi\Documents\Playground\University\senior-project-1\dataset\internet\clear\ประชุมรวมญาติเชลซี.wav,144.74783599999998,145.24783599999998,กู,0.5,context_0.8,8000
C:\Users\muldi\Documents\Playground\University\senior-project-1\dataset\internet\clear\ประชุมรวมญาติเชลซี.wav,180.36501900000002,180.86501900000002,กู,0.5,context_0.2,8000
C:\Users\muldi\Documents\Playground\University\senior-project-1\dataset\internet\clear\ประชุมรวมญาติเชลซี.wav,180.415019,180.915019,กู,0.5,context_0.4,8000
C:\Users\muldi\Documents\Playground\University\senior-project-1\dataset\internet\clear\ประชุมรวมญาติเชลซี.wav,180.465019,180.965019,กู,0.5,context_0.6,8000
C:\Users\muldi\Documents\Playground\University\senior-project-1\dataset\internet\clear\ประชุมรวมญาติเชลซี.wav,180.515019,181.015019,กู,0.5,context_0.8,8000
C:\Users\muldi\Documents\Playground\University\senior-project-1\dataset\internet\clear\ประชุมรวมญาติเชลซี.wav,181.37960800000002,181.87960800000002,กู,0.5,main,8000
C:\Users\muldi\Documents\Playground\University\senior-project-1\dataset\internet\clear\ประชุมรวมญาติเชลซี.wav,0.0,0.5,none,0.5,none_sample,8000
C:\Users\muldi\Documents\Playground\University\senior-project-1\dataset\internet\clear\ประชุมรวมญาติเชลซี.wav,0.5,1.0,none,0.5,none_sample,8000
C:\Users\muldi\Documents\Playground\University\senior-project-1\dataset\internet\clear\ประชุมรวมญาติเชลซี.wav,1.0,1.5,none,0.5,none_sample,8000
C:\Users\muldi\Documents\Playground\University\senior-project-1\dataset\internet\clear\ประชุมรวมญาติเชลซี.wav,1.5,2.0,none,0.5,none_sample,8000
C:\Users\muldi\Documents\Playground\University\senior-project-1\dataset\internet\clear\ประชุมรวมญาติเชลซี.wav,2.0,2.5,none,0.5,none_sample,8000
C:\Users\muldi\Documents\Playground\University\senior-project-1\dataset\internet\clear\พากย์สุดโต่ง VS พากย์สุขุม.wav,32.297243,32.797243,มึง,0.5,main,8000
C:\Users\muldi\Documents\Playground\University\senior-project-1\dataset\internet\clear\พากย์สุดโต่ง VS พากย์สุขุม.wav,56.340152999999994,56.840152999999994,กู,0.5,context_0.2,8000
C:\Users\muldi\Documents\Playground\University\senior-project-1\dataset\internet\clear\พากย์สุดโต่ง VS พากย์สุขุม.wav,56.390153,56.890153,กู,0.5,context_0.4,8000
C:\Users\muldi\Documents\Playground\University\senior-project-1\dataset\internet\clear\พากย์สุดโต่ง VS พากย์สุขุม.wav,56.440152999999995,56.940152999999995,กู,0.5,context_0.6,8000
C:\Users\muldi\Documents\Playground\University\senior-project-1\dataset\internet\clear\พากย์สุดโต่ง VS พากย์สุขุม.wav,56.490153,56.990153,กู,0.5,context_0.8,8000
C:\Users\muldi\Documents\Playground\University\senior-project-1\dataset\internet\clear\พากย์สุดโต่ง VS พากย์สุขุม.wav,116.267457,116.767457,มึง,0.5,context_0.2,8000
C:\Users\muldi\Documents\Playground\University\senior-project-1\dataset\internet\clear\พากย์สุดโต่ง VS พากย์สุขุม.wav,116.31745699999999,116.81745699999999,มึง,0.5,context_0.4,8000
C:\Users\muldi\Documents\Playground\University\senior-project-1\dataset\internet\clear\พากย์สุดโต่ง VS พากย์สุขุม.wav,116.367457,116.867457,มึง,0.5,context_0.6,8000
C:\Users\muldi\Documents\Playground\University\senior-project-1\dataset\internet\clear\พากย์สุดโต่ง VS พากย์สุขุม.wav,116.417457,116.917457,มึง,0.5,context_0.8,8000
C:\Users\muldi\Documents\Playground\University\senior-project-1\dataset\internet\clear\พากย์สุดโต่ง VS พากย์สุขุม.wav,118.60099699999999,119.10099699999999,มึง,0.5,context_0.2,8000
C:\Users\muldi\Documents\Playground\University\senior-project-1\dataset\internet\clear\พากย์สุดโต่ง VS พากย์สุขุม.wav,118.65099699999999,119.15099699999999,มึง,0.5,context_0.4,8000
C:\Users\muldi\Documents\Playground\University\senior-project-1\dataset\internet\clear\พากย์สุดโต่ง VS พากย์สุขุม.wav,118.700997,119.200997,มึง,0.5,context_0.6,8000
C:\Users\muldi\Documents\Playground\University\senior-project-1\dataset\internet\clear\พากย์สุดโต่ง VS พากย์สุขุม.wav,118.750997,119.250997,มึง,0.5,context_0.8,8000
C:\Users\muldi\Documents\Playground\University\senior-project-1\dataset\internet\clear\พากย์สุดโต่ง VS พากย์สุขุม.wav,0.0,0.5,none,0.5,none_sample,8000
C:\Users\muldi\Documents\Playground\University\senior-project-1\dataset\internet\clear\พากย์สุดโต่ง VS พากย์สุขุม.wav,0.5,1.0,none,0.5,none_sample,8000
C:\Users\muldi\Documents\Playground\University\senior-project-1\dataset\internet\clear\พากย์สุดโต่ง VS พากย์สุขุม.wav,1.0,1.5,none,0.5,none_sample,8000
C:\Users\muldi\Documents\Playground\University\senior-project-1\dataset\internet\clear\พากย์สุดโต่ง VS พากย์สุขุม.wav,1.5,2.0,none,0.5,none_sample,8000
C:\Users\muldi\Documents\Playground\University\senior-project-1\dataset\internet\clear\มันไปเล่นเอไอเอสชั่วโมงละ60บาท.wav,3.748172,4.248172,กู,0.5,context_0.2,8000
C:\Users\muldi\Documents\Playground\University\senior-project-1\dataset\internet\clear\มันไปเล่นเอไอเอสชั่วโมงละ60บาท.wav,3.798172,4.298172,กู,0.5,context_0.4,8000
C:\Users\muldi\Documents\Playground\University\senior-project-1\dataset\internet\clear\มันไปเล่นเอไอเอสชั่วโมงละ60บาท.wav,3.848172,4.348172,กู,0.5,context_0.6,8000
C:\Users\muldi\Documents\Playground\University\senior-project-1\dataset\internet\clear\มันไปเล่นเอไอเอสชั่วโมงละ60บาท.wav,3.898172,4.398172000000001,กู,0.5,context_0.8,8000
C:\Users\muldi\Documents\Playground\University\senior-project-1\dataset\internet\clear\มันไปเล่นเอไอเอสชั่วโมงละ60บาท.wav,5.086131,5.586131,กู,0.5,context_0.2,8000
C:\Users\muldi\Documents\Playground\University\senior-project-1\dataset\internet\clear\มันไปเล่นเอไอเอสชั่วโมงละ60บาท.wav,5.136131,5.636131,กู,0.5,context_0.4,8000
C:\Users\muldi\Documents\Playground\University\senior-project-1\dataset\internet\clear\มันไปเล่นเอไอเอสชั่วโมงละ60บาท.wav,5.1861310000000005,5.6861310000000005,กู,0.5,context_0.6,8000
C:\Users\muldi\Documents\Playground\University\senior-project-1\dataset\internet\clear\มันไปเล่นเอไอเอสชั่วโมงละ60บาท.wav,5.236131,5.736131,กู,0.5,context_0.8,8000
C:\Users\muldi\Documents\Playground\University\senior-project-1\dataset\internet\clear\มันไปเล่นเอไอเอสชั่วโมงละ60บาท.wav,8.4937325,8.9937325,เหี้ย,0.5,main,8000
C:\Users\muldi\Documents\Playground\University\senior-project-1\dataset\internet\clear\มันไปเล่นเอไอเอสชั่วโมงละ60บาท.wav,8.910158000000001,9.410158000000001,กู,0.5,context_0.2,8000
C:\Users\muldi\Documents\Playground\University\senior-project-1\dataset\internet\clear\มันไปเล่นเอไอเอสชั่วโมงละ60บาท.wav,8.960158,9.460158,กู,0.5,context_0.4,8000
C:\Users\muldi\Documents\Playground\University\senior-project-1\dataset\internet\clear\มันไปเล่นเอไอเอสชั่วโมงละ60บาท.wav,9.010158,9.510158,กู,0.5,context_0.6,8000
C:\Users\muldi\Documents\Playground\University\senior-project-1\dataset\internet\clear\มันไปเล่นเอไอเอสชั่วโมงละ60บาท.wav,9.060158,9.560158,กู,0.5,context_0.8,8000
C:\Users\muldi\Documents\Playground\University\senior-project-1\dataset\internet\clear\มันไปเล่นเอไอเอสชั่วโมงละ60บาท.wav,10.340894,10.840894,กู,0.5,context_0.2,8000
C:\Users\muldi\Documents\Playground\University\senior-project-1\dataset\internet\clear\มันไปเล่นเอไอเอสชั่วโมงละ60บาท.wav,10.390894,10.890894,กู,0.5,context_0.4,8000
C:\Users\muldi\Documents\Playground\University\senior-project-1\dataset\internet\clear\มันไปเล่นเอไอเอสชั่วโมงละ60บาท.wav,10.440894,10.940894,กู,0.5,context_0.6,8000
C:\Users\muldi\Documents\Playground\University\senior-project-1\dataset\internet\clear\มันไปเล่นเอไอเอสชั่วโมงละ60บาท.wav,10.490893999999999,10.990893999999999,กู,0.5,context_0.8,8000
C:\Users\muldi\Documents\Playground\University\senior-project-1\dataset\internet\clear\มันไปเล่นเอไอเอสชั่วโมงละ60บาท.wav,0.0,0.5,none,0.5,none_sample,8000
C:\Users\muldi\Documents\Playground\University\senior-project-1\dataset\internet\clear\มันไปเล่นเอไอเอสชั่วโมงละ60บาท.wav,0.5,1.0,none,0.5,none_sample,8000
C:\Users\muldi\Documents\Playground\University\senior-project-1\dataset\internet\clear\มันไปเล่นเอไอเอสชั่วโมงละ60บาท.wav,1.0,1.5,none,0.5,none_sample,8000
C:\Users\muldi\Documents\Playground\University\senior-project-1\dataset\internet\clear\มันไปเล่นเอไอเอสชั่วโมงละ60บาท.wav,1.5,2.0,none,0.5,none_sample,8000
C:\Users\muldi\Documents\Playground\University\senior-project-1\dataset\internet\clear\มันไปเล่นเอไอเอสชั่วโมงละ60บาท.wav,2.0,2.5,none,0.5,none_sample,8000
C:\Users\muldi\Documents\Playground\University\senior-project-1\dataset\internet\clear\รายการเย็ดแม่.wav,2.717098,3.217098,เย็ด,0.5,context_0.2,8000
C:\Users\muldi\Documents\Playground\University\senior-project-1\dataset\internet\clear\รายการเย็ดแม่.wav,2.7670980000000003,3.2670980000000003,เย็ด,0.5,context_0.4,8000
C:\Users\muldi\Documents\Playground\University\senior-project-1\dataset\internet\clear\รายการเย็ดแม่.wav,2.817098,3.317098,เย็ด,0.5,context_0.6,8000
C:\Users\muldi\Documents\Playground\University\senior-project-1\dataset\internet\clear\รายการเย็ดแม่.wav,2.8670980000000004,3.3670980000000004,เย็ด,0.5,context_0.8,8000
C:\Users\muldi\Documents\Playground\University\senior-project-1\dataset\internet\clear\รายการเย็ดแม่.wav,27.748994,28.248994,เย็ด,0.5,main,8000
C:\Users\muldi\Documents\Playground\University\senior-project-1\dataset\internet\clear\รายการเย็ดแม่.wav,32.4336345,32.9336345,เย็ด,0.5,main,8000
C:\Users\muldi\Documents\Playground\University\senior-project-1\dataset\internet\clear\รายการเย็ดแม่.wav,33.768825,34.268825,เย็ด,0.5,context_0.2,8000
C:\Users\muldi\Documents\Playground\University\senior-project-1\dataset\internet\clear\รายการเย็ดแม่.wav,33.818825000000004,34.318825000000004,เย็ด,0.5,context_0.4,8000
C:\Users\muldi\Documents\Playground\University\senior-project-1\dataset\internet\clear\รายการเย็ดแม่.wav,33.868825,34.368825,เย็ด,0.5,context_0.6,8000
C:\Users\muldi\Documents\Playground\University\senior-project-1\dataset\internet\clear\รายการเย็ดแม่.wav,33.918825000000005,34.418825000000005,เย็ด,0.5,context_0.8,8000
C:\Users\muldi\Documents\Playground\University\senior-project-1\dataset\internet\clear\รายการเย็ดแม่.wav,34.750411,35.250411,เย็ด,0.5,context_0.2,8000
C:\Users\muldi\Documents\Playground\University\senior-project-1\dataset\internet\clear\รายการเย็ดแม่.wav,34.800411000000004,35.300411000000004,เย็ด,0.5,context_0.4,8000
C:\Users\muldi\Documents\Playground\University\senior-project-1\dataset\internet\clear\รายการเย็ดแม่.wav,34.850411,35.350411,เย็ด,0.5,context_0.6,8000
C:\Users\muldi\Documents\Playground\University\senior-project-1\dataset\internet\clear\รายการเย็ดแม่.wav,34.900411000000005,35.400411000000005,เย็ด,0.5,context_0.8,8000
C:\Users\muldi\Documents\Playground\University\senior-project-1\dataset\internet\clear\รายการเย็ดแม่.wav,35.302074999999995,35.802074999999995,เย็ด,0.5,context_0.2,8000
C:\Users\muldi\Documents\Playground\University\senior-project-1\dataset\internet\clear\รายการเย็ดแม่.wav,35.352075,35.852075,เย็ด,0.5,context_0.4,8000
C:\Users\muldi\Documents\Playground\University\senior-project-1\dataset\internet\clear\รายการเย็ดแม่.wav,35.402074999999996,35.902074999999996,เย็ด,0.5,context_0.6,8000
C:\Users\muldi\Documents\Playground\University\senior-project-1\dataset\internet\clear\รายการเย็ดแม่.wav,35.452075,35.952075,เย็ด,0.5,context_0.8,8000
C:\Users\muldi\Documents\Playground\University\senior-project-1\dataset\internet\clear\รายการเย็ดแม่.wav,36.746539,37.246539,เย็ด,0.5,context_0.2,8000
C:\Users\muldi\Documents\Playground\University\senior-project-1\dataset\internet\clear\รายการเย็ดแม่.wav,36.796539,37.296539,เย็ด,0.5,context_0.4,8000
C:\Users\muldi\Documents\Playground\University\senior-project-1\dataset\internet\clear\รายการเย็ดแม่.wav,36.846539,37.346539,เย็ด,0.5,context_0.6,8000
C:\Users\muldi\Documents\Playground\University\senior-project-1\dataset\internet\clear\รายการเย็ดแม่.wav,36.896539000000004,37.396539000000004,เย็ด,0.5,context_0.8,8000
C:\Users\muldi\Documents\Playground\University\senior-project-1\dataset\internet\clear\รายการเย็ดแม่.wav,92.442736,92.942736,กู,0.5,context_0.2,8000
C:\Users\muldi\Documents\Playground\University\senior-project-1\dataset\internet\clear\รายการเย็ดแม่.wav,92.492736,92.992736,กู,0.5,context_0.4,8000
C:\Users\muldi\Documents\Playground\University\senior-project-1\dataset\internet\clear\รายการเย็ดแม่.wav,92.542736,93.042736,กู,0.5,context_0.6,8000
C:\Users\muldi\Documents\Playground\University\senior-project-1\dataset\internet\clear\รายการเย็ดแม่.wav,92.592736,93.092736,กู,0.5,context_0.8,8000
C:\Users\muldi\Documents\Playground\University\senior-project-1\dataset\internet\clear\รายการเย็ดแม่.wav,93.602158,94.102158,เย็ด,0.5,context_0.2,8000
C:\Users\muldi\Documents\Playground\University\senior-project-1\dataset\internet\clear\รายการเย็ดแม่.wav,93.652158,94.152158,เย็ด,0.5,context_0.4,8000
C:\Users\muldi\Documents\Playground\University\senior-project-1\dataset\internet\clear\รายการเย็ดแม่.wav,93.70215800000001,94.20215800000001,เย็ด,0.5,context_0.6,8000
C:\Users\muldi\Documents\Playground\University\senior-project-1\dataset\internet\clear\รายการเย็ดแม่.wav,93.75215800000001,94.25215800000001,เย็ด,0.5,context_0.8,8000
C:\Users\muldi\Documents\Playground\University\senior-project-1\dataset\internet\clear\รายการเย็ดแม่.wav,106.208161,106.708161,เย็ด,0.5,context_0.2,8000
C:\Users\muldi\Documents\Playground\University\senior-project-1\dataset\internet\clear\รายการเย็ดแม่.wav,106.258161,106.758161,เย็ด,0.5,context_0.4,8000
C:\Users\muldi\Documents\Playground\University\senior-project-1\dataset\internet\clear\รายการเย็ดแม่.wav,106.30816100000001,106.80816100000001,เย็ด,0.5,context_0.6,8000
C:\Users\muldi\Documents\Playground\University\senior-project-1\dataset\internet\clear\รายการเย็ดแม่.wav,106.35816100000001,106.85816100000001,เย็ด,0.5,context_0.8,8000
C:\Users\muldi\Documents\Playground\University\senior-project-1\dataset\internet\clear\รายการเย็ดแม่.wav,106.625602,107.125602,เย็ด,0.5,context_0.2,8000
C:\Users\muldi\Documents\Playground\University\senior-project-1\dataset\internet\clear\รายการเย็ดแม่.wav,106.675602,107.175602,เย็ด,0.5,context_0.4,8000
C:\Users\muldi\Documents\Playground\University\senior-project-1\dataset\internet\clear\รายการเย็ดแม่.wav,106.72560200000001,107.22560200000001,เย็ด,0.5,context_0.6,8000
C:\Users\muldi\Documents\Playground\University\senior-project-1\dataset\internet\clear\รายการเย็ดแม่.wav,106.775602,107.275602,เย็ด,0.5,context_0.8,8000
C:\Users\muldi\Documents\Playground\University\senior-project-1\dataset\internet\clear\รายการเย็ดแม่.wav,106.989344,107.489344,เย็ด,0.5,context_0.2,8000
C:\Users\muldi\Documents\Playground\University\senior-project-1\dataset\internet\clear\รายการเย็ดแม่.wav,107.039344,107.539344,เย็ด,0.5,context_0.4,8000
C:\Users\muldi\Documents\Playground\University\senior-project-1\dataset\internet\clear\รายการเย็ดแม่.wav,107.08934400000001,107.58934400000001,เย็ด,0.5,context_0.6,8000
C:\Users\muldi\Documents\Playground\University\senior-project-1\dataset\internet\clear\รายการเย็ดแม่.wav,107.13934400000001,107.63934400000001,เย็ด,0.5,context_0.8,8000
C:\Users\muldi\Documents\Playground\University\senior-project-1\dataset\internet\clear\รายการเย็ดแม่.wav,107.409723,107.909723,เย็ด,0.5,context_0.2,8000
C:\Users\muldi\Documents\Playground\University\senior-project-1\dataset\internet\clear\รายการเย็ดแม่.wav,107.459723,107.959723,เย็ด,0.5,context_0.4,8000
C:\Users\muldi\Documents\Playground\University\senior-project-1\dataset\internet\clear\รายการเย็ดแม่.wav,107.50972300000001,108.00972300000001,เย็ด,0.5,context_0.6,8000
C:\Users\muldi\Documents\Playground\University\senior-project-1\dataset\internet\clear\รายการเย็ดแม่.wav,107.559723,108.059723,เย็ด,0.5,context_0.8,8000
C:\Users\muldi\Documents\Playground\University\senior-project-1\dataset\internet\clear\รายการเย็ดแม่.wav,107.793488,108.293488,เย็ด,0.5,context_0.2,8000
C:\Users\muldi\Documents\Playground\University\senior-project-1\dataset\internet\clear\รายการเย็ดแม่.wav,107.843488,108.343488,เย็ด,0.5,context_0.4,8000
C:\Users\muldi\Documents\Playground\University\senior-project-1\dataset\internet\clear\รายการเย็ดแม่.wav,107.893488,108.393488,เย็ด,0.5,context_0.6,8000
C:\Users\muldi\Documents\Playground\University\senior-project-1\dataset\internet\clear\รายการเย็ดแม่.wav,107.943488,108.443488,เย็ด,0.5,context_0.8,8000
C:\Users\muldi\Documents\Playground\University\senior-project-1\dataset\internet\clear\รายการเย็ดแม่.wav,108.405772,108.905772,เย็ด,0.5,context_0.2,8000
C:\Users\muldi\Documents\Playground\University\senior-project-1\dataset\internet\clear\รายการเย็ดแม่.wav,108.455772,108.955772,เย็ด,0.5,context_0.4,8000
C:\Users\muldi\Documents\Playground\University\senior-project-1\dataset\internet\clear\รายการเย็ดแม่.wav,108.50577200000001,109.00577200000001,เย็ด,0.5,context_0.6,8000
C:\Users\muldi\Documents\Playground\University\senior-project-1\dataset\internet\clear\รายการเย็ดแม่.wav,108.555772,109.055772,เย็ด,0.5,context_0.8,8000
C:\Users\muldi\Documents\Playground\University\senior-project-1\dataset\internet\clear\รายการเย็ดแม่.wav,108.69964,109.19964,กู,0.5,context_0.2,8000
C:\Users\muldi\Documents\Playground\University\senior-project-1\dataset\internet\clear\รายการเย็ดแม่.wav,108.74964,109.24964,กู,0.5,context_0.4,8000
C:\Users\muldi\Documents\Playground\University\senior-project-1\dataset\internet\clear\รายการเย็ดแม่.wav,108.79964000000001,109.29964000000001,กู,0.5,context_0.6,8000
C:\Users\muldi\Documents\Playground\University\senior-project-1\dataset\internet\clear\รายการเย็ดแม่.wav,108.84964000000001,109.34964000000001,กู,0.5,context_0.8,8000
C:\Users\muldi\Documents\Playground\University\senior-project-1\dataset\internet\clear\รายการเย็ดแม่.wav,114.66402099999999,115.16402099999999,เย็ด,0.5,context_0.2,8000
C:\Users\muldi\Documents\Playground\University\senior-project-1\dataset\internet\clear\รายการเย็ดแม่.wav,114.71402099999999,115.21402099999999,เย็ด,0.5,context_0.4,8000
C:\Users\muldi\Documents\Playground\University\senior-project-1\dataset\internet\clear\รายการเย็ดแม่.wav,114.764021,115.264021,เย็ด,0.5,context_0.6,8000
C:\Users\muldi\Documents\Playground\University\senior-project-1\dataset\internet\clear\รายการเย็ดแม่.wav,114.814021,115.314021,เย็ด,0.5,context_0.8,8000
C:\Users\muldi\Documents\Playground\University\senior-project-1\dataset\internet\clear\รายการเย็ดแม่.wav,150.808217,151.308217,เย็ด,0.5,context_0.2,8000
C:\Users\muldi\Documents\Playground\University\senior-project-1\dataset\internet\clear\รายการเย็ดแม่.wav,150.858217,151.358217,เย็ด,0.5,context_0.4,8000
C:\Users\muldi\Documents\Playground\University\senior-project-1\dataset\internet\clear\รายการเย็ดแม่.wav,150.908217,151.408217,เย็ด,0.5,context_0.6,8000
C:\Users\muldi\Documents\Playground\University\senior-project-1\dataset\internet\clear\รายการเย็ดแม่.wav,150.958217,151.458217,เย็ด,0.5,context_0.8,8000
C:\Users\muldi\Documents\Playground\University\senior-project-1\dataset\internet\clear\รายการเย็ดแม่.wav,151.806016,152.306016,กู,0.5,context_0.2,8000
C:\Users\muldi\Documents\Playground\University\senior-project-1\dataset\internet\clear\รายการเย็ดแม่.wav,151.85601599999998,152.35601599999998,กู,0.5,context_0.4,8000
C:\Users\muldi\Documents\Playground\University\senior-project-1\dataset\internet\clear\รายการเย็ดแม่.wav,151.906016,152.406016,กู,0.5,context_0.6,8000
C:\Users\muldi\Documents\Playground\University\senior-project-1\dataset\internet\clear\รายการเย็ดแม่.wav,151.95601599999998,152.45601599999998,กู,0.5,context_0.8,8000
C:\Users\muldi\Documents\Playground\University\senior-project-1\dataset\internet\clear\รายการเย็ดแม่.wav,170.00498199999998,170.50498199999998,มึง,0.5,main,8000
C:\Users\muldi\Documents\Playground\University\senior-project-1\dataset\internet\clear\รายการเย็ดแม่.wav,177.77553,178.27553,เย็ด,0.5,context_0.2,8000
C:\Users\muldi\Documents\Playground\University\senior-project-1\dataset\internet\clear\รายการเย็ดแม่.wav,177.82553,178.32553,เย็ด,0.5,context_0.4,8000
C:\Users\muldi\Documents\Playground\University\senior-project-1\dataset\internet\clear\รายการเย็ดแม่.wav,177.87553,178.37553,เย็ด,0.5,context_0.6,8000
C:\Users\muldi\Documents\Playground\University\senior-project-1\dataset\internet\clear\รายการเย็ดแม่.wav,177.92552999999998,178.42552999999998,เย็ด,0.5,context_0.8,8000
C:\Users\muldi\Documents\Playground\University\senior-project-1\dataset\internet\clear\รายการเย็ดแม่.wav,181.95239500000002,182.45239500000002,เหี้ย,0.5,context_0.2,8000
C:\Users\muldi\Documents\Playground\University\senior-project-1\dataset\internet\clear\รายการเย็ดแม่.wav,182.002395,182.502395,เหี้ย,0.5,context_0.4,8000
C:\Users\muldi\Documents\Playground\University\senior-project-1\dataset\internet\clear\รายการเย็ดแม่.wav,182.05239500000002,182.55239500000002,เหี้ย,0.5,context_0.6,8000
C:\Users\muldi\Documents\Playground\University\senior-project-1\dataset\internet\clear\รายการเย็ดแม่.wav,182.102395,182.602395,เหี้ย,0.5,context_0.8,8000
C:\Users\muldi\Documents\Playground\University\senior-project-1\dataset\internet\clear\รายการเย็ดแม่.wav,203.998727,204.498727,เหี้ย,0.5,context_0.2,8000
C:\Users\muldi\Documents\Playground\University\senior-project-1\dataset\internet\clear\รายการเย็ดแม่.wav,204.04872699999999,204.54872699999999,เหี้ย,0.5,context_0.4,8000
C:\Users\muldi\Documents\Playground\University\senior-project-1\dataset\internet\clear\รายการเย็ดแม่.wav,204.098727,204.598727,เหี้ย,0.5,context_0.6,8000
C:\Users\muldi\Documents\Playground\University\senior-project-1\dataset\internet\clear\รายการเย็ดแม่.wav,204.14872699999998,204.64872699999998,เหี้ย,0.5,context_0.8,8000
C:\Users\muldi\Documents\Playground\University\senior-project-1\dataset\internet\clear\รายการเย็ดแม่.wav,204.14993,204.64993,มึง,0.5,context_0.2,8000
C:\Users\muldi\Documents\Playground\University\senior-project-1\dataset\internet\clear\รายการเย็ดแม่.wav,204.19993,204.69993,มึง,0.5,context_0.4,8000
C:\Users\muldi\Documents\Playground\University\senior-project-1\dataset\internet\clear\รายการเย็ดแม่.wav,204.24993,204.74993,มึง,0.5,context_0.6,8000
C:\Users\muldi\Documents\Playground\University\senior-project-1\dataset\internet\clear\รายการเย็ดแม่.wav,204.29993,204.79993,มึง,0.5,context_0.8,8000
C:\Users\muldi\Documents\Playground\University\senior-project-1\dataset\internet\clear\รายการเย็ดแม่.wav,205.028977,205.528977,กู,0.5,context_0.2,8000
C:\Users\muldi\Documents\Playground\University\senior-project-1\dataset\internet\clear\รายการเย็ดแม่.wav,205.07897699999998,205.57897699999998,กู,0.5,context_0.4,8000
C:\Users\muldi\Documents\Playground\University\senior-project-1\dataset\internet\clear\รายการเย็ดแม่.wav,205.128977,205.628977,กู,0.5,context_0.6,8000
C:\Users\muldi\Documents\Playground\University\senior-project-1\dataset\internet\clear\รายการเย็ดแม่.wav,205.17897699999997,205.67897699999997,กู,0.5,context_0.8,8000
C:\Users\muldi\Documents\Playground\University\senior-project-1\dataset\internet\clear\รายการเย็ดแม่.wav,206.195352,206.695352,กู,0.5,context_0.2,8000
C:\Users\muldi\Documents\Playground\University\senior-project-1\dataset\internet\clear\รายการเย็ดแม่.wav,206.245352,206.745352,กู,0.5,context_0.4,8000
C:\Users\muldi\Documents\Playground\University\senior-project-1\dataset\internet\clear\รายการเย็ดแม่.wav,206.295352,206.795352,กู,0.5,context_0.6,8000
C:\Users\muldi\Documents\Playground\University\senior-project-1\dataset\internet\clear\รายการเย็ดแม่.wav,206.345352,206.845352,กู,0.5,context_0.8,8000
C:\Users\muldi\Documents\Playground\University\senior-project-1\dataset\internet\clear\รายการเย็ดแม่.wav,207.11741800000001,207.61741800000001,กู,0.5,context_0.2,8000
C:\Users\muldi\Documents\Playground\University\senior-project-1\dataset\internet\clear\รายการเย็ดแม่.wav,207.167418,207.667418,กู,0.5,context_0.4,8000
C:\Users\muldi\Documents\Playground\University\senior-project-1\dataset\internet\clear\รายการเย็ดแม่.wav,207.217418,207.717418,กู,0.5,context_0.6,8000
C:\Users\muldi\Documents\Playground\University\senior-project-1\dataset\internet\clear\รายการเย็ดแม่.wav,207.267418,207.767418,กู,0.5,context_0.8,8000
C:\Users\muldi\Documents\Playground\University\senior-project-1\dataset\internet\clear\รายการเย็ดแม่.wav,208.51162300000001,209.01162300000001,เหี้ย,0.5,context_0.2,8000
C:\Users\muldi\Documents\Playground\University\senior-project-1\dataset\internet\clear\รายการเย็ดแม่.wav,208.561623,209.061623,เหี้ย,0.5,context_0.4,8000
C:\Users\muldi\Documents\Playground\University\senior-project-1\dataset\internet\clear\รายการเย็ดแม่.wav,208.611623,209.111623,เหี้ย,0.5,context_0.6,8000
C:\Users\muldi\Documents\Playground\University\senior-project-1\dataset\internet\clear\รายการเย็ดแม่.wav,208.661623,209.161623,เหี้ย,0.5,context_0.8,8000
C:\Users\muldi\Documents\Playground\University\senior-project-1\dataset\internet\clear\รายการเย็ดแม่.wav,208.692168,209.192168,เหี้ย,0.5,context_0.2,8000
C:\Users\muldi\Documents\Playground\University\senior-project-1\dataset\internet\clear\รายการเย็ดแม่.wav,208.742168,209.242168,เหี้ย,0.5,context_0.4,8000
C:\Users\muldi\Documents\Playground\University\senior-project-1\dataset\internet\clear\รายการเย็ดแม่.wav,208.792168,209.292168,เหี้ย,0.5,context_0.6,8000
C:\Users\muldi\Documents\Playground\University\senior-project-1\dataset\internet\clear\รายการเย็ดแม่.wav,208.842168,209.342168,เหี้ย,0.5,context_0.8,8000
C:\Users\muldi\Documents\Playground\University\senior-project-1\dataset\internet\clear\รายการเย็ดแม่.wav,243.268469,243.768469,มึง,0.5,context_0.2,8000
C:\Users\muldi\Documents\Playground\University\senior-project-1\dataset\internet\clear\รายการเย็ดแม่.wav,243.318469,243.818469,มึง,0.5,context_0.4,8000
C:\Users\muldi\Documents\Playground\University\senior-project-1\dataset\internet\clear\รายการเย็ดแม่.wav,243.368469,243.868469,มึง,0.5,context_0.6,8000
C:\Users\muldi\Documents\Playground\University\senior-project-1\dataset\internet\clear\รายการเย็ดแม่.wav,243.418469,243.918469,มึง,0.5,context_0.8,8000
C:\Users\muldi\Documents\Playground\University\senior-project-1\dataset\internet\clear\รายการเย็ดแม่.wav,246.22571599999998,246.72571599999998,มึง,0.5,main,8000
C:\Users\muldi\Documents\Playground\University\senior-project-1\dataset\internet\clear\รายการเย็ดแม่.wav,254.94347000000002,255.44347000000002,กู,0.5,context_0.2,8000
C:\Users\muldi\Documents\Playground\University\senior-project-1\dataset\internet\clear\รายการเย็ดแม่.wav,254.99347,255.49347,กู,0.5,context_0.4,8000
C:\Users\muldi\Documents\Playground\University\senior-project-1\dataset\internet\clear\รายการเย็ดแม่.wav,255.04347,255.54347,กู,0.5,context_0.6,8000
C:\Users\muldi\Documents\Playground\University\senior-project-1\dataset\internet\clear\รายการเย็ดแม่.wav,255.09347,255.59347,กู,0.5,context_0.8,8000
C:\Users\muldi\Documents\Playground\University\senior-project-1\dataset\internet\clear\รายการเย็ดแม่.wav,260.86393999999996,261.36393999999996,เหี้ย,0.5,main,8000
C:\Users\muldi\Documents\Playground\University\senior-project-1\dataset\internet\clear\รายการเย็ดแม่.wav,297.52327,298.02327,เหี้ย,0.5,main,8000
C:\Users\muldi\Documents\Playground\University\senior-project-1\dataset\internet\clear\รายการเย็ดแม่.wav,299.80928900000004,300.30928900000004,กู,0.5,context_0.2,8000
C:\Users\muldi\Documents\Playground\University\senior-project-1\dataset\internet\clear\รายการเย็ดแม่.wav,299.85928900000005,300.35928900000005,กู,0.5,context_0.4,8000
C:\Users\muldi\Documents\Playground\University\senior-project-1\dataset\internet\clear\รายการเย็ดแม่.wav,299.909289,300.409289,กู,0.5,context_0.6,8000
C:\Users\muldi\Documents\Playground\University\senior-project-1\dataset\internet\clear\รายการเย็ดแม่.wav,299.959289,300.459289,กู,0.5,context_0.8,8000
C:\Users\muldi\Documents\Playground\University\senior-project-1\dataset\internet\clear\รายการเย็ดแม่.wav,404.883256,405.383256,กู,0.5,context_0.2,8000
C:\Users\muldi\Documents\Playground\University\senior-project-1\dataset\internet\clear\รายการเย็ดแม่.wav,404.93325600000003,405.43325600000003,กู,0.5,context_0.4,8000
C:\Users\muldi\Documents\Playground\University\senior-project-1\dataset\internet\clear\รายการเย็ดแม่.wav,404.983256,405.483256,กู,0.5,context_0.6,8000
C:\Users\muldi\Documents\Playground\University\senior-project-1\dataset\internet\clear\รายการเย็ดแม่.wav,405.033256,405.533256,กู,0.5,context_0.8,8000
C:\Users\muldi\Documents\Playground\University\senior-project-1\dataset\internet\clear\รายการเย็ดแม่.wav,420.54925849999995,421.04925849999995,เหี้ย,0.5,main,8000
C:\Users\muldi\Documents\Playground\University\senior-project-1\dataset\internet\clear\รายการเย็ดแม่.wav,432.39345249999997,432.89345249999997,เหี้ย,0.5,main,8000
C:\Users\muldi\Documents\Playground\University\senior-project-1\dataset\internet\clear\รายการเย็ดแม่.wav,435.6281925,436.1281925,เหี้ย,0.5,main,8000
C:\Users\muldi\Documents\Playground\University\senior-project-1\dataset\internet\clear\รายการเย็ดแม่.wav,444.2957185,444.7957185,เหี้ย,0.5,main,8000
C:\Users\muldi\Documents\Playground\University\senior-project-1\dataset\internet\clear\รายการเย็ดแม่.wav,482.76594,483.26594,กู,0.5,context_0.2,8000
C:\Users\muldi\Documents\Playground\University\senior-project-1\dataset\internet\clear\รายการเย็ดแม่.wav,482.81594,483.31594,กู,0.5,context_0.4,8000
C:\Users\muldi\Documents\Playground\University\senior-project-1\dataset\internet\clear\รายการเย็ดแม่.wav,482.86593999999997,483.36593999999997,กู,0.5,context_0.6,8000
C:\Users\muldi\Documents\Playground\University\senior-project-1\dataset\internet\clear\รายการเย็ดแม่.wav,482.91594,483.41594,กู,0.5,context_0.8,8000
C:\Users\muldi\Documents\Playground\University\senior-project-1\dataset\internet\clear\รายการเย็ดแม่.wav,492.236153,492.736153,เหี้ย,0.5,context_0.2,8000
C:\Users\muldi\Documents\Playground\University\senior-project-1\dataset\internet\clear\รายการเย็ดแม่.wav,492.286153,492.786153,เหี้ย,0.5,context_0.4,8000
C:\Users\muldi\Documents\Playground\University\senior-project-1\dataset\internet\clear\รายการเย็ดแม่.wav,492.33615299999997,492.83615299999997,เหี้ย,0.5,context_0.6,8000
C:\Users\muldi\Documents\Playground\University\senior-project-1\dataset\internet\clear\รายการเย็ดแม่.wav,492.386153,492.886153,เหี้ย,0.5,context_0.8,8000
C:\Users\muldi\Documents\Playground\University\senior-project-1\dataset\internet\clear\รายการเย็ดแม่.wav,493.60348400000004,494.10348400000004,กู,0.5,context_0.2,8000
C:\Users\muldi\Documents\Playground\University\senior-project-1\dataset\internet\clear\รายการเย็ดแม่.wav,493.65348400000005,494.15348400000005,กู,0.5,context_0.4,8000
C:\Users\muldi\Documents\Playground\University\senior-project-1\dataset\internet\clear\รายการเย็ดแม่.wav,493.703484,494.203484,กู,0.5,context_0.6,8000
C:\Users\muldi\Documents\Playground\University\senior-project-1\dataset\internet\clear\รายการเย็ดแม่.wav,493.753484,494.253484,กู,0.5,context_0.8,8000
C:\Users\muldi\Documents\Playground\University\senior-project-1\dataset\internet\clear\รายการเย็ดแม่.wav,508.408266,508.908266,เหี้ย,0.5,main,8000
C:\Users\muldi\Documents\Playground\University\senior-project-1\dataset\internet\clear\รายการเย็ดแม่.wav,509.998216,510.498216,กู,0.5,context_0.2,8000
C:\Users\muldi\Documents\Playground\University\senior-project-1\dataset\internet\clear\รายการเย็ดแม่.wav,510.048216,510.548216,กู,0.5,context_0.4,8000
C:\Users\muldi\Documents\Playground\University\senior-project-1\dataset\internet\clear\รายการเย็ดแม่.wav,510.098216,510.598216,กู,0.5,context_0.6,8000
C:\Users\muldi\Documents\Playground\University\senior-project-1\dataset\internet\clear\รายการเย็ดแม่.wav,510.148216,510.648216,กู,0.5,context_0.8,8000
C:\Users\muldi\Documents\Playground\University\senior-project-1\dataset\internet\clear\รายการเย็ดแม่.wav,517.0453135,517.5453135,กู,0.5,main,8000
C:\Users\muldi\Documents\Playground\University\senior-project-1\dataset\internet\clear\รายการเย็ดแม่.wav,518.304897,518.804897,กู,0.5,context_0.2,8000
C:\Users\muldi\Documents\Playground\University\senior-project-1\dataset\internet\clear\รายการเย็ดแม่.wav,518.354897,518.854897,กู,0.5,context_0.4,8000
C:\Users\muldi\Documents\Playground\University\senior-project-1\dataset\internet\clear\รายการเย็ดแม่.wav,518.404897,518.904897,กู,0.5,context_0.6,8000
C:\Users\muldi\Documents\Playground\University\senior-project-1\dataset\internet\clear\รายการเย็ดแม่.wav,518.4548970000001,518.9548970000001,กู,0.5,context_0.8,8000
C:\Users\muldi\Documents\Playground\University\senior-project-1\dataset\internet\clear\รายการเย็ดแม่.wav,519.882131,520.382131,กู,0.5,context_0.2,8000
C:\Users\muldi\Documents\Playground\University\senior-project-1\dataset\internet\clear\รายการเย็ดแม่.wav,519.932131,520.432131,กู,0.5,context_0.4,8000
C:\Users\muldi\Documents\Playground\University\senior-project-1\dataset\internet\clear\รายการเย็ดแม่.wav,519.982131,520.482131,กู,0.5,context_0.6,8000
C:\Users\muldi\Documents\Playground\University\senior-project-1\dataset\internet\clear\รายการเย็ดแม่.wav,520.032131,520.532131,กู,0.5,context_0.8,8000
C:\Users\muldi\Documents\Playground\University\senior-project-1\dataset\internet\clear\รายการเย็ดแม่.wav,560.127367,560.627367,มึง,0.5,main,8000
C:\Users\muldi\Documents\Playground\University\senior-project-1\dataset\internet\clear\รายการเย็ดแม่.wav,572.492939,572.992939,เย็ด,0.5,main,8000
C:\Users\muldi\Documents\Playground\University\senior-project-1\dataset\internet\clear\รายการเย็ดแม่.wav,578.9220435,579.4220435,เหี้ย,0.5,main,8000
C:\Users\muldi\Documents\Playground\University\senior-project-1\dataset\internet\clear\รายการเย็ดแม่.wav,580.778769,581.278769,กู,0.5,context_0.2,8000
C:\Users\muldi\Documents\Playground\University\senior-project-1\dataset\internet\clear\รายการเย็ดแม่.wav,580.8287690000001,581.3287690000001,กู,0.5,context_0.4,8000
C:\Users\muldi\Documents\Playground\University\senior-project-1\dataset\internet\clear\รายการเย็ดแม่.wav,580.878769,581.378769,กู,0.5,context_0.6,8000
C:\Users\muldi\Documents\Playground\University\senior-project-1\dataset\internet\clear\รายการเย็ดแม่.wav,580.9287690000001,581.4287690000001,กู,0.5,context_0.8,8000
C:\Users\muldi\Documents\Playground\University\senior-project-1\dataset\internet\clear\รายการเย็ดแม่.wav,582.1405209999999,582.6405209999999,เย็ด,0.5,context_0.2,8000
C:\Users\muldi\Documents\Playground\University\senior-project-1\dataset\internet\clear\รายการเย็ดแม่.wav,582.190521,582.690521,เย็ด,0.5,context_0.4,8000
C:\Users\muldi\Documents\Playground\University\senior-project-1\dataset\internet\clear\รายการเย็ดแม่.wav,582.240521,582.740521,เย็ด,0.5,context_0.6,8000
C:\Users\muldi\Documents\Playground\University\senior-project-1\dataset\internet\clear\รายการเย็ดแม่.wav,582.290521,582.790521,เย็ด,0.5,context_0.8,8000
C:\Users\muldi\Documents\Playground\University\senior-project-1\dataset\internet\clear\รายการเย็ดแม่.wav,583.845751,584.345751,เย็ด,0.5,context_0.2,8000
C:\Users\muldi\Documents\Playground\University\senior-project-1\dataset\internet\clear\รายการเย็ดแม่.wav,583.895751,584.395751,เย็ด,0.5,context_0.4,8000
C:\Users\muldi\Documents\Playground\University\senior-project-1\dataset\internet\clear\รายการเย็ดแม่.wav,583.945751,584.445751,เย็ด,0.5,context_0.6,8000
C:\Users\muldi\Documents\Playground\University\senior-project-1\dataset\internet\clear\รายการเย็ดแม่.wav,583.995751,584.495751,เย็ด,0.5,context_0.8,8000
C:\Users\muldi\Documents\Playground\University\senior-project-1\dataset\internet\clear\รายการเย็ดแม่.wav,588.6887755,589.1887755,เหี้ย,0.5,main,8000
C:\Users\muldi\Documents\Playground\University\senior-project-1\dataset\internet\clear\รายการเย็ดแม่.wav,595.755513,596.255513,มึง,0.5,context_0.2,8000
C:\Users\muldi\Documents\Playground\University\senior-project-1\dataset\internet\clear\รายการเย็ดแม่.wav,595.805513,596.305513,มึง,0.5,context_0.4,8000
C:\Users\muldi\Documents\Playground\University\senior-project-1\dataset\internet\clear\รายการเย็ดแม่.wav,595.855513,596.355513,มึง,0.5,context_0.6,8000
C:\Users\muldi\Documents\Playground\University\senior-project-1\dataset\internet\clear\รายการเย็ดแม่.wav,595.905513,596.405513,มึง,0.5,context_0.8,8000
C:\Users\muldi\Documents\Playground\University\senior-project-1\dataset\internet\clear\รายการเย็ดแม่.wav,609.367748,609.867748,เหี้ย,0.5,main,8000
C:\Users\muldi\Documents\Playground\University\senior-project-1\dataset\internet\clear\รายการเย็ดแม่.wav,643.604785,644.104785,เหี้ย,0.5,main,8000
C:\Users\muldi\Documents\Playground\University\senior-project-1\dataset\internet\clear\รายการเย็ดแม่.wav,650.4075155,650.9075155,กู,0.5,main,8000
C:\Users\muldi\Documents\Playground\University\senior-project-1\dataset\internet\clear\รายการเย็ดแม่.wav,651.7881699999999,652.2881699999999,กู,0.5,context_0.2,8000
C:\Users\muldi\Documents\Playground\University\senior-project-1\dataset\internet\clear\รายการเย็ดแม่.wav,651.83817,652.33817,กู,0.5,context_0.4,8000
C:\Users\muldi\Documents\Playground\University\senior-project-1\dataset\internet\clear\รายการเย็ดแม่.wav,651.88817,652.38817,กู,0.5,context_0.6,8000
C:\Users\muldi\Documents\Playground\University\senior-project-1\dataset\internet\clear\รายการเย็ดแม่.wav,651.93817,652.43817,กู,0.5,context_0.8,8000
C:\Users\muldi\Documents\Playground\University\senior-project-1\dataset\internet\clear\รายการเย็ดแม่.wav,653.150944,653.650944,เหี้ย,0.5,context_0.2,8000
C:\Users\muldi\Documents\Playground\University\senior-project-1\dataset\internet\clear\รายการเย็ดแม่.wav,653.200944,653.700944,เหี้ย,0.5,context_0.4,8000
C:\Users\muldi\Documents\Playground\University\senior-project-1\dataset\internet\clear\รายการเย็ดแม่.wav,653.250944,653.750944,เหี้ย,0.5,context_0.6,8000
C:\Users\muldi\Documents\Playground\University\senior-project-1\dataset\internet\clear\รายการเย็ดแม่.wav,653.3009440000001,653.8009440000001,เหี้ย,0.5,context_0.8,8000
C:\Users\muldi\Documents\Playground\University\senior-project-1\dataset\internet\clear\รายการเย็ดแม่.wav,657.114551,657.614551,เหี้ย,0.5,main,8000
C:\Users\muldi\Documents\Playground\University\senior-project-1\dataset\internet\clear\รายการเย็ดแม่.wav,659.3899905000001,659.8899905000001,เหี้ย,0.5,main,8000
C:\Users\muldi\Documents\Playground\University\senior-project-1\dataset\internet\clear\รายการเย็ดแม่.wav,669.8112769999999,670.3112769999999,เหี้ย,0.5,context_0.2,8000
C:\Users\muldi\Documents\Playground\University\senior-project-1\dataset\internet\clear\รายการเย็ดแม่.wav,669.861277,670.361277,เหี้ย,0.5,context_0.4,8000
C:\Users\muldi\Documents\Playground\University\senior-project-1\dataset\internet\clear\รายการเย็ดแม่.wav,669.9112769999999,670.4112769999999,เหี้ย,0.5,context_0.6,8000
C:\Users\muldi\Documents\Playground\University\senior-project-1\dataset\internet\clear\รายการเย็ดแม่.wav,669.961277,670.461277,เหี้ย,0.5,context_0.8,8000
C:\Users\muldi\Documents\Playground\University\senior-project-1\dataset\internet\clear\รายการเย็ดแม่.wav,670.118123,670.618123,เหี้ย,0.5,main,8000
C:\Users\muldi\Documents\Playground\University\senior-project-1\dataset\internet\clear\รายการเย็ดแม่.wav,675.1226565,675.6226565,เหี้ย,0.5,main,8000
C:\Users\muldi\Documents\Playground\University\senior-project-1\dataset\internet\clear\รายการเย็ดแม่.wav,702.5953925,703.0953925,เหี้ย,0.5,main,8000
C:\Users\muldi\Documents\Playground\University\senior-project-1\dataset\internet\clear\รายการเย็ดแม่.wav,713.508822,714.008822,กู,0.5,context_0.2,8000
C:\Users\muldi\Documents\Playground\University\senior-project-1\dataset\internet\clear\รายการเย็ดแม่.wav,713.5588220000001,714.0588220000001,กู,0.5,context_0.4,8000
C:\Users\muldi\Documents\Playground\University\senior-project-1\dataset\internet\clear\รายการเย็ดแม่.wav,713.608822,714.108822,กู,0.5,context_0.6,8000
C:\Users\muldi\Documents\Playground\University\senior-project-1\dataset\internet\clear\รายการเย็ดแม่.wav,713.6588220000001,714.1588220000001,กู,0.5,context_0.8,8000
C:\Users\muldi\Documents\Playground\University\senior-project-1\dataset\internet\clear\รายการเย็ดแม่.wav,745.501126,746.001126,กู,0.5,context_0.2,8000
C:\Users\muldi\Documents\Playground\University\senior-project-1\dataset\internet\clear\รายการเย็ดแม่.wav,745.5511260000001,746.0511260000001,กู,0.5,context_0.4,8000
C:\Users\muldi\Documents\Playground\University\senior-project-1\dataset\internet\clear\รายการเย็ดแม่.wav,745.601126,746.101126,กู,0.5,context_0.6,8000
C:\Users\muldi\Documents\Playground\University\senior-project-1\dataset\internet\clear\รายการเย็ดแม่.wav,745.6511260000001,746.1511260000001,กู,0.5,context_0.8,8000
C:\Users\muldi\Documents\Playground\University\senior-project-1\dataset\internet\clear\รายการเย็ดแม่.wav,746.799046,747.299046,กู,0.5,context_0.2,8000
C:\Users\muldi\Documents\Playground\University\senior-project-1\dataset\internet\clear\รายการเย็ดแม่.wav,746.849046,747.349046,กู,0.5,context_0.4,8000
C:\Users\muldi\Documents\Playground\University\senior-project-1\dataset\internet\clear\รายการเย็ดแม่.wav,746.899046,747.399046,กู,0.5,context_0.6,8000
C:\Users\muldi\Documents\Playground\University\senior-project-1\dataset\internet\clear\รายการเย็ดแม่.wav,746.9490460000001,747.4490460000001,กู,0.5,context_0.8,8000
C:\Users\muldi\Documents\Playground\University\senior-project-1\dataset\internet\clear\รายการเย็ดแม่.wav,748.111149,748.611149,กู,0.5,context_0.2,8000
C:\Users\muldi\Documents\Playground\University\senior-project-1\dataset\internet\clear\รายการเย็ดแม่.wav,748.161149,748.661149,กู,0.5,context_0.4,8000
C:\Users\muldi\Documents\Playground\University\senior-project-1\dataset\internet\clear\รายการเย็ดแม่.wav,748.211149,748.711149,กู,0.5,context_0.6,8000
C:\Users\muldi\Documents\Playground\University\senior-project-1\dataset\internet\clear\รายการเย็ดแม่.wav,748.261149,748.761149,กู,0.5,context_0.8,8000
C:\Users\muldi\Documents\Playground\University\senior-project-1\dataset\internet\clear\รายการเย็ดแม่.wav,749.431062,749.931062,กู,0.5,context_0.2,8000
C:\Users\muldi\Documents\Playground\University\senior-project-1\dataset\internet\clear\รายการเย็ดแม่.wav,749.4810620000001,749.9810620000001,กู,0.5,context_0.4,8000
C:\Users\muldi\Documents\Playground\University\senior-project-1\dataset\internet\clear\รายการเย็ดแม่.wav,749.531062,750.031062,กู,0.5,context_0.6,8000
C:\Users\muldi\Documents\Playground\University\senior-project-1\dataset\internet\clear\รายการเย็ดแม่.wav,749.5810620000001,750.0810620000001,กู,0.5,context_0.8,8000
C:\Users\muldi\Documents\Playground\University\senior-project-1\dataset\internet\clear\รายการเย็ดแม่.wav,752.372671,752.872671,เหี้ย,0.5,main,8000
C:\Users\muldi\Documents\Playground\University\senior-project-1\dataset\internet\clear\รายการเย็ดแม่.wav,774.1324105,774.6324105,กู,0.5,main,8000
C:\Users\muldi\Documents\Playground\University\senior-project-1\dataset\internet\clear\รายการเย็ดแม่.wav,783.6090274999999,784.1090274999999,เหี้ย,0.5,main,8000
C:\Users\muldi\Documents\Playground\University\senior-project-1\dataset\internet\clear\รายการเย็ดแม่.wav,784.8614835000001,785.3614835000001,เหี้ย,0.5,main,8000
C:\Users\muldi\Documents\Playground\University\senior-project-1\dataset\internet\clear\รายการเย็ดแม่.wav,788.877523,789.377523,เหี้ย,0.5,main,8000
C:\Users\muldi\Documents\Playground\University\senior-project-1\dataset\internet\clear\รายการเย็ดแม่.wav,791.634966,792.134966,มึง,0.5,context_0.2,8000
C:\Users\muldi\Documents\Playground\University\senior-project-1\dataset\internet\clear\รายการเย็ดแม่.wav,791.684966,792.184966,มึง,0.5,context_0.4,8000
C:\Users\muldi\Documents\Playground\University\senior-project-1\dataset\internet\clear\รายการเย็ดแม่.wav,791.734966,792.234966,มึง,0.5,context_0.6,8000
C:\Users\muldi\Documents\Playground\University\senior-project-1\dataset\internet\clear\รายการเย็ดแม่.wav,791.784966,792.284966,มึง,0.5,context_0.8,8000
C:\Users\muldi\Documents\Playground\University\senior-project-1\dataset\internet\clear\รายการเย็ดแม่.wav,792.7260389999999,793.2260389999999,มึง,0.5,context_0.2,8000
C:\Users\muldi\Documents\Playground\University\senior-project-1\dataset\internet\clear\รายการเย็ดแม่.wav,792.776039,793.276039,มึง,0.5,context_0.4,8000
C:\Users\muldi\Documents\Playground\University\senior-project-1\dataset\internet\clear\รายการเย็ดแม่.wav,792.8260389999999,793.3260389999999,มึง,0.5,context_0.6,8000
C:\Users\muldi\Documents\Playground\University\senior-project-1\dataset\internet\clear\รายการเย็ดแม่.wav,792.876039,793.376039,มึง,0.5,context_0.8,8000
C:\Users\muldi\Documents\Playground\University\senior-project-1\dataset\internet\clear\รายการเย็ดแม่.wav,797.509027,798.009027,กู,0.5,context_0.2,8000
C:\Users\muldi\Documents\Playground\University\senior-project-1\dataset\internet\clear\รายการเย็ดแม่.wav,797.559027,798.059027,กู,0.5,context_0.4,8000
C:\Users\muldi\Documents\Playground\University\senior-project-1\dataset\internet\clear\รายการเย็ดแม่.wav,797.609027,798.109027,กู,0.5,context_0.6,8000
C:\Users\muldi\Documents\Playground\University\senior-project-1\dataset\internet\clear\รายการเย็ดแม่.wav,797.659027,798.159027,กู,0.5,context_0.8,8000
C:\Users\muldi\Documents\Playground\University\senior-project-1\dataset\internet\clear\รายการเย็ดแม่.wav,798.308588,798.808588,เย็ด,0.5,context_0.2,8000
C:\Users\muldi\Documents\Playground\University\senior-project-1\dataset\internet\clear\รายการเย็ดแม่.wav,798.358588,798.858588,เย็ด,0.5,context_0.4,8000
C:\Users\muldi\Documents\Playground\University\senior-project-1\dataset\internet\clear\รายการเย็ดแม่.wav,798.408588,798.908588,เย็ด,0.5,context_0.6,8000
C:\Users\muldi\Documents\Playground\University\senior-project-1\dataset\internet\clear\รายการเย็ดแม่.wav,798.4585880000001,798.9585880000001,เย็ด,0.5,context_0.8,8000
C:\Users\muldi\Documents\Playground\University\senior-project-1\dataset\internet\clear\รายการเย็ดแม่.wav,815.5852445,816.0852445,เหี้ย,0.5,main,8000
C:\Users\muldi\Documents\Playground\University\senior-project-1\dataset\internet\clear\รายการเย็ดแม่.wav,816.710061,817.210061,กู,0.5,context_0.2,8000
C:\Users\muldi\Documents\Playground\University\senior-project-1\dataset\internet\clear\รายการเย็ดแม่.wav,816.7600610000001,817.2600610000001,กู,0.5,context_0.4,8000
C:\Users\muldi\Documents\Playground\University\senior-project-1\dataset\internet\clear\รายการเย็ดแม่.wav,816.810061,817.310061,กู,0.5,context_0.6,8000
C:\Users\muldi\Documents\Playground\University\senior-project-1\dataset\internet\clear\รายการเย็ดแม่.wav,816.8600610000001,817.3600610000001,กู,0.5,context_0.8,8000
C:\Users\muldi\Documents\Playground\University\senior-project-1\dataset\internet\clear\รายการเย็ดแม่.wav,818.611827,819.111827,กู,0.5,context_0.2,8000
C:\Users\muldi\Documents\Playground\University\senior-project-1\dataset\internet\clear\รายการเย็ดแม่.wav,818.661827,819.161827,กู,0.5,context_0.4,8000
C:\Users\muldi\Documents\Playground\University\senior-project-1\dataset\internet\clear\รายการเย็ดแม่.wav,818.711827,819.211827,กู,0.5,context_0.6,8000
C:\Users\muldi\Documents\Playground\University\senior-project-1\dataset\internet\clear\รายการเย็ดแม่.wav,818.761827,819.261827,กู,0.5,context_0.8,8000
C:\Users\muldi\Documents\Playground\University\senior-project-1\dataset\internet\clear\รายการเย็ดแม่.wav,822.687803,823.187803,เหี้ย,0.5,main,8000
C:\Users\muldi\Documents\Playground\University\senior-project-1\dataset\internet\clear\รายการเย็ดแม่.wav,876.919001,877.419001,กู,0.5,context_0.2,8000
C:\Users\muldi\Documents\Playground\University\senior-project-1\dataset\internet\clear\รายการเย็ดแม่.wav,876.969001,877.469001,กู,0.5,context_0.4,8000
C:\Users\muldi\Documents\Playground\University\senior-project-1\dataset\internet\clear\รายการเย็ดแม่.wav,877.019001,877.519001,กู,0.5,context_0.6,8000
C:\Users\muldi\Documents\Playground\University\senior-project-1\dataset\internet\clear\รายการเย็ดแม่.wav,877.0690010000001,877.5690010000001,กู,0.5,context_0.8,8000
C:\Users\muldi\Documents\Playground\University\senior-project-1\dataset\internet\clear\รายการเย็ดแม่.wav,879.057549,879.557549,กู,0.5,context_0.2,8000
C:\Users\muldi\Documents\Playground\University\senior-project-1\dataset\internet\clear\รายการเย็ดแม่.wav,879.1075490000001,879.6075490000001,กู,0.5,context_0.4,8000
C:\Users\muldi\Documents\Playground\University\senior-project-1\dataset\internet\clear\รายการเย็ดแม่.wav,879.157549,879.657549,กู,0.5,context_0.6,8000
C:\Users\muldi\Documents\Playground\University\senior-project-1\dataset\internet\clear\รายการเย็ดแม่.wav,879.2075490000001,879.7075490000001,กู,0.5,context_0.8,8000
C:\Users\muldi\Documents\Playground\University\senior-project-1\dataset\internet\clear\รายการเย็ดแม่.wav,934.616983,935.116983,เย็ด,0.5,context_0.2,8000
C:\Users\muldi\Documents\Playground\University\senior-project-1\dataset\internet\clear\รายการเย็ดแม่.wav,934.6669830000001,935.1669830000001,เย็ด,0.5,context_0.4,8000
C:\Users\muldi\Documents\Playground\University\senior-project-1\dataset\internet\clear\รายการเย็ดแม่.wav,934.716983,935.216983,เย็ด,0.5,context_0.6,8000
C:\Users\muldi\Documents\Playground\University\senior-project-1\dataset\internet\clear\รายการเย็ดแม่.wav,934.7669830000001,935.2669830000001,เย็ด,0.5,context_0.8,8000
C:\Users\muldi\Documents\Playground\University\senior-project-1\dataset\internet\clear\รายการเย็ดแม่.wav,943.6103569999999,944.1103569999999,กู,0.5,context_0.2,8000
C:\Users\muldi\Documents\Playground\University\senior-project-1\dataset\internet\clear\รายการเย็ดแม่.wav,943.660357,944.160357,กู,0.5,context_0.4,8000
C:\Users\muldi\Documents\Playground\University\senior-project-1\dataset\internet\clear\รายการเย็ดแม่.wav,943.7103569999999,944.2103569999999,กู,0.5,context_0.6,8000
C:\Users\muldi\Documents\Playground\University\senior-project-1\dataset\internet\clear\รายการเย็ดแม่.wav,943.760357,944.260357,กู,0.5,context_0.8,8000
C:\Users\muldi\Documents\Playground\University\senior-project-1\dataset\internet\clear\รายการเย็ดแม่.wav,944.078358,944.578358,กู,0.5,context_0.2,8000
C:\Users\muldi\Documents\Playground\University\senior-project-1\dataset\internet\clear\รายการเย็ดแม่.wav,944.128358,944.628358,กู,0.5,context_0.4,8000
C:\Users\muldi\Documents\Playground\University\senior-project-1\dataset\internet\clear\รายการเย็ดแม่.wav,944.178358,944.678358,กู,0.5,context_0.6,8000
C:\Users\muldi\Documents\Playground\University\senior-project-1\dataset\internet\clear\รายการเย็ดแม่.wav,944.2283580000001,944.7283580000001,กู,0.5,context_0.8,8000
C:\Users\muldi\Documents\Playground\University\senior-project-1\dataset\internet\clear\รายการเย็ดแม่.wav,951.587717,952.087717,เย็ด,0.5,context_0.2,8000
C:\Users\muldi\Documents\Playground\University\senior-project-1\dataset\internet\clear\รายการเย็ดแม่.wav,951.6377170000001,952.1377170000001,เย็ด,0.5,context_0.4,8000
C:\Users\muldi\Documents\Playground\University\senior-project-1\dataset\internet\clear\รายการเย็ดแม่.wav,951.687717,952.187717,เย็ด,0.5,context_0.6,8000
C:\Users\muldi\Documents\Playground\University\senior-project-1\dataset\internet\clear\รายการเย็ดแม่.wav,951.7377170000001,952.2377170000001,เย็ด,0.5,context_0.8,8000
C:\Users\muldi\Documents\Playground\University\senior-project-1\dataset\internet\clear\รายการเย็ดแม่.wav,955.7978989999999,956.2978989999999,กู,0.5,context_0.2,8000
C:\Users\muldi\Documents\Playground\University\senior-project-1\dataset\internet\clear\รายการเย็ดแม่.wav,955.847899,956.347899,กู,0.5,context_0.4,8000
C:\Users\muldi\Documents\Playground\University\senior-project-1\dataset\internet\clear\รายการเย็ดแม่.wav,955.8978989999999,956.3978989999999,กู,0.5,context_0.6,8000
C:\Users\muldi\Documents\Playground\University\senior-project-1\dataset\internet\clear\รายการเย็ดแม่.wav,955.947899,956.447899,กู,0.5,context_0.8,8000
C:\Users\muldi\Documents\Playground\University\senior-project-1\dataset\internet\clear\รายการเย็ดแม่.wav,960.1000349999999,960.6000349999999,กู,0.5,context_0.2,8000
C:\Users\muldi\Documents\Playground\University\senior-project-1\dataset\internet\clear\รายการเย็ดแม่.wav,960.150035,960.650035,กู,0.5,context_0.4,8000
C:\Users\muldi\Documents\Playground\University\senior-project-1\dataset\internet\clear\รายการเย็ดแม่.wav,960.200035,960.700035,กู,0.5,context_0.6,8000
C:\Users\muldi\Documents\Playground\University\senior-project-1\dataset\internet\clear\รายการเย็ดแม่.wav,960.250035,960.750035,กู,0.5,context_0.8,8000
C:\Users\muldi\Documents\Playground\University\senior-project-1\dataset\internet\clear\รายการเย็ดแม่.wav,0.0,0.5,none,0.5,none_sample,8000
C:\Users\muldi\Documents\Playground\University\senior-project-1\dataset\internet\clear\รายการเย็ดแม่.wav,0.5,1.0,none,0.5,none_sample,8000
C:\Users\muldi\Documents\Playground\University\senior-project-1\dataset\internet\clear\รายการเย็ดแม่.wav,1.0,1.5,none,0.5,none_sample,8000
C:\Users\muldi\Documents\Playground\University\senior-project-1\dataset\internet\clear\รายการเย็ดแม่.wav,1.5,2.0,none,0.5,none_sample,8000
C:\Users\muldi\Documents\Playground\University\senior-project-1\dataset\internet\clear\รายการเย็ดแม่.wav,2.0,2.5,none,0.5,none_sample,8000
C:\Users\muldi\Documents\Playground\University\senior-project-1\dataset\internet\clear\รายการเย็ดแม่.wav,2.9999999999999982,3.4999999999999982,none,0.5,none_sample,8000
C:\Users\muldi\Documents\Playground\University\senior-project-1\dataset\internet\clear\รายการเย็ดแม่.wav,3.4999999999999982,3.9999999999999982,none,0.5,none_sample,8000
C:\Users\muldi\Documents\Playground\University\senior-project-1\dataset\internet\clear\รายการเย็ดแม่.wav,3.9999999999999982,4.499999999999998,none,0.5,none_sample,8000
C:\Users\muldi\Documents\Playground\University\senior-project-1\dataset\internet\clear\รายการเย็ดแม่.wav,4.499999999999998,4.999999999999998,none,0.5,none_sample,8000
C:\Users\muldi\Documents\Playground\University\senior-project-1\dataset\internet\clear\รายการเย็ดแม่.wav,4.999999999999998,5.499999999999998,none,0.5,none_sample,8000
C:\Users\muldi\Documents\Playground\University\senior-project-1\dataset\internet\clear\รายการเย็ดแม่.wav,5.499999999999998,5.999999999999998,none,0.5,none_sample,8000
C:\Users\muldi\Documents\Playground\University\senior-project-1\dataset\internet\clear\รายการเย็ดแม่.wav,5.999999999999998,6.499999999999998,none,0.5,none_sample,8000
C:\Users\muldi\Documents\Playground\University\senior-project-1\dataset\internet\clear\รายการเย็ดแม่.wav,6.499999999999998,6.999999999999998,none,0.5,none_sample,8000
C:\Users\muldi\Documents\Playground\University\senior-project-1\dataset\internet\clear\รายการเย็ดแม่.wav,6.999999999999998,7.499999999999998,none,0.5,none_sample,8000
C:\Users\muldi\Documents\Playground\University\senior-project-1\dataset\internet\clear\รายการเย็ดแม่.wav,7.499999999999998,7.999999999999998,none,0.5,none_sample,8000
C:\Users\muldi\Documents\Playground\University\senior-project-1\dataset\internet\clear\รายการเย็ดแม่.wav,7.999999999999998,8.499999999999998,none,0.5,none_sample,8000
C:\Users\muldi\Documents\Playground\University\senior-project-1\dataset\internet\clear\รายการเย็ดแม่.wav,8.499999999999998,8.999999999999998,none,0.5,none_sample,8000
C:\Users\muldi\Documents\Playground\University\senior-project-1\dataset\internet\clear\รายการเย็ดแม่.wav,8.999999999999998,9.499999999999998,none,0.5,none_sample,8000
C:\Users\muldi\Documents\Playground\University\senior-project-1\dataset\internet\clear\รายการเย็ดแม่.wav,9.499999999999998,9.999999999999998,none,0.5,none_sample,8000
C:\Users\muldi\Documents\Playground\University\senior-project-1\dataset\internet\clear\รายการเย็ดแม่.wav,9.999999999999998,10.499999999999998,none,0.5,none_sample,8000
C:\Users\muldi\Documents\Playground\University\senior-project-1\dataset\internet\clear\รายการเย็ดแม่.wav,10.499999999999998,10.999999999999998,none,0.5,none_sample,8000
C:\Users\muldi\Documents\Playground\University\senior-project-1\dataset\internet\clear\รายการเย็ดแม่.wav,10.999999999999998,11.499999999999998,none,0.5,none_sample,8000
C:\Users\muldi\Documents\Playground\University\senior-project-1\dataset\internet\clear\รายการเย็ดแม่.wav,11.499999999999998,11.999999999999998,none,0.5,none_sample,8000
C:\Users\muldi\Documents\Playground\University\senior-project-1\dataset\internet\clear\รายการเย็ดแม่.wav,11.999999999999998,12.499999999999998,none,0.5,none_sample,8000
C:\Users\muldi\Documents\Playground\University\senior-project-1\dataset\internet\clear\รายการเย็ดแม่.wav,12.499999999999998,12.999999999999998,none,0.5,none_sample,8000
C:\Users\muldi\Documents\Playground\University\senior-project-1\dataset\internet\clear\รายการเย็ดแม่.wav,12.999999999999998,13.499999999999998,none,0.5,none_sample,8000
C:\Users\muldi\Documents\Playground\University\senior-project-1\dataset\internet\clear\รายการเย็ดแม่.wav,13.499999999999998,13.999999999999998,none,0.5,none_sample,8000
C:\Users\muldi\Documents\Playground\University\senior-project-1\dataset\internet\clear\รายการเย็ดแม่.wav,13.999999999999998,14.499999999999998,none,0.5,none_sample,8000
C:\Users\muldi\Documents\Playground\University\senior-project-1\dataset\internet\clear\รายการเย็ดแม่.wav,14.499999999999998,14.999999999999998,none,0.5,none_sample,8000
C:\Users\muldi\Documents\Playground\University\senior-project-1\dataset\internet\clear\รายการเย็ดแม่.wav,14.999999999999998,15.499999999999998,none,0.5,none_sample,8000
C:\Users\muldi\Documents\Playground\University\senior-project-1\dataset\internet\clear\รายการเย็ดแม่.wav,15.499999999999998,15.999999999999998,none,0.5,none_sample,8000
C:\Users\muldi\Documents\Playground\University\senior-project-1\dataset\internet\clear\รายการเย็ดแม่.wav,15.999999999999998,16.5,none,0.5,none_sample,8000
C:\Users\muldi\Documents\Playground\University\senior-project-1\dataset\internet\clear\รายการเย็ดแม่.wav,16.5,17.0,none,0.5,none_sample,8000
C:\Users\muldi\Documents\Playground\University\senior-project-1\dataset\internet\clear\รายการเย็ดแม่.wav,17.0,17.5,none,0.5,none_sample,8000
C:\Users\muldi\Documents\Playground\University\senior-project-1\dataset\internet\clear\รายการเย็ดแม่.wav,17.5,18.0,none,0.5,none_sample,8000
C:\Users\muldi\Documents\Playground\University\senior-project-1\dataset\internet\clear\รายการเย็ดแม่.wav,18.0,18.5,none,0.5,none_sample,8000
C:\Users\muldi\Documents\Playground\University\senior-project-1\dataset\internet\clear\รายการเย็ดแม่.wav,18.5,19.0,none,0.5,none_sample,8000
C:\Users\muldi\Documents\Playground\University\senior-project-1\dataset\internet\clear\รายการเย็ดแม่.wav,19.0,19.5,none,0.5,none_sample,8000
C:\Users\muldi\Documents\Playground\University\senior-project-1\dataset\internet\clear\รายการเย็ดแม่.wav,19.5,20.0,none,0.5,none_sample,8000
C:\Users\muldi\Documents\Playground\University\senior-project-1\dataset\internet\clear\รายการเย็ดแม่.wav,20.0,20.5,none,0.5,none_sample,8000
C:\Users\muldi\Documents\Playground\University\senior-project-1\dataset\internet\clear\รายการเย็ดแม่.wav,20.5,21.0,none,0.5,none_sample,8000
C:\Users\muldi\Documents\Playground\University\senior-project-1\dataset\internet\clear\รายการเย็ดแม่.wav,21.0,21.5,none,0.5,none_sample,8000
C:\Users\muldi\Documents\Playground\University\senior-project-1\dataset\internet\clear\รายการเย็ดแม่.wav,21.5,22.0,none,0.5,none_sample,8000
C:\Users\muldi\Documents\Playground\University\senior-project-1\dataset\internet\clear\รายการเย็ดแม่.wav,22.0,22.5,none,0.5,none_sample,8000
C:\Users\muldi\Documents\Playground\University\senior-project-1\dataset\internet\clear\รายการเย็ดแม่.wav,22.5,23.0,none,0.5,none_sample,8000
C:\Users\muldi\Documents\Playground\University\senior-project-1\dataset\internet\clear\รายการเย็ดแม่.wav,23.0,23.5,none,0.5,none_sample,8000
C:\Users\muldi\Documents\Playground\University\senior-project-1\dataset\internet\clear\รายการเย็ดแม่.wav,23.5,24.0,none,0.5,none_sample,8000
C:\Users\muldi\Documents\Playground\University\senior-project-1\dataset\internet\clear\รายการเย็ดแม่.wav,24.0,24.5,none,0.5,none_sample,8000
C:\Users\muldi\Documents\Playground\University\senior-project-1\dataset\internet\clear\รายการเย็ดแม่.wav,24.5,25.0,none,0.5,none_sample,8000
C:\Users\muldi\Documents\Playground\University\senior-project-1\dataset\internet\clear\รายการเย็ดแม่.wav,25.0,25.5,none,0.5,none_sample,8000
C:\Users\muldi\Documents\Playground\University\senior-project-1\dataset\internet\clear\รายการเย็ดแม่.wav,25.5,26.0,none,0.5,none_sample,8000
C:\Users\muldi\Documents\Playground\University\senior-project-1\dataset\internet\clear\รายการเย็ดแม่.wav,26.0,26.5,none,0.5,none_sample,8000
C:\Users\muldi\Documents\Playground\University\senior-project-1\dataset\internet\clear\รายการเย็ดแม่.wav,26.5,27.0,none,0.5,none_sample,8000
C:\Users\muldi\Documents\Playground\University\senior-project-1\dataset\internet\clear\รายการเย็ดแม่.wav,27.0,27.5,none,0.5,none_sample,8000
C:\Users\muldi\Documents\Playground\University\senior-project-1\dataset\internet\clear\รายการเย็ดแม่.wav,28.15000000000001,28.65000000000001,none,0.5,none_sample,8000
C:\Users\muldi\Documents\Playground\University\senior-project-1\dataset\internet\clear\รายการเย็ดแม่.wav,28.65000000000001,29.15000000000001,none,0.5,none_sample,8000
C:\Users\muldi\Documents\Playground\University\senior-project-1\dataset\internet\clear\รายการเย็ดแม่.wav,29.15000000000001,29.65000000000001,none,0.5,none_sample,8000
C:\Users\muldi\Documents\Playground\University\senior-project-1\dataset\internet\clear\รายการเย็ดแม่.wav,29.65000000000001,30.15000000000001,none,0.5,none_sample,8000
C:\Users\muldi\Documents\Playground\University\senior-project-1\dataset\internet\clear\รายการเย็ดแม่.wav,30.15000000000001,30.65000000000001,none,0.5,none_sample,8000
C:\Users\muldi\Documents\Playground\University\senior-project-1\dataset\internet\clear\รายการเย็ดแม่.wav,30.65000000000001,31.15000000000001,none,0.5,none_sample,8000
C:\Users\muldi\Documents\Playground\University\senior-project-1\dataset\internet\clear\รายการเย็ดแม่.wav,31.15000000000001,31.65000000000001,none,0.5,none_sample,8000
C:\Users\muldi\Documents\Playground\University\senior-project-1\dataset\internet\clear\รายการเย็ดแม่.wav,31.65000000000001,32.150000000000006,none,0.5,none_sample,8000
C:\Users\muldi\Documents\Playground\University\senior-project-1\dataset\internet\clear\รายการเย็ดแม่.wav,32.79999999999997,33.29999999999997,none,0.5,none_sample,8000
C:\Users\muldi\Documents\Playground\University\senior-project-1\dataset\internet\clear\รายการเย็ดแม่.wav,33.29999999999997,33.79999999999997,none,0.5,none_sample,8000
C:\Users\muldi\Documents\Playground\University\senior-project-1\dataset\internet\clear\รายการเย็ดแม่.wav,34.049999999999955,34.549999999999955,none,0.5,none_sample,8000
C:\Users\muldi\Documents\Playground\University\senior-project-1\dataset\internet\clear\รายการเย็ดแม่.wav,35.599999999999895,36.099999999999895,none,0.5,none_sample,8000
C:\Users\muldi\Documents\Playground\University\senior-project-1\dataset\internet\clear\รายการเย็ดแม่.wav,36.099999999999895,36.599999999999895,none,0.5,none_sample,8000
C:\Users\muldi\Documents\Playground\University\senior-project-1\dataset\internet\clear\รายการเย็ดแม่.wav,37.04999999999987,37.54999999999987,none,0.5,none_sample,8000
C:\Users\muldi\Documents\Playground\University\senior-project-1\dataset\internet\clear\รายการเย็ดแม่.wav,37.54999999999987,38.04999999999987,none,0.5,none_sample,8000
C:\Users\muldi\Documents\Playground\University\senior-project-1\dataset\internet\clear\รายการเย็ดแม่.wav,38.04999999999987,38.54999999999987,none,0.5,none_sample,8000
C:\Users\muldi\Documents\Playground\University\senior-project-1\dataset\internet\clear\รายการเย็ดแม่.wav,38.54999999999987,39.04999999999987,none,0.5,none_sample,8000
C:\Users\muldi\Documents\Playground\University\senior-project-1\dataset\internet\clear\รายการเย็ดแม่.wav,39.04999999999987,39.54999999999987,none,0.5,none_sample,8000
C:\Users\muldi\Documents\Playground\University\senior-project-1\dataset\internet\clear\รายการเย็ดแม่.wav,39.54999999999987,40.04999999999987,none,0.5,none_sample,8000
C:\Users\muldi\Documents\Playground\University\senior-project-1\dataset\internet\clear\รายการเย็ดแม่.wav,40.04999999999987,40.54999999999987,none,0.5,none_sample,8000
C:\Users\muldi\Documents\Playground\University\senior-project-1\dataset\internet\clear\รายการเย็ดแม่.wav,40.54999999999987,41.04999999999987,none,0.5,none_sample,8000
C:\Users\muldi\Documents\Playground\University\senior-project-1\dataset\internet\clear\รายการเย็ดแม่.wav,41.04999999999987,41.54999999999987,none,0.5,none_sample,8000
C:\Users\muldi\Documents\Playground\University\senior-project-1\dataset\internet\clear\รายการเย็ดแม่.wav,41.54999999999987,42.04999999999987,none,0.5,none_sample,8000
C:\Users\muldi\Documents\Playground\University\senior-project-1\dataset\internet\clear\รายการเย็ดแม่.wav,42.04999999999987,42.54999999999987,none,0.5,none_sample,8000
C:\Users\muldi\Documents\Playground\University\senior-project-1\dataset\internet\clear\รายการเย็ดแม่.wav,42.54999999999987,43.04999999999987,none,0.5,none_sample,8000
C:\Users\muldi\Documents\Playground\University\senior-project-1\dataset\internet\clear\รายการเย็ดแม่.wav,43.04999999999987,43.54999999999987,none,0.5,none_sample,8000
C:\Users\muldi\Documents\Playground\University\senior-project-1\dataset\internet\clear\รายการเย็ดแม่.wav,43.54999999999987,44.04999999999987,none,0.5,none_sample,8000
C:\Users\muldi\Documents\Playground\University\senior-project-1\dataset\internet\clear\รายการเย็ดแม่.wav,44.04999999999987,44.54999999999987,none,0.5,none_sample,8000
C:\Users\muldi\Documents\Playground\University\senior-project-1\dataset\internet\clear\รายการเย็ดแม่.wav,44.54999999999987,45.04999999999987,none,0.5,none_sample,8000
C:\Users\muldi\Documents\Playground\University\senior-project-1\dataset\internet\clear\รายการเย็ดแม่.wav,45.04999999999987,45.54999999999987,none,0.5,none_sample,8000
C:\Users\muldi\Documents\Playground\University\senior-project-1\dataset\internet\clear\รายการเย็ดแม่.wav,45.54999999999987,46.04999999999987,none,0.5,none_sample,8000
C:\Users\muldi\Documents\Playground\University\senior-project-1\dataset\internet\clear\รายการเย็ดแม่.wav,46.04999999999987,46.54999999999987,none,0.5,none_sample,8000
C:\Users\muldi\Documents\Playground\University\senior-project-1\dataset\internet\clear\รายการเย็ดแม่.wav,46.54999999999987,47.04999999999987,none,0.5,none_sample,8000
C:\Users\muldi\Documents\Playground\University\senior-project-1\dataset\internet\clear\รายการเย็ดแม่.wav,47.04999999999987,47.54999999999987,none,0.5,none_sample,8000
C:\Users\muldi\Documents\Playground\University\senior-project-1\dataset\internet\clear\รายการเย็ดแม่.wav,47.54999999999987,48.04999999999987,none,0.5,none_sample,8000
C:\Users\muldi\Documents\Playground\University\senior-project-1\dataset\internet\clear\รายการเย็ดแม่.wav,48.04999999999987,48.54999999999987,none,0.5,none_sample,8000
C:\Users\muldi\Documents\Playground\University\senior-project-1\dataset\internet\clear\รายการเย็ดแม่.wav,48.54999999999987,49.04999999999987,none,0.5,none_sample,8000
C:\Users\muldi\Documents\Playground\University\senior-project-1\dataset\internet\clear\รายการเย็ดแม่.wav,49.04999999999987,49.54999999999987,none,0.5,none_sample,8000
C:\Users\muldi\Documents\Playground\University\senior-project-1\dataset\internet\clear\รายการเย็ดแม่.wav,49.54999999999987,50.04999999999987,none,0.5,none_sample,8000
C:\Users\muldi\Documents\Playground\University\senior-project-1\dataset\internet\clear\ลิ้นจระเข้ กินอะไรก็อร่อย.wav,2.9796745,3.4796745,กู,0.5,main,8000
C:\Users\muldi\Documents\Playground\University\senior-project-1\dataset\internet\clear\ลิ้นจระเข้ กินอะไรก็อร่อย.wav,5.909426,6.409426,กู,0.5,context_0.2,8000
C:\Users\muldi\Documents\Playground\University\senior-project-1\dataset\internet\clear\ลิ้นจระเข้ กินอะไรก็อร่อย.wav,5.959426,6.459426,กู,0.5,context_0.4,8000
C:\Users\muldi\Documents\Playground\University\senior-project-1\dataset\internet\clear\ลิ้นจระเข้ กินอะไรก็อร่อย.wav,6.009426,6.509426,กู,0.5,context_0.6,8000
C:\Users\muldi\Documents\Playground\University\senior-project-1\dataset\internet\clear\ลิ้นจระเข้ กินอะไรก็อร่อย.wav,6.059426,6.559426,กู,0.5,context_0.8,8000
C:\Users\muldi\Documents\Playground\University\senior-project-1\dataset\internet\clear\ลิ้นจระเข้ กินอะไรก็อร่อย.wav,11.9628985,12.4628985,กู,0.5,main,8000
C:\Users\muldi\Documents\Playground\University\senior-project-1\dataset\internet\clear\ลิ้นจระเข้ กินอะไรก็อร่อย.wav,18.005243,18.505243,กู,0.5,context_0.2,8000
C:\Users\muldi\Documents\Playground\University\senior-project-1\dataset\internet\clear\ลิ้นจระเข้ กินอะไรก็อร่อย.wav,18.055243,18.555243,กู,0.5,context_0.4,8000
C:\Users\muldi\Documents\Playground\University\senior-project-1\dataset\internet\clear\ลิ้นจระเข้ กินอะไรก็อร่อย.wav,18.105242999999998,18.605242999999998,กู,0.5,context_0.6,8000
C:\Users\muldi\Documents\Playground\University\senior-project-1\dataset\internet\clear\ลิ้นจระเข้ กินอะไรก็อร่อย.wav,18.155243,18.655243,กู,0.5,context_0.8,8000
C:\Users\muldi\Documents\Playground\University\senior-project-1\dataset\internet\clear\ลิ้นจระเข้ กินอะไรก็อร่อย.wav,19.092715000000002,19.592715000000002,กู,0.5,context_0.2,8000
C:\Users\muldi\Documents\Playground\University\senior-project-1\dataset\internet\clear\ลิ้นจระเข้ กินอะไรก็อร่อย.wav,19.142715000000003,19.642715000000003,กู,0.5,context_0.4,8000
C:\Users\muldi\Documents\Playground\University\senior-project-1\dataset\internet\clear\ลิ้นจระเข้ กินอะไรก็อร่อย.wav,19.192715,19.692715,กู,0.5,context_0.6,8000
C:\Users\muldi\Documents\Playground\University\senior-project-1\dataset\internet\clear\ลิ้นจระเข้ กินอะไรก็อร่อย.wav,19.242715,19.742715,กู,0.5,context_0.8,8000
C:\Users\muldi\Documents\Playground\University\senior-project-1\dataset\internet\clear\ลิ้นจระเข้ กินอะไรก็อร่อย.wav,19.967191,20.467191,กู,0.5,context_0.2,8000
C:\Users\muldi\Documents\Playground\University\senior-project-1\dataset\internet\clear\ลิ้นจระเข้ กินอะไรก็อร่อย.wav,20.017191,20.517191,กู,0.5,context_0.4,8000
C:\Users\muldi\Documents\Playground\University\senior-project-1\dataset\internet\clear\ลิ้นจระเข้ กินอะไรก็อร่อย.wav,20.067190999999998,20.567190999999998,กู,0.5,context_0.6,8000
C:\Users\muldi\Documents\Playground\University\senior-project-1\dataset\internet\clear\ลิ้นจระเข้ กินอะไรก็อร่อย.wav,20.117191,20.617191,กู,0.5,context_0.8,8000
C:\Users\muldi\Documents\Playground\University\senior-project-1\dataset\internet\clear\ลิ้นจระเข้ กินอะไรก็อร่อย.wav,39.536404999999995,40.036404999999995,กู,0.5,context_0.2,8000
C:\Users\muldi\Documents\Playground\University\senior-project-1\dataset\internet\clear\ลิ้นจระเข้ กินอะไรก็อร่อย.wav,39.586405,40.086405,กู,0.5,context_0.4,8000
C:\Users\muldi\Documents\Playground\University\senior-project-1\dataset\internet\clear\ลิ้นจระเข้ กินอะไรก็อร่อย.wav,39.636404999999996,40.136404999999996,กู,0.5,context_0.6,8000
C:\Users\muldi\Documents\Playground\University\senior-project-1\dataset\internet\clear\ลิ้นจระเข้ กินอะไรก็อร่อย.wav,39.686405,40.186405,กู,0.5,context_0.8,8000
C:\Users\muldi\Documents\Playground\University\senior-project-1\dataset\internet\clear\ลิ้นจระเข้ กินอะไรก็อร่อย.wav,40.002086999999996,40.502086999999996,กู,0.5,context_0.2,8000
C:\Users\muldi\Documents\Playground\University\senior-project-1\dataset\internet\clear\ลิ้นจระเข้ กินอะไรก็อร่อย.wav,40.052087,40.552087,กู,0.5,context_0.4,8000
C:\Users\muldi\Documents\Playground\University\senior-project-1\dataset\internet\clear\ลิ้นจระเข้ กินอะไรก็อร่อย.wav,40.102087,40.602087,กู,0.5,context_0.6,8000
C:\Users\muldi\Documents\Playground\University\senior-project-1\dataset\internet\clear\ลิ้นจระเข้ กินอะไรก็อร่อย.wav,40.152087,40.652087,กู,0.5,context_0.8,8000
C:\Users\muldi\Documents\Playground\University\senior-project-1\dataset\internet\clear\ลิ้นจระเข้ กินอะไรก็อร่อย.wav,41.155024,41.655024,มึง,0.5,context_0.2,8000
C:\Users\muldi\Documents\Playground\University\senior-project-1\dataset\internet\clear\ลิ้นจระเข้ กินอะไรก็อร่อย.wav,41.205024,41.705024,มึง,0.5,context_0.4,8000
C:\Users\muldi\Documents\Playground\University\senior-project-1\dataset\internet\clear\ลิ้นจระเข้ กินอะไรก็อร่อย.wav,41.255024,41.755024,มึง,0.5,context_0.6,8000
C:\Users\muldi\Documents\Playground\University\senior-project-1\dataset\internet\clear\ลิ้นจระเข้ กินอะไรก็อร่อย.wav,41.305024,41.805024,มึง,0.5,context_0.8,8000
C:\Users\muldi\Documents\Playground\University\senior-project-1\dataset\internet\clear\ลิ้นจระเข้ กินอะไรก็อร่อย.wav,41.4721395,41.9721395,กู,0.5,main,8000
C:\Users\muldi\Documents\Playground\University\senior-project-1\dataset\internet\clear\ลิ้นจระเข้ กินอะไรก็อร่อย.wav,53.628055999999994,54.128055999999994,กู,0.5,context_0.2,8000
C:\Users\muldi\Documents\Playground\University\senior-project-1\dataset\internet\clear\ลิ้นจระเข้ กินอะไรก็อร่อย.wav,53.678056,54.178056,กู,0.5,context_0.4,8000
C:\Users\muldi\Documents\Playground\University\senior-project-1\dataset\internet\clear\ลิ้นจระเข้ กินอะไรก็อร่อย.wav,53.728055999999995,54.228055999999995,กู,0.5,context_0.6,8000
C:\Users\muldi\Documents\Playground\University\senior-project-1\dataset\internet\clear\ลิ้นจระเข้ กินอะไรก็อร่อย.wav,53.778056,54.278056,กู,0.5,context_0.8,8000
C:\Users\muldi\Documents\Playground\University\senior-project-1\dataset\internet\clear\ลิ้นจระเข้ กินอะไรก็อร่อย.wav,58.514533,59.014533,กู,0.5,context_0.2,8000
C:\Users\muldi\Documents\Playground\University\senior-project-1\dataset\internet\clear\ลิ้นจระเข้ กินอะไรก็อร่อย.wav,58.564533000000004,59.064533000000004,กู,0.5,context_0.4,8000
C:\Users\muldi\Documents\Playground\University\senior-project-1\dataset\internet\clear\ลิ้นจระเข้ กินอะไรก็อร่อย.wav,58.614533,59.114533,กู,0.5,context_0.6,8000
C:\Users\muldi\Documents\Playground\University\senior-project-1\dataset\internet\clear\ลิ้นจระเข้ กินอะไรก็อร่อย.wav,58.664533000000006,59.164533000000006,กู,0.5,context_0.8,8000
C:\Users\muldi\Documents\Playground\University\senior-project-1\dataset\internet\clear\ลิ้นจระเข้ กินอะไรก็อร่อย.wav,58.656471999999994,59.156471999999994,เหี้ย,0.5,main,8000
C:\Users\muldi\Documents\Playground\University\senior-project-1\dataset\internet\clear\ลิ้นจระเข้ กินอะไรก็อร่อย.wav,59.609531,60.109531,กู,0.5,context_0.2,8000
C:\Users\muldi\Documents\Playground\University\senior-project-1\dataset\internet\clear\ลิ้นจระเข้ กินอะไรก็อร่อย.wav,59.659531,60.159531,กู,0.5,context_0.4,8000
C:\Users\muldi\Documents\Playground\University\senior-project-1\dataset\internet\clear\ลิ้นจระเข้ กินอะไรก็อร่อย.wav,59.709531,60.209531,กู,0.5,context_0.6,8000
C:\Users\muldi\Documents\Playground\University\senior-project-1\dataset\internet\clear\ลิ้นจระเข้ กินอะไรก็อร่อย.wav,59.759531,60.259531,กู,0.5,context_0.8,8000
C:\Users\muldi\Documents\Playground\University\senior-project-1\dataset\internet\clear\ลิ้นจระเข้ กินอะไรก็อร่อย.wav,60.457525,60.957525,กู,0.5,context_0.2,8000
C:\Users\muldi\Documents\Playground\University\senior-project-1\dataset\internet\clear\ลิ้นจระเข้ กินอะไรก็อร่อย.wav,60.507525,61.007525,กู,0.5,context_0.4,8000
C:\Users\muldi\Documents\Playground\University\senior-project-1\dataset\internet\clear\ลิ้นจระเข้ กินอะไรก็อร่อย.wav,60.557525,61.057525,กู,0.5,context_0.6,8000
C:\Users\muldi\Documents\Playground\University\senior-project-1\dataset\internet\clear\ลิ้นจระเข้ กินอะไรก็อร่อย.wav,60.607525,61.107525,กู,0.5,context_0.8,8000
C:\Users\muldi\Documents\Playground\University\senior-project-1\dataset\internet\clear\ลิ้นจระเข้ กินอะไรก็อร่อย.wav,0.0,0.5,none,0.5,none_sample,8000
C:\Users\muldi\Documents\Playground\University\senior-project-1\dataset\internet\clear\ลิ้นจระเข้ กินอะไรก็อร่อย.wav,0.5,1.0,none,0.5,none_sample,8000
C:\Users\muldi\Documents\Playground\University\senior-project-1\dataset\internet\clear\ลิ้นจระเข้ กินอะไรก็อร่อย.wav,1.0,1.5,none,0.5,none_sample,8000
C:\Users\muldi\Documents\Playground\University\senior-project-1\dataset\internet\clear\ลิ้นจระเข้ กินอะไรก็อร่อย.wav,1.5,2.0,none,0.5,none_sample,8000
C:\Users\muldi\Documents\Playground\University\senior-project-1\dataset\internet\clear\ลิ้นจระเข้ กินอะไรก็อร่อย.wav,2.0,2.5,none,0.5,none_sample,8000
C:\Users\muldi\Documents\Playground\University\senior-project-1\dataset\internet\clear\ลิ้นจระเข้ กินอะไรก็อร่อย.wav,2.5,3.0,none,0.5,none_sample,8000
C:\Users\muldi\Documents\Playground\University\senior-project-1\dataset\internet\clear\ลิ้นจระเข้ กินอะไรก็อร่อย.wav,3.3499999999999988,3.8499999999999988,none,0.5,none_sample,8000
C:\Users\muldi\Documents\Playground\University\senior-project-1\dataset\internet\clear\ลิ้นจระเข้ กินอะไรก็อร่อย.wav,3.8499999999999988,4.349999999999999,none,0.5,none_sample,8000
C:\Users\muldi\Documents\Playground\University\senior-project-1\dataset\internet\clear\ลิ้นจระเข้ กินอะไรก็อร่อย.wav,4.349999999999999,4.849999999999999,none,0.5,none_sample,8000
C:\Users\muldi\Documents\Playground\University\senior-project-1\dataset\internet\clear\ลิ้นจระเข้ กินอะไรก็อร่อย.wav,4.849999999999999,5.349999999999999,none,0.5,none_sample,8000
C:\Users\muldi\Documents\Playground\University\senior-project-1\dataset\internet\clear\ลิ้นจระเข้ กินอะไรก็อร่อย.wav,5.349999999999999,5.849999999999999,none,0.5,none_sample,8000
C:\Users\muldi\Documents\Playground\University\senior-project-1\dataset\internet\clear\ลิ้นจระเข้ กินอะไรก็อร่อย.wav,6.249999999999997,6.749999999999997,none,0.5,none_sample,8000
C:\Users\muldi\Documents\Playground\University\senior-project-1\dataset\internet\clear\ลิ้นจระเข้ กินอะไรก็อร่อย.wav,6.749999999999997,7.249999999999997,none,0.5,none_sample,8000
C:\Users\muldi\Documents\Playground\University\senior-project-1\dataset\internet\clear\ลิ้นจระเข้ กินอะไรก็อร่อย.wav,7.249999999999997,7.749999999999997,none,0.5,none_sample,8000
C:\Users\muldi\Documents\Playground\University\senior-project-1\dataset\internet\clear\ลิ้นจระเข้ กินอะไรก็อร่อย.wav,7.749999999999997,8.249999999999996,none,0.5,none_sample,8000
C:\Users\muldi\Documents\Playground\University\senior-project-1\dataset\internet\clear\ลิ้นจระเข้ กินอะไรก็อร่อย.wav,8.249999999999996,8.749999999999996,none,0.5,none_sample,8000
C:\Users\muldi\Documents\Playground\University\senior-project-1\dataset\internet\clear\วิ่งหนี or วิ่งใส่.wav,3.466494,3.966494,กู,0.5,main,8000
C:\Users\muldi\Documents\Playground\University\senior-project-1\dataset\internet\clear\วิ่งหนี or วิ่งใส่.wav,4.7584205,5.2584205,กู,0.5,main,8000
C:\Users\muldi\Documents\Playground\University\senior-project-1\dataset\internet\clear\วิ่งหนี or วิ่งใส่.wav,6.8929745,7.3929745,กู,0.5,main,8000
C:\Users\muldi\Documents\Playground\University\senior-project-1\dataset\internet\clear\วิ่งหนี or วิ่งใส่.wav,7.764349999999999,8.26435,กู,0.5,context_0.2,8000
C:\Users\muldi\Documents\Playground\University\senior-project-1\dataset\internet\clear\วิ่งหนี or วิ่งใส่.wav,7.814349999999999,8.31435,กู,0.5,context_0.4,8000
C:\Users\muldi\Documents\Playground\University\senior-project-1\dataset\internet\clear\วิ่งหนี or วิ่งใส่.wav,7.86435,8.36435,กู,0.5,context_0.6,8000
C:\Users\muldi\Documents\Playground\University\senior-project-1\dataset\internet\clear\วิ่งหนี or วิ่งใส่.wav,7.91435,8.414349999999999,กู,0.5,context_0.8,8000
C:\Users\muldi\Documents\Playground\University\senior-project-1\dataset\internet\clear\วิ่งหนี or วิ่งใส่.wav,9.116966,9.616966,กู,0.5,main,8000
C:\Users\muldi\Documents\Playground\University\senior-project-1\dataset\internet\clear\วิ่งหนี or วิ่งใส่.wav,11.644661000000001,12.144661000000001,กู,0.5,context_0.2,8000
C:\Users\muldi\Documents\Playground\University\senior-project-1\dataset\internet\clear\วิ่งหนี or วิ่งใส่.wav,11.694661,12.194661,กู,0.5,context_0.4,8000
C:\Users\muldi\Documents\Playground\University\senior-project-1\dataset\internet\clear\วิ่งหนี or วิ่งใส่.wav,11.744661,12.244661,กู,0.5,context_0.6,8000
C:\Users\muldi\Documents\Playground\University\senior-project-1\dataset\internet\clear\วิ่งหนี or วิ่งใส่.wav,11.794661,12.294661,กู,0.5,context_0.8,8000
C:\Users\muldi\Documents\Playground\University\senior-project-1\dataset\internet\clear\วิ่งหนี or วิ่งใส่.wav,12.340756500000001,12.840756500000001,มึง,0.5,main,8000
C:\Users\muldi\Documents\Playground\University\senior-project-1\dataset\internet\clear\วิ่งหนี or วิ่งใส่.wav,0.0,0.5,none,0.5,none_sample,8000
C:\Users\muldi\Documents\Playground\University\senior-project-1\dataset\internet\clear\วิ่งหนี or วิ่งใส่.wav,0.5,1.0,none,0.5,none_sample,8000
C:\Users\muldi\Documents\Playground\University\senior-project-1\dataset\internet\clear\วิ่งหนี or วิ่งใส่.wav,1.0,1.5,none,0.5,none_sample,8000
C:\Users\muldi\Documents\Playground\University\senior-project-1\dataset\internet\clear\วิ่งหนี or วิ่งใส่.wav,1.5,2.0,none,0.5,none_sample,8000
C:\Users\muldi\Documents\Playground\University\senior-project-1\dataset\internet\clear\ศาลเจ้าทางม้าลายอยู่ไหน!!.wav,39.578927,40.078927,กู,0.5,context_0.2,8000
C:\Users\muldi\Documents\Playground\University\senior-project-1\dataset\internet\clear\ศาลเจ้าทางม้าลายอยู่ไหน!!.wav,39.628927000000004,40.128927000000004,กู,0.5,context_0.4,8000
C:\Users\muldi\Documents\Playground\University\senior-project-1\dataset\internet\clear\ศาลเจ้าทางม้าลายอยู่ไหน!!.wav,39.678927,40.178927,กู,0.5,context_0.6,8000
C:\Users\muldi\Documents\Playground\University\senior-project-1\dataset\internet\clear\ศาลเจ้าทางม้าลายอยู่ไหน!!.wav,39.728927000000006,40.228927000000006,กู,0.5,context_0.8,8000
C:\Users\muldi\Documents\Playground\University\senior-project-1\dataset\internet\clear\ศาลเจ้าทางม้าลายอยู่ไหน!!.wav,43.793687999999996,44.293687999999996,เหี้ย,0.5,context_0.2,8000
C:\Users\muldi\Documents\Playground\University\senior-project-1\dataset\internet\clear\ศาลเจ้าทางม้าลายอยู่ไหน!!.wav,43.843688,44.343688,เหี้ย,0.5,context_0.4,8000
C:\Users\muldi\Documents\Playground\University\senior-project-1\dataset\internet\clear\ศาลเจ้าทางม้าลายอยู่ไหน!!.wav,43.893688,44.393688,เหี้ย,0.5,context_0.6,8000
C:\Users\muldi\Documents\Playground\University\senior-project-1\dataset\internet\clear\ศาลเจ้าทางม้าลายอยู่ไหน!!.wav,43.943688,44.443688,เหี้ย,0.5,context_0.8,8000
C:\Users\muldi\Documents\Playground\University\senior-project-1\dataset\internet\clear\ศาลเจ้าทางม้าลายอยู่ไหน!!.wav,45.177464,45.677464,กู,0.5,context_0.2,8000
C:\Users\muldi\Documents\Playground\University\senior-project-1\dataset\internet\clear\ศาลเจ้าทางม้าลายอยู่ไหน!!.wav,45.227464000000005,45.727464000000005,กู,0.5,context_0.4,8000
C:\Users\muldi\Documents\Playground\University\senior-project-1\dataset\internet\clear\ศาลเจ้าทางม้าลายอยู่ไหน!!.wav,45.277464,45.777464,กู,0.5,context_0.6,8000
C:\Users\muldi\Documents\Playground\University\senior-project-1\dataset\internet\clear\ศาลเจ้าทางม้าลายอยู่ไหน!!.wav,45.327464000000006,45.827464000000006,กู,0.5,context_0.8,8000
C:\Users\muldi\Documents\Playground\University\senior-project-1\dataset\internet\clear\ศาลเจ้าทางม้าลายอยู่ไหน!!.wav,0.0,0.5,none,0.5,none_sample,8000
C:\Users\muldi\Documents\Playground\University\senior-project-1\dataset\internet\clear\ศาลเจ้าทางม้าลายอยู่ไหน!!.wav,0.5,1.0,none,0.5,none_sample,8000
C:\Users\muldi\Documents\Playground\University\senior-project-1\dataset\internet\clear\ศาลเจ้าทางม้าลายอยู่ไหน!!.wav,1.0,1.5,none,0.5,none_sample,8000
C:\Users\muldi\Documents\Playground\University\senior-project-1\dataset\internet\clear\ศาลเจ้าทางม้าลายอยู่ไหน!!.wav,1.5,2.0,none,0.5,none_sample,8000
C:\Users\muldi\Documents\Playground\University\senior-project-1\dataset\internet\clear\อะชิมะหม๋า.wav,9.981355,10.481355,กู,0.5,context_0.2,8000
C:\Users\muldi\Documents\Playground\University\senior-project-1\dataset\internet\clear\อะชิมะหม๋า.wav,10.031355,10.531355,กู,0.5,context_0.4,8000
C:\Users\muldi\Documents\Playground\University\senior-project-1\dataset\internet\clear\อะชิมะหม๋า.wav,10.081355,10.581355,กู,0.5,context_0.6,8000
C:\Users\muldi\Documents\Playground\University\senior-project-1\dataset\internet\clear\อะชิมะหม๋า.wav,10.131355,10.631355,กู,0.5,context_0.8,8000
C:\Users\muldi\Documents\Playground\University\senior-project-1\dataset\internet\clear\อะชิมะหม๋า.wav,18.463428,18.963428,กู,0.5,context_0.2,8000
C:\Users\muldi\Documents\Playground\University\senior-project-1\dataset\internet\clear\อะชิมะหม๋า.wav,18.513428,19.013428,กู,0.5,context_0.4,8000
C:\Users\muldi\Documents\Playground\University\senior-project-1\dataset\internet\clear\อะชิมะหม๋า.wav,18.563428,19.063428,กู,0.5,context_0.6,8000
C:\Users\muldi\Documents\Playground\University\senior-project-1\dataset\internet\clear\อะชิมะหม๋า.wav,18.613428,19.113428,กู,0.5,context_0.8,8000
C:\Users\muldi\Documents\Playground\University\senior-project-1\dataset\internet\clear\อะชิมะหม๋า.wav,18.962031500000002,19.462031500000002,มึง,0.5,main,8000
C:\Users\muldi\Documents\Playground\University\senior-project-1\dataset\internet\clear\อะชิมะหม๋า.wav,0.0,0.5,none,0.5,none_sample,8000
C:\Users\muldi\Documents\Playground\University\senior-project-1\dataset\internet\clear\อะชิมะหม๋า.wav,0.5,1.0,none,0.5,none_sample,8000
C:\Users\muldi\Documents\Playground\University\senior-project-1\dataset\internet\clear\อะชิมะหม๋า.wav,1.0,1.5,none,0.5,none_sample,8000
C:\Users\muldi\Documents\Playground\University\senior-project-1\dataset\internet\clear\อะไรหายากสุด.wav,13.786202000000001,14.286202000000001,มึง,0.5,context_0.2,8000
C:\Users\muldi\Documents\Playground\University\senior-project-1\dataset\internet\clear\อะไรหายากสุด.wav,13.836202,14.336202,มึง,0.5,context_0.4,8000
C:\Users\muldi\Documents\Playground\University\senior-project-1\dataset\internet\clear\อะไรหายากสุด.wav,13.886202,14.386202,มึง,0.5,context_0.6,8000
C:\Users\muldi\Documents\Playground\University\senior-project-1\dataset\internet\clear\อะไรหายากสุด.wav,13.936202,14.436202,มึง,0.5,context_0.8,8000
C:\Users\muldi\Documents\Playground\University\senior-project-1\dataset\internet\clear\อะไรหายากสุด.wav,16.633119999999998,17.133119999999998,กู,0.5,main,8000
C:\Users\muldi\Documents\Playground\University\senior-project-1\dataset\internet\clear\อะไรหายากสุด.wav,0.0,0.5,none,0.5,none_sample,8000
C:\Users\muldi\Documents\Playground\University\senior-project-1\dataset\internet\clear\เกิดแต่กับคีร์มากค่ะ.wav,2.7037609999999996,3.2037609999999996,มึง,0.5,context_0.2,8000
C:\Users\muldi\Documents\Playground\University\senior-project-1\dataset\internet\clear\เกิดแต่กับคีร์มากค่ะ.wav,2.753761,3.253761,มึง,0.5,context_0.4,8000
C:\Users\muldi\Documents\Playground\University\senior-project-1\dataset\internet\clear\เกิดแต่กับคีร์มากค่ะ.wav,2.8037609999999997,3.3037609999999997,มึง,0.5,context_0.6,8000
C:\Users\muldi\Documents\Playground\University\senior-project-1\dataset\internet\clear\เกิดแต่กับคีร์มากค่ะ.wav,2.853761,3.353761,มึง,0.5,context_0.8,8000
C:\Users\muldi\Documents\Playground\University\senior-project-1\dataset\internet\clear\เกิดแต่กับคีร์มากค่ะ.wav,7.360986,7.860986,กู,0.5,context_0.2,8000
C:\Users\muldi\Documents\Playground\University\senior-project-1\dataset\internet\clear\เกิดแต่กับคีร์มากค่ะ.wav,7.410985999999999,7.910985999999999,กู,0.5,context_0.4,8000
C:\Users\muldi\Documents\Playground\University\senior-project-1\dataset\internet\clear\เกิดแต่กับคีร์มากค่ะ.wav,7.460986,7.960986,กู,0.5,context_0.6,8000
C:\Users\muldi\Documents\Playground\University\senior-project-1\dataset\internet\clear\เกิดแต่กับคีร์มากค่ะ.wav,7.510986,8.010985999999999,กู,0.5,context_0.8,8000
C:\Users\muldi\Documents\Playground\University\senior-project-1\dataset\internet\clear\เกิดแต่กับคีร์มากค่ะ.wav,13.481043000000001,13.981043000000001,กู,0.5,context_0.2,8000
C:\Users\muldi\Documents\Playground\University\senior-project-1\dataset\internet\clear\เกิดแต่กับคีร์มากค่ะ.wav,13.531043,14.031043,กู,0.5,context_0.4,8000
C:\Users\muldi\Documents\Playground\University\senior-project-1\dataset\internet\clear\เกิดแต่กับคีร์มากค่ะ.wav,13.581043000000001,14.081043000000001,กู,0.5,context_0.6,8000
C:\Users\muldi\Documents\Playground\University\senior-project-1\dataset\internet\clear\เกิดแต่กับคีร์มากค่ะ.wav,13.631043,14.131043,กู,0.5,context_0.8,8000
C:\Users\muldi\Documents\Playground\University\senior-project-1\dataset\internet\clear\เกิดแต่กับคีร์มากค่ะ.wav,16.218863000000002,16.718863000000002,กู,0.5,context_0.2,8000
C:\Users\muldi\Documents\Playground\University\senior-project-1\dataset\internet\clear\เกิดแต่กับคีร์มากค่ะ.wav,16.268863000000003,16.768863000000003,กู,0.5,context_0.4,8000
C:\Users\muldi\Documents\Playground\University\senior-project-1\dataset\internet\clear\เกิดแต่กับคีร์มากค่ะ.wav,16.318863,16.818863,กู,0.5,context_0.6,8000
C:\Users\muldi\Documents\Playground\University\senior-project-1\dataset\internet\clear\เกิดแต่กับคีร์มากค่ะ.wav,16.368863,16.868863,กู,0.5,context_0.8,8000
C:\Users\muldi\Documents\Playground\University\senior-project-1\dataset\internet\clear\เกิดแต่กับคีร์มากค่ะ.wav,22.465674,22.965674,กู,0.5,context_0.2,8000
C:\Users\muldi\Documents\Playground\University\senior-project-1\dataset\internet\clear\เกิดแต่กับคีร์มากค่ะ.wav,22.515674,23.015674,กู,0.5,context_0.4,8000
C:\Users\muldi\Documents\Playground\University\senior-project-1\dataset\internet\clear\เกิดแต่กับคีร์มากค่ะ.wav,22.565673999999998,23.065673999999998,กู,0.5,context_0.6,8000
C:\Users\muldi\Documents\Playground\University\senior-project-1\dataset\internet\clear\เกิดแต่กับคีร์มากค่ะ.wav,22.615674,23.115674,กู,0.5,context_0.8,8000
C:\Users\muldi\Documents\Playground\University\senior-project-1\dataset\internet\clear\เกิดแต่กับคีร์มากค่ะ.wav,25.5586545,26.0586545,กู,0.5,main,8000
C:\Users\muldi\Documents\Playground\University\senior-project-1\dataset\internet\clear\เกิดแต่กับคีร์มากค่ะ.wav,25.914683,26.414683,มึง,0.5,context_0.2,8000
C:\Users\muldi\Documents\Playground\University\senior-project-1\dataset\internet\clear\เกิดแต่กับคีร์มากค่ะ.wav,25.964683,26.464683,มึง,0.5,context_0.4,8000
C:\Users\muldi\Documents\Playground\University\senior-project-1\dataset\internet\clear\เกิดแต่กับคีร์มากค่ะ.wav,26.014682999999998,26.514682999999998,มึง,0.5,context_0.6,8000
C:\Users\muldi\Documents\Playground\University\senior-project-1\dataset\internet\clear\เกิดแต่กับคีร์มากค่ะ.wav,26.064683,26.564683,มึง,0.5,context_0.8,8000
C:\Users\muldi\Documents\Playground\University\senior-project-1\dataset\internet\clear\เกิดแต่กับคีร์มากค่ะ.wav,39.855866,40.355866,กู,0.5,context_0.2,8000
C:\Users\muldi\Documents\Playground\University\senior-project-1\dataset\internet\clear\เกิดแต่กับคีร์มากค่ะ.wav,39.905866,40.405866,กู,0.5,context_0.4,8000
C:\Users\muldi\Documents\Playground\University\senior-project-1\dataset\internet\clear\เกิดแต่กับคีร์มากค่ะ.wav,39.955866,40.455866,กู,0.5,context_0.6,8000
C:\Users\muldi\Documents\Playground\University\senior-project-1\dataset\internet\clear\เกิดแต่กับคีร์มากค่ะ.wav,40.005866000000005,40.505866000000005,กู,0.5,context_0.8,8000
C:\Users\muldi\Documents\Playground\University\senior-project-1\dataset\internet\clear\เกิดแต่กับคีร์มากค่ะ.wav,42.666725,43.166725,มึง,0.5,context_0.2,8000
C:\Users\muldi\Documents\Playground\University\senior-project-1\dataset\internet\clear\เกิดแต่กับคีร์มากค่ะ.wav,42.716725000000004,43.216725000000004,มึง,0.5,context_0.4,8000
C:\Users\muldi\Documents\Playground\University\senior-project-1\dataset\internet\clear\เกิดแต่กับคีร์มากค่ะ.wav,42.766725,43.266725,มึง,0.5,context_0.6,8000
C:\Users\muldi\Documents\Playground\University\senior-project-1\dataset\internet\clear\เกิดแต่กับคีร์มากค่ะ.wav,42.816725000000005,43.316725000000005,มึง,0.5,context_0.8,8000
C:\Users\muldi\Documents\Playground\University\senior-project-1\dataset\internet\clear\เกิดแต่กับคีร์มากค่ะ.wav,43.796296,44.296296,กู,0.5,context_0.2,8000
C:\Users\muldi\Documents\Playground\University\senior-project-1\dataset\internet\clear\เกิดแต่กับคีร์มากค่ะ.wav,43.846296,44.346296,กู,0.5,context_0.4,8000
C:\Users\muldi\Documents\Playground\University\senior-project-1\dataset\internet\clear\เกิดแต่กับคีร์มากค่ะ.wav,43.896296,44.396296,กู,0.5,context_0.6,8000
C:\Users\muldi\Documents\Playground\University\senior-project-1\dataset\internet\clear\เกิดแต่กับคีร์มากค่ะ.wav,43.946296000000004,44.446296000000004,กู,0.5,context_0.8,8000
C:\Users\muldi\Documents\Playground\University\senior-project-1\dataset\internet\clear\เกิดแต่กับคีร์มากค่ะ.wav,0.0,0.5,none,0.5,none_sample,8000
C:\Users\muldi\Documents\Playground\University\senior-project-1\dataset\internet\clear\เกิดแต่กับคีร์มากค่ะ.wav,0.5,1.0,none,0.5,none_sample,8000
C:\Users\muldi\Documents\Playground\University\senior-project-1\dataset\internet\clear\เกิดแต่กับคีร์มากค่ะ.wav,1.0,1.5,none,0.5,none_sample,8000
C:\Users\muldi\Documents\Playground\University\senior-project-1\dataset\internet\clear\เกิดแต่กับคีร์มากค่ะ.wav,1.5,2.0,none,0.5,none_sample,8000
C:\Users\muldi\Documents\Playground\University\senior-project-1\dataset\internet\clear\เกิดแต่กับคีร์มากค่ะ.wav,2.0,2.5,none,0.5,none_sample,8000
C:\Users\muldi\Documents\Playground\University\senior-project-1\dataset\internet\clear\เกิดแต่กับคีร์มากค่ะ.wav,3.049999999999998,3.549999999999998,none,0.5,none_sample,8000
C:\Users\muldi\Documents\Playground\University\senior-project-1\dataset\internet\clear\เกิดแต่กับคีร์มากค่ะ.wav,3.549999999999998,4.049999999999998,none,0.5,none_sample,8000
C:\Users\muldi\Documents\Playground\University\senior-project-1\dataset\internet\clear\เกิดแต่กับคีร์มากค่ะ.wav,4.049999999999998,4.549999999999998,none,0.5,none_sample,8000
C:\Users\muldi\Documents\Playground\University\senior-project-1\dataset\internet\clear\เกิดแต่กับคีร์มากค่ะ.wav,4.549999999999998,5.049999999999998,none,0.5,none_sample,8000
C:\Users\muldi\Documents\Playground\University\senior-project-1\dataset\internet\clear\เกิดแต่กับคีร์มากค่ะ.wav,5.049999999999998,5.549999999999998,none,0.5,none_sample,8000
C:\Users\muldi\Documents\Playground\University\senior-project-1\dataset\internet\clear\เกิดแต่กับคีร์มากค่ะ.wav,5.549999999999998,6.049999999999998,none,0.5,none_sample,8000
C:\Users\muldi\Documents\Playground\University\senior-project-1\dataset\internet\clear\เกิดแต่กับคีร์มากค่ะ.wav,6.049999999999998,6.549999999999998,none,0.5,none_sample,8000
C:\Users\muldi\Documents\Playground\University\senior-project-1\dataset\internet\clear\เคยอยากเป็นวีค่ายกระต่าย.wav,11.662371,12.162371,กู,0.5,context_0.2,8000
C:\Users\muldi\Documents\Playground\University\senior-project-1\dataset\internet\clear\เคยอยากเป็นวีค่ายกระต่าย.wav,11.712371,12.212371,กู,0.5,context_0.4,8000
C:\Users\muldi\Documents\Playground\University\senior-project-1\dataset\internet\clear\เคยอยากเป็นวีค่ายกระต่าย.wav,11.762371,12.262371,กู,0.5,context_0.6,8000
C:\Users\muldi\Documents\Playground\University\senior-project-1\dataset\internet\clear\เคยอยากเป็นวีค่ายกระต่าย.wav,11.812370999999999,12.312370999999999,กู,0.5,context_0.8,8000
C:\Users\muldi\Documents\Playground\University\senior-project-1\dataset\internet\clear\เคยอยากเป็นวีค่ายกระต่าย.wav,0.0,0.5,none,0.5,none_sample,8000
C:\Users\muldi\Documents\Playground\University\senior-project-1\dataset\internet\clear\เจ๊อยากกลับบ้านแล้ว....wav,15.2506825,15.7506825,เหี้ย,0.5,main,8000
C:\Users\muldi\Documents\Playground\University\senior-project-1\dataset\internet\clear\เดินเตะทุกอย่างบนโลก!.wav,2.8356109999999997,3.3356109999999997,กู,0.5,context_0.2,8000
C:\Users\muldi\Documents\Playground\University\senior-project-1\dataset\internet\clear\เดินเตะทุกอย่างบนโลก!.wav,2.885611,3.385611,กู,0.5,context_0.4,8000
C:\Users\muldi\Documents\Playground\University\senior-project-1\dataset\internet\clear\เดินเตะทุกอย่างบนโลก!.wav,2.9356109999999997,3.4356109999999997,กู,0.5,context_0.6,8000
C:\Users\muldi\Documents\Playground\University\senior-project-1\dataset\internet\clear\เดินเตะทุกอย่างบนโลก!.wav,2.985611,3.485611,กู,0.5,context_0.8,8000
C:\Users\muldi\Documents\Playground\University\senior-project-1\dataset\internet\clear\เดินเตะทุกอย่างบนโลก!.wav,4.804079,5.304079,กู,0.5,context_0.2,8000
C:\Users\muldi\Documents\Playground\University\senior-project-1\dataset\internet\clear\เดินเตะทุกอย่างบนโลก!.wav,4.854079,5.354079,กู,0.5,context_0.4,8000
C:\Users\muldi\Documents\Playground\University\senior-project-1\dataset\internet\clear\เดินเตะทุกอย่างบนโลก!.wav,4.904079,5.404079,กู,0.5,context_0.6,8000
C:\Users\muldi\Documents\Playground\University\senior-project-1\dataset\internet\clear\เดินเตะทุกอย่างบนโลก!.wav,4.954079,5.454079,กู,0.5,context_0.8,8000
C:\Users\muldi\Documents\Playground\University\senior-project-1\dataset\internet\clear\เดินเตะทุกอย่างบนโลก!.wav,9.321606000000001,9.821606000000001,กู,0.5,context_0.2,8000
C:\Users\muldi\Documents\Playground\University\senior-project-1\dataset\internet\clear\เดินเตะทุกอย่างบนโลก!.wav,9.371606,9.871606,กู,0.5,context_0.4,8000
C:\Users\muldi\Documents\Playground\University\senior-project-1\dataset\internet\clear\เดินเตะทุกอย่างบนโลก!.wav,9.421606,9.921606,กู,0.5,context_0.6,8000
C:\Users\muldi\Documents\Playground\University\senior-project-1\dataset\internet\clear\เดินเตะทุกอย่างบนโลก!.wav,9.471606,9.971606,กู,0.5,context_0.8,8000
C:\Users\muldi\Documents\Playground\University\senior-project-1\dataset\internet\clear\เดินเตะทุกอย่างบนโลก!.wav,11.50444,12.00444,กู,0.5,context_0.2,8000
C:\Users\muldi\Documents\Playground\University\senior-project-1\dataset\internet\clear\เดินเตะทุกอย่างบนโลก!.wav,11.55444,12.05444,กู,0.5,context_0.4,8000
C:\Users\muldi\Documents\Playground\University\senior-project-1\dataset\internet\clear\เดินเตะทุกอย่างบนโลก!.wav,11.60444,12.10444,กู,0.5,context_0.6,8000
C:\Users\muldi\Documents\Playground\University\senior-project-1\dataset\internet\clear\เดินเตะทุกอย่างบนโลก!.wav,11.65444,12.15444,กู,0.5,context_0.8,8000
C:\Users\muldi\Documents\Playground\University\senior-project-1\dataset\internet\clear\เดินเตะทุกอย่างบนโลก!.wav,15.589596,16.089596,กู,0.5,context_0.2,8000
C:\Users\muldi\Documents\Playground\University\senior-project-1\dataset\internet\clear\เดินเตะทุกอย่างบนโลก!.wav,15.639596,16.139595999999997,กู,0.5,context_0.4,8000
C:\Users\muldi\Documents\Playground\University\senior-project-1\dataset\internet\clear\เดินเตะทุกอย่างบนโลก!.wav,15.689596,16.189596,กู,0.5,context_0.6,8000
C:\Users\muldi\Documents\Playground\University\senior-project-1\dataset\internet\clear\เดินเตะทุกอย่างบนโลก!.wav,15.739595999999999,16.239596,กู,0.5,context_0.8,8000
C:\Users\muldi\Documents\Playground\University\senior-project-1\dataset\internet\clear\เดินเตะทุกอย่างบนโลก!.wav,15.922258,16.422258,กู,0.5,context_0.2,8000
C:\Users\muldi\Documents\Playground\University\senior-project-1\dataset\internet\clear\เดินเตะทุกอย่างบนโลก!.wav,15.972257999999998,16.472257999999997,กู,0.5,context_0.4,8000
C:\Users\muldi\Documents\Playground\University\senior-project-1\dataset\internet\clear\เดินเตะทุกอย่างบนโลก!.wav,16.022257999999997,16.522257999999997,กู,0.5,context_0.6,8000
C:\Users\muldi\Documents\Playground\University\senior-project-1\dataset\internet\clear\เดินเตะทุกอย่างบนโลก!.wav,16.072257999999998,16.572257999999998,กู,0.5,context_0.8,8000
C:\Users\muldi\Documents\Playground\University\senior-project-1\dataset\internet\clear\เดินเตะทุกอย่างบนโลก!.wav,16.693305000000002,17.193305000000002,กู,0.5,context_0.2,8000
C:\Users\muldi\Documents\Playground\University\senior-project-1\dataset\internet\clear\เดินเตะทุกอย่างบนโลก!.wav,16.743305000000003,17.243305000000003,กู,0.5,context_0.4,8000
C:\Users\muldi\Documents\Playground\University\senior-project-1\dataset\internet\clear\เดินเตะทุกอย่างบนโลก!.wav,16.793305,17.293305,กู,0.5,context_0.6,8000
C:\Users\muldi\Documents\Playground\University\senior-project-1\dataset\internet\clear\เดินเตะทุกอย่างบนโลก!.wav,16.843305,17.343305,กู,0.5,context_0.8,8000
C:\Users\muldi\Documents\Playground\University\senior-project-1\dataset\internet\clear\เดินเตะทุกอย่างบนโลก!.wav,20.297368000000002,20.797368000000002,กู,0.5,context_0.2,8000
C:\Users\muldi\Documents\Playground\University\senior-project-1\dataset\internet\clear\เดินเตะทุกอย่างบนโลก!.wav,20.347368000000003,20.847368000000003,กู,0.5,context_0.4,8000
C:\Users\muldi\Documents\Playground\University\senior-project-1\dataset\internet\clear\เดินเตะทุกอย่างบนโลก!.wav,20.397368,20.897368,กู,0.5,context_0.6,8000
C:\Users\muldi\Documents\Playground\University\senior-project-1\dataset\internet\clear\เดินเตะทุกอย่างบนโลก!.wav,20.447368,20.947368,กู,0.5,context_0.8,8000
C:\Users\muldi\Documents\Playground\University\senior-project-1\dataset\internet\clear\เดินเตะทุกอย่างบนโลก!.wav,21.329066,21.829066,กู,0.5,context_0.2,8000
C:\Users\muldi\Documents\Playground\University\senior-project-1\dataset\internet\clear\เดินเตะทุกอย่างบนโลก!.wav,21.379066,21.879066,กู,0.5,context_0.4,8000
C:\Users\muldi\Documents\Playground\University\senior-project-1\dataset\internet\clear\เดินเตะทุกอย่างบนโลก!.wav,21.429066,21.929066,กู,0.5,context_0.6,8000
C:\Users\muldi\Documents\Playground\University\senior-project-1\dataset\internet\clear\เดินเตะทุกอย่างบนโลก!.wav,21.479066,21.979066,กู,0.5,context_0.8,8000
C:\Users\muldi\Documents\Playground\University\senior-project-1\dataset\internet\clear\เดินเตะทุกอย่างบนโลก!.wav,27.273708,27.773708,กู,0.5,context_0.2,8000
C:\Users\muldi\Documents\Playground\University\senior-project-1\dataset\internet\clear\เดินเตะทุกอย่างบนโลก!.wav,27.323708,27.823708,กู,0.5,context_0.4,8000
C:\Users\muldi\Documents\Playground\University\senior-project-1\dataset\internet\clear\เดินเตะทุกอย่างบนโลก!.wav,27.373707999999997,27.873707999999997,กู,0.5,context_0.6,8000
C:\Users\muldi\Documents\Playground\University\senior-project-1\dataset\internet\clear\เดินเตะทุกอย่างบนโลก!.wav,27.423707999999998,27.923707999999998,กู,0.5,context_0.8,8000
C:\Users\muldi\Documents\Playground\University\senior-project-1\dataset\internet\clear\เดินเตะทุกอย่างบนโลก!.wav,29.156449000000002,29.656449000000002,กู,0.5,context_0.2,8000
C:\Users\muldi\Documents\Playground\University\senior-project-1\dataset\internet\clear\เดินเตะทุกอย่างบนโลก!.wav,29.206449000000003,29.706449000000003,กู,0.5,context_0.4,8000
C:\Users\muldi\Documents\Playground\University\senior-project-1\dataset\internet\clear\เดินเตะทุกอย่างบนโลก!.wav,29.256449,29.756449,กู,0.5,context_0.6,8000
C:\Users\muldi\Documents\Playground\University\senior-project-1\dataset\internet\clear\เดินเตะทุกอย่างบนโลก!.wav,29.306449,29.806449,กู,0.5,context_0.8,8000
C:\Users\muldi\Documents\Playground\University\senior-project-1\dataset\internet\clear\เดินเตะทุกอย่างบนโลก!.wav,31.891262,32.391262,กู,0.5,context_0.2,8000
C:\Users\muldi\Documents\Playground\University\senior-project-1\dataset\internet\clear\เดินเตะทุกอย่างบนโลก!.wav,31.941262000000002,32.441262,กู,0.5,context_0.4,8000
C:\Users\muldi\Documents\Playground\University\senior-project-1\dataset\internet\clear\เดินเตะทุกอย่างบนโลก!.wav,31.991262,32.491262,กู,0.5,context_0.6,8000
C:\Users\muldi\Documents\Playground\University\senior-project-1\dataset\internet\clear\เดินเตะทุกอย่างบนโลก!.wav,32.041262,32.541262,กู,0.5,context_0.8,8000
C:\Users\muldi\Documents\Playground\University\senior-project-1\dataset\internet\clear\เดินเตะทุกอย่างบนโลก!.wav,33.493795,33.993795,กู,0.5,context_0.2,8000
C:\Users\muldi\Documents\Playground\University\senior-project-1\dataset\internet\clear\เดินเตะทุกอย่างบนโลก!.wav,33.543795,34.043795,กู,0.5,context_0.4,8000
C:\Users\muldi\Documents\Playground\University\senior-project-1\dataset\internet\clear\เดินเตะทุกอย่างบนโลก!.wav,33.593795,34.093795,กู,0.5,context_0.6,8000
C:\Users\muldi\Documents\Playground\University\senior-project-1\dataset\internet\clear\เดินเตะทุกอย่างบนโลก!.wav,33.643795000000004,34.143795000000004,กู,0.5,context_0.8,8000
C:\Users\muldi\Documents\Playground\University\senior-project-1\dataset\internet\clear\เดินเตะทุกอย่างบนโลก!.wav,34.839413,35.339413,กู,0.5,context_0.2,8000
C:\Users\muldi\Documents\Playground\University\senior-project-1\dataset\internet\clear\เดินเตะทุกอย่างบนโลก!.wav,34.889413000000005,35.389413000000005,กู,0.5,context_0.4,8000
C:\Users\muldi\Documents\Playground\University\senior-project-1\dataset\internet\clear\เดินเตะทุกอย่างบนโลก!.wav,34.939413,35.439413,กู,0.5,context_0.6,8000
C:\Users\muldi\Documents\Playground\University\senior-project-1\dataset\internet\clear\เดินเตะทุกอย่างบนโลก!.wav,34.989413000000006,35.489413000000006,กู,0.5,context_0.8,8000
C:\Users\muldi\Documents\Playground\University\senior-project-1\dataset\internet\clear\เดินเตะทุกอย่างบนโลก!.wav,43.996848,44.496848,กู,0.5,main,8000
C:\Users\muldi\Documents\Playground\University\senior-project-1\dataset\internet\clear\เดินเตะทุกอย่างบนโลก!.wav,0.0,0.5,none,0.5,none_sample,8000
C:\Users\muldi\Documents\Playground\University\senior-project-1\dataset\internet\clear\เดินเตะทุกอย่างบนโลก!.wav,0.5,1.0,none,0.5,none_sample,8000
C:\Users\muldi\Documents\Playground\University\senior-project-1\dataset\internet\clear\เดินเตะทุกอย่างบนโลก!.wav,1.0,1.5,none,0.5,none_sample,8000
C:\Users\muldi\Documents\Playground\University\senior-project-1\dataset\internet\clear\เดินเตะทุกอย่างบนโลก!.wav,1.5,2.0,none,0.5,none_sample,8000
C:\Users\muldi\Documents\Playground\University\senior-project-1\dataset\internet\clear\เดินเตะทุกอย่างบนโลก!.wav,2.0,2.5,none,0.5,none_sample,8000
C:\Users\muldi\Documents\Playground\University\senior-project-1\dataset\internet\clear\เดินเตะทุกอย่างบนโลก!.wav,2.5,3.0,none,0.5,none_sample,8000
C:\Users\muldi\Documents\Playground\University\senior-project-1\dataset\internet\clear\เดินเตะทุกอย่างบนโลก!.wav,3.1999999999999993,3.6999999999999993,none,0.5,none_sample,8000
C:\Users\muldi\Documents\Playground\University\senior-project-1\dataset\internet\clear\เดินเตะทุกอย่างบนโลก!.wav,3.6999999999999993,4.199999999999999,none,0.5,none_sample,8000
C:\Users\muldi\Documents\Playground\University\senior-project-1\dataset\internet\clear\เดินเตะทุกอย่างบนโลก!.wav,4.199999999999999,4.699999999999999,none,0.5,none_sample,8000
C:\Users\muldi\Documents\Playground\University\senior-project-1\dataset\internet\clear\เดินเตะทุกอย่างบนโลก!.wav,5.099999999999998,5.599999999999998,none,0.5,none_sample,8000
C:\Users\muldi\Documents\Playground\University\senior-project-1\dataset\internet\clear\เดินเตะทุกอย่างบนโลก!.wav,5.599999999999998,6.099999999999998,none,0.5,none_sample,8000
C:\Users\muldi\Documents\Playground\University\senior-project-1\dataset\internet\clear\เดินเตะทุกอย่างบนโลก!.wav,6.099999999999998,6.599999999999998,none,0.5,none_sample,8000
C:\Users\muldi\Documents\Playground\University\senior-project-1\dataset\internet\clear\เดินเตะทุกอย่างบนโลก!.wav,6.599999999999998,7.099999999999998,none,0.5,none_sample,8000
C:\Users\muldi\Documents\Playground\University\senior-project-1\dataset\internet\clear\เดินเตะทุกอย่างบนโลก!.wav,7.099999999999998,7.599999999999998,none,0.5,none_sample,8000
C:\Users\muldi\Documents\Playground\University\senior-project-1\dataset\internet\clear\เดินเตะทุกอย่างบนโลก!.wav,7.599999999999998,8.099999999999998,none,0.5,none_sample,8000
C:\Users\muldi\Documents\Playground\University\senior-project-1\dataset\internet\clear\เดินเตะทุกอย่างบนโลก!.wav,8.099999999999998,8.599999999999998,none,0.5,none_sample,8000
C:\Users\muldi\Documents\Playground\University\senior-project-1\dataset\internet\clear\เดินเตะทุกอย่างบนโลก!.wav,8.599999999999998,9.099999999999998,none,0.5,none_sample,8000
C:\Users\muldi\Documents\Playground\University\senior-project-1\dataset\internet\clear\เดินเตะทุกอย่างบนโลก!.wav,9.650000000000006,10.150000000000006,none,0.5,none_sample,8000
C:\Users\muldi\Documents\Playground\University\senior-project-1\dataset\internet\clear\เดินเตะทุกอย่างบนโลก!.wav,10.150000000000006,10.650000000000006,none,0.5,none_sample,8000
C:\Users\muldi\Documents\Playground\University\senior-project-1\dataset\internet\clear\เพื่อนบ้านหรรษาของจริงๆ.wav,5.11192,5.61192,มึง,0.5,main,8000
C:\Users\muldi\Documents\Playground\University\senior-project-1\dataset\internet\clear\เพื่อนบ้านหรรษาของจริงๆ.wav,19.565428,20.065428,กู,0.5,context_0.2,8000
C:\Users\muldi\Documents\Playground\University\senior-project-1\dataset\internet\clear\เพื่อนบ้านหรรษาของจริงๆ.wav,19.615428,20.115428,กู,0.5,context_0.4,8000
C:\Users\muldi\Documents\Playground\University\senior-project-1\dataset\internet\clear\เพื่อนบ้านหรรษาของจริงๆ.wav,19.665428,20.165428,กู,0.5,context_0.6,8000
C:\Users\muldi\Documents\Playground\University\senior-project-1\dataset\internet\clear\เพื่อนบ้านหรรษาของจริงๆ.wav,19.715428,20.215428,กู,0.5,context_0.8,8000
C:\Users\muldi\Documents\Playground\University\senior-project-1\dataset\internet\clear\เพื่อนบ้านหรรษาของจริงๆ.wav,22.0969075,22.5969075,มึง,0.5,main,8000
C:\Users\muldi\Documents\Playground\University\senior-project-1\dataset\internet\clear\เพื่อนบ้านหรรษาของจริงๆ.wav,30.593568,31.093568,กู,0.5,context_0.2,8000
C:\Users\muldi\Documents\Playground\University\senior-project-1\dataset\internet\clear\เพื่อนบ้านหรรษาของจริงๆ.wav,30.643568000000002,31.143568000000002,กู,0.5,context_0.4,8000
C:\Users\muldi\Documents\Playground\University\senior-project-1\dataset\internet\clear\เพื่อนบ้านหรรษาของจริงๆ.wav,30.693568,31.193568,กู,0.5,context_0.6,8000
C:\Users\muldi\Documents\Playground\University\senior-project-1\dataset\internet\clear\เพื่อนบ้านหรรษาของจริงๆ.wav,30.743568,31.243568,กู,0.5,context_0.8,8000
C:\Users\muldi\Documents\Playground\University\senior-project-1\dataset\internet\clear\เพื่อนบ้านหรรษาของจริงๆ.wav,36.011314,36.511314,กู,0.5,context_0.2,8000
C:\Users\muldi\Documents\Playground\University\senior-project-1\dataset\internet\clear\เพื่อนบ้านหรรษาของจริงๆ.wav,36.061314,36.561314,กู,0.5,context_0.4,8000
C:\Users\muldi\Documents\Playground\University\senior-project-1\dataset\internet\clear\เพื่อนบ้านหรรษาของจริงๆ.wav,36.111314,36.611314,กู,0.5,context_0.6,8000
C:\Users\muldi\Documents\Playground\University\senior-project-1\dataset\internet\clear\เพื่อนบ้านหรรษาของจริงๆ.wav,36.161314000000004,36.661314000000004,กู,0.5,context_0.8,8000
C:\Users\muldi\Documents\Playground\University\senior-project-1\dataset\internet\clear\เพื่อนบ้านหรรษาของจริงๆ.wav,37.724782,38.224782,เหี้ย,0.5,context_0.2,8000
C:\Users\muldi\Documents\Playground\University\senior-project-1\dataset\internet\clear\เพื่อนบ้านหรรษาของจริงๆ.wav,37.774782,38.274782,เหี้ย,0.5,context_0.4,8000
C:\Users\muldi\Documents\Playground\University\senior-project-1\dataset\internet\clear\เพื่อนบ้านหรรษาของจริงๆ.wav,37.824782,38.324782,เหี้ย,0.5,context_0.6,8000
C:\Users\muldi\Documents\Playground\University\senior-project-1\dataset\internet\clear\เพื่อนบ้านหรรษาของจริงๆ.wav,37.874782,38.374782,เหี้ย,0.5,context_0.8,8000
C:\Users\muldi\Documents\Playground\University\senior-project-1\dataset\internet\clear\เพื่อนบ้านหรรษาของจริงๆ.wav,39.512069,40.012069,กู,0.5,context_0.2,8000
C:\Users\muldi\Documents\Playground\University\senior-project-1\dataset\internet\clear\เพื่อนบ้านหรรษาของจริงๆ.wav,39.562069,40.062069,กู,0.5,context_0.4,8000
C:\Users\muldi\Documents\Playground\University\senior-project-1\dataset\internet\clear\เพื่อนบ้านหรรษาของจริงๆ.wav,39.612069,40.112069,กู,0.5,context_0.6,8000
C:\Users\muldi\Documents\Playground\University\senior-project-1\dataset\internet\clear\เพื่อนบ้านหรรษาของจริงๆ.wav,39.662069,40.162069,กู,0.5,context_0.8,8000
C:\Users\muldi\Documents\Playground\University\senior-project-1\dataset\internet\clear\เพื่อนบ้านหรรษาของจริงๆ.wav,41.6158825,42.1158825,กู,0.5,main,8000
C:\Users\muldi\Documents\Playground\University\senior-project-1\dataset\internet\clear\เพื่อนบ้านหรรษาของจริงๆ.wav,42.7032445,43.2032445,มึง,0.5,main,8000
C:\Users\muldi\Documents\Playground\University\senior-project-1\dataset\internet\clear\เพื่อนบ้านหรรษาของจริงๆ.wav,54.928349,55.428349,เหี้ย,0.5,context_0.2,8000
C:\Users\muldi\Documents\Playground\University\senior-project-1\dataset\internet\clear\เพื่อนบ้านหรรษาของจริงๆ.wav,54.978349,55.478349,เหี้ย,0.5,context_0.4,8000
C:\Users\muldi\Documents\Playground\University\senior-project-1\dataset\internet\clear\เพื่อนบ้านหรรษาของจริงๆ.wav,55.028349,55.528349,เหี้ย,0.5,context_0.6,8000
C:\Users\muldi\Documents\Playground\University\senior-project-1\dataset\internet\clear\เพื่อนบ้านหรรษาของจริงๆ.wav,55.078349,55.578349,เหี้ย,0.5,context_0.8,8000
C:\Users\muldi\Documents\Playground\University\senior-project-1\dataset\internet\clear\เพื่อนบ้านหรรษาของจริงๆ.wav,0.0,0.5,none,0.5,none_sample,8000
C:\Users\muldi\Documents\Playground\University\senior-project-1\dataset\internet\clear\เพื่อนบ้านหรรษาของจริงๆ.wav,0.5,1.0,none,0.5,none_sample,8000
C:\Users\muldi\Documents\Playground\University\senior-project-1\dataset\internet\clear\เพื่อนบ้านหรรษาของจริงๆ.wav,1.0,1.5,none,0.5,none_sample,8000
C:\Users\muldi\Documents\Playground\University\senior-project-1\dataset\internet\clear\เพื่อนบ้านหรรษาของจริงๆ.wav,1.5,2.0,none,0.5,none_sample,8000
C:\Users\muldi\Documents\Playground\University\senior-project-1\dataset\internet\clear\เพื่อนบ้านหรรษาของจริงๆ.wav,2.0,2.5,none,0.5,none_sample,8000
C:\Users\muldi\Documents\Playground\University\senior-project-1\dataset\internet\clear\เพื่อนบ้านหรรษาของจริงๆ.wav,2.5,3.0,none,0.5,none_sample,8000
C:\Users\muldi\Documents\Playground\University\senior-project-1\dataset\internet\clear\เพื่อนบ้านหรรษาของจริงๆ.wav,3.0,3.5,none,0.5,none_sample,8000
C:\Users\muldi\Documents\Playground\University\senior-project-1\dataset\internet\clear\เพื่อนบ้านหรรษาของจริงๆ.wav,3.5,4.0,none,0.5,none_sample,8000
C:\Users\muldi\Documents\Playground\University\senior-project-1\dataset\internet\clear\เพื่อนบ้านหรรษาของจริงๆ.wav,4.0,4.5,none,0.5,none_sample,8000
C:\Users\muldi\Documents\Playground\University\senior-project-1\dataset\internet\clear\โอ๊ต.wav,20.286934000000002,20.786934000000002,กู,0.5,context_0.2,8000
C:\Users\muldi\Documents\Playground\University\senior-project-1\dataset\internet\clear\โอ๊ต.wav,20.336934000000003,20.836934000000003,กู,0.5,context_0.4,8000
C:\Users\muldi\Documents\Playground\University\senior-project-1\dataset\internet\clear\โอ๊ต.wav,20.386934,20.886934,กู,0.5,context_0.6,8000
C:\Users\muldi\Documents\Playground\University\senior-project-1\dataset\internet\clear\โอ๊ต.wav,20.436934,20.936934,กู,0.5,context_0.8,8000
C:\Users\muldi\Documents\Playground\University\senior-project-1\dataset\internet\clear\โอ๊ต.wav,57.879943999999995,58.379943999999995,มึง,0.5,context_0.2,8000
C:\Users\muldi\Documents\Playground\University\senior-project-1\dataset\internet\clear\โอ๊ต.wav,57.929944,58.429944,มึง,0.5,context_0.4,8000
C:\Users\muldi\Documents\Playground\University\senior-project-1\dataset\internet\clear\โอ๊ต.wav,57.979943999999996,58.479943999999996,มึง,0.5,context_0.6,8000
C:\Users\muldi\Documents\Playground\University\senior-project-1\dataset\internet\clear\โอ๊ต.wav,58.029944,58.529944,มึง,0.5,context_0.8,8000
C:\Users\muldi\Documents\Playground\University\senior-project-1\dataset\internet\clear\โอ๊ต.wav,127.248485,127.748485,กู,0.5,context_0.2,8000
C:\Users\muldi\Documents\Playground\University\senior-project-1\dataset\internet\clear\โอ๊ต.wav,127.298485,127.798485,กู,0.5,context_0.4,8000
C:\Users\muldi\Documents\Playground\University\senior-project-1\dataset\internet\clear\โอ๊ต.wav,127.34848500000001,127.84848500000001,กู,0.5,context_0.6,8000
C:\Users\muldi\Documents\Playground\University\senior-project-1\dataset\internet\clear\โอ๊ต.wav,127.39848500000001,127.89848500000001,กู,0.5,context_0.8,8000
C:\Users\muldi\Documents\Playground\University\senior-project-1\dataset\internet\clear\โอ๊ต.wav,130.382868,130.882868,กู,0.5,context_0.2,8000
C:\Users\muldi\Documents\Playground\University\senior-project-1\dataset\internet\clear\โอ๊ต.wav,130.43286799999998,130.93286799999998,กู,0.5,context_0.4,8000
C:\Users\muldi\Documents\Playground\University\senior-project-1\dataset\internet\clear\โอ๊ต.wav,130.482868,130.982868,กู,0.5,context_0.6,8000
C:\Users\muldi\Documents\Playground\University\senior-project-1\dataset\internet\clear\โอ๊ต.wav,130.53286799999998,131.03286799999998,กู,0.5,context_0.8,8000
C:\Users\muldi\Documents\Playground\University\senior-project-1\dataset\internet\clear\โอ๊ต.wav,144.40587100000002,144.90587100000002,กู,0.5,context_0.2,8000
C:\Users\muldi\Documents\Playground\University\senior-project-1\dataset\internet\clear\โอ๊ต.wav,144.455871,144.955871,กู,0.5,context_0.4,8000
C:\Users\muldi\Documents\Playground\University\senior-project-1\dataset\internet\clear\โอ๊ต.wav,144.505871,145.005871,กู,0.5,context_0.6,8000
C:\Users\muldi\Documents\Playground\University\senior-project-1\dataset\internet\clear\โอ๊ต.wav,144.555871,145.055871,กู,0.5,context_0.8,8000
C:\Users\muldi\Documents\Playground\University\senior-project-1\dataset\internet\clear\โอ๊ต.wav,239.22620600000002,239.72620600000002,กู,0.5,context_0.2,8000
C:\Users\muldi\Documents\Playground\University\senior-project-1\dataset\internet\clear\โอ๊ต.wav,239.276206,239.776206,กู,0.5,context_0.4,8000
C:\Users\muldi\Documents\Playground\University\senior-project-1\dataset\internet\clear\โอ๊ต.wav,239.326206,239.826206,กู,0.5,context_0.6,8000
C:\Users\muldi\Documents\Playground\University\senior-project-1\dataset\internet\clear\โอ๊ต.wav,239.376206,239.876206,กู,0.5,context_0.8,8000
C:\Users\muldi\Documents\Playground\University\senior-project-1\dataset\internet\clear\โอ๊ต.wav,272.915236,273.415236,กู,0.5,context_0.2,8000
C:\Users\muldi\Documents\Playground\University\senior-project-1\dataset\internet\clear\โอ๊ต.wav,272.965236,273.465236,กู,0.5,context_0.4,8000
C:\Users\muldi\Documents\Playground\University\senior-project-1\dataset\internet\clear\โอ๊ต.wav,273.01523599999996,273.51523599999996,กู,0.5,context_0.6,8000
C:\Users\muldi\Documents\Playground\University\senior-project-1\dataset\internet\clear\โอ๊ต.wav,273.06523599999997,273.56523599999997,กู,0.5,context_0.8,8000
C:\Users\muldi\Documents\Playground\University\senior-project-1\dataset\internet\clear\โอ๊ต.wav,273.42377600000003,273.92377600000003,กู,0.5,context_0.2,8000
C:\Users\muldi\Documents\Playground\University\senior-project-1\dataset\internet\clear\โอ๊ต.wav,273.47377600000004,273.97377600000004,กู,0.5,context_0.4,8000
C:\Users\muldi\Documents\Playground\University\senior-project-1\dataset\internet\clear\โอ๊ต.wav,273.523776,274.023776,กู,0.5,context_0.6,8000
C:\Users\muldi\Documents\Playground\University\senior-project-1\dataset\internet\clear\โอ๊ต.wav,273.573776,274.073776,กู,0.5,context_0.8,8000
C:\Users\muldi\Documents\Playground\University\senior-project-1\dataset\internet\clear\โอ๊ต.wav,1076.519185,1077.019185,เหี้ย,0.5,main,8000
C:\Users\muldi\Documents\Playground\University\senior-project-1\dataset\internet\clear\โอ๊ต.wav,1088.596851,1089.096851,กู,0.5,context_0.2,8000
C:\Users\muldi\Documents\Playground\University\senior-project-1\dataset\internet\clear\โอ๊ต.wav,1088.646851,1089.146851,กู,0.5,context_0.4,8000
C:\Users\muldi\Documents\Playground\University\senior-project-1\dataset\internet\clear\โอ๊ต.wav,1088.6968510000002,1089.1968510000002,กู,0.5,context_0.6,8000
C:\Users\muldi\Documents\Playground\University\senior-project-1\dataset\internet\clear\โอ๊ต.wav,1088.746851,1089.246851,กู,0.5,context_0.8,8000
C:\Users\muldi\Documents\Playground\University\senior-project-1\dataset\internet\clear\โอ๊ต.wav,1162.8315595,1163.3315595,มึง,0.5,main,8000
C:\Users\muldi\Documents\Playground\University\senior-project-1\dataset\internet\clear\โอ๊ต.wav,1169.7105,1170.2105,กู,0.5,context_0.2,8000
C:\Users\muldi\Documents\Playground\University\senior-project-1\dataset\internet\clear\โอ๊ต.wav,1169.7604999999999,1170.2604999999999,กู,0.5,context_0.4,8000
C:\Users\muldi\Documents\Playground\University\senior-project-1\dataset\internet\clear\โอ๊ต.wav,1169.8105,1170.3105,กู,0.5,context_0.6,8000
C:\Users\muldi\Documents\Playground\University\senior-project-1\dataset\internet\clear\โอ๊ต.wav,1169.8605,1170.3605,กู,0.5,context_0.8,8000
C:\Users\muldi\Documents\Playground\University\senior-project-1\dataset\internet\clear\โอ๊ต.wav,1300.948195,1301.448195,เหี้ย,0.5,context_0.2,8000
C:\Users\muldi\Documents\Playground\University\senior-project-1\dataset\internet\clear\โอ๊ต.wav,1300.998195,1301.498195,เหี้ย,0.5,context_0.4,8000
C:\Users\muldi\Documents\Playground\University\senior-project-1\dataset\internet\clear\โอ๊ต.wav,1301.048195,1301.548195,เหี้ย,0.5,context_0.6,8000
C:\Users\muldi\Documents\Playground\University\senior-project-1\dataset\internet\clear\โอ๊ต.wav,1301.098195,1301.598195,เหี้ย,0.5,context_0.8,8000
C:\Users\muldi\Documents\Playground\University\senior-project-1\dataset\internet\clear\โอ๊ต.wav,0.0,0.5,none,0.5,none_sample,8000
C:\Users\muldi\Documents\Playground\University\senior-project-1\dataset\internet\clear\โอ๊ต.wav,0.5,1.0,none,0.5,none_sample,8000
C:\Users\muldi\Documents\Playground\University\senior-project-1\dataset\internet\clear\โอ๊ต.wav,1.0,1.5,none,0.5,none_sample,8000
C:\Users\muldi\Documents\Playground\University\senior-project-1\dataset\internet\clear\โอ๊ต.wav,1.5,2.0,none,0.5,none_sample,8000
C:\Users\muldi\Documents\Playground\University\senior-project-1\dataset\internet\clear\โอ๊ต.wav,2.0,2.5,none,0.5,none_sample,8000
C:\Users\muldi\Documents\Playground\University\senior-project-1\dataset\internet\clear\โอ๊ต.wav,2.5,3.0,none,0.5,none_sample,8000
C:\Users\muldi\Documents\Playground\University\senior-project-1\dataset\internet\clear\โอ๊ต.wav,3.0,3.5,none,0.5,none_sample,8000
C:\Users\muldi\Documents\Playground\University\senior-project-1\dataset\internet\clear\โอ๊ต.wav,3.5,4.0,none,0.5,none_sample,8000
C:\Users\muldi\Documents\Playground\University\senior-project-1\dataset\internet\clear\โอ๊ต.wav,4.0,4.5,none,0.5,none_sample,8000
C:\Users\muldi\Documents\Playground\University\senior-project-1\dataset\internet\clear\โอ๊ต.wav,4.5,5.0,none,0.5,none_sample,8000
C:\Users\muldi\Documents\Playground\University\senior-project-1\dataset\internet\clear\โอ๊ต.wav,5.0,5.5,none,0.5,none_sample,8000
C:\Users\muldi\Documents\Playground\University\senior-project-1\dataset\internet\clear\โอ๊ต.wav,5.5,6.0,none,0.5,none_sample,8000
C:\Users\muldi\Documents\Playground\University\senior-project-1\dataset\internet\clear\โอ๊ต.wav,6.0,6.5,none,0.5,none_sample,8000
C:\Users\muldi\Documents\Playground\University\senior-project-1\dataset\internet\clear\โอ๊ต.wav,6.5,7.0,none,0.5,none_sample,8000
C:\Users\muldi\Documents\Playground\University\senior-project-1\dataset\internet\clear\โอ๊ต.wav,7.0,7.5,none,0.5,none_sample,8000
C:\Users\muldi\Documents\Playground\University\senior-project-1\dataset\internet\clear\ใต้น้ำยังจะตามมาอีก!!.wav,5.8033019999999995,6.3033019999999995,เหี้ย,0.5,context_0.2,8000
C:\Users\muldi\Documents\Playground\University\senior-project-1\dataset\internet\clear\ใต้น้ำยังจะตามมาอีก!!.wav,5.853301999999999,6.353301999999999,เหี้ย,0.5,context_0.4,8000
C:\Users\muldi\Documents\Playground\University\senior-project-1\dataset\internet\clear\ใต้น้ำยังจะตามมาอีก!!.wav,5.903302,6.403302,เหี้ย,0.5,context_0.6,8000
C:\Users\muldi\Documents\Playground\University\senior-project-1\dataset\internet\clear\ใต้น้ำยังจะตามมาอีก!!.wav,5.953302,6.453302,เหี้ย,0.5,context_0.8,8000
C:\Users\muldi\Documents\Playground\University\senior-project-1\dataset\internet\clear\ใต้น้ำยังจะตามมาอีก!!.wav,5.9559299999999995,6.4559299999999995,มึง,0.5,context_0.2,8000
C:\Users\muldi\Documents\Playground\University\senior-project-1\dataset\internet\clear\ใต้น้ำยังจะตามมาอีก!!.wav,6.005929999999999,6.505929999999999,มึง,0.5,context_0.4,8000
C:\Users\muldi\Documents\Playground\University\senior-project-1\dataset\internet\clear\ใต้น้ำยังจะตามมาอีก!!.wav,6.05593,6.55593,มึง,0.5,context_0.6,8000
C:\Users\muldi\Documents\Playground\University\senior-project-1\dataset\internet\clear\ใต้น้ำยังจะตามมาอีก!!.wav,6.10593,6.60593,มึง,0.5,context_0.8,8000
C:\Users\muldi\Documents\Playground\University\senior-project-1\dataset\internet\clear\ใต้น้ำยังจะตามมาอีก!!.wav,9.091706,9.591706,กู,0.5,context_0.2,8000
C:\Users\muldi\Documents\Playground\University\senior-project-1\dataset\internet\clear\ใต้น้ำยังจะตามมาอีก!!.wav,9.141706,9.641706,กู,0.5,context_0.4,8000
C:\Users\muldi\Documents\Playground\University\senior-project-1\dataset\internet\clear\ใต้น้ำยังจะตามมาอีก!!.wav,9.191706,9.691706,กู,0.5,context_0.6,8000
C:\Users\muldi\Documents\Playground\University\senior-project-1\dataset\internet\clear\ใต้น้ำยังจะตามมาอีก!!.wav,9.241705999999999,9.741705999999999,กู,0.5,context_0.8,8000
C:\Users\muldi\Documents\Playground\University\senior-project-1\dataset\internet\clear\ใต้น้ำยังจะตามมาอีก!!.wav,9.81089,10.31089,มึง,0.5,main,8000
C:\Users\muldi\Documents\Playground\University\senior-project-1\dataset\internet\clear\ใต้น้ำยังจะตามมาอีก!!.wav,10.957715,11.457715,เหี้ย,0.5,context_0.2,8000
C:\Users\muldi\Documents\Playground\University\senior-project-1\dataset\internet\clear\ใต้น้ำยังจะตามมาอีก!!.wav,11.007715,11.507715,เหี้ย,0.5,context_0.4,8000
C:\Users\muldi\Documents\Playground\University\senior-project-1\dataset\internet\clear\ใต้น้ำยังจะตามมาอีก!!.wav,11.057715,11.557715,เหี้ย,0.5,context_0.6,8000
C:\Users\muldi\Documents\Playground\University\senior-project-1\dataset\internet\clear\ใต้น้ำยังจะตามมาอีก!!.wav,11.107714999999999,11.607714999999999,เหี้ย,0.5,context_0.8,8000
C:\Users\muldi\Documents\Playground\University\senior-project-1\dataset\internet\clear\ใต้น้ำยังจะตามมาอีก!!.wav,12.2600485,12.7600485,กู,0.5,main,8000
C:\Users\muldi\Documents\Playground\University\senior-project-1\dataset\internet\clear\ใต้น้ำยังจะตามมาอีก!!.wav,19.114388,19.614388,กู,0.5,context_0.2,8000
C:\Users\muldi\Documents\Playground\University\senior-project-1\dataset\internet\clear\ใต้น้ำยังจะตามมาอีก!!.wav,19.164388000000002,19.664388000000002,กู,0.5,context_0.4,8000
C:\Users\muldi\Documents\Playground\University\senior-project-1\dataset\internet\clear\ใต้น้ำยังจะตามมาอีก!!.wav,19.214388,19.714388,กู,0.5,context_0.6,8000
C:\Users\muldi\Documents\Playground\University\senior-project-1\dataset\internet\clear\ใต้น้ำยังจะตามมาอีก!!.wav,19.264388,19.764388,กู,0.5,context_0.8,8000
C:\Users\muldi\Documents\Playground\University\senior-project-1\dataset\internet\clear\ใต้น้ำยังจะตามมาอีก!!.wav,21.3760805,21.8760805,เหี้ย,0.5,main,8000
C:\Users\muldi\Documents\Playground\University\senior-project-1\dataset\internet\clear\ใต้น้ำยังจะตามมาอีก!!.wav,49.023995,49.523995,เหี้ย,0.5,main,8000
C:\Users\muldi\Documents\Playground\University\senior-project-1\dataset\internet\clear\ใต้น้ำยังจะตามมาอีก!!.wav,0.0,0.5,none,0.5,none_sample,8000
C:\Users\muldi\Documents\Playground\University\senior-project-1\dataset\internet\clear\ใต้น้ำยังจะตามมาอีก!!.wav,0.5,1.0,none,0.5,none_sample,8000
C:\Users\muldi\Documents\Playground\University\senior-project-1\dataset\internet\clear\ใต้น้ำยังจะตามมาอีก!!.wav,1.0,1.5,none,0.5,none_sample,8000
C:\Users\muldi\Documents\Playground\University\senior-project-1\dataset\internet\clear\ใต้น้ำยังจะตามมาอีก!!.wav,1.5,2.0,none,0.5,none_sample,8000
C:\Users\muldi\Documents\Playground\University\senior-project-1\dataset\internet\clear\ใต้น้ำยังจะตามมาอีก!!.wav,2.0,2.5,none,0.5,none_sample,8000
C:\Users\muldi\Documents\Playground\University\senior-project-1\dataset\internet\clear\ใต้น้ำยังจะตามมาอีก!!.wav,2.5,3.0,none,0.5,none_sample,8000
C:\Users\muldi\Documents\Playground\University\senior-project-1\dataset\internet\clear\ใต้น้ำยังจะตามมาอีก!!.wav,3.0,3.5,none,0.5,none_sample,8000
C:\Users\muldi\Documents\Playground\University\senior-project-1\dataset\internet\clear\ใต้น้ำยังจะตามมาอีก!!.wav,3.5,4.0,none,0.5,none_sample,8000
C:\Users\muldi\Documents\Playground\University\senior-project-1\dataset\internet\effect\เมื่อไตระบายความในใจ.wav,92.80203999999999,93.30203999999999,มึง,0.5,context_0.2,8000
C:\Users\muldi\Documents\Playground\University\senior-project-1\dataset\internet\effect\เมื่อไตระบายความในใจ.wav,92.85203999999999,93.35203999999999,มึง,0.5,context_0.4,8000
C:\Users\muldi\Documents\Playground\University\senior-project-1\dataset\internet\effect\เมื่อไตระบายความในใจ.wav,92.90204,93.40204,มึง,0.5,context_0.6,8000
C:\Users\muldi\Documents\Playground\University\senior-project-1\dataset\internet\effect\เมื่อไตระบายความในใจ.wav,92.95204,93.45204,มึง,0.5,context_0.8,8000
C:\Users\muldi\Documents\Playground\University\senior-project-1\dataset\internet\effect\เมื่อไตระบายความในใจ.wav,0.0,0.5,none,0.5,none_sample,8000
C:\Users\muldi\Documents\Playground\University\senior-project-1\dataset\internet\music\คนหายไปไหนหมดเนี่ยช่วงนี้.wav,70.433171,70.933171,กู,0.5,main,8000
C:\Users\muldi\Documents\Playground\University\senior-project-1\dataset\internet\music\แคทเธอร์รีนยิงมันสิ!.wav,12.5710675,13.0710675,กู,0.5,main,8000
C:\Users\muldi\Documents\Playground\University\senior-project-1\dataset\internet\music\แคทเธอร์รีนยิงมันสิ!.wav,22.031190000000002,22.531190000000002,กู,0.5,main,8000
C:\Users\muldi\Documents\Playground\University\senior-project-1\dataset\internet\noise\จัดอันดับ ทหารสุดฮา.wav,5.428947,5.928947,เย็ด,0.5,context_0.2,8000
C:\Users\muldi\Documents\Playground\University\senior-project-1\dataset\internet\noise\จัดอันดับ ทหารสุดฮา.wav,5.478947,5.978947,เย็ด,0.5,context_0.4,8000
C:\Users\muldi\Documents\Playground\University\senior-project-1\dataset\internet\noise\จัดอันดับ ทหารสุดฮา.wav,5.5289470000000005,6.0289470000000005,เย็ด,0.5,context_0.6,8000
C:\Users\muldi\Documents\Playground\University\senior-project-1\dataset\internet\noise\จัดอันดับ ทหารสุดฮา.wav,5.578947,6.078947,เย็ด,0.5,context_0.8,8000
C:\Users\muldi\Documents\Playground\University\senior-project-1\dataset\internet\noise\จัดอันดับ ทหารสุดฮา.wav,0.0,0.5,none,0.5,none_sample,8000
C:\Users\muldi\Documents\Playground\University\senior-project-1\dataset\internet\noise\หาสัญลักษณ์ตามฉบับ New World Order ในเพลง จี่หอย.wav,100.81391599999999,101.31391599999999,มึง,0.5,context_0.2,8000
C:\Users\muldi\Documents\Playground\University\senior-project-1\dataset\internet\noise\หาสัญลักษณ์ตามฉบับ New World Order ในเพลง จี่หอย.wav,100.86391599999999,101.36391599999999,มึง,0.5,context_0.4,8000
C:\Users\muldi\Documents\Playground\University\senior-project-1\dataset\internet\noise\หาสัญลักษณ์ตามฉบับ New World Order ในเพลง จี่หอย.wav,100.913916,101.413916,มึง,0.5,context_0.6,8000
C:\Users\muldi\Documents\Playground\University\senior-project-1\dataset\internet\noise\หาสัญลักษณ์ตามฉบับ New World Order ในเพลง จี่หอย.wav,100.963916,101.463916,มึง,0.5,context_0.8,8000
C:\Users\muldi\Documents\Playground\University\senior-project-1\dataset\internet\noise\หาสัญลักษณ์ตามฉบับ New World Order ในเพลง จี่หอย.wav,0.0,0.5,none,0.5,none_sample,8000
C:\Users\muldi\Documents\Playground\University\senior-project-1\dataset\internet\noise\อะไรคือสิ่งที่ถูก.wav,1.306835,1.806835,มึง,0.5,context_0.2,8000
C:\Users\muldi\Documents\Playground\University\senior-project-1\dataset\internet\noise\อะไรคือสิ่งที่ถูก.wav,1.356835,1.856835,มึง,0.5,context_0.4,8000
C:\Users\muldi\Documents\Playground\University\senior-project-1\dataset\internet\noise\อะไรคือสิ่งที่ถูก.wav,1.4068349999999998,1.9068349999999998,มึง,0.5,context_0.6,8000
C:\Users\muldi\Documents\Playground\University\senior-project-1\dataset\internet\noise\อะไรคือสิ่งที่ถูก.wav,1.4568349999999999,1.9568349999999999,มึง,0.5,context_0.8,8000
C:\Users\muldi\Documents\Playground\University\senior-project-1\dataset\internet\noise\อะไรคือสิ่งที่ถูก.wav,2.027271,2.527271,กู,0.5,context_0.2,8000
C:\Users\muldi\Documents\Playground\University\senior-project-1\dataset\internet\noise\อะไรคือสิ่งที่ถูก.wav,2.077271,2.577271,กู,0.5,context_0.4,8000
C:\Users\muldi\Documents\Playground\University\senior-project-1\dataset\internet\noise\อะไรคือสิ่งที่ถูก.wav,2.127271,2.627271,กู,0.5,context_0.6,8000
C:\Users\muldi\Documents\Playground\University\senior-project-1\dataset\internet\noise\อะไรคือสิ่งที่ถูก.wav,2.177271,2.677271,กู,0.5,context_0.8,8000
C:\Users\muldi\Documents\Playground\University\senior-project-1\dataset\internet\noise\อะไรคือสิ่งที่ถูก.wav,9.632852000000002,10.132852000000002,กู,0.5,context_0.2,8000
C:\Users\muldi\Documents\Playground\University\senior-project-1\dataset\internet\noise\อะไรคือสิ่งที่ถูก.wav,9.682852,10.182852,กู,0.5,context_0.4,8000
C:\Users\muldi\Documents\Playground\University\senior-project-1\dataset\internet\noise\อะไรคือสิ่งที่ถูก.wav,9.732852000000001,10.232852000000001,กู,0.5,context_0.6,8000
C:\Users\muldi\Documents\Playground\University\senior-project-1\dataset\internet\noise\อะไรคือสิ่งที่ถูก.wav,9.782852,10.282852,กู,0.5,context_0.8,8000
C:\Users\muldi\Documents\Playground\University\senior-project-1\dataset\internet\noise\อะไรคือสิ่งที่ถูก.wav,25.16253,25.66253,กู,0.5,context_0.2,8000
C:\Users\muldi\Documents\Playground\University\senior-project-1\dataset\internet\noise\อะไรคือสิ่งที่ถูก.wav,25.21253,25.71253,กู,0.5,context_0.4,8000
C:\Users\muldi\Documents\Playground\University\senior-project-1\dataset\internet\noise\อะไรคือสิ่งที่ถูก.wav,25.262529999999998,25.762529999999998,กู,0.5,context_0.6,8000
C:\Users\muldi\Documents\Playground\University\senior-project-1\dataset\internet\noise\อะไรคือสิ่งที่ถูก.wav,25.31253,25.81253,กู,0.5,context_0.8,8000
C:\Users\muldi\Documents\Playground\University\senior-project-1\dataset\internet\noise\อะไรคือสิ่งที่ถูก.wav,51.271080999999995,51.771080999999995,กู,0.5,context_0.2,8000
C:\Users\muldi\Documents\Playground\University\senior-project-1\dataset\internet\noise\อะไรคือสิ่งที่ถูก.wav,51.321081,51.821081,กู,0.5,context_0.4,8000
C:\Users\muldi\Documents\Playground\University\senior-project-1\dataset\internet\noise\อะไรคือสิ่งที่ถูก.wav,51.371081,51.871081,กู,0.5,context_0.6,8000
C:\Users\muldi\Documents\Playground\University\senior-project-1\dataset\internet\noise\อะไรคือสิ่งที่ถูก.wav,51.421081,51.921081,กู,0.5,context_0.8,8000
C:\Users\muldi\Documents\Playground\University\senior-project-1\dataset\internet\noise\อะไรคือสิ่งที่ถูก.wav,0.0,0.5,none,0.5,none_sample,8000
C:\Users\muldi\Documents\Playground\University\senior-project-1\dataset\internet\noise\อะไรคือสิ่งที่ถูก.wav,0.5,1.0,none,0.5,none_sample,8000
C:\Users\muldi\Documents\Playground\University\senior-project-1\dataset\internet\noise\อะไรคือสิ่งที่ถูก.wav,1.0,1.5,none,0.5,none_sample,8000
C:\Users\muldi\Documents\Playground\University\senior-project-1\dataset\internet\noise\อะไรคือสิ่งที่ถูก.wav,1.6,2.1,none,0.5,none_sample,8000
C:\Users\muldi\Documents\Playground\University\senior-project-1\dataset\internet\noise\อะไรคือสิ่งที่ถูก.wav,2.2999999999999994,2.7999999999999994,none,0.5,none_sample,8000
C:\Users\muldi\Documents\Playground\University\senior-project-1\dataset\internet\noise\อะไรคือสิ่งที่ถูก.wav,2.7999999999999994,3.2999999999999994,none,0.5,none_sample,8000
C:\Users\muldi\Documents\Playground\University\senior-project-1\dataset\single\กู\กู (เบลล์).wav,0.545,1.045,กู,0.5,main,8000
C:\Users\muldi\Documents\Playground\University\senior-project-1\dataset\us\clear\ถ้าแกไม่ไป กูก็ไม่ไปเหมือนกัน.wav,1.2636935,1.7636935,กู,0.5,main,8000
